id_venda,data_venda,cliente,genero,produto,preco,quantidade,total,tempo_entrega,cidade
1,2023/09/18,Carlos Lima,F,Cadeira,R$3500,3,10500,132m,Belo Horizonte
2,2023-05-15, João Silva ,Feminino,Monitor,"R$ 50,00",3,3600,,Porto Alegre
3,2023-09-23,,F,Mouse,120,2,7000,1h 54m,Rio de Janeiro
4,22-09-2024, João Silva ,MASCULINO,Notebook,"R$ 1.200,00",2,7000,,Curitiba
5,2023-02-16, Pedro Alves ,F,Teclado,R$3500,3,10500,2h 27m,Curitiba
6,23/02/24, João Silva ,M,Monitor,50,3,,150m,Porto Alegre
7,20-06-2023,Carlos Lima,f,Teclado,3500,1,800,2h 42m,Belo Horizonte
8,2024-02-10,Maria Souza,Feminino,Teclado,"R$ 50,00",2,,0h 7m,Rio de Janeiro
9,12/12/24,Maria Souza,M,Cadeira,"R$ 3.500,00",3,,127m,Belo Horizonte
10,02-11-2024,,Masculino,Teclado,R$800,1,800,110m,Porto Alegre
11,2024-08-02, João Silva ,MASCULINO,Cadeira,50,3,150,,São Paulo
12,2023-05-06, João Silva ,Masculino,Monitor,R$120,1,800,,Belo Horizonte
13,24/10/24, João Silva ,f,Notebook,"R$ 1.200,00",1,,83m,Curitiba
14,11/02/24,,Masculino,Cadeira,"R$ 1.200,00",2,1600,,Porto Alegre
15,2024-04-27, João Silva ,M,Monitor,"R$ 1.200,00",2,240,150m,Rio de Janeiro
16,11/12/24, Pedro Alves ,MASCULINO,Notebook,120,2,2400,105m,Porto Alegre
17,2023/04/26, Pedro Alves ,Feminino,Cadeira,R$120,3,10489,20m,Belo Horizonte
18,16-09-2024,Ana Clara,F,Notebook,R$50,3,2400,0:12:37,Porto Alegre
19,2023-09-23,Carlos Lima,f,Mouse,"R$ 800,00",2,2400,,Porto Alegre
20,2024/08/10,Maria Souza,MASCULINO,Mouse,"R$ 3.500,00",3,3600,2h 55m,Rio de Janeiro
21,13-09-2023,Carlos Lima,M,Monitor,R$50,3,150,90m,Curitiba
22,2024/10/20,,M,Mouse,800,3,3600,,Rio de Janeiro
23,10/10/24, Pedro Alves ,Masculino,Notebook,1200,1,3500,,Porto Alegre
24,2024/05/24,,M,Monitor,R$1200,3,3600,,São Paulo
25,17/06/24,Ana Clara,m,Teclado,"R$ 120,00",1,,,Rio de Janeiro
26,20/01/24,,Masculino,Monitor,R$1200,2,7000,2:43:09,Porto Alegre
27,23/09/23,,Feminino,Cadeira,"R$ 50,00",2,240,123m,Porto Alegre
28,10/10/24,Carlos Lima,Masculino,Cadeira,"R$ 3.500,00",3,10500,0:44:44,Curitiba
29,2024/03/05,Carlos Lima,F,Cadeira,"R$ 120,00",1,,,Rio de Janeiro
30,2023/02/26, Pedro Alves ,Feminino,Cadeira,800,2,240,81m,Rio de Janeiro
31,2024/09/05,Carlos Lima,f,Cadeira,"R$ 1.200,00",2,,,São Paulo
32,2024-09-18, João Silva ,Feminino,Monitor,"R$ 1.200,00",3,,,Rio de Janeiro
33,26-08-2024, João Silva ,m,Teclado,R$50,3,150,,São Paulo
34,2023-07-13,Maria Souza,MASCULINO,Monitor,R$800,2,,0:26:47,Curitiba
35,11/07/24, João Silva ,M,Monitor,R$800,2,2400,175m,Porto Alegre
36,2024-02-12,,M,Cadeira,3500,2,2400,,Rio de Janeiro
37,2024/01/27,Maria Souza,F,Mouse,3500,1,120,1h 43m,Belo Horizonte
38,2024-05-04,,M,Notebook,R$1200,1,1200,29m,Rio de Janeiro
39,2024-06-23,Maria Souza,F,Teclado,R$800,3,150,3h 40m,Belo Horizonte
40,2024/06/16, Pedro Alves ,m,Cadeira,3500,1,3548,3h 52m,Belo Horizonte
41,2023-06-07, João Silva ,Masculino,Teclado,R$1200,1,120,0h 15m,Curitiba
42,14/09/23,Maria Souza,f,Cadeira,3500,2,54,3h 20m,São Paulo
43,2024/05/12, Pedro Alves ,F,Mouse,3500,2,100,,Belo Horizonte
44,18-10-2023,,f,Mouse,"R$ 3.500,00",2,124,3h 19m,São Paulo
45,23/06/24, João Silva ,f,Notebook,"R$ 50,00",2,,1:28:22,Rio de Janeiro
46,2024/08/12,Maria Souza,m,Monitor,"R$ 1.200,00",2,1586,3h 42m,São Paulo
47,2024/01/16, Pedro Alves ,Feminino,Monitor,R$3500,2,1600,1h 51m,Belo Horizonte
48,16-05-2023, João Silva ,MASCULINO,Monitor,50,1,50,3h 49m,Belo Horizonte
49,2024/11/05,,F,Notebook,"R$ 1.200,00",2,,,Porto Alegre
50,2024-01-24,Ana Clara,M,Notebook,R$120,1,800,1h 10m,Rio de Janeiro
51,2023/01/17,,MASCULINO,Monitor,50,3,360,2:00:22,Rio de Janeiro
52,27/03/24,Ana Clara,,Mouse,"R$ 3.500,00",2,2355,,Rio de Janeiro
53,26/01/23,Ana Clara,Masculino,Mouse,R$50,3,2400,1:53:20,Rio de Janeiro
54,2024/07/07,Maria Souza,F,Monitor,R$3500,2,,1h 52m,Curitiba
55,21/09/24, Pedro Alves ,Masculino,Monitor,3500,2,,180m,Rio de Janeiro
56,2024-08-18, Pedro Alves ,m,Teclado,120,2,7000,3h 42m,Belo Horizonte
57,03/04/23,Ana Clara,f,Mouse,"R$ 3.500,00",3,3600,0h 43m,Rio de Janeiro
58,2023/08/23,Ana Clara,,Teclado,R$120,2,,2h 56m,Belo Horizonte
59,01-10-2023,Maria Souza,f,Monitor,R$3500,2,,,Belo Horizonte
60,06/01/24,Ana Clara,Masculino,Cadeira,120,1,840,1h 1m,Porto Alegre
61,12/02/23, João Silva ,F,Teclado,"R$ 120,00",1,120,1h 22m,Belo Horizonte
62,2023-05-02,Ana Clara,Feminino,Mouse,"R$ 1.200,00",1,800,1:12:29,São Paulo
63,2023/02/09, João Silva ,f,Mouse,"R$ 120,00",1,50,0:59:29,Porto Alegre
64,2024/09/18,Ana Clara,Feminino,Cadeira,120,2,7000,2:56:53,Curitiba
65,2023/09/12,,Feminino,Mouse,1200,2,1600,1h 52m,Curitiba
66,2023-05-21,Maria Souza,MASCULINO,Mouse,800,3,,,Porto Alegre
67,2023/10/14,,Feminino,Mouse,"R$ 50,00",3,,,Belo Horizonte
68,2023-10-23, João Silva ,M,Teclado,800,2,1581,3h 10m,Rio de Janeiro
69,2023-12-22, Pedro Alves ,MASCULINO,Mouse,R$1200,2,2400,66m,Curitiba
70,09-11-2024,Maria Souza,,Teclado,R$1200,2,65,3h 9m,São Paulo
71,28-07-2024, João Silva ,Masculino,Cadeira,800,1,120,1h 3m,Belo Horizonte
72,28/12/23, Pedro Alves ,f,Mouse,"R$ 1.200,00",2,2400,25m,Curitiba
73,19/05/23,,Masculino,Mouse,R$3500,1,82,46m,Belo Horizonte
74,2024/10/22,,Feminino,Mouse,"R$ 120,00",3,325,,São Paulo
75,18/05/24,,Masculino,Cadeira,"R$ 1.200,00",2,,,Rio de Janeiro
76,2023/04/20,Carlos Lima,Masculino,Notebook,R$50,2,7000,1h 31m,São Paulo
77,2023/06/21,Carlos Lima,M,Notebook,R$800,2,100,,São Paulo
78,17-08-2024, João Silva ,MASCULINO,Cadeira,"R$ 800,00",3,10500,2:50:20,Curitiba
79,07/03/24,,MASCULINO,Notebook,R$120,3,,1:51:08,Belo Horizonte
80,2024/04/20, João Silva ,Masculino,Teclado,"R$ 800,00",2,202,0h 12m,Porto Alegre
81,08/03/23, Pedro Alves ,,Notebook,"R$ 3.500,00",2,281,2h 10m,Rio de Janeiro
82,2023/04/21,,f,Mouse,50,3,360,,Belo Horizonte
83,2023-09-22,Carlos Lima,m,Notebook,R$800,3,360,,Porto Alegre
84,2024/06/21,Ana Clara,Masculino,Notebook,R$1200,1,1200,88m,São Paulo
85,13/03/23, João Silva ,M,Teclado,50,3,150,,Curitiba
86,2024/02/23,Maria Souza,MASCULINO,Notebook,R$120,1,,2h 0m,Belo Horizonte
87,12/04/24, Pedro Alves ,m,Cadeira,50,2,2351,38m,Rio de Janeiro
88,02-11-2024,Carlos Lima,f,Monitor,"R$ 3.500,00",3,360,40m,Belo Horizonte
89,2024-01-03,Ana Clara,F,Mouse,R$120,1,1200,2:05:50,Rio de Janeiro
90,2023/08/11,Carlos Lima,Feminino,Monitor,R$3500,1,1200,78m,São Paulo
91,27/05/23, João Silva ,F,Teclado,800,2,,,São Paulo
92,2023/04/15, Pedro Alves ,Feminino,Cadeira,R$50,2,7021,,Belo Horizonte
93,05-12-2023, Pedro Alves ,,Monitor,"R$ 3.500,00",1,50,,São Paulo
94,21-01-2023,,m,Notebook,50,2,1579,2:29:24,Curitiba
95,2023/10/23, João Silva ,,Notebook,"R$ 3.500,00",3,2400,0:21:43,Porto Alegre
96,2024/02/13, Pedro Alves ,m,Mouse,"R$ 120,00",2,240,,Belo Horizonte
97,23/07/24, Pedro Alves ,,Cadeira,"R$ 1.200,00",1,133,,Rio de Janeiro
98,17/05/23,Carlos Lima,F,Mouse,R$800,2,2400,,Porto Alegre
99,01-05-2023, Pedro Alves ,m,Teclado,"R$ 3.500,00",1,50,3h 44m,Belo Horizonte
100,2024/10/13,Maria Souza,m,Monitor,1200,2,240,3h 20m,Rio de Janeiro
101,02/04/23,Maria Souza,m,Teclado,R$800,2,2449,71m,Porto Alegre
102,2024-09-02, Pedro Alves ,m,Notebook,R$1200,1,,31m,Porto Alegre
103,2024/03/06,Ana Clara,f,Monitor,1200,3,2418,0:15:12,Curitiba
104,19-06-2023,Carlos Lima,f,Monitor,R$120,2,,3h 57m,Curitiba
105,22/03/24,Carlos Lima,M,Mouse,"R$ 120,00",2,,39m,Rio de Janeiro
106,2024-11-05, João Silva ,M,Monitor,3500,2,100,,Rio de Janeiro
107,2024/12/08,Ana Clara,F,Monitor,"R$ 800,00",1,120,2:12:12,Rio de Janeiro
108,07-07-2024,Maria Souza,m,Teclado,R$120,1,,1:28:20,Curitiba
109,2024/10/10,Carlos Lima,f,Teclado,R$50,1,,162m,Curitiba
110,01/10/24,Ana Clara,Masculino,Cadeira,800,1,,2h 9m,São Paulo
111,2023-04-21,,M,Cadeira,50,2,100,,Rio de Janeiro
112,24/09/23, João Silva ,,Teclado,"R$ 120,00",1,750,53m,São Paulo
113,16/04/24, Pedro Alves ,M,Monitor,"R$ 50,00",3,360,0:22:50,Belo Horizonte
114,2024-12-10,,MASCULINO,Cadeira,3500,2,1600,,Belo Horizonte
115,17-05-2023, Pedro Alves ,MASCULINO,Mouse,1200,3,150,,Curitiba
116,2024-09-26,Maria Souza,MASCULINO,Cadeira,"R$ 50,00",3,10500,2:48:17,Porto Alegre
117,24/06/23,Maria Souza,Masculino,Cadeira,R$3500,2,7000,95m,Curitiba
118,28-01-2024,Maria Souza,F,Monitor,R$120,2,1600,40m,São Paulo
119,07-06-2023,,MASCULINO,Monitor,"R$ 50,00",3,150,,Belo Horizonte
120,21-04-2023,,M,Teclado,R$120,1,50,,Porto Alegre
121,2024-11-04,Ana Clara,Masculino,Cadeira,"R$ 3.500,00",2,1600,0h 44m,Porto Alegre
122,2024/03/21, João Silva ,m,Notebook,"R$ 120,00",3,10469,,Rio de Janeiro
123,2024-12-21,Carlos Lima,MASCULINO,Notebook,"R$ 120,00",2,,2:42:09,São Paulo
124,2024-12-23, Pedro Alves ,M,Monitor,120,2,271,3h 16m,São Paulo
125,08/11/24, Pedro Alves ,Feminino,Teclado,800,2,2400,,Curitiba
126,11-04-2024,,m,Notebook,"R$ 120,00",3,2420,0h 57m,Rio de Janeiro
127,2024-06-01, Pedro Alves ,Feminino,Teclado,"R$ 800,00",2,240,0h 45m,Rio de Janeiro
128,20-08-2024,Carlos Lima,Masculino,Teclado,50,1,120,,Curitiba
129,2023/08/19, Pedro Alves ,MASCULINO,Mouse,800,3,3600,,Rio de Janeiro
130,19-10-2024,Maria Souza,Masculino,Monitor,R$50,1,120,,Porto Alegre
131,21-08-2023, Pedro Alves ,m,Notebook,1200,3,150,173m,Rio de Janeiro
132,04-04-2023,Carlos Lima,,Monitor,R$50,3,2440,,Rio de Janeiro
133,2023/07/16,Maria Souza,F,Monitor,R$3500,3,10466,2h 47m,Curitiba
134,23/07/24,,f,Teclado,800,2,240,119m,Belo Horizonte
135,01/06/23,Ana Clara,f,Cadeira,"R$ 120,00",1,1200,45m,Belo Horizonte
136,03-03-2023, João Silva ,Masculino,Monitor,"R$ 3.500,00",2,278,22m,São Paulo
137,2024-08-22,,Feminino,Notebook,R$120,2,240,1h 1m,São Paulo
138,25-09-2024,Carlos Lima,Feminino,Monitor,R$1200,3,2400,0h 49m,Rio de Janeiro
139,2023-12-17,Ana Clara,,Notebook,1200,1,800,107m,Curitiba
140,17-04-2024,Maria Souza,f,Cadeira,"R$ 800,00",1,120,,Curitiba
141,16-10-2023,,MASCULINO,Monitor,"R$ 1.200,00",1,,,Belo Horizonte
142,20/05/23,,Masculino,Cadeira,3500,2,240,107m,Porto Alegre
143,18-05-2024,,Feminino,Monitor,R$50,1,,1h 12m,Belo Horizonte
144,2024-12-10, João Silva ,f,Monitor,"R$ 120,00",2,2400,0h 0m,São Paulo
145,2024/02/23,Maria Souza,F,Cadeira,"R$ 120,00",1,120,107m,Belo Horizonte
146,21/07/24,Maria Souza,F,Cadeira,"R$ 1.200,00",3,10542,137m,Rio de Janeiro
147,26-12-2024,Maria Souza,F,Mouse,R$50,3,354,0:26:07,Porto Alegre
148,25-04-2023,Maria Souza,f,Mouse,"R$ 3.500,00",1,,,Rio de Janeiro
149,02-08-2024,Carlos Lima,Masculino,Cadeira,3500,1,14,3h 43m,Curitiba
150,2024-10-05,,,Notebook,3500,2,7000,137m,Belo Horizonte
151,15/05/23,Ana Clara,Feminino,Notebook,"R$ 3.500,00",2,,2h 43m,São Paulo
152,2023/07/07,Ana Clara,MASCULINO,Cadeira,800,2,240,110m,Belo Horizonte
153,2023/02/27,,Feminino,Mouse,R$3500,2,1600,2:21:26,São Paulo
154,2024/07/03,,Masculino,Cadeira,R$50,3,360,,Porto Alegre
155,2024/07/10,Maria Souza,,Monitor,120,2,281,1:32:01,São Paulo
156,27-03-2024,Ana Clara,Feminino,Teclado,"R$ 50,00",1,1152,0:31:14,São Paulo
157,2024/10/13,Carlos Lima,,Notebook,3500,3,3600,2:40:14,Rio de Janeiro
158,2024/06/19,Ana Clara,MASCULINO,Notebook,"R$ 1.200,00",1,74,139m,Porto Alegre
159,2024-05-09,Maria Souza,F,Notebook,120,3,150,0h 13m,São Paulo
160,2024/12/05,,MASCULINO,Monitor,1200,3,2400,32m,Curitiba
161,01/04/24,Ana Clara,Feminino,Cadeira,50,1,120,2h 8m,São Paulo
162,2023-08-06, Pedro Alves ,M,Teclado,"R$ 1.200,00",1,800,,Curitiba
163,2024/05/26,Ana Clara,,Mouse,R$50,2,2400,,São Paulo
164,26/09/24,Carlos Lima,Feminino,Mouse,3500,1,,1h 34m,Curitiba
165,2023/11/24, João Silva ,MASCULINO,Mouse,50,3,,,Rio de Janeiro
166,2024-11-10,,f,Mouse,120,3,150,2:32:40,Curitiba
167,2023-03-10, Pedro Alves ,Feminino,Monitor,120,1,120,1:46:51,São Paulo
168,2024-05-24,,M,Mouse,3500,3,10500,0h 49m,Belo Horizonte
169,04-03-2023,Ana Clara,F,Notebook,"R$ 120,00",2,100,2h 41m,São Paulo
170,2024-04-14, João Silva ,F,Cadeira,R$3500,3,360,0:26:05,Curitiba
171,2024/11/13,Maria Souza,Masculino,Mouse,50,1,800,94m,São Paulo
172,2023/03/16,,Feminino,Notebook,50,2,240,2:34:17,São Paulo
173,2024-03-06,Carlos Lima,MASCULINO,Mouse,50,1,800,1:53:35,São Paulo
174,20/04/23,Maria Souza,MASCULINO,Notebook,1200,2,,,Porto Alegre
175,02/02/23, João Silva ,f,Teclado,1200,1,3500,,Curitiba
176,27/03/23, João Silva ,f,Monitor,"R$ 120,00",3,10500,,Curitiba
177,14/04/24,Carlos Lima,Masculino,Monitor,R$120,1,795,,Porto Alegre
178,2024-05-28,Carlos Lima,F,Monitor,800,1,50,,Belo Horizonte
179,2023/07/14,Ana Clara,F,Notebook,1200,1,120,1:38:24,Curitiba
180,2024/09/22,Ana Clara,,Monitor,R$800,3,150,116m,Curitiba
181,2024/04/04, Pedro Alves ,Masculino,Mouse,1200,1,,0:43:32,São Paulo
182,23/08/24,,MASCULINO,Cadeira,"R$ 50,00",3,2400,,Rio de Janeiro
183,18/08/23, Pedro Alves ,m,Monitor,"R$ 3.500,00",2,1600,139m,Curitiba
184,2024-10-06,Ana Clara,f,Monitor,"R$ 1.200,00",1,,3h 45m,Porto Alegre
185,2023-06-19,,f,Notebook,R$120,3,186,1h 31m,Porto Alegre
186,2023-11-16, Pedro Alves ,MASCULINO,Teclado,R$800,1,3500,0:52:14,Rio de Janeiro
187,26-07-2023,Carlos Lima,F,Monitor,R$800,2,,71m,Curitiba
188,2024/09/22,Carlos Lima,Masculino,Notebook,R$1200,2,2426,3h 17m,Curitiba
189,19-06-2023, João Silva ,,Mouse,120,2,6955,2h 54m,Belo Horizonte
190,2023-06-13,Maria Souza,M,Cadeira,"R$ 3.500,00",2,7000,1h 1m,Porto Alegre
191,16-05-2024,Maria Souza,MASCULINO,Monitor,"R$ 120,00",2,100,,Porto Alegre
192,25/05/24,,MASCULINO,Notebook,50,1,120,0:38:02,Curitiba
193,12/12/23,Ana Clara,MASCULINO,Cadeira,50,1,120,2:11:30,Rio de Janeiro
194,2023/05/13,,m,Notebook,R$1200,3,171,65m,Belo Horizonte
195,07-06-2024,,MASCULINO,Mouse,"R$ 3.500,00",3,3600,161m,São Paulo
196,26/05/23, Pedro Alves ,m,Notebook,R$120,1,800,,São Paulo
197,19/04/24,,f,Notebook,"R$ 3.500,00",3,2400,61m,Belo Horizonte
198,14/11/23, Pedro Alves ,M,Notebook,"R$ 3.500,00",2,,2h 3m,Belo Horizonte
199,10/12/24,,Masculino,Mouse,"R$ 50,00",3,150,2:46:35,Rio de Janeiro
200,2023/02/26,Ana Clara,m,Monitor,R$3500,1,3500,,São Paulo
201,20-09-2024,Ana Clara,Feminino,Teclado,R$50,1,3500,1:42:32,Curitiba
202,03-03-2024, João Silva ,m,Notebook,"R$ 50,00",1,50,1:38:15,Rio de Janeiro
203,18/06/23,Maria Souza,M,Mouse,120,1,120,,Belo Horizonte
204,10-03-2024,Ana Clara,f,Cadeira,"R$ 1.200,00",3,3600,,Curitiba
205,03-02-2024,Carlos Lima,MASCULINO,Notebook,R$800,3,,104m,Curitiba
206,2024-04-05,Carlos Lima,Feminino,Cadeira,"R$ 800,00",1,50,0:39:02,Curitiba
207,2023-07-19, João Silva ,Masculino,Mouse,"R$ 50,00",3,,0:01:44,São Paulo
208,2023/11/27,Carlos Lima,Masculino,Mouse,R$120,1,800,121m,São Paulo
209,2023-01-03, João Silva ,Feminino,Teclado,120,2,240,3h 22m,Belo Horizonte
210,13-10-2023,,,Cadeira,3500,3,150,3h 48m,São Paulo
211,21-02-2023,Carlos Lima,F,Notebook,"R$ 800,00",3,150,2h 0m,Porto Alegre
212,14/09/23,,Feminino,Mouse,R$1200,3,3600,,São Paulo
213,09-08-2024,Carlos Lima,m,Cadeira,800,1,800,44m,Belo Horizonte
214,2023/11/09,,,Cadeira,120,2,100,,Curitiba
215,2023-09-03, João Silva ,m,Teclado,"R$ 50,00",3,,1h 1m,São Paulo
216,2024/12/02,Ana Clara,f,Monitor,R$3500,2,100,,Rio de Janeiro
217,11/05/24,Carlos Lima,M,Mouse,1200,3,,1h 34m,São Paulo
218,23/04/23,Maria Souza,,Mouse,"R$ 120,00",2,,2:25:14,Porto Alegre
219,01-12-2023,Maria Souza,F,Notebook,3500,1,120,0h 8m,Belo Horizonte
220,2024/06/01,Ana Clara,Masculino,Notebook,"R$ 50,00",3,2400,,Rio de Janeiro
221,2024/06/15,,M,Cadeira,"R$ 1.200,00",2,7000,0:52:52,Rio de Janeiro
222,24/09/24,Ana Clara,MASCULINO,Notebook,"R$ 800,00",3,3634,0:38:23,São Paulo
223,17/04/24, João Silva ,f,Cadeira,"R$ 1.200,00",1,800,3h 34m,São Paulo
224,2023/05/25,Carlos Lima,MASCULINO,Teclado,R$50,3,,1h 49m,São Paulo
225,2023-10-22,Ana Clara,f,Notebook,800,1,,10m,Porto Alegre
226,28/06/23,Ana Clara,,Monitor,"R$ 3.500,00",2,2400,1:52:06,Rio de Janeiro
227,12/09/23, João Silva ,Masculino,Mouse,"R$ 120,00",1,,,Curitiba
228,2024/12/06,,M,Teclado,3500,3,3578,2h 21m,Belo Horizonte
229,2023/03/27,Maria Souza,,Monitor,"R$ 3.500,00",1,84,,Porto Alegre
230,2023/11/22,Maria Souza,F,Teclado,"R$ 3.500,00",2,1600,2:46:40,São Paulo
231,2023/07/27, João Silva ,M,Teclado,R$1200,1,,2:50:16,São Paulo
232,25-04-2023, Pedro Alves ,Feminino,Notebook,R$1200,1,1200,1h 16m,Rio de Janeiro
233,2024-09-24,Ana Clara,Feminino,Cadeira,R$1200,1,3500,1h 3m,São Paulo
234,27-09-2024, João Silva ,M,Cadeira,3500,2,1575,3h 48m,Rio de Janeiro
235,24/05/23,Maria Souza,m,Notebook,"R$ 1.200,00",3,360,0:41:30,Rio de Janeiro
236,2024-06-09, Pedro Alves ,MASCULINO,Teclado,"R$ 3.500,00",3,10500,1:51:11,Porto Alegre
237,2023-07-01,,Masculino,Cadeira,800,2,2400,,São Paulo
238,2024-12-26,Carlos Lima,m,Notebook,"R$ 800,00",2,100,0:32:06,Rio de Janeiro
239,25-03-2023,,f,Mouse,50,3,3650,2h 2m,São Paulo
240,07-01-2023,Carlos Lima,m,Notebook,"R$ 800,00",2,1612,,Curitiba
241,2023-09-09,Ana Clara,f,Mouse,"R$ 1.200,00",3,2443,1:35:59,Porto Alegre
242,2023-01-10, João Silva ,F,Notebook,"R$ 800,00",2,100,1:07:37,São Paulo
243,24/06/24,Carlos Lima,f,Notebook,3500,2,240,78m,Curitiba
244,2024-09-03, João Silva ,Feminino,Monitor,800,1,,1:32:56,Curitiba
245,2023/07/23,Ana Clara,M,Mouse,"R$ 120,00",3,,1:35:30,Rio de Janeiro
246,2023-09-01,,m,Monitor,50,3,10500,87m,Belo Horizonte
247,2023/06/08,,Feminino,Monitor,120,1,3500,0h 41m,Rio de Janeiro
248,03/04/23, Pedro Alves ,m,Mouse,R$120,2,240,0:39:32,Porto Alegre
249,18/07/24,Ana Clara,,Notebook,"R$ 120,00",1,50,,Rio de Janeiro
250,2023/11/04, Pedro Alves ,MASCULINO,Teclado,"R$ 120,00",1,1193,0h 42m,São Paulo
251,2024/03/13,Carlos Lima,F,Mouse,"R$ 50,00",1,,1h 6m,Porto Alegre
252,04-10-2024, João Silva ,MASCULINO,Notebook,3500,3,,102m,Belo Horizonte
253,19/01/23,,,Mouse,"R$ 800,00",2,2400,,Belo Horizonte
254,2023/01/17, Pedro Alves ,Masculino,Cadeira,"R$ 1.200,00",3,360,,São Paulo
255,2024/01/03, Pedro Alves ,Feminino,Mouse,"R$ 120,00",2,,1h 3m,Curitiba
256,2024/04/11, Pedro Alves ,M,Teclado,"R$ 3.500,00",2,6991,3h 41m,Porto Alegre
257,2024/05/02, João Silva ,F,Mouse,R$1200,1,50,1:03:25,Rio de Janeiro
258,2023/04/08, João Silva ,,Cadeira,R$3500,3,10500,1:05:56,Rio de Janeiro
259,2023/03/11,Carlos Lima,f,Teclado,3500,2,2400,22m,Curitiba
260,11-04-2023,Carlos Lima,f,Notebook,"R$ 3.500,00",3,360,2:42:52,São Paulo
261,2024/12/13, João Silva ,F,Mouse,"R$ 3.500,00",3,360,163m,Belo Horizonte
262,2023/01/26, Pedro Alves ,,Mouse,R$120,1,800,,Porto Alegre
263,16/12/24, Pedro Alves ,f,Monitor,R$800,2,100,2:11:21,Rio de Janeiro
264,2023-10-07,Maria Souza,,Notebook,R$800,3,150,2h 55m,Belo Horizonte
265,2024/05/21, Pedro Alves ,f,Cadeira,R$1200,2,6972,156m,Porto Alegre
266,07-03-2024,,M,Mouse,120,2,100,1:44:38,Rio de Janeiro
267,2023-07-14,Maria Souza,,Notebook,800,3,10500,,São Paulo
268,2023/05/05, Pedro Alves ,f,Teclado,50,2,,81m,Belo Horizonte
269,01/09/23, João Silva ,f,Monitor,3500,1,,1:45:46,Curitiba
270,2024/05/12, João Silva ,M,Monitor,"R$ 800,00",3,360,2h 52m,Porto Alegre
271,2023-05-19,Ana Clara,F,Mouse,R$3500,1,783,103m,Belo Horizonte
272,20/03/23,Maria Souza,f,Notebook,R$50,1,3500,1:02:04,Curitiba
273,06-02-2023,Ana Clara,MASCULINO,Cadeira,3500,3,2400,3h 57m,Rio de Janeiro
274,12/02/23, João Silva ,f,Cadeira,3500,3,,,Curitiba
275,2024/11/05,Ana Clara,Feminino,Teclado,R$50,1,,1:46:04,São Paulo
276,2023-03-24, Pedro Alves ,MASCULINO,Teclado,R$50,3,150,2:26:45,Porto Alegre
277,20/10/24, Pedro Alves ,f,Cadeira,3500,1,1200,2:53:09,Belo Horizonte
278,17-07-2023, João Silva ,,Teclado,3500,2,2400,1h 2m,Belo Horizonte
279,17-05-2024,Maria Souza,,Teclado,R$1200,3,,0:56:30,São Paulo
280,2023/08/04,Ana Clara,Masculino,Mouse,"R$ 120,00",3,150,1h 11m,Belo Horizonte
281,04/12/24, Pedro Alves ,,Cadeira,R$3500,1,,1:24:43,Rio de Janeiro
282,07-11-2023, João Silva ,Feminino,Monitor,R$800,3,2400,40m,Porto Alegre
283,20/03/23,Maria Souza,Masculino,Teclado,R$3500,2,100,100m,Porto Alegre
284,2023-09-25,,,Teclado,"R$ 120,00",3,,0:25:10,Rio de Janeiro
285,2023/12/24,,Feminino,Monitor,"R$ 800,00",3,,173m,Porto Alegre
286,2023-01-13,Carlos Lima,m,Teclado,"R$ 800,00",1,1200,148m,São Paulo
287,14/04/23,Carlos Lima,Masculino,Mouse,"R$ 800,00",1,3500,58m,Belo Horizonte
288,22-08-2024,Ana Clara,M,Cadeira,3500,1,1200,2:46:56,Curitiba
289,2023/05/09, João Silva ,M,Mouse,120,2,2400,47m,Belo Horizonte
290,15-10-2024, João Silva ,Masculino,Monitor,R$800,3,150,,Curitiba
291,2024/05/13,Maria Souza,f,Mouse,120,3,10500,0:18:58,Rio de Janeiro
292,2024/01/04,Ana Clara,M,Monitor,3500,2,7039,,Porto Alegre
293,2023-05-26, João Silva ,,Cadeira,R$3500,2,2400,143m,Curitiba
294,26/08/23,Ana Clara,Feminino,Notebook,"R$ 120,00",3,360,,São Paulo
295,05/07/23,Carlos Lima,m,Teclado,R$120,2,240,0h 14m,Curitiba
296,2024/04/03, João Silva ,Feminino,Cadeira,R$1200,1,800,2:19:39,Curitiba
297,2024-04-18, João Silva ,M,Teclado,"R$ 1.200,00",1,50,0h 47m,Rio de Janeiro
298,27/02/23, João Silva ,Masculino,Notebook,R$800,3,150,,São Paulo
299,2024-03-15,Ana Clara,m,Monitor,"R$ 50,00",2,,2:34:59,Curitiba
300,15/12/24,Carlos Lima,Feminino,Teclado,R$800,1,3500,91m,Porto Alegre
301,13/01/23, João Silva ,,Monitor,800,1,800,1:55:42,Curitiba
302,2024/11/23,,F,Monitor,"R$ 3.500,00",2,,,Rio de Janeiro
303,12-11-2024,Carlos Lima,Masculino,Notebook,"R$ 3.500,00",2,1600,68m,Curitiba
304,01-04-2023,,F,Monitor,800,1,3500,147m,Rio de Janeiro
305,2023/03/22, João Silva ,M,Cadeira,R$3500,3,3600,,Curitiba
306,2024/09/17,Maria Souza,Masculino,Notebook,"R$ 1.200,00",1,50,3h 39m,São Paulo
307,25-11-2023,Maria Souza,Feminino,Teclado,120,3,,,Porto Alegre
308,2024/07/21, Pedro Alves ,,Mouse,R$800,3,,,Rio de Janeiro
309,08-12-2023,Carlos Lima,Masculino,Teclado,R$50,2,,,Belo Horizonte
310,21-03-2024,Carlos Lima,M,Mouse,800,1,1200,163m,Curitiba
311,23/11/24,Maria Souza,m,Notebook,R$1200,2,2368,2h 24m,Belo Horizonte
312,2023/10/11,,Feminino,Monitor,3500,3,,,Belo Horizonte
313,22-06-2023,,f,Mouse,50,1,1235,,São Paulo
314,2023-02-27,,f,Notebook,50,3,,2:41:01,São Paulo
315,28/01/23,Ana Clara,F,Monitor,R$1200,2,2400,,Belo Horizonte
316,22/02/23,Carlos Lima,Masculino,Monitor,R$50,2,197,22m,Curitiba
317,28-04-2024,Maria Souza,m,Cadeira,R$1200,1,50,60m,Curitiba
318,23-12-2023,Maria Souza,MASCULINO,Cadeira,1200,1,120,1h 11m,Rio de Janeiro
319,2023-10-11,Ana Clara,F,Notebook,R$800,1,1200,45m,São Paulo
320,18-06-2023,,Masculino,Teclado,800,3,3600,2:35:01,Belo Horizonte
321,2024/08/19, João Silva ,Feminino,Teclado,1200,1,120,2h 34m,Belo Horizonte
322,2023-09-07, Pedro Alves ,,Monitor,R$1200,2,,0h 42m,Porto Alegre
323,13/08/23, Pedro Alves ,Feminino,Monitor,"R$ 50,00",2,100,17m,São Paulo
324,2023-12-06, Pedro Alves ,MASCULINO,Mouse,R$3500,3,,101m,Rio de Janeiro
325,2023/04/12,Maria Souza,,Teclado,R$800,2,7000,,Rio de Janeiro
326,2024-11-17,,MASCULINO,Cadeira,1200,1,,,Belo Horizonte
327,2024-05-02, Pedro Alves ,f,Teclado,50,2,240,,Rio de Janeiro
328,2024-01-01, João Silva ,F,Notebook,R$800,2,7000,,Belo Horizonte
329,2023/08/17, Pedro Alves ,Feminino,Notebook,R$800,3,,,Belo Horizonte
330,13/06/24,Maria Souza,M,Teclado,"R$ 3.500,00",1,50,1h 51m,Rio de Janeiro
331,2023/05/17,Carlos Lima,M,Teclado,"R$ 50,00",3,360,,Curitiba
332,2023/10/02,Ana Clara,m,Cadeira,R$50,3,2400,0:30:52,Porto Alegre
333,2023-11-21,Maria Souza,m,Teclado,"R$ 3.500,00",1,1248,65m,Rio de Janeiro
334,2023/03/28, João Silva ,,Monitor,R$800,1,,1:43:18,Curitiba
335,2024-09-23, João Silva ,Feminino,Notebook,R$50,2,2400,63m,São Paulo
336,23-07-2024, Pedro Alves ,M,Teclado,"R$ 120,00",1,,2h 24m,São Paulo
337,2023-04-02,Ana Clara,f,Cadeira,120,2,100,3h 52m,Rio de Janeiro
338,2023-01-08,,f,Notebook,R$1200,2,1600,1:04:53,Curitiba
339,25-12-2024,,MASCULINO,Cadeira,"R$ 3.500,00",1,3500,1h 12m,Rio de Janeiro
340,08/08/24,,M,Cadeira,R$800,1,50,0h 33m,São Paulo
341,21/06/23,Ana Clara,m,Teclado,"R$ 50,00",2,7000,,São Paulo
342,16/05/24,Maria Souza,,Teclado,R$1200,2,248,1:21:10,Porto Alegre
343,09/08/23, Pedro Alves ,MASCULINO,Cadeira,800,3,150,22m,Porto Alegre
344,17/06/23,Maria Souza,Feminino,Monitor,1200,3,2400,,Belo Horizonte
345,2024-11-19, Pedro Alves ,MASCULINO,Monitor,"R$ 50,00",3,,2h 49m,São Paulo
346,2024/10/07, Pedro Alves ,f,Mouse,"R$ 800,00",3,2400,,Belo Horizonte
347,2023/11/21, João Silva ,f,Mouse,3500,2,100,24m,Belo Horizonte
348,27-08-2024, João Silva ,f,Mouse,R$800,2,121,0h 58m,Rio de Janeiro
349,2024/04/28,,m,Monitor,800,2,2400,1h 9m,São Paulo
350,2023/04/03,Carlos Lima,f,Mouse,"R$ 3.500,00",3,10500,,Belo Horizonte
351,2023-12-05,Ana Clara,MASCULINO,Mouse,"R$ 3.500,00",2,7002,2:45:41,Porto Alegre
352,06/07/23,Maria Souza,MASCULINO,Cadeira,R$1200,2,1600,,São Paulo
353,12-06-2023,Carlos Lima,Masculino,Mouse,1200,1,3500,3h 19m,São Paulo
354,2024/03/13,Ana Clara,F,Teclado,3500,2,7000,0:06:22,Rio de Janeiro
355,03-03-2023,,,Teclado,120,2,2400,2:07:19,Rio de Janeiro
356,19-05-2024, João Silva ,F,Notebook,R$1200,1,,2:28:21,Porto Alegre
357,28-12-2024,Carlos Lima,M,Teclado,120,2,,10m,Belo Horizonte
358,27-02-2023, João Silva ,M,Notebook,3500,1,120,,Porto Alegre
359,21/05/23,Maria Souza,m,Teclado,"R$ 50,00",3,360,0:21:35,Curitiba
360,20/12/23, João Silva ,Feminino,Mouse,800,2,200,173m,Curitiba
361,2023/12/15,Maria Souza,F,Cadeira,R$800,3,150,,Rio de Janeiro
362,2023-03-22, Pedro Alves ,Masculino,Mouse,"R$ 50,00",3,10500,,Rio de Janeiro
363,2023/11/27,Carlos Lima,F,Teclado,R$1200,1,50,0:14:25,Curitiba
364,07/05/23,Ana Clara,MASCULINO,Cadeira,R$1200,3,2400,3h 11m,Curitiba
365,2023-06-17,Carlos Lima,f,Notebook,1200,3,2400,2h 3m,Rio de Janeiro
366,06-11-2023,,M,Monitor,R$3500,3,127,2:41:42,Porto Alegre
367,24-03-2023, João Silva ,Masculino,Teclado,"R$ 1.200,00",3,,,Porto Alegre
368,2023/04/22,Ana Clara,m,Notebook,"R$ 800,00",2,1569,3h 11m,Porto Alegre
369,2024/09/18,Maria Souza,f,Cadeira,"R$ 50,00",2,2400,1:43:41,Curitiba
370,11-10-2023,Carlos Lima,M,Monitor,120,2,240,92m,Belo Horizonte
371,22/10/23,Carlos Lima,F,Teclado,R$120,1,,,São Paulo
372,22-03-2024,Ana Clara,Masculino,Notebook,"R$ 1.200,00",1,831,0h 24m,Belo Horizonte
373,21-04-2023, João Silva ,MASCULINO,Monitor,"R$ 3.500,00",2,240,2:34:49,Rio de Janeiro
374,28-07-2023,,Feminino,Cadeira,R$1200,1,1200,,Porto Alegre
375,26/12/23,Carlos Lima,Masculino,Mouse,"R$ 3.500,00",2,102,2:32:19,Curitiba
376,2024-04-04, João Silva ,,Mouse,50,2,240,0h 23m,Rio de Janeiro
377,28/03/23, Pedro Alves ,F,Monitor,120,1,,0:40:02,Rio de Janeiro
378,2024/01/14,Carlos Lima,Masculino,Cadeira,3500,2,240,2:23:47,Rio de Janeiro
379,2023-12-15,,m,Cadeira,3500,3,,2h 46m,Belo Horizonte
380,18/05/23,Maria Souza,M,Teclado,"R$ 1.200,00",2,240,79m,Rio de Janeiro
381,2024-10-26, Pedro Alves ,f,Monitor,120,3,,113m,Curitiba
382,09/06/23,Carlos Lima,MASCULINO,Teclado,R$1200,1,50,0:11:54,Curitiba
383,2024/04/05, Pedro Alves ,MASCULINO,Notebook,R$1200,3,3600,132m,Rio de Janeiro
384,10/03/23,Ana Clara,Feminino,Teclado,3500,2,100,,Rio de Janeiro
385,2024-05-15,,M,Teclado,R$800,1,,0:01:52,Curitiba
386,2024/07/11,Carlos Lima,MASCULINO,Teclado,R$50,1,50,34m,Porto Alegre
387,09/06/24,Ana Clara,,Notebook,"R$ 1.200,00",2,1624,47m,Porto Alegre
388,2023/01/09,Ana Clara,,Teclado,"R$ 50,00",1,1200,,São Paulo
389,09-12-2023, João Silva ,MASCULINO,Teclado,R$1200,2,2400,1h 41m,Belo Horizonte
390,2024-02-04, Pedro Alves ,m,Monitor,800,1,50,,Porto Alegre
391,13-04-2023,Ana Clara,F,Teclado,R$120,3,,,São Paulo
392,21/12/23,Ana Clara,m,Mouse,R$3500,1,3500,37m,São Paulo
393,2023-10-15,Carlos Lima,F,Notebook,R$1200,1,50,180m,Belo Horizonte
394,2023-03-08,Maria Souza,F,Mouse,"R$ 3.500,00",3,10500,148m,Curitiba
395,24/12/23,,F,Mouse,"R$ 120,00",2,240,,Porto Alegre
396,2023/11/05,,Masculino,Notebook,R$800,2,7000,0:19:55,Curitiba
397,22-11-2024,Maria Souza,Masculino,Monitor,800,1,3500,3h 37m,Curitiba
398,20/01/24,Carlos Lima,MASCULINO,Notebook,"R$ 800,00",2,2400,1:10:46,São Paulo
399,10/08/23,Ana Clara,M,Teclado,"R$ 3.500,00",3,,0:11:21,São Paulo
400,2024/03/15, João Silva ,Masculino,Monitor,800,2,240,0:35:37,Belo Horizonte
401,2023/05/13,,Feminino,Teclado,R$50,3,,,São Paulo
402,2024-01-05,Maria Souza,Masculino,Monitor,R$50,1,,40m,Rio de Janeiro
403,11/12/23,Ana Clara,MASCULINO,Notebook,R$3500,3,10500,138m,São Paulo
404,28-02-2023, João Silva ,m,Teclado,1200,1,120,1:29:49,Porto Alegre
405,16/04/24,Carlos Lima,F,Monitor,R$800,3,2400,49m,Belo Horizonte
406,2023/07/22, João Silva ,Masculino,Cadeira,3500,2,2400,1h 25m,Belo Horizonte
407,2024/02/20,Carlos Lima,F,Mouse,R$1200,1,780,2:21:18,São Paulo
408,2024-02-09,Carlos Lima,Masculino,Mouse,R$3500,2,7000,0:40:32,São Paulo
409,2023/09/19,Ana Clara,Feminino,Mouse,120,1,800,,Porto Alegre
410,2023/10/15,Ana Clara,Masculino,Notebook,"R$ 120,00",3,360,86m,Rio de Janeiro
411,2024/07/19,Ana Clara,F,Mouse,R$3500,1,3500,,São Paulo
412,15-08-2023,,M,Teclado,120,2,1600,1:18:35,Rio de Janeiro
413,2023/10/02,,f,Notebook,3500,3,,,Belo Horizonte
414,2023-08-13, João Silva ,f,Mouse,R$120,2,240,0h 59m,Porto Alegre
415,12/10/23, João Silva ,f,Cadeira,"R$ 800,00",3,,2:08:37,Rio de Janeiro
416,22-01-2024,Maria Souza,f,Notebook,"R$ 800,00",2,7000,62m,São Paulo
417,2023-08-16,Ana Clara,F,Monitor,R$50,3,,1:52:50,São Paulo
418,22-04-2024, João Silva ,Feminino,Teclado,R$1200,3,3600,2h 14m,Rio de Janeiro
419,09/09/23,Carlos Lima,F,Cadeira,"R$ 1.200,00",2,2400,0h 49m,Curitiba
420,07/11/23, Pedro Alves ,Feminino,Mouse,800,3,2400,,Rio de Janeiro
421,2024-10-20,,,Mouse,R$800,2,7000,163m,Porto Alegre
422,16/07/23,Maria Souza,,Mouse,"R$ 800,00",3,2390,2h 5m,Belo Horizonte
423,2024-01-27,,MASCULINO,Teclado,R$120,1,50,0:58:24,Belo Horizonte
424,2023-03-23,Carlos Lima,F,Notebook,R$3500,2,1609,0h 33m,Rio de Janeiro
425,2024-05-12,,F,Cadeira,800,2,1600,0:12:21,Curitiba
426,2023/10/09, Pedro Alves ,f,Teclado,800,1,,1h 25m,Curitiba
427,19-07-2024,Ana Clara,Feminino,Mouse,"R$ 1.200,00",1,800,94m,Belo Horizonte
428,2023/01/26, João Silva ,f,Monitor,R$3500,2,240,2h 59m,Curitiba
429,08/03/24,Carlos Lima,,Teclado,"R$ 50,00",2,100,,São Paulo
430,12/09/24,Carlos Lima,m,Teclado,800,1,3500,19m,Porto Alegre
431,03-01-2023,Maria Souza,MASCULINO,Teclado,R$120,1,,47m,Belo Horizonte
432,2023-05-28,Carlos Lima,,Notebook,"R$ 50,00",2,240,85m,Belo Horizonte
433,14/05/23,,M,Monitor,3500,3,,0:24:34,Curitiba
434,2024-04-01,Maria Souza,Masculino,Mouse,R$3500,3,10500,1:30:38,Porto Alegre
435,11/03/24, Pedro Alves ,f,Cadeira,R$800,3,2387,99m,Belo Horizonte
436,28/12/23,Carlos Lima,Masculino,Mouse,"R$ 3.500,00",1,,165m,Porto Alegre
437,19/02/23,Carlos Lima,MASCULINO,Teclado,3500,2,100,2:36:10,São Paulo
438,07/02/24,Maria Souza,M,Teclado,"R$ 1.200,00",2,6964,1:02:35,Rio de Janeiro
439,05/11/24,Carlos Lima,M,Cadeira,3500,1,120,75m,Belo Horizonte
440,2023-07-23,,M,Notebook,800,3,,2h 13m,Rio de Janeiro
441,27/03/23, Pedro Alves ,Masculino,Notebook,1200,2,134,45m,Rio de Janeiro
442,13/05/23,,M,Mouse,"R$ 120,00",2,240,,Curitiba
443,16/01/23,,M,Notebook,R$800,2,,0:26:22,Belo Horizonte
444,27/12/23,Maria Souza,f,Teclado,R$3500,3,159,,Porto Alegre
445,2024/09/05,Maria Souza,Masculino,Notebook,R$1200,1,,64m,Rio de Janeiro
446,08-06-2024, Pedro Alves ,Feminino,Monitor,"R$ 3.500,00",2,95,0:59:30,Porto Alegre
447,2024-04-07,Maria Souza,MASCULINO,Teclado,120,3,,32m,Belo Horizonte
448,14-04-2024,Ana Clara,m,Notebook,50,3,360,2:58:22,Porto Alegre
449,11-05-2023,,m,Monitor,R$1200,2,,,São Paulo
450,2024/11/16,Maria Souza,F,Mouse,R$800,1,800,1h 50m,Belo Horizonte
451,11-07-2024,Carlos Lima,,Monitor,R$1200,1,1200,3h 1m,São Paulo
452,2024-12-10,Ana Clara,f,Notebook,800,2,100,96m,Curitiba
453,2024/02/15, Pedro Alves ,f,Mouse,"R$ 120,00",1,,38m,Curitiba
454,2024-04-01,,M,Notebook,800,1,,2:44:27,Curitiba
455,08/05/23,,Feminino,Notebook,R$800,1,1200,0:09:37,Belo Horizonte
456,08/12/24,,m,Notebook,3500,1,831,,Curitiba
457,28/02/24, João Silva ,m,Mouse,50,3,360,2:21:43,Belo Horizonte
458,05/07/23, João Silva ,Feminino,Cadeira,R$3500,2,100,126m,Porto Alegre
459,09-05-2023, João Silva ,Feminino,Mouse,1200,3,140,,Rio de Janeiro
460,23/03/24,Carlos Lima,m,Teclado,3500,2,230,,Rio de Janeiro
461,2023-01-27,,MASCULINO,Monitor,"R$ 50,00",3,10500,,Belo Horizonte
462,04/12/24,Maria Souza,m,Monitor,R$50,1,3500,,São Paulo
463,13-03-2024,Ana Clara,F,Cadeira,R$120,2,,2h 56m,São Paulo
464,08-02-2024, Pedro Alves ,F,Mouse,R$800,1,50,,São Paulo
465,2023/09/16,Ana Clara,MASCULINO,Notebook,"R$ 120,00",2,100,0:36:05,Rio de Janeiro
466,16/06/24,Ana Clara,F,Notebook,R$800,2,,,São Paulo
467,2024-05-11,Ana Clara,m,Monitor,R$1200,2,240,3h 42m,São Paulo
468,16-03-2024, Pedro Alves ,Masculino,Teclado,R$50,2,100,0h 27m,Porto Alegre
469,20/11/23, João Silva ,m,Cadeira,"R$ 50,00",1,1200,156m,Curitiba
470,2023-07-02,,MASCULINO,Mouse,"R$ 3.500,00",2,100,0:28:37,São Paulo
471,2024/04/27,Carlos Lima,M,Mouse,"R$ 800,00",2,7000,,Rio de Janeiro
472,01/09/23,Maria Souza,F,Monitor,"R$ 800,00",2,7000,2:35:48,Porto Alegre
473,24-11-2023, João Silva ,Feminino,Cadeira,"R$ 800,00",3,150,2h 45m,Belo Horizonte
474,15-09-2023, João Silva ,MASCULINO,Notebook,R$800,1,120,,Porto Alegre
475,17-10-2023,,MASCULINO,Teclado,"R$ 3.500,00",1,,2h 2m,Rio de Janeiro
476,12-08-2024, João Silva ,M,Teclado,R$1200,1,1235,1:30:39,Belo Horizonte
477,2024/06/27, João Silva ,Feminino,Notebook,"R$ 1.200,00",2,,24m,São Paulo
478,2023/01/05,Maria Souza,M,Teclado,3500,2,,2h 10m,Rio de Janeiro
479,11/02/24,Carlos Lima,m,Mouse,R$50,1,,85m,Belo Horizonte
480,2023-03-24,Ana Clara,Feminino,Monitor,120,3,,45m,Curitiba
481,20-11-2023, Pedro Alves ,F,Teclado,R$800,1,120,,Rio de Janeiro
482,15-06-2024,Ana Clara,M,Notebook,50,2,100,161m,São Paulo
483,2023/01/02,Maria Souza,M,Monitor,"R$ 800,00",2,7000,81m,Rio de Janeiro
484,13-11-2023,Maria Souza,m,Monitor,"R$ 1.200,00",1,120,149m,Rio de Janeiro
485,14-09-2023,Ana Clara,f,Mouse,"R$ 3.500,00",2,1600,3h 55m,Curitiba
486,02/03/23,Ana Clara,Masculino,Monitor,R$120,2,7000,172m,São Paulo
487,2023-07-26, Pedro Alves ,M,Monitor,R$800,2,7000,2:42:53,Porto Alegre
488,2024-07-14,Ana Clara,Masculino,Teclado,R$120,1,120,2:51:43,Rio de Janeiro
489,2023/06/08, Pedro Alves ,F,Mouse,R$120,1,3500,0:00:31,Porto Alegre
490,12-10-2024, Pedro Alves ,F,Notebook,50,2,240,88m,Porto Alegre
491,2024/02/14,Carlos Lima,Masculino,Mouse,R$800,3,2400,0h 16m,Belo Horizonte
492,2023-08-05,Ana Clara,MASCULINO,Monitor,"R$ 3.500,00",1,50,0:46:20,São Paulo
493,2023/08/23, João Silva ,M,Mouse,R$120,3,2400,2:44:12,São Paulo
494,2024/03/12,Carlos Lima,M,Cadeira,120,2,1563,,Belo Horizonte
495,19-05-2024, João Silva ,MASCULINO,Cadeira,"R$ 120,00",3,150,,Belo Horizonte
496,02/10/23, Pedro Alves ,MASCULINO,Mouse,800,2,240,1h 23m,São Paulo
497,2024/11/06,Carlos Lima,F,Notebook,800,2,7000,122m,São Paulo
498,2024-02-21, João Silva ,Feminino,Cadeira,120,1,3500,,Belo Horizonte
499,22/04/23, João Silva ,MASCULINO,Teclado,50,1,143,0h 56m,São Paulo
500,2023/11/12, Pedro Alves ,f,Teclado,R$1200,3,,0:09:23,Curitiba
501,14-06-2023,,,Monitor,"R$ 120,00",3,10500,,Rio de Janeiro
502,2024-02-13,Maria Souza,MASCULINO,Teclado,R$120,1,3500,49m,Curitiba
503,26-09-2023,Carlos Lima,m,Cadeira,R$3500,2,,1:24:29,Belo Horizonte
504,2024/03/28,,,Mouse,800,1,,1:21:49,Curitiba
505,2023/11/07,,m,Notebook,1200,1,,1h 0m,Curitiba
506,28-09-2024, João Silva ,M,Mouse,"R$ 50,00",1,1174,,Belo Horizonte
507,2023-01-03,Ana Clara,M,Mouse,"R$ 120,00",1,120,50m,São Paulo
508,16/06/23,Maria Souza,MASCULINO,Cadeira,800,3,,72m,Belo Horizonte
509,2024-10-10,Ana Clara,f,Mouse,"R$ 50,00",3,10500,,Belo Horizonte
510,2024-08-04,Ana Clara,MASCULINO,Cadeira,"R$ 800,00",2,100,172m,Belo Horizonte
511,2023-11-26,Maria Souza,M,Teclado,R$50,3,150,2:29:25,Porto Alegre
512,2023-08-14,Ana Clara,F,Teclado,"R$ 800,00",2,113,,Curitiba
513,15/07/23, Pedro Alves ,Feminino,Cadeira,800,3,10500,,Rio de Janeiro
514,2024-07-13, João Silva ,Masculino,Notebook,R$1200,2,2400,1h 40m,São Paulo
515,12/02/23,Maria Souza,Feminino,Teclado,"R$ 50,00",3,10500,2:55:03,Curitiba
516,06/01/24,Ana Clara,F,Monitor,R$800,3,,116m,Curitiba
517,14/12/23, Pedro Alves ,f,Notebook,R$3500,2,2400,,Rio de Janeiro
518,2024-08-08, Pedro Alves ,m,Teclado,"R$ 120,00",3,2400,,Belo Horizonte
519,15/10/24,Maria Souza,Masculino,Monitor,R$3500,1,50,,Rio de Janeiro
520,04-01-2023,Carlos Lima,Masculino,Monitor,R$800,1,,1h 3m,Belo Horizonte
521,09-11-2023,,f,Mouse,R$120,2,7000,,Curitiba
522,08-08-2023, João Silva ,f,Teclado,"R$ 1.200,00",3,10500,2h 52m,São Paulo
523,2023/12/13, Pedro Alves ,Masculino,Monitor,"R$ 800,00",3,3569,,Rio de Janeiro
524,2024/10/23,Carlos Lima,F,Notebook,120,2,2400,1:59:59,São Paulo
525,06/08/24,Ana Clara,,Teclado,3500,1,800,,Porto Alegre
526,15/10/24,Ana Clara,f,Notebook,R$120,1,130,2:26:35,Belo Horizonte
527,19-04-2024, Pedro Alves ,F,Mouse,"R$ 3.500,00",2,7044,2h 5m,Rio de Janeiro
528,2023-09-06,,f,Cadeira,R$120,3,2400,,Rio de Janeiro
529,2023/02/26,Maria Souza,m,Notebook,"R$ 1.200,00",3,2400,0:28:58,Porto Alegre
530,2024/02/04,,m,Mouse,R$1200,2,7000,106m,Belo Horizonte
531,22-11-2023,Ana Clara,Feminino,Teclado,R$1200,1,120,84m,Belo Horizonte
532,2023/05/14,,MASCULINO,Monitor,R$3500,1,1200,1:30:01,Rio de Janeiro
533,2023/10/06, João Silva ,M,Notebook,R$1200,3,150,2h 44m,Belo Horizonte
534,2024/11/13, Pedro Alves ,MASCULINO,Monitor,120,1,1200,72m,Porto Alegre
535,25/12/23, Pedro Alves ,M,Notebook,"R$ 50,00",2,1600,109m,Curitiba
536,2024/02/18,Maria Souza,Masculino,Cadeira,50,1,23,1h 15m,Rio de Janeiro
537,2023-03-04, João Silva ,f,Monitor,3500,3,3600,2h 47m,São Paulo
538,20/04/23,,Masculino,Notebook,R$120,2,7000,2h 29m,Belo Horizonte
539,2023-03-15, Pedro Alves ,f,Cadeira,"R$ 120,00",2,,0:12:16,Porto Alegre
540,02-03-2023,,M,Monitor,R$800,1,1200,2:49:44,Rio de Janeiro
541,27-04-2024,Ana Clara,M,Cadeira,R$3500,2,,2:15:28,Curitiba
542,2023-11-13, João Silva ,Feminino,Teclado,1200,2,,2h 11m,Belo Horizonte
543,20-04-2024,Ana Clara,Masculino,Mouse,R$1200,1,120,,Rio de Janeiro
544,2023/06/14,Carlos Lima,,Teclado,800,2,2400,150m,São Paulo
545,22-12-2024, Pedro Alves ,m,Mouse,"R$ 120,00",3,150,1:18:24,São Paulo
546,26-12-2024, João Silva ,,Notebook,R$3500,1,3473,,Rio de Janeiro
547,26/10/23,Maria Souza,Feminino,Cadeira,R$800,3,10500,2h 5m,Rio de Janeiro
548,17/11/23,,F,Cadeira,1200,2,6971,3h 22m,Curitiba
549,2024-01-17, João Silva ,m,Cadeira,"R$ 3.500,00",2,1603,,Belo Horizonte
550,27/05/23,Ana Clara,m,Cadeira,R$120,1,1200,2h 15m,Rio de Janeiro
551,2024/09/07,Maria Souza,M,Teclado,"R$ 3.500,00",3,,1:05:20,Porto Alegre
552,19/02/23,Ana Clara,MASCULINO,Notebook,R$3500,3,10500,0:15:33,Porto Alegre
553,10/03/24,Ana Clara,M,Notebook,120,3,,80m,Rio de Janeiro
554,14-07-2023, João Silva ,m,Mouse,"R$ 50,00",3,150,155m,Rio de Janeiro
555,25-10-2023, Pedro Alves ,M,Mouse,"R$ 1.200,00",1,3500,168m,Curitiba
556,25/09/23,Carlos Lima,M,Mouse,R$120,3,10500,127m,Belo Horizonte
557,24/12/24, João Silva ,f,Notebook,50,2,2400,2:37:23,Belo Horizonte
558,2023/01/18, João Silva ,M,Notebook,"R$ 120,00",2,100,0h 54m,Curitiba
559,2024-01-11,,Feminino,Mouse,R$800,1,794,0:09:33,São Paulo
560,02-11-2024,Maria Souza,Masculino,Teclado,R$800,3,,116m,Rio de Janeiro
561,2023/06/11,Maria Souza,MASCULINO,Cadeira,50,2,1600,115m,Curitiba
562,2024/03/23,Ana Clara,f,Monitor,"R$ 120,00",3,2401,0h 38m,Belo Horizonte
563,10/04/24,Maria Souza,MASCULINO,Teclado,"R$ 3.500,00",2,100,21m,Curitiba
564,11-07-2023, Pedro Alves ,M,Teclado,"R$ 1.200,00",1,1200,160m,São Paulo
565,10-07-2024,Ana Clara,F,Notebook,R$800,3,150,1:19:19,Curitiba
566,2023/02/12,Maria Souza,F,Monitor,50,1,86,0h 25m,Porto Alegre
567,05/08/24,Maria Souza,Feminino,Notebook,"R$ 1.200,00",2,7000,1h 41m,Porto Alegre
568,2024-12-21,Carlos Lima,Feminino,Teclado,"R$ 800,00",3,,,Rio de Janeiro
569,14-03-2023,Ana Clara,M,Monitor,"R$ 3.500,00",3,150,0:45:31,Belo Horizonte
570,2024-11-28,Carlos Lima,M,Notebook,120,2,240,2h 8m,São Paulo
571,19/03/23, Pedro Alves ,MASCULINO,Teclado,R$3500,1,800,1h 8m,Porto Alegre
572,2023/03/03,Carlos Lima,,Monitor,R$120,3,,2h 0m,Rio de Janeiro
573,13-12-2024, João Silva ,m,Notebook,800,2,,1h 16m,Curitiba
574,2023-02-09,,,Mouse,"R$ 3.500,00",2,2384,63m,Curitiba
575,12-11-2023,Maria Souza,m,Monitor,R$120,1,1200,2h 22m,São Paulo
576,10/12/23, Pedro Alves ,F,Mouse,1200,1,120,1:31:32,São Paulo
577,2024-11-07,,M,Cadeira,"R$ 3.500,00",2,7000,,Rio de Janeiro
578,19-01-2024,Ana Clara,MASCULINO,Notebook,800,2,7000,2h 8m,São Paulo
579,12/07/24,Ana Clara,,Cadeira,800,3,360,1h 55m,São Paulo
580,2023-09-28,Ana Clara,F,Teclado,50,3,150,1h 14m,Curitiba
581,13-03-2023, João Silva ,,Cadeira,"R$ 800,00",2,264,1h 37m,Belo Horizonte
582,07-08-2023,Ana Clara,MASCULINO,Teclado,R$3500,2,240,157m,Curitiba
583,10-01-2024,Carlos Lima,m,Cadeira,"R$ 50,00",3,,0:31:48,Belo Horizonte
584,25-11-2023,,,Monitor,"R$ 120,00",3,10500,139m,Curitiba
585,04/07/24,Maria Souza,M,Mouse,R$800,3,360,1:39:58,Rio de Janeiro
586,10/02/23,Ana Clara,Masculino,Mouse,120,2,,25m,São Paulo
587,2024/03/20, João Silva ,,Mouse,3500,3,150,,Belo Horizonte
588,2024-07-02, João Silva ,Masculino,Teclado,R$50,2,269,,São Paulo
589,2023-08-27,Carlos Lima,Masculino,Notebook,R$800,2,240,2:07:33,São Paulo
590,11-12-2023,Maria Souza,MASCULINO,Notebook,"R$ 120,00",1,800,,Rio de Janeiro
591,2024-07-01, Pedro Alves ,f,Notebook,"R$ 50,00",1,43,2h 32m,Porto Alegre
592,2024/02/18,Maria Souza,F,Mouse,50,1,1154,124m,Rio de Janeiro
593,03/06/24,Ana Clara,F,Cadeira,"R$ 800,00",2,,0h 54m,Curitiba
594,2024/09/21,,F,Mouse,120,3,158,,Belo Horizonte
595,10/11/24, Pedro Alves ,f,Mouse,3500,2,240,1:02:20,Curitiba
596,05/12/23, Pedro Alves ,F,Notebook,R$120,1,,,São Paulo
597,26-01-2023,Ana Clara,m,Notebook,R$3500,2,100,,Belo Horizonte
598,2024/12/25, João Silva ,m,Mouse,"R$ 50,00",1,120,,Rio de Janeiro
599,22/10/24,Carlos Lima,F,Teclado,R$800,2,1600,1h 18m,Curitiba
600,28-06-2024,Maria Souza,,Monitor,R$3500,2,1554,150m,Curitiba
601,03-01-2024, Pedro Alves ,m,Monitor,800,2,100,,Curitiba
602,2023-02-18,,MASCULINO,Notebook,R$800,1,1200,2h 13m,Belo Horizonte
603,21-11-2023,Ana Clara,m,Mouse,"R$ 800,00",1,3500,,Belo Horizonte
604,08-04-2024, Pedro Alves ,m,Mouse,R$3500,1,,99m,São Paulo
605,25/03/23,Maria Souza,Feminino,Teclado,3500,3,10524,,Curitiba
606,2024/01/21,,Masculino,Notebook,R$3500,3,2400,1:27:33,São Paulo
607,20/09/23,Ana Clara,f,Teclado,800,2,2400,127m,Belo Horizonte
608,10/12/24, Pedro Alves ,M,Mouse,50,2,1600,117m,Rio de Janeiro
609,05/03/23, Pedro Alves ,f,Mouse,1200,2,7000,3h 10m,São Paulo
610,10/01/24,,Feminino,Monitor,R$120,1,50,2h 45m,Curitiba
611,2024-06-20, João Silva ,MASCULINO,Teclado,120,2,142,,Rio de Janeiro
612,2024/07/24,,M,Monitor,3500,3,,130m,Curitiba
613,2024/02/08, Pedro Alves ,m,Teclado,120,2,2400,,São Paulo
614,2023-05-22,Ana Clara,F,Notebook,1200,3,10500,,Curitiba
615,2024-09-05, João Silva ,m,Monitor,R$50,1,50,14m,Rio de Janeiro
616,22/12/23,,,Teclado,1200,3,10500,42m,Rio de Janeiro
617,25-12-2024, João Silva ,M,Teclado,3500,1,3500,67m,Curitiba
618,21-07-2023,Maria Souza,,Teclado,R$3500,3,3600,0:41:13,Porto Alegre
619,24/05/23,Carlos Lima,f,Monitor,R$50,1,3500,,Porto Alegre
620,24-06-2023, Pedro Alves ,F,Cadeira,R$120,3,,0:40:19,Belo Horizonte
621,2024-05-28, João Silva ,F,Mouse,R$3500,2,197,156m,Porto Alegre
622,2024-04-08,Ana Clara,M,Mouse,"R$ 3.500,00",2,240,2:57:29,Curitiba
623,2023-03-09, João Silva ,M,Teclado,800,2,7000,3h 26m,São Paulo
624,15-06-2023,Ana Clara,,Mouse,"R$ 3.500,00",1,800,70m,São Paulo
625,2023/03/06, Pedro Alves ,M,Monitor,"R$ 3.500,00",2,7000,1:56:39,São Paulo
626,2024-03-25,,F,Notebook,R$800,1,3500,121m,Rio de Janeiro
627,2023/05/21,Ana Clara,Feminino,Cadeira,800,2,1600,,Porto Alegre
628,27/11/24, João Silva ,Feminino,Monitor,1200,2,7000,34m,Curitiba
629,05-04-2024, Pedro Alves ,Masculino,Cadeira,"R$ 800,00",3,,69m,Belo Horizonte
630,2023/08/09, João Silva ,,Monitor,R$3500,3,10500,92m,Belo Horizonte
631,2023-12-10, Pedro Alves ,f,Notebook,800,2,1600,48m,Belo Horizonte
632,2023-11-04,Carlos Lima,M,Notebook,"R$ 120,00",1,120,2:06:30,Porto Alegre
633,20-03-2024,Maria Souza,F,Mouse,800,2,,2h 43m,Porto Alegre
634,2023-10-25,Carlos Lima,m,Mouse,R$50,1,1200,21m,Curitiba
635,2023/06/21,,MASCULINO,Teclado,50,3,3600,,Porto Alegre
636,2024/10/12,,f,Cadeira,"R$ 50,00",2,240,2:00:37,São Paulo
637,2023-12-28,Maria Souza,Feminino,Cadeira,R$120,1,50,3h 39m,Rio de Janeiro
638,2024/12/23,Carlos Lima,Masculino,Cadeira,"R$ 120,00",2,2400,2:26:03,Porto Alegre
639,22-11-2024, João Silva ,Feminino,Mouse,"R$ 50,00",3,10500,2:21:09,Rio de Janeiro
640,2023-06-19,,m,Cadeira,120,3,,97m,Porto Alegre
641,2024-10-04,Carlos Lima,F,Mouse,R$50,2,100,44m,Porto Alegre
642,2024/01/17, João Silva ,f,Cadeira,1200,3,3600,2:08:44,Curitiba
643,09/12/24,Ana Clara,m,Teclado,R$50,1,800,27m,São Paulo
644,2023-04-22,Maria Souza,Masculino,Teclado,"R$ 3.500,00",3,,0h 50m,Belo Horizonte
645,2023-01-20, Pedro Alves ,,Notebook,"R$ 3.500,00",1,3500,1:46:52,Porto Alegre
646,2023/01/28,Ana Clara,F,Monitor,R$800,2,1600,160m,Rio de Janeiro
647,14/02/24, João Silva ,Masculino,Mouse,800,1,120,,Curitiba
648,10/03/24,Ana Clara,Feminino,Teclado,3500,1,,3h 14m,São Paulo
649,2023/04/28, Pedro Alves ,M,Teclado,"R$ 3.500,00",3,,0h 38m,Belo Horizonte
650,2024/03/04, João Silva ,Feminino,Notebook,800,2,2450,,Belo Horizonte
651,2024-05-14,,MASCULINO,Mouse,120,3,10500,3h 30m,Belo Horizonte
652,26-05-2023, Pedro Alves ,,Teclado,R$50,1,120,2:23:03,Rio de Janeiro
653,12-04-2023,Maria Souza,MASCULINO,Mouse,120,1,1200,136m,São Paulo
654,10/05/24, João Silva ,m,Monitor,R$1200,2,240,153m,São Paulo
655,22-01-2024, Pedro Alves ,MASCULINO,Notebook,R$800,3,2400,121m,São Paulo
656,01-04-2024,,Feminino,Mouse,R$120,2,1600,40m,Porto Alegre
657,10-05-2024, João Silva ,MASCULINO,Teclado,120,1,1200,1:09:48,Belo Horizonte
658,04/03/23,,MASCULINO,Monitor,"R$ 120,00",2,,169m,Curitiba
659,23-11-2023,Maria Souza,,Cadeira,120,3,115,,Rio de Janeiro
660,08-09-2024,Ana Clara,M,Mouse,R$1200,1,50,164m,Rio de Janeiro
661,10-08-2023, Pedro Alves ,Feminino,Monitor,R$50,1,1200,2:46:50,Rio de Janeiro
662,2023/02/01,Carlos Lima,,Monitor,R$50,1,800,3h 20m,Rio de Janeiro
663,2024-01-24,Ana Clara,M,Mouse,800,1,800,1h 58m,Curitiba
664,2023-07-28,Ana Clara,f,Notebook,R$50,3,2400,2:45:35,Belo Horizonte
665,2024-09-09, Pedro Alves ,,Mouse,R$3500,1,7,1h 4m,Belo Horizonte
666,2023-11-21,Carlos Lima,M,Monitor,3500,3,3600,2:04:52,Curitiba
667,08-08-2024,Ana Clara,Masculino,Cadeira,1200,1,120,38m,Curitiba
668,2024-03-07,Maria Souza,,Cadeira,120,1,1200,3h 56m,Belo Horizonte
669,2024/02/15,Maria Souza,Feminino,Notebook,R$120,1,120,83m,Belo Horizonte
670,07-07-2023, João Silva ,m,Teclado,"R$ 800,00",1,141,0h 22m,Belo Horizonte
671,11-03-2023, João Silva ,Masculino,Mouse,"R$ 50,00",2,240,,São Paulo
672,2023-09-28,Maria Souza,f,Notebook,"R$ 3.500,00",3,3600,,Curitiba
673,24/10/23, João Silva ,Feminino,Notebook,R$800,2,1600,101m,Rio de Janeiro
674,01/01/23,Ana Clara,M,Teclado,R$800,1,122,2h 15m,Curitiba
675,2024/11/01, Pedro Alves ,f,Cadeira,"R$ 50,00",3,10500,0:51:47,Curitiba
676,24/05/24,Carlos Lima,Masculino,Cadeira,50,2,,115m,São Paulo
677,12/07/23, João Silva ,,Cadeira,R$50,1,800,2h 5m,Curitiba
678,2024-11-08,Maria Souza,MASCULINO,Mouse,1200,3,150,0:27:58,São Paulo
679,12/06/24, João Silva ,Masculino,Monitor,"R$ 800,00",1,120,,Belo Horizonte
680,11-11-2023,Carlos Lima,,Mouse,1200,2,1584,,Curitiba
681,2024/06/02,Maria Souza,f,Teclado,"R$ 800,00",2,2351,,São Paulo
682,2023/12/24, João Silva ,F,Mouse,"R$ 1.200,00",1,138,19m,São Paulo
683,09/07/24, Pedro Alves ,MASCULINO,Teclado,"R$ 1.200,00",1,1225,0h 39m,Rio de Janeiro
684,20-01-2023, Pedro Alves ,M,Cadeira,R$120,3,2400,2:45:47,Curitiba
685,2024-12-12,Ana Clara,Feminino,Cadeira,"R$ 120,00",2,240,0h 22m,Rio de Janeiro
686,2024/12/20, João Silva ,Masculino,Notebook,"R$ 3.500,00",1,120,0h 44m,São Paulo
687,2024-03-24,Ana Clara,f,Cadeira,R$50,1,120,0:21:58,São Paulo
688,19-07-2023,Ana Clara,f,Monitor,120,2,1600,1:42:07,Belo Horizonte
689,2023/06/23, Pedro Alves ,f,Monitor,R$1200,3,405,2:43:27,Curitiba
690,20/03/24, Pedro Alves ,Masculino,Monitor,"R$ 800,00",3,,,Curitiba
691,2023/01/03,Maria Souza,,Cadeira,"R$ 120,00",3,10471,0h 35m,Rio de Janeiro
692,01/04/23, João Silva ,,Teclado,R$800,1,800,0h 2m,Porto Alegre
693,11-12-2024, Pedro Alves ,M,Monitor,3500,1,3500,0h 13m,Curitiba
694,2023-01-02,Ana Clara,f,Monitor,"R$ 3.500,00",1,120,26m,São Paulo
695,21-04-2023, Pedro Alves ,MASCULINO,Monitor,R$1200,1,81,,Curitiba
696,04-03-2023,Maria Souza,f,Teclado,"R$ 1.200,00",3,360,,São Paulo
697,25-04-2023, Pedro Alves ,Masculino,Monitor,"R$ 3.500,00",1,843,,Curitiba
698,28/10/24,Carlos Lima,Feminino,Monitor,3500,1,3500,48m,Rio de Janeiro
699,2023-10-23,Carlos Lima,,Mouse,"R$ 1.200,00",1,120,3h 36m,São Paulo
700,12-10-2024,Carlos Lima,m,Teclado,"R$ 50,00",2,240,1h 37m,Belo Horizonte
701,2024/04/01,,F,Cadeira,"R$ 800,00",2,,36m,Belo Horizonte
702,2024-01-03, João Silva ,F,Teclado,"R$ 800,00",2,6966,,Curitiba
703,19/08/24, Pedro Alves ,,Notebook,"R$ 120,00",3,2400,2:24:59,São Paulo
704,05/05/24,Ana Clara,Feminino,Mouse,R$3500,3,,37m,Belo Horizonte
705,2024/12/24, João Silva ,Masculino,Teclado,"R$ 120,00",3,150,159m,Porto Alegre
706,18/01/23,Carlos Lima,F,Monitor,3500,2,2371,,Porto Alegre
707,2024/10/06,Carlos Lima,MASCULINO,Monitor,"R$ 1.200,00",2,100,1h 55m,Porto Alegre
708,16-03-2024,Maria Souza,Masculino,Mouse,R$1200,2,7000,1h 33m,Curitiba
709,2023/06/22,Carlos Lima,F,Mouse,"R$ 1.200,00",3,360,70m,Porto Alegre
710,18/06/24, Pedro Alves ,f,Teclado,"R$ 3.500,00",2,,0:41:15,São Paulo
711,2023/03/10, João Silva ,m,Mouse,R$3500,1,50,0:01:10,Curitiba
712,07/07/23,Ana Clara,F,Monitor,R$1200,1,800,,Belo Horizonte
713,2024/04/25,,Feminino,Mouse,"R$ 800,00",1,800,0:39:28,São Paulo
714,2024/11/03,,m,Teclado,"R$ 50,00",3,3638,2:02:31,Belo Horizonte
715,18/07/23,Ana Clara,M,Teclado,800,2,7000,2:12:29,Belo Horizonte
716,09/08/23, Pedro Alves ,Masculino,Notebook,"R$ 50,00",2,1600,0h 36m,Curitiba
717,16/06/23,Carlos Lima,M,Monitor,R$120,3,2439,2h 42m,Rio de Janeiro
718,2024-10-04,Carlos Lima,Masculino,Notebook,R$50,1,800,,Curitiba
719,2024/03/22,Ana Clara,,Monitor,R$1200,1,3500,,Porto Alegre
720,15/03/24, Pedro Alves ,F,Mouse,"R$ 1.200,00",3,360,,São Paulo
721,17-07-2024,,f,Cadeira,"R$ 50,00",1,50,2h 49m,São Paulo
722,2023/10/23,,Masculino,Cadeira,R$50,2,1600,40m,Rio de Janeiro
723,2024/03/08,Carlos Lima,,Notebook,R$1200,2,1577,2:59:38,Curitiba
724,2023/06/23,Maria Souza,m,Teclado,R$50,2,1600,,Rio de Janeiro
725,2023-08-09, Pedro Alves ,F,Notebook,"R$ 50,00",1,3500,,Rio de Janeiro
726,17/06/23,Maria Souza,,Monitor,3500,3,10500,59m,Porto Alegre
727,2024-01-22, Pedro Alves ,f,Monitor,R$120,2,2400,,Curitiba
728,26-02-2024,Maria Souza,,Monitor,R$1200,1,800,,São Paulo
729,05/03/24,,m,Mouse,R$50,2,2400,2:08:03,São Paulo
730,2023-07-24, João Silva ,M,Teclado,"R$ 1.200,00",3,3600,,Rio de Janeiro
731,16-09-2024,Maria Souza,f,Notebook,"R$ 120,00",3,3646,,Rio de Janeiro
732,2023-10-19,Maria Souza,M,Teclado,"R$ 120,00",2,240,,Belo Horizonte
733,2024-10-27,Carlos Lima,Feminino,Teclado,50,1,3500,,São Paulo
734,10-07-2023,Carlos Lima,Feminino,Mouse,"R$ 3.500,00",1,3500,,Curitiba
735,24/01/24,Ana Clara,f,Monitor,"R$ 50,00",2,240,55m,São Paulo
736,11/09/23, João Silva ,M,Teclado,120,3,2400,0:05:28,Rio de Janeiro
737,2023-04-19,Ana Clara,m,Monitor,R$3500,1,800,64m,São Paulo
738,20/07/24, Pedro Alves ,Masculino,Cadeira,3500,2,1600,92m,São Paulo
739,20-05-2024, João Silva ,Feminino,Cadeira,R$1200,1,800,2h 55m,Curitiba
740,2023/12/16,,,Notebook,50,1,,27m,São Paulo
741,04-01-2023, João Silva ,M,Teclado,R$800,2,7000,125m,São Paulo
742,2024/02/13, Pedro Alves ,Feminino,Mouse,800,3,360,10m,Curitiba
743,07-07-2024,,Feminino,Cadeira,"R$ 50,00",3,171,,Porto Alegre
744,25/10/23,Maria Souza,F,Notebook,1200,2,1600,2h 13m,São Paulo
745,19/12/24,Maria Souza,,Cadeira,1200,2,,0:36:38,Belo Horizonte
746,2024/07/20,Ana Clara,m,Cadeira,R$1200,2,2400,,Curitiba
747,2024-12-23,,MASCULINO,Teclado,"R$ 50,00",2,7000,124m,Belo Horizonte
748,2023/07/05,Maria Souza,M,Mouse,R$800,2,1600,162m,Belo Horizonte
749,24/12/24,,m,Monitor,50,1,3500,,Curitiba
750,28-05-2023, João Silva ,MASCULINO,Mouse,R$1200,3,2400,0:03:46,Rio de Janeiro
751,16/03/24,,Feminino,Monitor,R$800,3,,92m,Belo Horizonte
752,05/08/23,Ana Clara,,Teclado,3500,2,,0h 43m,Porto Alegre
753,2023/05/26,Ana Clara,,Notebook,1200,3,3600,82m,Belo Horizonte
754,2024/12/06,,MASCULINO,Monitor,1200,3,2400,0:55:01,Rio de Janeiro
755,04-08-2023,,m,Notebook,800,2,7000,48m,Curitiba
756,2024-10-13,Ana Clara,MASCULINO,Teclado,"R$ 3.500,00",3,326,141m,Rio de Janeiro
757,02/01/24,Carlos Lima,m,Teclado,R$1200,2,100,93m,Curitiba
758,2023-04-25,Maria Souza,f,Cadeira,"R$ 800,00",3,,0h 38m,Porto Alegre
759,2023/10/09,Maria Souza,MASCULINO,Monitor,R$120,1,,1:22:51,Curitiba
760,25/04/24,Carlos Lima,F,Notebook,R$3500,1,50,169m,São Paulo
761,2024/11/21, João Silva ,f,Mouse,R$3500,3,3600,1:49:49,Curitiba
762,04/08/24, João Silva ,M,Teclado,R$1200,1,,118m,São Paulo
763,24/03/24,Carlos Lima,M,Cadeira,R$1200,1,1247,3h 22m,Rio de Janeiro
764,16-12-2024,Maria Souza,Feminino,Monitor,800,1,836,2:15:35,São Paulo
765,2023/01/09, Pedro Alves ,M,Teclado,R$1200,2,100,0h 29m,São Paulo
766,2023-08-11, João Silva ,,Cadeira,50,1,120,,Belo Horizonte
767,2023/01/13,,MASCULINO,Teclado,R$1200,2,,0:53:31,Porto Alegre
768,2023/02/16,Carlos Lima,Feminino,Monitor,800,1,800,1:56:33,São Paulo
769,2024/10/21,Maria Souza,M,Cadeira,50,1,800,2:52:08,São Paulo
770,2023/08/12,Ana Clara,M,Teclado,R$50,3,10500,1:02:55,Porto Alegre
771,27/06/23,Ana Clara,F,Mouse,R$50,1,120,2h 6m,Porto Alegre
772,07-03-2024, João Silva ,Feminino,Mouse,R$3500,1,120,0:06:57,Rio de Janeiro
773,14/01/23, João Silva ,m,Mouse,R$800,2,2400,73m,Porto Alegre
774,07-09-2024,Carlos Lima,MASCULINO,Teclado,R$800,3,10500,3h 16m,Porto Alegre
775,17/07/23, João Silva ,M,Teclado,"R$ 50,00",1,160,22m,São Paulo
776,2023/05/05,Carlos Lima,Feminino,Mouse,120,2,2400,170m,Porto Alegre
777,08/07/24, Pedro Alves ,F,Notebook,50,3,150,,Porto Alegre
778,2023-11-01,Carlos Lima,,Notebook,800,2,7000,2:56:38,Belo Horizonte
779,12-02-2024,Maria Souza,Feminino,Notebook,50,3,360,,Rio de Janeiro
780,2024-08-17,,Feminino,Monitor,R$800,2,2400,,Belo Horizonte
781,2024-11-01, Pedro Alves ,MASCULINO,Cadeira,"R$ 50,00",2,1600,,Curitiba
782,02/07/23,,Masculino,Notebook,R$50,2,2400,,Porto Alegre
783,20/07/24,Carlos Lima,f,Monitor,3500,1,3500,96m,Curitiba
784,2024-10-12, João Silva ,MASCULINO,Teclado,R$120,1,3500,59m,São Paulo
785,13/05/24,Maria Souza,MASCULINO,Mouse,"R$ 3.500,00",2,2400,0h 26m,Rio de Janeiro
786,03/12/23,,m,Cadeira,"R$ 1.200,00",1,3500,0h 16m,São Paulo
787,2023-02-15,,F,Teclado,R$800,2,240,48m,São Paulo
788,20-06-2023, Pedro Alves ,Feminino,Mouse,3500,2,123,171m,Curitiba
789,2023-10-09, João Silva ,Masculino,Notebook,1200,1,1200,,Porto Alegre
790,01-05-2024,,F,Monitor,R$800,1,,2:26:35,Rio de Janeiro
791,2023-02-19,Maria Souza,,Monitor,R$800,3,3600,,Porto Alegre
792,21-07-2024,Carlos Lima,f,Notebook,1200,1,,,Porto Alegre
793,03-11-2023,Ana Clara,MASCULINO,Cadeira,800,3,2400,0:50:20,Curitiba
794,2024-12-02, Pedro Alves ,m,Mouse,"R$ 3.500,00",1,3500,28m,Rio de Janeiro
795,20-04-2024,Ana Clara,F,Notebook,R$3500,3,10458,,São Paulo
796,2024/09/02, João Silva ,Masculino,Monitor,120,3,153,1h 31m,São Paulo
797,2024/03/05,Ana Clara,MASCULINO,Mouse,"R$ 120,00",1,,1:52:08,Porto Alegre
798,2024-02-20,,Feminino,Monitor,R$3500,2,100,2h 50m,Curitiba
799,25-06-2024,Maria Souza,f,Notebook,"R$ 800,00",1,3505,,Belo Horizonte
800,06/04/24, Pedro Alves ,F,Cadeira,R$50,2,240,2:45:03,Rio de Janeiro
801,28-04-2023, João Silva ,,Notebook,R$3500,2,240,1:42:36,Rio de Janeiro
802,2023-08-04,Maria Souza,Masculino,Notebook,"R$ 800,00",1,50,0:46:40,São Paulo
803,2023/05/26,Ana Clara,Feminino,Cadeira,R$800,3,360,1h 1m,São Paulo
804,2023/05/02,Carlos Lima,F,Teclado,"R$ 1.200,00",2,7005,1h 15m,São Paulo
805,09-09-2023, Pedro Alves ,f,Monitor,120,3,3600,2:52:07,Rio de Janeiro
806,10/01/24,Maria Souza,Masculino,Mouse,"R$ 3.500,00",2,,,São Paulo
807,01/01/23,Ana Clara,Feminino,Monitor,3500,1,50,2:46:30,Porto Alegre
808,12/04/24, Pedro Alves ,f,Notebook,"R$ 50,00",3,,63m,Rio de Janeiro
809,10/11/24,,m,Mouse,R$3500,3,10500,141m,Rio de Janeiro
810,05/02/23,Carlos Lima,f,Teclado,"R$ 1.200,00",2,,66m,São Paulo
811,2024/10/20,,F,Teclado,50,1,120,,Curitiba
812,03-07-2024,Carlos Lima,Feminino,Monitor,"R$ 1.200,00",3,,,São Paulo
813,01-12-2023,Maria Souza,MASCULINO,Monitor,"R$ 3.500,00",2,210,,Porto Alegre
814,2023-04-03,,Feminino,Cadeira,R$50,1,1200,1h 22m,Belo Horizonte
815,23-11-2024, Pedro Alves ,M,Teclado,3500,2,2400,131m,Porto Alegre
816,27-03-2023, João Silva ,F,Teclado,R$800,1,1200,,Belo Horizonte
817,23/05/24,,Masculino,Monitor,"R$ 3.500,00",3,360,145m,Belo Horizonte
818,2023/08/12, João Silva ,F,Teclado,"R$ 1.200,00",2,,2:11:22,Porto Alegre
819,2024-07-03, Pedro Alves ,m,Mouse,R$1200,3,150,153m,Belo Horizonte
820,09/12/24, João Silva ,Masculino,Teclado,R$3500,3,150,0:14:13,Curitiba
821,01/05/23,Carlos Lima,M,Notebook,"R$ 3.500,00",1,78,,Belo Horizonte
822,2024-06-09,Ana Clara,m,Notebook,1200,3,,3h 26m,Curitiba
823,2023-03-28,,M,Cadeira,800,2,7000,2h 47m,Rio de Janeiro
824,2023-04-14, João Silva ,,Monitor,"R$ 3.500,00",3,10500,2:22:50,Belo Horizonte
825,11/11/23,Maria Souza,f,Monitor,"R$ 1.200,00",3,3553,1:50:09,Rio de Janeiro
826,13/08/24, Pedro Alves ,Feminino,Mouse,R$800,2,1600,58m,Belo Horizonte
827,11-04-2023, João Silva ,f,Notebook,"R$ 800,00",1,1200,73m,Belo Horizonte
828,2024-11-25,,M,Mouse,1200,3,360,19m,Belo Horizonte
829,13-05-2024,Maria Souza,M,Teclado,3500,1,,2h 11m,Curitiba
830,2023/12/09, Pedro Alves ,m,Notebook,R$1200,2,7000,147m,Porto Alegre
831,2024-10-24,Carlos Lima,MASCULINO,Monitor,120,2,1600,0:02:35,Rio de Janeiro
832,2024-11-14,Ana Clara,M,Cadeira,120,2,100,2:21:43,Porto Alegre
833,13-02-2024,Maria Souza,F,Cadeira,"R$ 50,00",1,3500,0:53:54,Porto Alegre
834,2023-04-11,Maria Souza,M,Mouse,R$120,3,360,,Porto Alegre
835,2024/03/12, João Silva ,F,Cadeira,"R$ 800,00",3,360,,Rio de Janeiro
836,2023/04/20,Maria Souza,f,Cadeira,"R$ 50,00",2,2400,,São Paulo
837,2023/06/27, João Silva ,F,Mouse,"R$ 800,00",1,69,52m,Curitiba
838,2023-08-11,,MASCULINO,Cadeira,"R$ 3.500,00",1,155,1h 9m,Rio de Janeiro
839,03/05/23, Pedro Alves ,Feminino,Notebook,50,3,3600,,Rio de Janeiro
840,27/02/23, Pedro Alves ,,Cadeira,800,2,1600,1:09:41,São Paulo
841,2024-09-18,Carlos Lima,MASCULINO,Notebook,50,1,3500,0:56:47,Belo Horizonte
842,2023/06/24, João Silva ,m,Cadeira,"R$ 3.500,00",1,3500,3h 54m,Curitiba
843,01/04/23, Pedro Alves ,Feminino,Cadeira,R$3500,3,2400,2:13:13,Curitiba
844,2023/12/16,,m,Monitor,1200,3,150,,Curitiba
845,12-05-2024,,Feminino,Cadeira,50,3,2400,1h 55m,Belo Horizonte
846,2023/10/03,,MASCULINO,Mouse,"R$ 50,00",3,150,14m,Belo Horizonte
847,11-09-2024,Carlos Lima,Masculino,Teclado,1200,1,,20m,Curitiba
848,16-06-2023, Pedro Alves ,f,Cadeira,R$120,2,,3h 7m,Curitiba
849,03-09-2024, Pedro Alves ,f,Cadeira,R$800,1,120,,Curitiba
850,2024-05-18,Ana Clara,MASCULINO,Cadeira,120,1,800,2h 33m,Porto Alegre
851,2023-10-11, João Silva ,F,Teclado,1200,2,240,1:30:57,Porto Alegre
852,2023/09/07, Pedro Alves ,MASCULINO,Cadeira,800,3,360,2h 52m,São Paulo
853,27/02/24,,Masculino,Notebook,50,2,195,120m,Belo Horizonte
854,16/02/24,,M,Mouse,R$50,2,7000,10m,Belo Horizonte
855,2024-04-10,Carlos Lima,f,Teclado,1200,1,1200,94m,Rio de Janeiro
856,2024/10/06, João Silva ,Feminino,Cadeira,R$800,1,3510,0:39:20,Belo Horizonte
857,03/11/23, João Silva ,f,Mouse,3500,1,1200,2h 21m,Belo Horizonte
858,2024-07-14,Carlos Lima,,Teclado,"R$ 1.200,00",3,150,,Porto Alegre
859,2024-06-12,Maria Souza,F,Mouse,50,2,100,172m,Belo Horizonte
860,19/02/23, João Silva ,m,Monitor,"R$ 1.200,00",1,800,1:49:58,Curitiba
861,18/02/24, Pedro Alves ,m,Cadeira,"R$ 800,00",1,3500,2h 12m,São Paulo
862,17-11-2023, João Silva ,Feminino,Notebook,120,1,3500,122m,Rio de Janeiro
863,2024-07-02, Pedro Alves ,F,Mouse,1200,1,,0h 41m,Rio de Janeiro
864,2024-11-02,,,Mouse,800,3,2400,,Porto Alegre
865,2023-05-04, Pedro Alves ,Masculino,Notebook,3500,3,,,Curitiba
866,2024-09-20,Ana Clara,Masculino,Notebook,"R$ 800,00",3,,1h 27m,Belo Horizonte
867,06/02/24,Ana Clara,,Mouse,"R$ 800,00",2,2400,1:56:21,Curitiba
868,16/10/24, Pedro Alves ,,Notebook,800,2,1600,2h 27m,Rio de Janeiro
869,15-11-2023,Ana Clara,M,Teclado,R$3500,1,800,,São Paulo
870,18-07-2023, Pedro Alves ,MASCULINO,Mouse,R$1200,3,360,2:03:23,Curitiba
871,2023/05/05,Carlos Lima,Feminino,Monitor,"R$ 120,00",2,2400,1:01:56,São Paulo
872,16/01/24, João Silva ,Feminino,Monitor,R$3500,1,168,1:15:21,Curitiba
873,26/04/23,Ana Clara,MASCULINO,Mouse,1200,3,2410,0:23:27,São Paulo
874,19-06-2024,Carlos Lima,Feminino,Cadeira,R$50,1,136,0h 42m,Curitiba
875,10/01/23,Carlos Lima,f,Notebook,3500,2,110,114m,Belo Horizonte
876,19-02-2023,Ana Clara,F,Notebook,800,2,,0h 24m,Curitiba
877,07-04-2024, Pedro Alves ,MASCULINO,Mouse,"R$ 800,00",1,1231,1:29:01,Curitiba
878,24-09-2023,Maria Souza,M,Monitor,"R$ 120,00",1,,,São Paulo
879,2023/07/06,,,Cadeira,"R$ 800,00",3,360,0h 15m,Porto Alegre
880,09-06-2023, João Silva ,F,Cadeira,R$50,3,2400,3h 23m,Belo Horizonte
881,2023-06-01,Maria Souza,M,Teclado,50,3,3566,2:15:43,Curitiba
882,16-08-2024, Pedro Alves ,MASCULINO,Mouse,"R$ 800,00",3,3600,2h 0m,Rio de Janeiro
883,2024/03/19,Carlos Lima,Masculino,Cadeira,1200,2,240,,Porto Alegre
884,2023/10/14,Ana Clara,Masculino,Notebook,50,3,360,0:21:30,Porto Alegre
885,2024/03/06,Maria Souza,f,Teclado,R$120,1,1200,1:47:09,Rio de Janeiro
886,2024-01-11, João Silva ,Feminino,Notebook,120,1,50,,Rio de Janeiro
887,06/05/23,,MASCULINO,Cadeira,"R$ 3.500,00",3,2400,,Curitiba
888,13-04-2024,Maria Souza,MASCULINO,Teclado,1200,2,240,,São Paulo
889,2023/01/08, Pedro Alves ,,Monitor,800,3,150,,Porto Alegre
890,09-12-2023,Maria Souza,Masculino,Cadeira,"R$ 1.200,00",3,10500,70m,Curitiba
891,24/12/23,,m,Teclado,R$50,1,50,124m,Porto Alegre
892,2023-05-03,Carlos Lima,,Notebook,50,3,188,0:55:57,Rio de Janeiro
893,20/07/23, João Silva ,Feminino,Notebook,"R$ 1.200,00",3,2400,0:22:02,Rio de Janeiro
894,13/10/23, Pedro Alves ,Feminino,Cadeira,R$50,2,7000,,Curitiba
895,06/10/23, Pedro Alves ,F,Cadeira,"R$ 120,00",2,1600,0:15:50,Curitiba
896,18-01-2023,Ana Clara,f,Monitor,50,1,83,30m,Belo Horizonte
897,06-09-2024,Maria Souza,M,Cadeira,R$800,2,,,São Paulo
898,03-04-2024, Pedro Alves ,m,Monitor,R$50,2,,,Curitiba
899,16-07-2024, João Silva ,,Teclado,120,2,2400,,Belo Horizonte
900,26-06-2024, Pedro Alves ,f,Teclado,"R$ 3.500,00",2,2400,73m,Belo Horizonte
901,15/03/24, Pedro Alves ,Feminino,Teclado,"R$ 1.200,00",1,800,66m,Curitiba
902,17/07/23, Pedro Alves ,M,Cadeira,120,1,120,0:09:01,São Paulo
903,14/01/23,Carlos Lima,M,Mouse,"R$ 3.500,00",3,10500,1:52:43,São Paulo
904,2024/08/28,Carlos Lima,M,Cadeira,120,2,240,20m,Porto Alegre
905,05/10/24,Maria Souza,,Teclado,"R$ 3.500,00",1,3500,2:44:47,São Paulo
906,2024/01/12,Maria Souza,M,Cadeira,"R$ 800,00",2,,2h 8m,Rio de Janeiro
907,2023-09-18,Carlos Lima,F,Monitor,1200,1,50,0h 53m,Curitiba
908,27/07/24,Carlos Lima,F,Mouse,3500,1,3500,,Curitiba
909,2023/02/23,,MASCULINO,Teclado,R$1200,1,,165m,Rio de Janeiro
910,05/03/24,Maria Souza,MASCULINO,Cadeira,120,2,240,19m,São Paulo
911,2024-10-12,Maria Souza,f,Mouse,R$120,3,2400,,Belo Horizonte
912,27/03/24,Carlos Lima,m,Teclado,"R$ 50,00",1,3500,0h 39m,Rio de Janeiro
913,22-04-2024,Maria Souza,F,Monitor,R$50,3,150,3h 47m,Belo Horizonte
914,26-10-2024, Pedro Alves ,M,Teclado,R$800,1,833,106m,Belo Horizonte
915,19/06/24, Pedro Alves ,MASCULINO,Teclado,R$50,1,772,,Curitiba
916,15/04/24,Carlos Lima,f,Monitor,"R$ 3.500,00",1,3500,0:05:35,Curitiba
917,09-09-2023,Maria Souza,Feminino,Notebook,50,1,,,Belo Horizonte
918,2023/05/08, João Silva ,M,Mouse,R$3500,1,800,2h 11m,São Paulo
919,2024-08-18,Maria Souza,Feminino,Teclado,R$1200,3,2400,,São Paulo
920,22-04-2023, Pedro Alves ,m,Mouse,120,3,360,0:46:13,Rio de Janeiro
921,01-12-2024, João Silva ,m,Teclado,"R$ 50,00",1,50,0:20:07,Curitiba
922,24-04-2023,,F,Cadeira,R$1200,2,7000,,São Paulo
923,01-04-2024, Pedro Alves ,,Monitor,"R$ 800,00",1,1200,45m,São Paulo
924,2024/11/28,,F,Mouse,R$1200,2,240,0:45:29,Belo Horizonte
925,02/10/23, João Silva ,F,Notebook,R$1200,1,,53m,Porto Alegre
926,2024/03/17,,Masculino,Monitor,R$50,2,100,0:30:02,Belo Horizonte
927,2024/03/23,Carlos Lima,F,Mouse,"R$ 1.200,00",3,,,Curitiba
928,2024-04-28,Carlos Lima,Masculino,Mouse,"R$ 1.200,00",2,7000,,Belo Horizonte
929,03-03-2023,Ana Clara,,Teclado,R$1200,3,150,3h 34m,São Paulo
930,2023-01-27,Maria Souza,MASCULINO,Teclado,3500,3,10500,,Curitiba
931,2024/01/09,,F,Monitor,120,2,,46m,Porto Alegre
932,11/04/23,Carlos Lima,m,Notebook,"R$ 1.200,00",2,1600,54m,Curitiba
933,2024/02/13,Maria Souza,m,Cadeira,"R$ 3.500,00",1,1200,22m,Belo Horizonte
934,2023/04/21,Ana Clara,F,Teclado,R$120,1,120,3h 53m,Rio de Janeiro
935,2024/07/04,,m,Cadeira,R$1200,3,,2:32:58,Curitiba
936,2023/08/11, João Silva ,m,Notebook,"R$ 800,00",3,3600,2h 15m,Belo Horizonte
937,24-11-2023,Carlos Lima,Feminino,Notebook,R$50,1,120,1h 45m,Porto Alegre
938,2023-04-06, João Silva ,f,Notebook,50,2,240,0h 29m,Porto Alegre
939,15/01/23, João Silva ,Feminino,Teclado,R$1200,2,,,Curitiba
940,20-04-2023,,f,Monitor,"R$ 1.200,00",2,240,0:34:18,Curitiba
941,23-09-2023, Pedro Alves ,,Notebook,"R$ 120,00",2,100,0:45:51,Rio de Janeiro
942,18-04-2024, João Silva ,Feminino,Cadeira,R$1200,1,50,88m,Curitiba
943,09-05-2024, João Silva ,m,Monitor,120,2,240,,Porto Alegre
944,25/06/24,,F,Notebook,"R$ 120,00",2,100,,São Paulo
945,26-10-2024,Carlos Lima,Feminino,Monitor,"R$ 1.200,00",3,2400,2:12:22,Rio de Janeiro
946,2024/10/09,,f,Teclado,1200,3,2403,145m,São Paulo
947,09/11/23, Pedro Alves ,F,Notebook,"R$ 3.500,00",2,1600,2:56:47,Belo Horizonte
948,2023-06-11,Ana Clara,,Notebook,"R$ 800,00",3,150,137m,Porto Alegre
949,2023/11/23, João Silva ,f,Teclado,120,2,100,34m,Belo Horizonte
950,2024-01-19,Maria Souza,m,Teclado,R$1200,2,2400,0h 4m,São Paulo
951,2024/10/17,Ana Clara,,Cadeira,R$3500,1,120,3h 44m,Rio de Janeiro
952,2024-12-04,Ana Clara,MASCULINO,Mouse,"R$ 800,00",3,10500,2:59:40,São Paulo
953,03/12/23,,M,Cadeira,R$3500,1,120,39m,Porto Alegre
954,24/08/23,Ana Clara,Feminino,Teclado,"R$ 50,00",3,3600,,São Paulo
955,18/06/24,Carlos Lima,MASCULINO,Cadeira,R$3500,2,116,,Curitiba
956,21/06/23, João Silva ,,Cadeira,3500,2,7000,,Rio de Janeiro
957,2024/02/08, Pedro Alves ,M,Cadeira,R$800,3,360,,São Paulo
958,19/04/23,,m,Monitor,800,1,,,Porto Alegre
959,2023-11-18,Ana Clara,MASCULINO,Notebook,"R$ 1.200,00",3,,,Belo Horizonte
960,2024/08/22,,MASCULINO,Notebook,1200,3,2400,,Porto Alegre
961,17/01/24, João Silva ,,Notebook,1200,3,360,,Rio de Janeiro
962,2024/12/20,,Masculino,Monitor,R$120,1,120,2h 33m,Belo Horizonte
963,16-03-2023,Maria Souza,f,Mouse,"R$ 1.200,00",3,360,147m,Belo Horizonte
964,20-03-2024,Ana Clara,MASCULINO,Teclado,3500,1,120,,Belo Horizonte
965,2024-09-01,Ana Clara,m,Monitor,R$1200,1,,71m,Porto Alegre
966,18-10-2024,Carlos Lima,Masculino,Teclado,3500,1,50,0h 46m,Belo Horizonte
967,23-05-2024,Ana Clara,Feminino,Mouse,50,1,50,,Porto Alegre
968,02/07/24,Maria Souza,,Notebook,120,3,150,153m,Belo Horizonte
969,24/07/24,Maria Souza,Masculino,Mouse,R$50,1,50,2h 38m,Belo Horizonte
970,2023-06-20,Ana Clara,F,Notebook,1200,3,150,2:41:40,Belo Horizonte
971,02/06/24, João Silva ,m,Cadeira,120,3,2400,,Curitiba
972,04-07-2024,,Feminino,Teclado,R$3500,2,1600,1h 23m,Porto Alegre
973,14/07/24,Maria Souza,m,Mouse,"R$ 800,00",3,,2h 10m,Rio de Janeiro
974,2024/01/19,Maria Souza,F,Teclado,"R$ 3.500,00",2,240,147m,São Paulo
975,2023-08-18,Carlos Lima,m,Notebook,"R$ 120,00",3,360,0:12:15,Porto Alegre
976,2024/08/19,Ana Clara,,Teclado,120,3,10501,1:15:13,Rio de Janeiro
977,04/07/24,Carlos Lima,,Notebook,"R$ 120,00",1,1200,0:31:16,São Paulo
978,2024-09-28,Carlos Lima,MASCULINO,Monitor,1200,1,,0h 4m,Belo Horizonte
979,07-06-2023, Pedro Alves ,Masculino,Notebook,3500,3,3598,0:02:44,Rio de Janeiro
980,2024/08/09, Pedro Alves ,MASCULINO,Teclado,"R$ 120,00",1,,1:12:44,São Paulo
981,08-12-2024,,F,Teclado,1200,1,120,0h 9m,Curitiba
982,2024/05/12,,MASCULINO,Teclado,"R$ 120,00",2,,0:38:15,Rio de Janeiro
983,18-07-2024,,F,Teclado,50,1,3500,89m,Rio de Janeiro
984,2023-08-24,Maria Souza,m,Notebook,120,3,150,1:43:11,Porto Alegre
985,2024/07/18, Pedro Alves ,f,Cadeira,"R$ 800,00",1,800,1h 3m,Rio de Janeiro
986,25/04/23, João Silva ,m,Monitor,R$1200,1,1200,1:46:37,Porto Alegre
987,2024/05/13,Ana Clara,Masculino,Monitor,R$1200,2,,1:24:18,Curitiba
988,2023-12-23, João Silva ,Masculino,Cadeira,1200,3,,,Rio de Janeiro
989,2023-04-07,,Masculino,Cadeira,"R$ 50,00",2,,,Curitiba
990,04/08/23, Pedro Alves ,,Notebook,R$50,3,3600,0:18:24,São Paulo
991,2023-11-19,Carlos Lima,Masculino,Notebook,"R$ 3.500,00",1,,0h 57m,Curitiba
992,23-08-2023, João Silva ,f,Teclado,R$1200,2,240,106m,Porto Alegre
993,22-03-2024, João Silva ,MASCULINO,Notebook,"R$ 120,00",1,800,39m,Rio de Janeiro
994,2024-06-23, João Silva ,M,Monitor,800,1,800,2h 56m,Curitiba
995,11/05/23,,MASCULINO,Mouse,R$50,3,360,,São Paulo
996,10/06/23,,Feminino,Notebook,3500,1,,2:08:02,Rio de Janeiro
997,02-02-2024,Ana Clara,MASCULINO,Cadeira,"R$ 3.500,00",3,10500,177m,São Paulo
998,26/06/24,Maria Souza,f,Teclado,1200,3,360,113m,Rio de Janeiro
999,06/07/23,,,Mouse,3500,1,130,,Porto Alegre
1000,07-11-2023,Carlos Lima,Masculino,Teclado,1200,3,3600,,Rio de Janeiro
1001,2024/01/07,Carlos Lima,MASCULINO,Monitor,R$800,3,2400,,Porto Alegre
1002,22-07-2023, João Silva ,Feminino,Cadeira,"R$ 50,00",1,784,2h 23m,São Paulo
1003,2023-08-09, Pedro Alves ,Masculino,Cadeira,"R$ 800,00",1,3500,,Porto Alegre
1004,2023-11-04,Carlos Lima,m,Cadeira,R$800,2,240,92m,São Paulo
1005,10-08-2023, João Silva ,m,Mouse,"R$ 800,00",2,7000,11m,Porto Alegre
1006,2023-07-14, Pedro Alves ,m,Teclado,"R$ 50,00",2,,3h 0m,Rio de Janeiro
1007,21/09/24,,F,Mouse,120,2,240,2:02:44,Porto Alegre
1008,06-10-2023,Maria Souza,Masculino,Monitor,"R$ 800,00",3,3573,,São Paulo
1009,03/10/24, João Silva ,,Teclado,"R$ 120,00",3,2400,,Rio de Janeiro
1010,2024-12-03,,F,Mouse,50,2,2426,3h 21m,Rio de Janeiro
1011,2023-01-02,Maria Souza,m,Cadeira,R$1200,3,360,0:06:51,Curitiba
1012,17-02-2024,Carlos Lima,MASCULINO,Monitor,"R$ 800,00",2,213,,Porto Alegre
1013,2024/02/06,Ana Clara,,Teclado,50,3,10500,,Curitiba
1014,08-05-2024, Pedro Alves ,m,Notebook,"R$ 800,00",3,150,,Rio de Janeiro
1015,2023-09-03, Pedro Alves ,Masculino,Teclado,R$120,2,7000,1h 28m,Belo Horizonte
1016,04-02-2023,,MASCULINO,Teclado,50,3,,2:05:40,Belo Horizonte
1017,08/06/24, João Silva ,f,Monitor,R$120,1,50,1h 18m,Rio de Janeiro
1018,2023-03-10, João Silva ,Masculino,Mouse,50,2,,2h 21m,São Paulo
1019,2024/11/09,Ana Clara,f,Mouse,50,1,3500,2h 53m,São Paulo
1020,2023/08/12, Pedro Alves ,M,Notebook,"R$ 120,00",1,120,112m,Curitiba
1021,24-02-2023,,Masculino,Cadeira,R$3500,1,50,2:24:58,Rio de Janeiro
1022,2023/12/19,Maria Souza,m,Teclado,"R$ 1.200,00",3,3600,,Curitiba
1023,18-04-2023, João Silva ,,Monitor,R$3500,2,2400,52m,São Paulo
1024,11/12/23, João Silva ,MASCULINO,Teclado,"R$ 3.500,00",2,100,0:17:28,Rio de Janeiro
1025,28-02-2024, Pedro Alves ,Masculino,Mouse,R$800,1,1200,0:32:26,Rio de Janeiro
1026,2023-07-05,Maria Souza,F,Cadeira,50,1,3500,3h 40m,Porto Alegre
1027,2023-06-17, Pedro Alves ,MASCULINO,Notebook,R$50,3,150,2h 36m,Rio de Janeiro
1028,2024/10/01,Ana Clara,m,Notebook,"R$ 50,00",1,1200,83m,Belo Horizonte
1029,06-11-2024,Carlos Lima,F,Teclado,R$1200,2,7000,,Porto Alegre
1030,2024/09/07,Ana Clara,MASCULINO,Cadeira,R$120,1,,,Curitiba
1031,2024/04/22, Pedro Alves ,m,Notebook,3500,1,120,1h 17m,Belo Horizonte
1032,2023/07/23, Pedro Alves ,Feminino,Cadeira,"R$ 50,00",3,10465,,São Paulo
1033,2024/03/17, João Silva ,m,Notebook,3500,1,3500,,Belo Horizonte
1034,2024/08/07,Ana Clara,Feminino,Notebook,50,3,10517,0:44:59,São Paulo
1035,26/03/24, Pedro Alves ,Masculino,Cadeira,"R$ 120,00",2,1616,73m,Rio de Janeiro
1036,21-03-2024, Pedro Alves ,MASCULINO,Teclado,"R$ 50,00",3,10500,0:11:07,Rio de Janeiro
1037,07-12-2023,,Masculino,Teclado,120,3,150,0h 44m,Belo Horizonte
1038,2023/09/05,,Feminino,Teclado,50,2,1600,2:27:47,Curitiba
1039,23-03-2024,Ana Clara,F,Monitor,1200,2,240,1:25:33,Curitiba
1040,17-09-2023, Pedro Alves ,MASCULINO,Mouse,"R$ 120,00",1,1200,1h 52m,Curitiba
1041,10/11/23,Ana Clara,Feminino,Monitor,R$800,3,10535,129m,Belo Horizonte
1042,04/01/23,Ana Clara,Masculino,Teclado,120,3,10511,94m,Belo Horizonte
1043,10/07/23,,M,Cadeira,R$3500,3,2400,,Curitiba
1044,16-04-2023,Ana Clara,,Mouse,120,2,100,3h 49m,Rio de Janeiro
1045,2023/08/28, João Silva ,Masculino,Monitor,R$800,2,240,,Rio de Janeiro
1046,27/08/24, Pedro Alves ,m,Teclado,1200,3,163,2:02:36,São Paulo
1047,23/01/24,,,Cadeira,50,2,240,,Curitiba
1048,11/06/23, João Silva ,MASCULINO,Teclado,3500,1,,0h 25m,Rio de Janeiro
1049,2024-09-28,,Masculino,Notebook,"R$ 800,00",3,,,Curitiba
1050,19/01/24,Carlos Lima,F,Cadeira,800,2,,64m,Rio de Janeiro
1051,08-06-2023,Ana Clara,MASCULINO,Teclado,1200,3,,110m,Belo Horizonte
1052,05/03/23, João Silva ,,Notebook,R$50,3,,126m,Belo Horizonte
1053,2024/08/05,Carlos Lima,Masculino,Cadeira,R$120,3,177,0:00:22,Curitiba
1054,2024/11/09, Pedro Alves ,M,Monitor,1200,3,,139m,Rio de Janeiro
1055,17-02-2023,,F,Cadeira,R$120,1,1200,2h 45m,Curitiba
1056,13-09-2023,,f,Teclado,R$1200,2,250,57m,Belo Horizonte
1057,2023/10/18,Maria Souza,m,Cadeira,3500,3,3600,1h 16m,São Paulo
1058,28-03-2023,Maria Souza,MASCULINO,Notebook,R$800,2,1571,1:04:00,Rio de Janeiro
1059,2023-07-05,,MASCULINO,Cadeira,R$800,1,,3h 22m,Porto Alegre
1060,2024-09-08, João Silva ,M,Mouse,50,3,3600,,São Paulo
1061,02-06-2024,Carlos Lima,M,Monitor,120,2,,2h 37m,Curitiba
1062,2024/11/11, Pedro Alves ,Masculino,Monitor,1200,2,,1:00:33,Rio de Janeiro
1063,23-03-2023,Carlos Lima,Masculino,Notebook,R$1200,2,2400,,São Paulo
1064,2024-01-28,,f,Mouse,R$50,3,3600,,Curitiba
1065,2023-02-23, João Silva ,f,Teclado,"R$ 120,00",3,10500,113m,Porto Alegre
1066,2024/07/13,Carlos Lima,Masculino,Mouse,R$1200,1,120,,Curitiba
1067,2024/08/16,,f,Teclado,120,3,10500,2h 30m,Porto Alegre
1068,07/08/23, Pedro Alves ,f,Mouse,R$120,1,65,74m,Belo Horizonte
1069,25-04-2023,Ana Clara,,Teclado,"R$ 800,00",2,2400,,Porto Alegre
1070,2024-12-14,Ana Clara,Feminino,Notebook,R$800,3,3600,141m,Belo Horizonte
1071,22-04-2024,Carlos Lima,M,Mouse,800,3,2433,1:01:37,Rio de Janeiro
1072,03-11-2023,Ana Clara,F,Teclado,"R$ 50,00",3,3603,91m,Porto Alegre
1073,26/09/24, João Silva ,M,Mouse,"R$ 800,00",3,137,,Rio de Janeiro
1074,01-11-2023, João Silva ,,Monitor,R$800,2,1561,3h 43m,São Paulo
1075,2024-06-09,Ana Clara,MASCULINO,Mouse,"R$ 50,00",2,100,0:48:34,Belo Horizonte
1076,19/03/23,Carlos Lima,,Notebook,1200,2,100,64m,São Paulo
1077,2023/11/27,Carlos Lima,M,Mouse,50,2,2400,2h 55m,Porto Alegre
1078,02-11-2024,,Masculino,Monitor,"R$ 1.200,00",1,3471,1:37:16,Porto Alegre
1079,03/01/24,,M,Notebook,"R$ 50,00",3,360,,Porto Alegre
1080,2023/07/09, Pedro Alves ,F,Notebook,R$120,3,,,Rio de Janeiro
1081,14/12/24,Maria Souza,Masculino,Notebook,3500,1,50,2:09:02,Rio de Janeiro
1082,2023-07-10,Maria Souza,Masculino,Monitor,"R$ 1.200,00",3,3600,1h 1m,Belo Horizonte
1083,22-11-2024,Carlos Lima,M,Monitor,"R$ 1.200,00",2,1600,1h 46m,Belo Horizonte
1084,26-05-2023,Ana Clara,MASCULINO,Cadeira,R$1200,1,3500,108m,Curitiba
1085,28/02/23,,f,Teclado,R$120,1,,,Belo Horizonte
1086,2023/04/22, João Silva ,MASCULINO,Teclado,"R$ 800,00",3,,1:50:24,São Paulo
1087,20/11/23,Ana Clara,Feminino,Cadeira,3500,3,10500,77m,São Paulo
1088,2024/08/02,Ana Clara,m,Teclado,"R$ 50,00",2,,2h 11m,Porto Alegre
1089,2024-11-12, Pedro Alves ,f,Mouse,R$50,3,150,,Curitiba
1090,10-08-2024, Pedro Alves ,Masculino,Notebook,R$1200,1,3500,0h 40m,Rio de Janeiro
1091,2024-12-02,Carlos Lima,M,Cadeira,50,3,10500,,Rio de Janeiro
1092,2024-01-06,Maria Souza,F,Monitor,"R$ 120,00",2,6995,,Rio de Janeiro
1093,18-03-2023,Maria Souza,f,Cadeira,3500,1,3500,,Porto Alegre
1094,21/03/24,,m,Monitor,3500,1,3500,84m,São Paulo
1095,03/03/24,,Feminino,Teclado,"R$ 800,00",3,2400,,Curitiba
1096,2023-12-03,Ana Clara,MASCULINO,Notebook,R$50,1,1234,,Rio de Janeiro
1097,14-10-2024,Ana Clara,m,Monitor,R$1200,3,10550,0:29:43,Belo Horizonte
1098,04-02-2023, João Silva ,F,Mouse,R$800,1,25,107m,Porto Alegre
1099,15-09-2024, Pedro Alves ,m,Mouse,1200,1,800,80m,Curitiba
1100,2024/07/27,,MASCULINO,Notebook,"R$ 1.200,00",3,2400,1:35:15,São Paulo
1101,2024/02/24, Pedro Alves ,M,Mouse,"R$ 3.500,00",1,3459,,Rio de Janeiro
1102,2024-08-22, Pedro Alves ,Masculino,Mouse,"R$ 1.200,00",2,100,,Porto Alegre
1103,20/05/24,,M,Notebook,"R$ 800,00",1,800,2:15:20,Porto Alegre
1104,25-09-2023, João Silva ,m,Teclado,120,2,1600,,Rio de Janeiro
1105,2024/03/12, Pedro Alves ,F,Notebook,120,3,2400,3h 44m,Rio de Janeiro
1106,01/03/23,Ana Clara,M,Mouse,"R$ 50,00",1,3537,,Belo Horizonte
1107,2024-01-21, Pedro Alves ,,Notebook,R$1200,2,240,,Porto Alegre
1108,2024-07-20,Ana Clara,Feminino,Notebook,R$1200,2,100,156m,Rio de Janeiro
1109,2024/09/16,,F,Mouse,R$120,3,2400,2h 26m,Curitiba
1110,14-06-2023,Maria Souza,MASCULINO,Monitor,"R$ 120,00",1,50,175m,Curitiba
1111,11-12-2023, Pedro Alves ,MASCULINO,Teclado,R$3500,3,150,,Curitiba
1112,2023-04-08,,,Monitor,120,1,120,2:39:39,Curitiba
1113,08-10-2023,Maria Souza,f,Monitor,R$50,1,,1h 10m,São Paulo
1114,22/11/23,Ana Clara,m,Cadeira,R$800,1,3500,22m,Belo Horizonte
1115,27/01/23,Ana Clara,m,Notebook,"R$ 50,00",2,100,86m,Belo Horizonte
1116,2023/06/28,Maria Souza,M,Notebook,1200,3,,0:18:18,Porto Alegre
1117,07-12-2024,,M,Teclado,120,1,,0h 12m,Rio de Janeiro
1118,10-08-2023,Carlos Lima,Masculino,Notebook,"R$ 3.500,00",3,360,151m,Rio de Janeiro
1119,2024-12-22, João Silva ,,Teclado,3500,1,3500,1h 27m,Belo Horizonte
1120,15-10-2024, Pedro Alves ,Feminino,Teclado,R$800,1,1200,2:58:19,Porto Alegre
1121,18-01-2024,,m,Teclado,120,3,10500,3h 52m,Belo Horizonte
1122,2023-06-10,,M,Monitor,"R$ 1.200,00",1,50,1:10:23,Rio de Janeiro
1123,2023/10/12,Ana Clara,,Monitor,R$120,1,98,17m,Curitiba
1124,2024/03/03,Carlos Lima,F,Mouse,3500,2,,115m,Rio de Janeiro
1125,18-09-2024,Carlos Lima,m,Teclado,"R$ 800,00",3,10500,0:54:18,Belo Horizonte
1126,2024/09/13, Pedro Alves ,m,Notebook,R$800,1,800,,Rio de Janeiro
1127,11/12/23,,Feminino,Cadeira,R$50,3,360,1:14:27,Rio de Janeiro
1128,05-02-2023,Carlos Lima,F,Monitor,"R$ 1.200,00",3,361,0:43:16,Porto Alegre
1129,2023/12/20,Maria Souza,m,Notebook,R$3500,3,10500,2:19:26,Porto Alegre
1130,2023-10-18,Ana Clara,Masculino,Teclado,"R$ 3.500,00",1,120,1:54:42,Belo Horizonte
1131,2024/11/13,Carlos Lima,m,Cadeira,R$3500,1,50,1:43:05,São Paulo
1132,26-06-2024,Maria Souza,F,Teclado,R$1200,3,3600,2:36:01,Belo Horizonte
1133,03-06-2023,Maria Souza,Feminino,Teclado,R$50,3,3600,2h 46m,São Paulo
1134,2023/11/01,Maria Souza,M,Mouse,1200,3,150,,São Paulo
1135,2024-09-16, Pedro Alves ,Feminino,Mouse,"R$ 120,00",1,120,76m,Rio de Janeiro
1136,17-04-2023, João Silva ,MASCULINO,Mouse,R$1200,3,3600,2:39:00,São Paulo
1137,2023/09/17,Carlos Lima,,Monitor,R$1200,3,2400,2h 6m,Porto Alegre
1138,2023/07/05, Pedro Alves ,F,Mouse,R$1200,2,1598,,Curitiba
1139,2024/10/01, João Silva ,m,Teclado,"R$ 120,00",1,50,2h 4m,Curitiba
1140,28-03-2023,Carlos Lima,m,Cadeira,"R$ 3.500,00",1,,3h 33m,Porto Alegre
1141,28/02/23, Pedro Alves ,m,Mouse,R$120,2,7000,,São Paulo
1142,2024/10/20,Ana Clara,Feminino,Mouse,"R$ 3.500,00",3,360,2h 31m,Belo Horizonte
1143,2023-02-28,Maria Souza,,Notebook,R$1200,3,2400,0:40:37,São Paulo
1144,2023/09/18,Maria Souza,f,Teclado,3500,3,2400,45m,São Paulo
1145,2023-07-06, João Silva ,F,Cadeira,1200,1,1200,1:56:14,São Paulo
1146,24-04-2023, João Silva ,Masculino,Teclado,R$3500,2,,1:31:35,Belo Horizonte
1147,2024-05-04, Pedro Alves ,m,Monitor,R$800,2,,1:51:45,Rio de Janeiro
1148,13/05/24, Pedro Alves ,Masculino,Teclado,"R$ 1.200,00",3,3600,165m,Curitiba
1149,2023/02/02,,Masculino,Notebook,R$1200,3,10500,,Porto Alegre
1150,10-01-2023,Ana Clara,F,Teclado,800,1,,,Curitiba
1151,2023-11-08, Pedro Alves ,Masculino,Mouse,"R$ 1.200,00",2,1600,2:00:23,Porto Alegre
1152,2024-01-21,Carlos Lima,m,Mouse,"R$ 1.200,00",1,1200,109m,Curitiba
1153,15/10/23,Maria Souza,Feminino,Notebook,"R$ 120,00",1,1200,2h 32m,Porto Alegre
1154,25-04-2024,Ana Clara,,Notebook,800,2,240,1h 52m,Belo Horizonte
1155,10/10/24,,f,Teclado,R$50,3,3623,163m,São Paulo
1156,2023-03-14, Pedro Alves ,f,Teclado,"R$ 1.200,00",1,1200,0h 30m,Curitiba
1157,2023/08/03, João Silva ,m,Teclado,R$800,1,800,,Porto Alegre
1158,2023-10-01,Carlos Lima,F,Cadeira,800,3,329,110m,Rio de Janeiro
1159,2024-02-17, Pedro Alves ,F,Mouse,"R$ 120,00",3,,1h 18m,Belo Horizonte
1160,17/09/23,Ana Clara,f,Notebook,800,3,,3h 49m,Belo Horizonte
1161,11-07-2024, Pedro Alves ,MASCULINO,Mouse,"R$ 120,00",3,150,107m,Belo Horizonte
1162,2023-11-12,Maria Souza,F,Notebook,"R$ 120,00",2,100,0:18:01,Porto Alegre
1163,17-04-2024, João Silva ,MASCULINO,Notebook,R$1200,3,,146m,Porto Alegre
1164,2023/11/17, João Silva ,M,Teclado,"R$ 800,00",3,10500,0:02:29,Belo Horizonte
1165,2023-09-20,Maria Souza,MASCULINO,Monitor,R$50,3,150,3h 29m,São Paulo
1166,09/04/24, Pedro Alves ,m,Cadeira,3500,1,1240,0h 7m,Belo Horizonte
1167,2024-11-15, João Silva ,,Cadeira,R$3500,3,3600,97m,Porto Alegre
1168,24-07-2024,Ana Clara,Masculino,Cadeira,50,3,10500,2h 40m,São Paulo
1169,01/08/24,Carlos Lima,,Monitor,"R$ 120,00",1,3500,2:23:21,Curitiba
1170,06/04/23,Carlos Lima,Feminino,Cadeira,R$3500,2,2400,0:14:13,Belo Horizonte
1171,23/02/23,Ana Clara,f,Mouse,1200,3,360,150m,Porto Alegre
1172,2023/07/03,Ana Clara,,Mouse,R$3500,3,2419,0h 10m,Rio de Janeiro
1173,2023/08/27, João Silva ,f,Mouse,1200,3,150,130m,São Paulo
1174,2024/10/17,Carlos Lima,F,Teclado,"R$ 3.500,00",2,100,105m,Curitiba
1175,24/11/23,,m,Teclado,"R$ 50,00",1,120,,Curitiba
1176,04-11-2024,Carlos Lima,Masculino,Cadeira,1200,2,100,,Curitiba
1177,2024/07/18, João Silva ,F,Notebook,50,2,1600,0h 47m,São Paulo
1178,27-12-2023,Maria Souza,MASCULINO,Monitor,120,2,,144m,São Paulo
1179,18/03/23, Pedro Alves ,m,Teclado,120,2,240,,Rio de Janeiro
1180,22/10/23, Pedro Alves ,f,Monitor,800,3,2400,0h 27m,São Paulo
1181,15/03/24, Pedro Alves ,f,Notebook,R$800,1,167,,Curitiba
1182,12/11/24,Ana Clara,Feminino,Monitor,R$800,3,3600,2:16:13,Curitiba
1183,2023/11/19,Maria Souza,MASCULINO,Cadeira,R$3500,2,100,2:29:35,Curitiba
1184,25/07/23,Maria Souza,Feminino,Teclado,R$120,3,391,1h 45m,Rio de Janeiro
1185,23-03-2023,Maria Souza,f,Notebook,50,2,7000,,Porto Alegre
1186,2023-02-02,Maria Souza,Masculino,Monitor,"R$ 800,00",3,3600,0:59:38,Porto Alegre
1187,28-07-2024,Carlos Lima,,Teclado,R$50,2,7000,1:18:17,Belo Horizonte
1188,20-08-2024, João Silva ,M,Notebook,"R$ 800,00",1,800,,Porto Alegre
1189,2023/05/12, João Silva ,f,Notebook,"R$ 800,00",1,800,,Belo Horizonte
1190,15-09-2023,,f,Mouse,1200,3,3583,136m,Porto Alegre
1191,18-05-2023, Pedro Alves ,,Notebook,R$120,2,,,Porto Alegre
1192,28-09-2023,Ana Clara,,Monitor,"R$ 120,00",3,2400,1h 35m,Rio de Janeiro
1193,26-05-2023,,Feminino,Cadeira,"R$ 1.200,00",3,360,,Rio de Janeiro
1194,2024-10-20,Carlos Lima,Feminino,Cadeira,R$50,3,,86m,Curitiba
1195,2023-05-23,Carlos Lima,,Monitor,R$50,2,,0:27:51,Belo Horizonte
1196,11/04/24,,M,Cadeira,120,1,59,0:22:20,Curitiba
1197,2024/04/16,Carlos Lima,F,Monitor,R$120,3,360,1h 0m,São Paulo
1198,2023-12-15,,Masculino,Cadeira,1200,2,1582,3h 3m,Belo Horizonte
1199,2023/11/20, Pedro Alves ,Feminino,Cadeira,1200,3,10500,2h 58m,Rio de Janeiro
1200,2024/03/13,,Masculino,Cadeira,R$1200,1,,2:47:30,Belo Horizonte
1201,22/12/24,Carlos Lima,MASCULINO,Notebook,50,2,1600,3h 19m,Curitiba
1202,2024/01/20, Pedro Alves ,M,Monitor,R$3500,3,2400,66m,Porto Alegre
1203,2024/07/15,Ana Clara,f,Teclado,3500,3,,0h 24m,Porto Alegre
1204,2023/03/20, João Silva ,MASCULINO,Teclado,R$1200,1,844,,Curitiba
1205,27-05-2024,Maria Souza,Feminino,Notebook,R$50,3,2400,3h 7m,Belo Horizonte
1206,03/11/24, João Silva ,f,Notebook,50,1,800,2:03:16,Curitiba
1207,2023-08-13,Maria Souza,F,Monitor,"R$ 800,00",2,2421,,Porto Alegre
1208,18/09/24, João Silva ,Masculino,Monitor,1200,3,2400,1:42:32,Belo Horizonte
1209,22/07/24,Ana Clara,Masculino,Monitor,R$50,1,,0:24:40,Belo Horizonte
1210,2024/05/03,Maria Souza,Masculino,Cadeira,50,3,3647,,Porto Alegre
1211,06/01/24, Pedro Alves ,Feminino,Teclado,"R$ 1.200,00",1,120,3h 31m,Belo Horizonte
1212,2023-11-22, Pedro Alves ,MASCULINO,Teclado,"R$ 50,00",1,120,79m,Curitiba
1213,2023/11/09, João Silva ,Feminino,Mouse,R$120,2,100,71m,Curitiba
1214,2023/04/18,Maria Souza,MASCULINO,Notebook,R$50,1,120,2h 10m,Belo Horizonte
1215,06-02-2023, Pedro Alves ,MASCULINO,Mouse,"R$ 3.500,00",2,,,Porto Alegre
1216,2023-08-10,Maria Souza,F,Notebook,R$1200,3,10500,2h 35m,Belo Horizonte
1217,12-11-2023, João Silva ,Feminino,Teclado,120,3,3566,,Rio de Janeiro
1218,24-09-2024,Carlos Lima,Masculino,Teclado,800,2,2400,24m,Curitiba
1219,25/02/23, Pedro Alves ,M,Notebook,120,2,1600,148m,Curitiba
1220,2023-02-13, João Silva ,m,Monitor,50,1,120,1h 1m,Porto Alegre
1221,2024/08/27,Ana Clara,F,Monitor,"R$ 3.500,00",2,100,,Belo Horizonte
1222,2024-10-11,Carlos Lima,M,Cadeira,1200,1,,130m,Curitiba
1223,2023-07-19, Pedro Alves ,F,Cadeira,"R$ 3.500,00",1,3500,134m,Rio de Janeiro
1224,19-06-2023, Pedro Alves ,F,Teclado,"R$ 3.500,00",2,7017,,Curitiba
1225,04/07/23,Carlos Lima,Masculino,Teclado,50,1,,1h 11m,Porto Alegre
1226,08/02/23,Ana Clara,MASCULINO,Teclado,"R$ 50,00",1,,1h 38m,Belo Horizonte
1227,2023-12-16,Maria Souza,Feminino,Teclado,R$3500,2,2400,148m,Porto Alegre
1228,2024/10/20, Pedro Alves ,f,Cadeira,800,1,118,108m,Porto Alegre
1229,04/10/24,Maria Souza,F,Teclado,800,2,7043,2:40:05,Porto Alegre
1230,14/08/23,Ana Clara,f,Notebook,R$50,3,,2h 36m,São Paulo
1231,2024/02/24, João Silva ,,Monitor,800,2,2406,61m,Rio de Janeiro
1232,07/02/23,Carlos Lima,F,Notebook,R$50,3,2400,61m,Belo Horizonte
1233,03/05/23,Carlos Lima,,Teclado,1200,3,150,71m,Rio de Janeiro
1234,27-12-2024,Maria Souza,F,Notebook,R$800,3,360,92m,Rio de Janeiro
1235,2023/09/22,Maria Souza,m,Cadeira,800,1,1200,3h 44m,Belo Horizonte
1236,2023/12/11, Pedro Alves ,M,Cadeira,"R$ 1.200,00",2,,,Curitiba
1237,2024/09/10, Pedro Alves ,M,Notebook,"R$ 50,00",3,2414,,Rio de Janeiro
1238,2023/12/28,Maria Souza,m,Notebook,"R$ 3.500,00",2,100,1:03:51,São Paulo
1239,2023-10-02, João Silva ,,Monitor,R$120,2,2400,107m,Belo Horizonte
1240,2023-04-15, Pedro Alves ,MASCULINO,Mouse,120,1,800,2h 54m,Belo Horizonte
1241,2024-12-10,Maria Souza,M,Notebook,R$800,1,50,,Curitiba
1242,07/05/23,Maria Souza,F,Notebook,"R$ 800,00",3,2400,167m,Porto Alegre
1243,2023/06/21, João Silva ,f,Teclado,800,1,50,127m,São Paulo
1244,21-08-2024,Maria Souza,Masculino,Notebook,"R$ 3.500,00",2,1596,12m,Rio de Janeiro
1245,18-07-2024,Maria Souza,m,Monitor,R$1200,1,50,176m,Porto Alegre
1246,11/09/23, João Silva ,f,Mouse,R$3500,2,2400,0:46:22,Belo Horizonte
1247,2023-03-27, João Silva ,MASCULINO,Teclado,120,1,3500,0h 27m,São Paulo
1248,13-10-2023,Ana Clara,M,Monitor,50,3,10500,,Porto Alegre
1249,2023-08-16,Maria Souza,MASCULINO,Teclado,R$50,3,10500,2:57:18,São Paulo
1250,13-10-2024, João Silva ,,Teclado,"R$ 800,00",2,6997,,São Paulo
1251,2023/04/06,,F,Monitor,"R$ 50,00",2,,1:28:19,São Paulo
1252,26/11/24, João Silva ,M,Monitor,"R$ 3.500,00",1,1200,3h 1m,São Paulo
1253,2024-02-14,Maria Souza,,Notebook,"R$ 800,00",1,,,Porto Alegre
1254,2024-05-04,Carlos Lima,F,Notebook,50,3,2400,0h 9m,Belo Horizonte
1255,2023/08/04, Pedro Alves ,Masculino,Mouse,1200,2,2387,92m,Belo Horizonte
1256,2024/02/26,Ana Clara,F,Mouse,R$800,3,360,,Rio de Janeiro
1257,2023/05/03,Carlos Lima,Masculino,Teclado,50,1,3475,1:28:03,Porto Alegre
1258,05/08/24, João Silva ,Feminino,Monitor,50,1,50,2:41:27,Porto Alegre
1259,21-01-2024,Carlos Lima,f,Teclado,120,3,2400,106m,São Paulo
1260,12-08-2023,,Feminino,Mouse,"R$ 800,00",2,100,2:29:21,Rio de Janeiro
1261,17-11-2023,Maria Souza,f,Mouse,R$120,2,6951,112m,Porto Alegre
1262,04/09/24,Carlos Lima,m,Notebook,800,3,360,,Rio de Janeiro
1263,04/08/23, João Silva ,M,Mouse,1200,3,3600,3h 12m,São Paulo
1264,13-06-2024, Pedro Alves ,MASCULINO,Mouse,50,1,,161m,Porto Alegre
1265,07/07/24,Carlos Lima,F,Monitor,R$1200,1,120,,Porto Alegre
1266,11/01/24, João Silva ,Masculino,Notebook,R$120,3,3600,0:01:51,Belo Horizonte
1267,05/11/24,Carlos Lima,f,Teclado,3500,1,3500,50m,São Paulo
1268,2024-09-23, João Silva ,f,Mouse,1200,3,2400,,São Paulo
1269,18-12-2023,,M,Cadeira,1200,2,100,,Rio de Janeiro
1270,20/09/24, João Silva ,Feminino,Monitor,"R$ 3.500,00",2,,0h 43m,Belo Horizonte
1271,2024-05-06, Pedro Alves ,Feminino,Notebook,"R$ 3.500,00",1,50,,Rio de Janeiro
1272,08-03-2024,Carlos Lima,Feminino,Notebook,1200,2,240,1:29:25,Curitiba
1273,2024/06/19,Carlos Lima,MASCULINO,Monitor,3500,1,1220,160m,São Paulo
1274,2023/03/08,Maria Souza,F,Mouse,"R$ 1.200,00",1,120,1h 21m,Rio de Janeiro
1275,19-05-2023,Maria Souza,M,Cadeira,R$3500,3,360,2:42:12,Belo Horizonte
1276,2024/02/03,Maria Souza,f,Notebook,R$800,1,800,0:43:56,Belo Horizonte
1277,09/02/24, João Silva ,Masculino,Teclado,R$800,1,765,28m,Belo Horizonte
1278,02/04/23,Ana Clara,,Teclado,R$50,2,100,2:08:55,Belo Horizonte
1279,2023/08/19,Carlos Lima,,Notebook,3500,2,2400,2h 10m,Rio de Janeiro
1280,2023-09-13,Ana Clara,,Monitor,"R$ 50,00",2,,0:15:00,São Paulo
1281,2023/07/01,,M,Teclado,R$800,2,7000,0h 17m,Rio de Janeiro
1282,2024/05/02,Maria Souza,,Mouse,R$800,3,3600,,Porto Alegre
1283,2023-02-01, Pedro Alves ,f,Cadeira,R$120,1,,0h 14m,Rio de Janeiro
1284,06/03/24,Maria Souza,MASCULINO,Teclado,1200,2,2400,,Porto Alegre
1285,2024/09/20, João Silva ,F,Teclado,R$800,3,150,121m,São Paulo
1286,2024/08/16, João Silva ,,Notebook,R$120,2,2400,0:15:46,Belo Horizonte
1287,2024-01-22, João Silva ,f,Cadeira,R$3500,3,2400,148m,Rio de Janeiro
1288,2024-09-12, João Silva ,MASCULINO,Teclado,"R$ 120,00",2,100,3h 21m,São Paulo
1289,2023-09-08,,Masculino,Teclado,120,2,1636,,Porto Alegre
1290,2023/04/27,Carlos Lima,MASCULINO,Teclado,1200,3,2424,0h 2m,Rio de Janeiro
1291,25-04-2023,Maria Souza,Masculino,Monitor,"R$ 120,00",1,1200,109m,Belo Horizonte
1292,2024-02-16,Maria Souza,M,Monitor,R$120,2,1600,0:11:28,São Paulo
1293,21/10/23, Pedro Alves ,F,Monitor,"R$ 50,00",3,,129m,Curitiba
1294,28/10/24,Carlos Lima,M,Notebook,800,2,,167m,Porto Alegre
1295,28/08/24,Ana Clara,m,Cadeira,"R$ 120,00",2,7000,,Belo Horizonte
1296,2024/01/12,,Masculino,Teclado,"R$ 120,00",1,3500,2:04:40,Rio de Janeiro
1297,06-06-2023,Ana Clara,f,Cadeira,R$120,1,,2h 17m,Curitiba
1298,02/03/24,Carlos Lima,f,Notebook,50,2,1600,127m,Rio de Janeiro
1299,01/01/24,,MASCULINO,Teclado,R$800,3,3600,0:48:17,Rio de Janeiro
1300,25-12-2023,Carlos Lima,Feminino,Cadeira,"R$ 800,00",3,,102m,Porto Alegre
1301,2024/12/03, João Silva ,f,Cadeira,1200,3,2400,1h 18m,Porto Alegre
1302,2024-06-20, João Silva ,Feminino,Monitor,R$800,3,2400,169m,Curitiba
1303,2024-09-01,Carlos Lima,Masculino,Cadeira,50,1,50,0:22:08,Porto Alegre
1304,2024/02/05,Maria Souza,m,Teclado,R$50,3,3600,0h 50m,São Paulo
1305,2024-03-09, Pedro Alves ,m,Teclado,"R$ 3.500,00",1,3500,23m,Porto Alegre
1306,2024-10-01, João Silva ,Feminino,Mouse,"R$ 800,00",3,3600,134m,Porto Alegre
1307,04-11-2023, João Silva ,Feminino,Mouse,1200,1,50,3h 0m,Porto Alegre
1308,18-11-2023, João Silva ,Masculino,Mouse,"R$ 120,00",3,360,,Belo Horizonte
1309,2024-06-18,,m,Notebook,"R$ 800,00",1,1200,1h 19m,São Paulo
1310,2023/09/18, João Silva ,F,Monitor,1200,2,,2:14:17,Curitiba
1311,01-10-2023, Pedro Alves ,m,Monitor,3500,1,158,1h 8m,São Paulo
1312,2024-05-16, Pedro Alves ,,Teclado,"R$ 3.500,00",3,2400,11m,Porto Alegre
1313,13-01-2023, Pedro Alves ,F,Teclado,120,1,3487,3h 33m,Curitiba
1314,2024-02-26,Ana Clara,f,Teclado,"R$ 1.200,00",3,3600,,Curitiba
1315,2024/03/16, João Silva ,m,Mouse,800,3,,2h 35m,Rio de Janeiro
1316,2024-04-21, Pedro Alves ,m,Cadeira,120,2,82,,Porto Alegre
1317,09-02-2023,Carlos Lima,,Monitor,R$3500,3,,,São Paulo
1318,2024/08/27, João Silva ,M,Mouse,1200,3,2400,0:24:51,Curitiba
1319,12-04-2023,Ana Clara,Feminino,Notebook,120,2,,1:38:15,Rio de Janeiro
1320,2023/07/23,,Feminino,Monitor,"R$ 1.200,00",1,800,,Belo Horizonte
1321,21/08/23, Pedro Alves ,Feminino,Monitor,3500,3,10500,0:47:01,Belo Horizonte
1322,2024-02-01, João Silva ,Feminino,Notebook,800,2,240,0h 7m,Rio de Janeiro
1323,2024/02/20, Pedro Alves ,m,Notebook,3500,1,95,,Porto Alegre
1324,10/10/24,,MASCULINO,Monitor,"R$ 3.500,00",1,,39m,Porto Alegre
1325,05/06/24,,F,Monitor,"R$ 1.200,00",2,,,Porto Alegre
1326,05/12/23,Ana Clara,MASCULINO,Notebook,R$3500,2,117,2h 48m,Belo Horizonte
1327,2024/07/05,Maria Souza,MASCULINO,Teclado,"R$ 1.200,00",1,50,,Porto Alegre
1328,13/01/23, João Silva ,M,Notebook,"R$ 1.200,00",2,,105m,São Paulo
1329,2023-05-25,,m,Notebook,50,1,1200,67m,Curitiba
1330,2024/06/19,Carlos Lima,MASCULINO,Notebook,"R$ 120,00",3,360,,Porto Alegre
1331,16/01/24,Ana Clara,M,Monitor,"R$ 800,00",2,7000,0:02:29,Belo Horizonte
1332,2024/04/03, João Silva ,Feminino,Mouse,"R$ 3.500,00",1,1200,,Rio de Janeiro
1333,2024-08-18,,Masculino,Teclado,120,2,1600,0h 55m,São Paulo
1334,2023/10/16,,MASCULINO,Cadeira,50,2,7020,24m,São Paulo
1335,2023/03/09,Carlos Lima,m,Cadeira,"R$ 50,00",1,800,76m,Belo Horizonte
1336,2023/03/17, João Silva ,M,Teclado,1200,3,3570,1h 28m,Belo Horizonte
1337,22/12/24, João Silva ,Masculino,Notebook,R$1200,1,120,0:57:45,Porto Alegre
1338,20-07-2023,Carlos Lima,MASCULINO,Cadeira,"R$ 800,00",3,3600,2:42:09,Rio de Janeiro
1339,2023-06-10,,m,Notebook,"R$ 50,00",1,1164,2h 9m,Rio de Janeiro
1340,27/06/24, Pedro Alves ,Masculino,Mouse,120,2,255,,Porto Alegre
1341,17/11/24,Ana Clara,m,Cadeira,800,3,10500,28m,São Paulo
1342,22-09-2024, Pedro Alves ,Masculino,Monitor,R$120,2,6986,0:43:16,Belo Horizonte
1343,2024-04-25,Maria Souza,f,Notebook,R$120,2,,43m,Porto Alegre
1344,2023-03-16,Carlos Lima,Feminino,Mouse,R$800,1,3500,88m,São Paulo
1345,2023/04/04,Carlos Lima,F,Monitor,R$1200,1,120,85m,Belo Horizonte
1346,11-12-2023,Carlos Lima,M,Notebook,1200,2,2400,1h 29m,São Paulo
1347,2024-09-07, João Silva ,m,Notebook,"R$ 120,00",2,1600,179m,Curitiba
1348,27/04/23,Maria Souza,Masculino,Cadeira,R$800,3,10500,0:38:14,Porto Alegre
1349,19-07-2024, Pedro Alves ,MASCULINO,Teclado,800,2,,,Rio de Janeiro
1350,2024/10/16, João Silva ,M,Monitor,R$1200,2,1600,1:40:25,Belo Horizonte
1351,2024-09-19,,M,Teclado,"R$ 800,00",1,,0:13:09,São Paulo
1352,2024-08-07,Ana Clara,M,Mouse,3500,1,3500,119m,Rio de Janeiro
1353,15/10/23, Pedro Alves ,f,Notebook,"R$ 50,00",3,10529,,Curitiba
1354,2023-05-26,Ana Clara,MASCULINO,Mouse,"R$ 3.500,00",2,2400,136m,São Paulo
1355,13-12-2024, Pedro Alves ,Feminino,Notebook,"R$ 3.500,00",2,,1:03:11,São Paulo
1356,2024-05-20,Carlos Lima,M,Notebook,R$1200,3,360,121m,Rio de Janeiro
1357,16/12/23, Pedro Alves ,Masculino,Monitor,R$1200,3,2400,,Belo Horizonte
1358,2024/03/07,,M,Monitor,800,2,,,Rio de Janeiro
1359,26-04-2023,,Feminino,Monitor,"R$ 120,00",3,360,,São Paulo
1360,2023-08-23, João Silva ,M,Notebook,R$50,1,1159,81m,Curitiba
1361,22-06-2023,Maria Souza,Feminino,Notebook,"R$ 3.500,00",1,1200,38m,Rio de Janeiro
1362,2023/11/16, João Silva ,M,Teclado,"R$ 3.500,00",1,3500,0h 44m,Curitiba
1363,2024-09-25,Carlos Lima,m,Cadeira,50,2,,,Porto Alegre
1364,09/08/24,,M,Teclado,"R$ 1.200,00",3,360,1:20:30,Porto Alegre
1365,01-02-2023,,Feminino,Teclado,1200,2,2438,11m,Porto Alegre
1366,2024/05/13,Carlos Lima,F,Mouse,R$1200,3,,,Curitiba
1367,2024/07/23,Maria Souza,F,Cadeira,800,2,100,0h 42m,Belo Horizonte
1368,2023/04/21, Pedro Alves ,M,Notebook,800,3,150,1:30:25,Curitiba
1369,05/02/24, João Silva ,f,Cadeira,120,2,,,Rio de Janeiro
1370,2024/06/06, Pedro Alves ,M,Notebook,3500,2,7000,3h 2m,Rio de Janeiro
1371,2024-07-16,,m,Monitor,"R$ 3.500,00",1,120,1h 5m,Rio de Janeiro
1372,2023/04/11,,m,Monitor,"R$ 120,00",3,3600,,Curitiba
1373,2023-03-17,,f,Teclado,"R$ 120,00",1,1200,0h 40m,Rio de Janeiro
1374,23-09-2023,Maria Souza,Masculino,Cadeira,"R$ 50,00",3,150,0:17:09,São Paulo
1375,06/09/23, Pedro Alves ,Feminino,Notebook,R$800,2,,,Belo Horizonte
1376,2024-09-28, João Silva ,MASCULINO,Cadeira,50,1,3500,125m,Curitiba
1377,2024-12-12,Carlos Lima,F,Mouse,R$50,3,360,105m,São Paulo
1378,2023/11/08,Maria Souza,MASCULINO,Cadeira,1200,3,2400,1h 43m,São Paulo
1379,13/09/23,,m,Mouse,R$3500,3,360,1:50:14,Rio de Janeiro
1380,28-08-2023,Ana Clara,m,Mouse,"R$ 50,00",3,,57m,Rio de Janeiro
1381,15/09/24,,MASCULINO,Mouse,R$120,3,10500,0:47:27,São Paulo
1382,06-08-2024,Carlos Lima,Masculino,Notebook,"R$ 120,00",3,3600,3h 5m,Belo Horizonte
1383,17/09/23, Pedro Alves ,MASCULINO,Cadeira,R$3500,2,7000,2:56:20,Rio de Janeiro
1384,02-09-2024, Pedro Alves ,Masculino,Cadeira,"R$ 800,00",1,1200,,Porto Alegre
1385,2023-02-07, João Silva ,f,Notebook,50,2,1600,,São Paulo
1386,03/04/23,,f,Teclado,R$120,2,240,2h 25m,Rio de Janeiro
1387,23/05/23,Carlos Lima,MASCULINO,Mouse,"R$ 120,00",2,,2:18:05,Rio de Janeiro
1388,04/01/23,Maria Souza,m,Notebook,R$3500,1,,1:41:40,Rio de Janeiro
1389,2023/01/02, João Silva ,F,Mouse,50,2,240,161m,Porto Alegre
1390,27-03-2023, Pedro Alves ,Feminino,Notebook,"R$ 50,00",2,,62m,Curitiba
1391,2024/12/12,Carlos Lima,Masculino,Notebook,"R$ 50,00",3,,2:18:52,São Paulo
1392,02-07-2024,Ana Clara,Masculino,Notebook,R$800,2,2400,75m,Belo Horizonte
1393,02/03/23,Maria Souza,Feminino,Teclado,R$800,1,120,165m,São Paulo
1394,2024-07-26,,Masculino,Mouse,R$1200,1,104,70m,Belo Horizonte
1395,01/09/24,Maria Souza,Masculino,Teclado,"R$ 800,00",3,150,0:59:01,Belo Horizonte
1396,15/01/23,Maria Souza,m,Monitor,R$800,3,3600,3h 26m,Curitiba
1397,2024-01-23, João Silva ,m,Notebook,R$800,3,150,,Curitiba
1398,2024-09-05,Carlos Lima,MASCULINO,Cadeira,R$800,3,2406,109m,Rio de Janeiro
1399,06/06/23, João Silva ,f,Monitor,R$3500,3,3600,,Belo Horizonte
1400,2023-07-14,Carlos Lima,F,Monitor,800,1,50,125m,São Paulo
1401,21/08/23, João Silva ,Masculino,Notebook,800,2,240,1h 57m,Curitiba
1402,2024-09-05, Pedro Alves ,MASCULINO,Mouse,R$50,3,,2:58:53,Porto Alegre
1403,17/05/23,Ana Clara,F,Monitor,"R$ 800,00",1,120,,Rio de Janeiro
1404,23-04-2023,Ana Clara,M,Mouse,R$3500,3,150,1:42:33,Rio de Janeiro
1405,25-09-2023,Maria Souza,M,Notebook,800,1,1200,,Rio de Janeiro
1406,10/06/23,Carlos Lima,F,Monitor,3500,1,3500,2:56:57,Rio de Janeiro
1407,13-11-2023,,f,Notebook,"R$ 50,00",1,1200,1:16:49,Rio de Janeiro
1408,2023/08/20,Ana Clara,MASCULINO,Monitor,"R$ 120,00",1,41,75m,Belo Horizonte
1409,2023/01/19, Pedro Alves ,m,Notebook,3500,3,,3h 35m,Curitiba
1410,24/12/24, João Silva ,F,Teclado,"R$ 3.500,00",2,1600,68m,São Paulo
1411,18-02-2023,Maria Souza,Feminino,Notebook,"R$ 50,00",3,2400,0h 21m,Rio de Janeiro
1412,2023-12-07,Maria Souza,Feminino,Monitor,"R$ 800,00",2,98,1:24:45,Curitiba
1413,01/11/24,Ana Clara,MASCULINO,Teclado,R$1200,3,3600,2:36:09,Rio de Janeiro
1414,2024/02/10, João Silva ,f,Teclado,50,3,2384,,Rio de Janeiro
1415,19/02/24,,m,Notebook,3500,1,800,152m,Belo Horizonte
1416,2023/04/28,Ana Clara,f,Teclado,3500,2,7045,2h 38m,São Paulo
1417,13/01/24, João Silva ,,Notebook,R$50,3,,2:01:20,Curitiba
1418,2024/08/14, Pedro Alves ,M,Mouse,120,2,240,2h 12m,Curitiba
1419,09-11-2024,Ana Clara,MASCULINO,Monitor,"R$ 50,00",3,10500,93m,Porto Alegre
1420,2024-02-13,Carlos Lima,,Cadeira,"R$ 3.500,00",2,,1:27:13,Rio de Janeiro
1421,21/08/24,,m,Teclado,1200,3,,,Curitiba
1422,07-12-2024, João Silva ,M,Monitor,800,1,50,2:04:25,Porto Alegre
1423,2023-01-26, João Silva ,m,Notebook,"R$ 50,00",1,50,,Rio de Janeiro
1424,2024-05-05, Pedro Alves ,,Cadeira,3500,1,1200,3h 16m,São Paulo
1425,02-04-2024,Maria Souza,m,Cadeira,"R$ 50,00",3,,,São Paulo
1426,15-01-2024, João Silva ,F,Notebook,R$3500,3,3600,,São Paulo
1427,2024-05-07, João Silva ,Masculino,Cadeira,R$120,2,100,1h 37m,Belo Horizonte
1428,2023/01/23,Carlos Lima,f,Monitor,"R$ 1.200,00",3,367,1h 22m,São Paulo
1429,03/02/23,Carlos Lima,,Teclado,"R$ 1.200,00",1,87,2:51:07,Rio de Janeiro
1430,2024-01-21,,m,Cadeira,800,3,360,1:55:50,Belo Horizonte
1431,01/09/23,Maria Souza,,Notebook,R$50,1,,140m,Curitiba
1432,20-07-2023,Maria Souza,MASCULINO,Notebook,50,3,2400,2h 37m,Curitiba
1433,02-01-2024,Carlos Lima,MASCULINO,Cadeira,"R$ 50,00",3,10489,2:08:42,Rio de Janeiro
1434,03-03-2023,Maria Souza,,Mouse,1200,2,240,2:20:02,São Paulo
1435,2023-06-05,,,Cadeira,R$120,3,2400,3h 0m,São Paulo
1436,24-12-2024, João Silva ,,Monitor,120,2,1600,,São Paulo
1437,20/01/24,Maria Souza,,Mouse,1200,3,10500,59m,Curitiba
1438,2024/08/14,Ana Clara,m,Teclado,R$800,2,1600,46m,Belo Horizonte
1439,04-08-2023,Maria Souza,MASCULINO,Cadeira,50,1,120,126m,Rio de Janeiro
1440,10/09/24,Maria Souza,m,Notebook,R$50,2,,117m,Belo Horizonte
1441,07/09/23,Carlos Lima,MASCULINO,Monitor,1200,2,240,,Porto Alegre
1442,2024/09/07,,F,Cadeira,R$1200,3,150,2:42:58,Rio de Janeiro
1443,2023-01-17,Maria Souza,M,Cadeira,R$1200,3,150,2h 55m,São Paulo
1444,2024/03/23,Maria Souza,F,Monitor,120,1,3500,122m,Porto Alegre
1445,2024-08-14,Ana Clara,F,Cadeira,R$1200,2,2402,,Rio de Janeiro
1446,04/10/24,,MASCULINO,Cadeira,1200,1,800,0:47:27,São Paulo
1447,23-09-2024,Maria Souza,m,Notebook,"R$ 1.200,00",2,2383,1h 53m,Curitiba
1448,28/05/24,Carlos Lima,Feminino,Cadeira,R$1200,1,120,0:20:59,Belo Horizonte
1449,2023-10-16,Ana Clara,m,Teclado,120,3,,160m,São Paulo
1450,2024/12/19, João Silva ,m,Mouse,"R$ 800,00",1,,158m,Curitiba
1451,19/12/24,,Masculino,Teclado,R$1200,3,2400,1:02:37,Belo Horizonte
1452,09/08/24,Carlos Lima,F,Cadeira,50,1,1200,2:13:47,São Paulo
1453,04/12/23,Maria Souza,F,Monitor,50,1,800,17m,São Paulo
1454,2023-08-01,Maria Souza,m,Notebook,800,2,2400,1h 49m,São Paulo
1455,11-01-2024, Pedro Alves ,M,Teclado,"R$ 120,00",1,50,2:18:44,São Paulo
1456,02/07/24,Carlos Lima,MASCULINO,Mouse,3500,2,,115m,São Paulo
1457,03-08-2024,,m,Teclado,"R$ 800,00",1,,1h 56m,Belo Horizonte
1458,07/09/24,,Feminino,Notebook,50,1,,2:51:13,São Paulo
1459,2024/06/15, João Silva ,M,Cadeira,"R$ 3.500,00",3,354,1h 47m,Porto Alegre
1460,2023-07-28,,,Cadeira,"R$ 3.500,00",1,120,1:38:31,Rio de Janeiro
1461,01-09-2023, Pedro Alves ,Masculino,Cadeira,R$1200,3,10500,1h 42m,Curitiba
1462,2024-08-10,,M,Notebook,"R$ 120,00",2,2400,,Porto Alegre
1463,2024/06/07, João Silva ,,Notebook,"R$ 1.200,00",1,,3h 50m,Rio de Janeiro
1464,2023-10-26,Maria Souza,Feminino,Monitor,50,1,800,3h 26m,Porto Alegre
1465,14/09/24,Carlos Lima,Masculino,Notebook,800,1,1200,,Curitiba
1466,01-10-2023,Carlos Lima,m,Cadeira,1200,3,,,Curitiba
1467,19-10-2023,Maria Souza,,Monitor,R$3500,1,1200,3h 26m,Curitiba
1468,27/09/23, Pedro Alves ,m,Cadeira,R$1200,3,150,2h 11m,Rio de Janeiro
1469,2023/10/11, João Silva ,M,Teclado,1200,1,,1:44:54,Porto Alegre
1470,04/01/24, Pedro Alves ,f,Mouse,R$1200,3,150,75m,São Paulo
1471,24-07-2023,Carlos Lima,MASCULINO,Monitor,R$50,3,2400,13m,Rio de Janeiro
1472,27-07-2024,,m,Monitor,3500,2,2400,1:14:08,Porto Alegre
1473,05/06/24, João Silva ,m,Monitor,"R$ 1.200,00",3,2400,1h 38m,Belo Horizonte
1474,2024-07-28, João Silva ,M,Cadeira,1200,1,50,0:41:33,Porto Alegre
1475,14-05-2024,Ana Clara,Feminino,Monitor,800,2,,,São Paulo
1476,2023-12-18,Carlos Lima,Feminino,Mouse,R$800,3,10500,2:11:31,Porto Alegre
1477,2024-02-28,Ana Clara,MASCULINO,Teclado,R$120,3,360,2:56:16,Porto Alegre
1478,2024/11/03,,,Notebook,50,1,50,2:31:26,Porto Alegre
1479,27/08/24,Carlos Lima,M,Teclado,R$120,2,2400,0h 20m,São Paulo
1480,11/09/24, João Silva ,f,Mouse,3500,1,3500,39m,Rio de Janeiro
1481,23-10-2023, João Silva ,m,Mouse,R$1200,3,,0:21:32,São Paulo
1482,2023-12-19,Maria Souza,Feminino,Monitor,"R$ 1.200,00",3,360,0:12:30,Curitiba
1483,01-01-2024,,F,Teclado,R$3500,3,3641,,São Paulo
1484,2023-03-15,Ana Clara,,Mouse,"R$ 1.200,00",3,2400,1:02:55,São Paulo
1485,2024-08-18,Maria Souza,MASCULINO,Mouse,"R$ 1.200,00",1,,2:02:03,Belo Horizonte
1486,2024-09-13,Ana Clara,Masculino,Cadeira,"R$ 1.200,00",1,50,0h 41m,Porto Alegre
1487,10/02/24, Pedro Alves ,m,Teclado,"R$ 3.500,00",3,,2:55:29,São Paulo
1488,2024-03-04, João Silva ,F,Monitor,"R$ 1.200,00",3,,2h 7m,Porto Alegre
1489,2023-08-22, Pedro Alves ,M,Notebook,"R$ 1.200,00",3,382,2:20:48,Rio de Janeiro
1490,11/06/24, Pedro Alves ,m,Notebook,"R$ 3.500,00",3,2400,79m,Rio de Janeiro
1491,2024-06-22, Pedro Alves ,M,Notebook,3500,3,2400,118m,Curitiba
1492,2024/01/28,Ana Clara,F,Notebook,R$800,1,50,2h 9m,Rio de Janeiro
1493,2024-05-23,Maria Souza,MASCULINO,Mouse,120,3,2400,2:39:09,Curitiba
1494,09/01/24,Ana Clara,F,Notebook,800,3,150,2h 48m,São Paulo
1495,26/05/24,,f,Mouse,800,2,1600,86m,São Paulo
1496,2023-11-20,Maria Souza,M,Teclado,"R$ 3.500,00",2,100,2h 47m,Rio de Janeiro
1497,2024/06/06, João Silva ,F,Notebook,"R$ 3.500,00",3,10500,,Belo Horizonte
1498,2023-02-03,Ana Clara,Masculino,Cadeira,R$1200,2,240,0h 36m,Curitiba
1499,2024-08-28, Pedro Alves ,MASCULINO,Cadeira,50,2,100,0:05:03,Porto Alegre
1500,2024-10-13,,m,Notebook,R$1200,2,1568,77m,Curitiba
1501,2024/01/28,Carlos Lima,Masculino,Teclado,R$800,2,7000,2:31:29,Belo Horizonte
1502,08-02-2024,,m,Teclado,R$120,1,1200,0:13:27,Belo Horizonte
1503,2023-07-24,,MASCULINO,Notebook,"R$ 800,00",1,120,147m,Curitiba
1504,11-12-2023, João Silva ,F,Mouse,120,1,1200,2:54:11,Belo Horizonte
1505,28/03/24,Maria Souza,Feminino,Mouse,R$3500,3,3600,96m,São Paulo
1506,18-06-2023,Carlos Lima,f,Cadeira,"R$ 50,00",3,,1h 51m,Rio de Janeiro
1507,2023-11-11,Maria Souza,,Teclado,50,2,7000,95m,Porto Alegre
1508,2024-11-01,Maria Souza,f,Cadeira,"R$ 800,00",1,1200,0:46:21,Curitiba
1509,2023-04-24,,m,Monitor,R$50,3,360,135m,Curitiba
1510,2023/06/03,Carlos Lima,m,Mouse,120,3,3600,,Curitiba
1511,2024-04-07,Maria Souza,M,Notebook,3500,2,2433,33m,Curitiba
1512,10/09/23,Ana Clara,MASCULINO,Teclado,R$120,2,,,Curitiba
1513,12/03/23,Ana Clara,Masculino,Mouse,"R$ 3.500,00",1,50,,Porto Alegre
1514,05-05-2023,Ana Clara,MASCULINO,Cadeira,R$3500,2,240,0:54:49,Curitiba
1515,05-04-2023, João Silva ,Feminino,Mouse,"R$ 800,00",3,3600,,Curitiba
1516,2024/01/15, João Silva ,MASCULINO,Notebook,"R$ 50,00",1,120,,Porto Alegre
1517,2024-01-01,Maria Souza,m,Cadeira,"R$ 120,00",2,7000,,Belo Horizonte
1518,2023/04/28, João Silva ,M,Notebook,800,1,,180m,Porto Alegre
1519,2024/02/02,,Feminino,Cadeira,R$1200,2,100,0:41:34,Porto Alegre
1520,14/11/24,Maria Souza,M,Monitor,1200,3,,2:19:36,Porto Alegre
1521,2024-12-04, João Silva ,F,Notebook,1200,2,1610,39m,Rio de Janeiro
1522,2023/12/16, João Silva ,M,Notebook,"R$ 50,00",3,3600,,Curitiba
1523,03-09-2024,Maria Souza,Masculino,Mouse,"R$ 50,00",1,800,2:29:24,Rio de Janeiro
1524,19-06-2024,,M,Notebook,"R$ 50,00",2,2400,95m,São Paulo
1525,2024-06-18, Pedro Alves ,,Teclado,"R$ 120,00",1,800,2h 12m,Porto Alegre
1526,18-08-2024, Pedro Alves ,m,Notebook,R$1200,1,800,136m,Curitiba
1527,09/11/23, João Silva ,Masculino,Mouse,R$800,3,150,66m,Curitiba
1528,27-10-2024,,f,Notebook,800,3,150,,Belo Horizonte
1529,21/12/24,Carlos Lima,M,Notebook,800,3,150,2:01:25,São Paulo
1530,14/02/23, Pedro Alves ,,Notebook,R$1200,1,764,0:24:15,Curitiba
1531,2024-01-04, Pedro Alves ,F,Monitor,"R$ 800,00",2,100,68m,São Paulo
1532,2024-05-28, João Silva ,M,Mouse,"R$ 120,00",3,10500,,Porto Alegre
1533,07-12-2024,Ana Clara,,Teclado,3500,3,2426,,Rio de Janeiro
1534,22-08-2024,Carlos Lima,F,Teclado,"R$ 3.500,00",2,2400,163m,São Paulo
1535,06/03/23,Ana Clara,m,Monitor,R$800,1,1246,0:57:38,Belo Horizonte
1536,2023/04/03,Maria Souza,,Mouse,R$120,3,,,Porto Alegre
1537,2024/02/11,Maria Souza,MASCULINO,Notebook,R$800,3,320,,Curitiba
1538,08-04-2023, João Silva ,,Monitor,"R$ 3.500,00",1,800,110m,Porto Alegre
1539,13/06/23,Maria Souza,Masculino,Cadeira,R$50,3,150,134m,Curitiba
1540,2024-05-03,Carlos Lima,MASCULINO,Notebook,120,1,,,São Paulo
1541,07/12/24,,Feminino,Notebook,R$800,3,3600,1:42:23,Curitiba
1542,2024/07/21,Carlos Lima,M,Cadeira,R$800,1,120,0:26:39,Rio de Janeiro
1543,2024-05-01, Pedro Alves ,M,Cadeira,"R$ 1.200,00",3,149,78m,Belo Horizonte
1544,2024-10-10, João Silva ,M,Cadeira,120,1,3500,2:11:58,São Paulo
1545,2024/07/01, Pedro Alves ,Masculino,Cadeira,R$3500,1,3500,180m,Belo Horizonte
1546,2023-06-21,,m,Monitor,1200,3,10484,,Curitiba
1547,2024/06/09, Pedro Alves ,,Notebook,3500,2,1600,,Rio de Janeiro
1548,2023/10/15,Maria Souza,m,Teclado,"R$ 1.200,00",1,50,2h 25m,Belo Horizonte
1549,2024/04/20,Maria Souza,m,Cadeira,3500,1,120,1:35:51,Belo Horizonte
1550,2023-12-10, Pedro Alves ,M,Monitor,3500,2,7000,0h 50m,Rio de Janeiro
1551,17-12-2024,Ana Clara,Feminino,Mouse,R$50,2,2359,79m,São Paulo
1552,11/06/23, Pedro Alves ,M,Monitor,120,2,7000,,São Paulo
1553,18/11/23,Maria Souza,F,Mouse,R$50,1,1200,3h 40m,Curitiba
1554,2023/12/11,Maria Souza,Feminino,Cadeira,"R$ 120,00",1,,,Curitiba
1555,2023/08/11, Pedro Alves ,F,Cadeira,800,3,360,,Porto Alegre
1556,2024-08-14,Carlos Lima,m,Monitor,"R$ 1.200,00",2,,0:48:06,Curitiba
1557,2024/03/25,Carlos Lima,f,Teclado,1200,1,,2h 11m,Porto Alegre
1558,03-04-2024, João Silva ,,Mouse,R$120,1,,20m,Belo Horizonte
1559,2024/02/21, João Silva ,m,Mouse,R$3500,3,129,,Porto Alegre
1560,2023/07/15,Ana Clara,f,Notebook,R$800,2,,2:35:58,Curitiba
1561,16/07/23, Pedro Alves ,Masculino,Teclado,"R$ 120,00",1,120,,Porto Alegre
1562,13/01/23,Maria Souza,MASCULINO,Teclado,1200,1,120,45m,Rio de Janeiro
1563,2024/01/05, João Silva ,M,Monitor,"R$ 3.500,00",1,50,,Curitiba
1564,2024/07/25,Ana Clara,,Cadeira,50,1,120,100m,Curitiba
1565,15/08/23,,M,Cadeira,"R$ 50,00",1,800,88m,Curitiba
1566,2023-02-15,Carlos Lima,MASCULINO,Cadeira,120,3,10490,2:12:22,Porto Alegre
1567,25-08-2023,Carlos Lima,MASCULINO,Teclado,"R$ 120,00",1,3463,,Porto Alegre
1568,02-06-2024, João Silva ,F,Mouse,"R$ 800,00",2,,1h 18m,São Paulo
1569,17/07/24,Ana Clara,Feminino,Mouse,1200,2,7000,2:01:41,Curitiba
1570,18-08-2023,Maria Souza,Masculino,Teclado,3500,3,150,151m,Curitiba
1571,2023-03-12, Pedro Alves ,m,Mouse,1200,2,,1h 52m,Curitiba
1572,24-05-2023,Maria Souza,Masculino,Notebook,"R$ 120,00",2,240,118m,São Paulo
1573,28/09/24,Ana Clara,M,Monitor,R$120,3,3598,2:10:04,Rio de Janeiro
1574,2024/03/23,,Feminino,Mouse,120,2,100,55m,Porto Alegre
1575,2023/11/11, Pedro Alves ,MASCULINO,Cadeira,"R$ 800,00",3,150,3h 54m,São Paulo
1576,2023-11-10,Maria Souza,f,Mouse,"R$ 3.500,00",2,100,2h 10m,São Paulo
1577,22-09-2024, Pedro Alves ,Feminino,Monitor,3500,2,1600,,Rio de Janeiro
1578,23-10-2023, João Silva ,MASCULINO,Teclado,R$50,3,360,0h 4m,Curitiba
1579,2023/11/11, João Silva ,Feminino,Mouse,"R$ 120,00",1,3500,14m,Belo Horizonte
1580,2024/04/08, Pedro Alves ,m,Teclado,800,3,,,Belo Horizonte
1581,03/09/24,Carlos Lima,Masculino,Monitor,R$120,3,393,1:56:53,Porto Alegre
1582,26-12-2023, Pedro Alves ,f,Notebook,"R$ 800,00",1,50,1h 14m,São Paulo
1583,23-06-2023,,M,Teclado,1200,3,10500,2h 45m,Porto Alegre
1584,2023-10-17, João Silva ,Masculino,Teclado,R$800,1,800,40m,Belo Horizonte
1585,12-09-2024, Pedro Alves ,F,Notebook,"R$ 1.200,00",2,,0h 2m,Belo Horizonte
1586,2024/11/08,Maria Souza,,Monitor,R$120,3,10500,,Belo Horizonte
1587,28/01/23,,,Notebook,R$3500,2,,131m,Belo Horizonte
1588,2023-11-22,Maria Souza,F,Teclado,R$50,3,3600,,Porto Alegre
1589,21-04-2023,Ana Clara,m,Cadeira,R$3500,2,,0:18:34,Rio de Janeiro
1590,2024-05-08,Ana Clara,Feminino,Cadeira,R$1200,1,42,,Curitiba
1591,18/12/24,Maria Souza,Feminino,Mouse,"R$ 800,00",3,2400,108m,Porto Alegre
1592,27/06/24,Ana Clara,Masculino,Monitor,"R$ 50,00",3,,,Rio de Janeiro
1593,24-08-2023,Maria Souza,m,Monitor,R$3500,1,3500,2h 9m,Curitiba
1594,09/07/23,Maria Souza,,Teclado,"R$ 50,00",1,784,19m,São Paulo
1595,2023-05-02,,F,Notebook,3500,2,100,,Curitiba
1596,2024-03-28, Pedro Alves ,MASCULINO,Monitor,R$50,3,,106m,Porto Alegre
1597,2023/06/25,Carlos Lima,F,Mouse,50,1,,57m,Rio de Janeiro
1598,11-05-2023, Pedro Alves ,MASCULINO,Mouse,800,3,2400,0:54:49,Porto Alegre
1599,13-08-2024,Maria Souza,F,Cadeira,50,3,3600,0:55:48,Porto Alegre
1600,15-12-2023,Carlos Lima,f,Cadeira,R$1200,2,2397,32m,São Paulo
1601,10-08-2024,Ana Clara,m,Mouse,1200,2,1638,3h 5m,Porto Alegre
1602,2024/08/17,Maria Souza,MASCULINO,Mouse,R$3500,3,150,3h 47m,Belo Horizonte
1603,2023/07/20,Maria Souza,M,Cadeira,R$3500,3,,,Belo Horizonte
1604,13/08/24,Ana Clara,Feminino,Notebook,"R$ 120,00",1,50,2h 50m,Rio de Janeiro
1605,03-04-2024,,MASCULINO,Monitor,"R$ 800,00",2,100,0h 6m,Porto Alegre
1606,2024/09/19, Pedro Alves ,,Monitor,R$120,3,3600,,Porto Alegre
1607,2023-05-28,,MASCULINO,Monitor,"R$ 1.200,00",3,150,0:33:54,Rio de Janeiro
1608,2024/03/02,,m,Teclado,"R$ 50,00",1,50,123m,Belo Horizonte
1609,19-06-2023, Pedro Alves ,Masculino,Notebook,R$3500,1,50,29m,Rio de Janeiro
1610,01/12/24,Maria Souza,Masculino,Notebook,1200,1,3512,0h 38m,Porto Alegre
1611,26/11/24,Maria Souza,Masculino,Monitor,1200,3,360,0:01:27,São Paulo
1612,2024/02/01,Maria Souza,m,Teclado,R$120,3,,3h 46m,São Paulo
1613,2023/06/10, João Silva ,F,Cadeira,"R$ 1.200,00",3,360,2h 33m,São Paulo
1614,2023/08/27, João Silva ,Masculino,Monitor,50,3,360,,Curitiba
1615,28-08-2024, Pedro Alves ,F,Mouse,"R$ 3.500,00",2,100,34m,São Paulo
1616,12-06-2023,Maria Souza,MASCULINO,Cadeira,R$3500,1,,128m,Curitiba
1617,04-04-2023,Maria Souza,,Notebook,R$50,2,,3h 3m,Porto Alegre
1618,04-10-2023,Carlos Lima,F,Cadeira,800,3,3600,0:05:33,Rio de Janeiro
1619,23/05/24,Ana Clara,f,Teclado,"R$ 3.500,00",1,1200,1h 54m,Porto Alegre
1620,18-06-2023, Pedro Alves ,m,Notebook,800,2,1550,90m,Belo Horizonte
1621,2023-06-14,Carlos Lima,Feminino,Teclado,50,3,,2h 6m,Rio de Janeiro
1622,2024/09/06,Carlos Lima,Masculino,Monitor,50,1,120,120m,Belo Horizonte
1623,2024-12-11,Carlos Lima,m,Notebook,R$120,1,120,,Curitiba
1624,15-07-2023, Pedro Alves ,F,Cadeira,R$1200,3,3600,1:47:51,Curitiba
1625,2023/11/16,,f,Teclado,120,3,,2:26:38,Curitiba
1626,2024/07/21,,M,Mouse,R$1200,2,,0:28:21,Belo Horizonte
1627,25/06/24, Pedro Alves ,M,Mouse,120,2,100,,Porto Alegre
1628,20/12/23, Pedro Alves ,m,Teclado,R$50,1,3500,141m,Rio de Janeiro
1629,2023-09-20,Carlos Lima,f,Teclado,"R$ 3.500,00",1,120,3h 35m,Porto Alegre
1630,27/07/24, João Silva ,M,Teclado,50,2,84,2h 50m,Porto Alegre
1631,23-08-2024, João Silva ,f,Cadeira,800,2,,,Porto Alegre
1632,16-09-2023,Ana Clara,M,Teclado,"R$ 1.200,00",2,204,45m,Rio de Janeiro
1633,07-11-2023, Pedro Alves ,,Cadeira,"R$ 800,00",3,3600,3h 1m,Belo Horizonte
1634,2023/03/11,Ana Clara,Masculino,Monitor,3500,2,1600,20m,Curitiba
1635,2024/08/23, João Silva ,MASCULINO,Notebook,"R$ 120,00",3,10481,3h 59m,Rio de Janeiro
1636,15-02-2024, João Silva ,M,Teclado,1200,3,10500,34m,Belo Horizonte
1637,17/11/23,,MASCULINO,Teclado,R$1200,1,800,2h 52m,São Paulo
1638,2023/08/04,Maria Souza,f,Notebook,3500,1,3500,3h 55m,São Paulo
1639,23/12/24,Ana Clara,F,Teclado,R$50,2,1600,113m,Porto Alegre
1640,2024/07/18, João Silva ,m,Cadeira,"R$ 3.500,00",2,2400,,Belo Horizonte
1641,25-05-2024,,M,Monitor,800,3,10500,1h 3m,Belo Horizonte
1642,13/04/23,Ana Clara,m,Mouse,R$3500,1,800,87m,São Paulo
1643,2024-04-10, João Silva ,f,Monitor,R$120,2,2409,162m,Curitiba
1644,2024/03/01,Carlos Lima,F,Cadeira,50,1,,0h 45m,Belo Horizonte
1645,2024-09-02, Pedro Alves ,F,Notebook,800,2,,,Rio de Janeiro
1646,02-12-2024,Maria Souza,,Teclado,R$50,2,259,120m,Curitiba
1647,2023/12/22, Pedro Alves ,F,Mouse,R$3500,3,10500,0h 10m,Curitiba
1648,2023-04-17, João Silva ,M,Mouse,R$50,1,1183,,Belo Horizonte
1649,2023-03-20,Ana Clara,M,Teclado,R$3500,3,,,Porto Alegre
1650,2024-03-17, João Silva ,Feminino,Cadeira,1200,3,360,122m,Rio de Janeiro
1651,20-02-2023,Maria Souza,F,Mouse,1200,1,3500,,Porto Alegre
1652,08-04-2023, João Silva ,M,Monitor,"R$ 50,00",1,,,Rio de Janeiro
1653,17-06-2023,Ana Clara,,Notebook,R$50,1,120,1:08:40,Porto Alegre
1654,13/01/23, Pedro Alves ,M,Mouse,"R$ 50,00",3,2445,2:34:08,Belo Horizonte
1655,07/06/24,Carlos Lima,M,Cadeira,800,1,1200,2:40:03,São Paulo
1656,27-11-2024, João Silva ,Feminino,Monitor,"R$ 120,00",3,3553,2h 11m,Porto Alegre
1657,06-01-2023,,f,Mouse,R$800,2,7000,0:28:26,Curitiba
1658,2023-03-24,,,Cadeira,R$1200,1,,,Rio de Janeiro
1659,17/04/23,Carlos Lima,f,Teclado,50,3,2400,,Belo Horizonte
1660,25-12-2023, João Silva ,M,Cadeira,"R$ 3.500,00",2,7000,2:39:05,Curitiba
1661,2024-03-18,Carlos Lima,F,Teclado,"R$ 50,00",2,240,0h 44m,Rio de Janeiro
1662,2023/07/16,Maria Souza,Masculino,Notebook,"R$ 50,00",3,3600,,Belo Horizonte
1663,2023-02-17, Pedro Alves ,F,Mouse,R$800,3,3627,0:21:17,Rio de Janeiro
1664,13/09/24,Carlos Lima,F,Teclado,800,2,7000,0:12:57,Rio de Janeiro
1665,2023/04/05,,m,Cadeira,R$1200,2,,,São Paulo
1666,26/02/23, Pedro Alves ,m,Cadeira,"R$ 1.200,00",3,,0h 32m,São Paulo
1667,05/01/23, Pedro Alves ,Feminino,Teclado,120,2,2400,,Belo Horizonte
1668,18-08-2023,Carlos Lima,F,Notebook,120,2,,2h 37m,Curitiba
1669,2023-12-23, Pedro Alves ,M,Cadeira,50,2,2400,,Curitiba
1670,28/10/24,,MASCULINO,Mouse,R$50,2,7000,1:14:36,Curitiba
1671,2024-01-17, João Silva ,F,Notebook,"R$ 3.500,00",1,800,1:00:30,Porto Alegre
1672,2023/07/27,Carlos Lima,Masculino,Cadeira,3500,2,240,1h 45m,São Paulo
1673,24-07-2024, João Silva ,f,Teclado,1200,3,2446,,Belo Horizonte
1674,07-05-2024,,M,Teclado,R$3500,2,2400,,Curitiba
1675,2024/09/24,,m,Cadeira,50,2,,,Porto Alegre
1676,22-10-2023,Carlos Lima,,Mouse,R$800,3,150,2h 47m,Curitiba
1677,2024/10/18,Maria Souza,M,Mouse,"R$ 800,00",1,1200,3h 29m,Belo Horizonte
1678,09/12/23,Carlos Lima,M,Monitor,R$800,2,7000,30m,Porto Alegre
1679,17-02-2023,Ana Clara,,Monitor,R$3500,1,,1h 32m,Rio de Janeiro
1680,16-05-2024, João Silva ,Masculino,Monitor,50,1,,111m,São Paulo
1681,17/09/23,Ana Clara,Feminino,Monitor,"R$ 1.200,00",3,2400,,Curitiba
1682,03-10-2023, Pedro Alves ,,Teclado,"R$ 3.500,00",2,1600,40m,Belo Horizonte
1683,25-06-2024,Maria Souza,MASCULINO,Mouse,1200,2,7000,1h 42m,São Paulo
1684,2024-09-27,,MASCULINO,Cadeira,R$50,2,100,2h 57m,Curitiba
1685,24/03/24,,M,Notebook,"R$ 3.500,00",2,275,60m,Porto Alegre
1686,2024-10-26,Carlos Lima,M,Notebook,R$3500,2,240,1:46:50,Porto Alegre
1687,2023-02-16,Carlos Lima,Masculino,Notebook,"R$ 120,00",1,50,1:02:32,Belo Horizonte
1688,2024-07-14, Pedro Alves ,Feminino,Cadeira,"R$ 3.500,00",1,14,124m,Curitiba
1689,01/05/24,Ana Clara,m,Teclado,R$50,3,10500,2:37:12,Porto Alegre
1690,2023/07/15,,,Mouse,R$50,1,1237,,Porto Alegre
1691,2024/03/15,Ana Clara,MASCULINO,Notebook,3500,2,1600,0:39:48,Rio de Janeiro
1692,12/12/23, Pedro Alves ,f,Mouse,"R$ 120,00",3,360,2:37:04,São Paulo
1693,10-02-2023,Maria Souza,f,Monitor,R$1200,1,3507,0:30:54,Rio de Janeiro
1694,2023-03-01,Maria Souza,Masculino,Cadeira,R$120,3,10500,2h 6m,Rio de Janeiro
1695,06/02/23,Ana Clara,m,Mouse,"R$ 3.500,00",1,50,,Belo Horizonte
1696,2024/03/08, João Silva ,F,Cadeira,120,1,3468,,Curitiba
1697,2024-06-13, João Silva ,f,Cadeira,R$1200,3,,2:47:49,Curitiba
1698,2023-01-21,Ana Clara,Feminino,Teclado,"R$ 120,00",3,10522,1:48:57,Porto Alegre
1699,2024-11-07,Ana Clara,,Notebook,800,2,100,118m,Porto Alegre
1700,24-12-2023, João Silva ,Feminino,Cadeira,R$1200,2,240,3h 43m,Rio de Janeiro
1701,20/10/23,Carlos Lima,F,Notebook,R$120,2,2400,1h 43m,Porto Alegre
1702,06-07-2023,Maria Souza,Masculino,Mouse,R$1200,2,,0h 36m,Porto Alegre
1703,12/04/23, Pedro Alves ,,Notebook,"R$ 800,00",1,3500,24m,Curitiba
1704,24/04/23,Maria Souza,m,Mouse,"R$ 1.200,00",1,75,0:52:22,São Paulo
1705,01/11/24,Ana Clara,,Monitor,R$120,1,1200,94m,Curitiba
1706,2023-11-19, Pedro Alves ,Feminino,Mouse,R$120,1,120,152m,Porto Alegre
1707,25/11/24,,f,Teclado,R$3500,2,7000,1:40:38,Curitiba
1708,07-02-2023,Maria Souza,Masculino,Cadeira,1200,3,,,Porto Alegre
1709,03-07-2024, João Silva ,m,Teclado,R$3500,3,360,,São Paulo
1710,2024/04/25,,Masculino,Mouse,"R$ 120,00",1,1200,,São Paulo
1711,28-08-2024,Maria Souza,M,Monitor,"R$ 120,00",3,360,0:56:50,Rio de Janeiro
1712,11/08/23,Maria Souza,f,Teclado,"R$ 800,00",2,100,102m,Rio de Janeiro
1713,2023/03/14,Maria Souza,f,Cadeira,"R$ 1.200,00",3,,1h 52m,Curitiba
1714,14-11-2024,Carlos Lima,,Notebook,120,2,7000,2h 32m,Rio de Janeiro
1715,2023-04-09,Carlos Lima,MASCULINO,Teclado,800,2,2400,2:34:59,Belo Horizonte
1716,14-04-2023, Pedro Alves ,M,Cadeira,"R$ 1.200,00",3,,2h 59m,Rio de Janeiro
1717,19-03-2024,,M,Cadeira,"R$ 50,00",1,3550,0:07:30,Rio de Janeiro
1718,2023-06-07,Maria Souza,m,Cadeira,1200,2,1586,152m,Porto Alegre
1719,2024-05-05,Carlos Lima,M,Notebook,120,3,2418,2h 23m,Porto Alegre
1720,2024-11-17,Carlos Lima,Masculino,Notebook,R$3500,3,3600,1:09:09,Curitiba
1721,2024/07/01,Carlos Lima,Feminino,Notebook,R$3500,1,3500,2:59:06,São Paulo
1722,2023-09-22, Pedro Alves ,Feminino,Monitor,R$800,1,120,2:24:24,Belo Horizonte
1723,23/08/24,,F,Teclado,"R$ 3.500,00",1,3500,,Belo Horizonte
1724,26-03-2023, João Silva ,m,Monitor,120,2,100,,Curitiba
1725,27-04-2024,Carlos Lima,,Notebook,R$120,1,,162m,Porto Alegre
1726,2024-10-01,Carlos Lima,m,Mouse,"R$ 3.500,00",1,,1:27:23,São Paulo
1727,2023/06/10,Carlos Lima,M,Notebook,R$120,1,,37m,São Paulo
1728,2023/04/11,Maria Souza,MASCULINO,Mouse,"R$ 3.500,00",3,3600,69m,Curitiba
1729,2023-02-26, Pedro Alves ,F,Notebook,120,2,7000,,Rio de Janeiro
1730,18/12/24, João Silva ,F,Mouse,800,1,1200,0h 5m,Curitiba
1731,10-03-2024, João Silva ,Masculino,Teclado,120,3,3600,0h 56m,Curitiba
1732,2023/11/07,,Masculino,Monitor,1200,1,,0h 54m,São Paulo
1733,2024/07/25,Carlos Lima,Feminino,Cadeira,R$50,3,374,,Belo Horizonte
1734,2023-12-13, Pedro Alves ,MASCULINO,Mouse,R$1200,3,,133m,Curitiba
1735,2024-05-09, Pedro Alves ,F,Monitor,"R$ 3.500,00",3,2400,131m,São Paulo
1736,2024-12-04,Maria Souza,Feminino,Teclado,"R$ 3.500,00",1,1200,0h 7m,Curitiba
1737,24-06-2023,Maria Souza,f,Notebook,"R$ 50,00",2,240,149m,Porto Alegre
1738,20-04-2023, João Silva ,Masculino,Mouse,"R$ 800,00",2,2400,2:37:34,São Paulo
1739,12-08-2023,,Masculino,Mouse,R$120,2,7000,2h 10m,Porto Alegre
1740,2024/10/13,Ana Clara,Feminino,Teclado,"R$ 800,00",2,240,,Rio de Janeiro
1741,23/02/23,Maria Souza,Masculino,Cadeira,1200,1,50,0h 51m,Curitiba
1742,2023/03/23,,F,Notebook,"R$ 3.500,00",1,1200,2:59:04,Rio de Janeiro
1743,27-03-2023,Maria Souza,,Teclado,"R$ 3.500,00",3,360,1:45:39,Rio de Janeiro
1744,2023/12/11,Maria Souza,Feminino,Cadeira,3500,2,100,1:07:19,Curitiba
1745,26-03-2024,,Masculino,Cadeira,R$50,2,240,1:38:47,Belo Horizonte
1746,03-03-2024, Pedro Alves ,MASCULINO,Cadeira,800,2,240,,Curitiba
1747,09-01-2023,Ana Clara,M,Mouse,R$1200,1,50,0:06:28,Rio de Janeiro
1748,2023-01-12,Maria Souza,,Cadeira,"R$ 1.200,00",3,2400,3h 43m,São Paulo
1749,16-11-2023,,F,Teclado,1200,3,360,24m,São Paulo
1750,17/12/23,Ana Clara,f,Notebook,"R$ 120,00",1,800,16m,Rio de Janeiro
1751,2024/07/07,Maria Souza,MASCULINO,Cadeira,3500,1,1200,0:13:50,Rio de Janeiro
1752,01-01-2024,,M,Monitor,R$120,3,3600,69m,Porto Alegre
1753,2024-03-18,Maria Souza,F,Notebook,"R$ 120,00",1,82,,Porto Alegre
1754,23-01-2024,Maria Souza,M,Mouse,R$3500,1,99,1:15:37,São Paulo
1755,28/04/23,Carlos Lima,,Notebook,"R$ 50,00",1,120,,Belo Horizonte
1756,19/09/23,Carlos Lima,M,Cadeira,"R$ 50,00",3,360,67m,Curitiba
1757,06-01-2024,,Masculino,Mouse,"R$ 50,00",2,7000,0:16:45,Rio de Janeiro
1758,2023-04-07,Maria Souza,F,Cadeira,50,3,2400,2h 58m,Rio de Janeiro
1759,26/09/23,Ana Clara,m,Notebook,R$50,1,50,2h 30m,Belo Horizonte
1760,2024-10-12, João Silva ,F,Monitor,"R$ 3.500,00",3,3600,0:34:33,São Paulo
1761,08/08/24,Carlos Lima,MASCULINO,Cadeira,3500,2,240,175m,Curitiba
1762,04/01/24, João Silva ,Masculino,Monitor,"R$ 50,00",3,360,3h 57m,Rio de Janeiro
1763,2023/01/16,Ana Clara,Feminino,Mouse,800,3,,145m,Porto Alegre
1764,2024-07-15,,M,Cadeira,R$50,3,3600,22m,Belo Horizonte
1765,16/08/23,,m,Mouse,800,3,10500,3h 16m,Belo Horizonte
1766,15-06-2024,Carlos Lima,Feminino,Monitor,"R$ 3.500,00",3,360,,Rio de Janeiro
1767,01-12-2024,Carlos Lima,,Monitor,1200,1,1203,100m,Curitiba
1768,2023-09-06, João Silva ,M,Mouse,R$120,3,10500,52m,São Paulo
1769,16-07-2023,Ana Clara,MASCULINO,Monitor,"R$ 3.500,00",2,,0:59:27,São Paulo
1770,07/02/24,Maria Souza,f,Cadeira,50,1,120,128m,Belo Horizonte
1771,17/05/24,Carlos Lima,F,Teclado,"R$ 50,00",2,258,2:44:57,Belo Horizonte
1772,04/12/23,Ana Clara,M,Monitor,50,2,2400,2:22:56,Rio de Janeiro
1773,2023-10-07,Ana Clara,Masculino,Notebook,"R$ 120,00",1,3500,,Belo Horizonte
1774,2023/01/25, João Silva ,M,Mouse,R$800,1,109,,Rio de Janeiro
1775,12-09-2023,Ana Clara,F,Monitor,R$50,2,1600,179m,Porto Alegre
1776,2023-10-02,Carlos Lima,f,Mouse,800,2,223,0:50:56,Curitiba
1777,22/10/23,Carlos Lima,f,Teclado,1200,3,340,,Porto Alegre
1778,13-06-2024,Carlos Lima,MASCULINO,Cadeira,R$50,1,1200,,São Paulo
1779,25/09/23, João Silva ,MASCULINO,Mouse,R$50,2,1600,160m,Belo Horizonte
1780,01-03-2023,,,Teclado,R$800,2,6999,42m,Porto Alegre
1781,2023-08-06, Pedro Alves ,Feminino,Mouse,R$3500,1,,2h 48m,Curitiba
1782,2023/03/19,,Masculino,Cadeira,R$800,2,,,São Paulo
1783,2024-03-04,Carlos Lima,Feminino,Monitor,"R$ 3.500,00",3,10536,2:52:00,São Paulo
1784,2024-01-20,Maria Souza,Feminino,Notebook,"R$ 3.500,00",2,2400,,Belo Horizonte
1785,28-04-2024,Ana Clara,MASCULINO,Monitor,R$800,3,174,163m,Belo Horizonte
1786,2023/01/08, Pedro Alves ,m,Cadeira,R$120,3,360,164m,Curitiba
1787,2023-04-24,Maria Souza,Masculino,Cadeira,"R$ 800,00",2,240,3h 10m,Curitiba
1788,2023/03/09,Carlos Lima,m,Monitor,120,1,50,2:25:50,São Paulo
1789,06/09/24, Pedro Alves ,MASCULINO,Cadeira,R$120,3,360,0h 28m,Belo Horizonte
1790,2024-04-27,Ana Clara,F,Teclado,50,2,2427,,Porto Alegre
1791,2023-10-08, João Silva ,,Teclado,800,1,800,,Rio de Janeiro
1792,2024/04/24,Maria Souza,M,Cadeira,3500,3,10519,2h 14m,Porto Alegre
1793,01/01/24,Carlos Lima,,Teclado,50,3,,2:21:49,Belo Horizonte
1794,07/08/24,Carlos Lima,f,Cadeira,"R$ 50,00",3,10500,72m,Curitiba
1795,2023/08/05,,,Cadeira,"R$ 3.500,00",3,,1:25:12,Porto Alegre
1796,2023-12-13,Maria Souza,F,Mouse,3500,3,2400,,Porto Alegre
1797,05-01-2024, Pedro Alves ,MASCULINO,Monitor,R$800,1,800,2h 29m,Porto Alegre
1798,25/04/24, Pedro Alves ,m,Teclado,R$3500,2,,2h 59m,Rio de Janeiro
1799,2024-04-20, Pedro Alves ,,Notebook,"R$ 1.200,00",3,3600,3h 45m,Belo Horizonte
1800,01-08-2023, João Silva ,,Teclado,"R$ 1.200,00",2,,74m,Curitiba
1801,2024-01-23,Carlos Lima,f,Notebook,R$3500,2,2400,2:41:31,Porto Alegre
1802,16-10-2024,Carlos Lima,f,Teclado,"R$ 1.200,00",3,328,,Porto Alegre
1803,12/09/24,,f,Teclado,50,3,,,Porto Alegre
1804,11/07/23, João Silva ,,Cadeira,800,1,800,47m,São Paulo
1805,13/01/23, João Silva ,Feminino,Monitor,800,3,150,,Belo Horizonte
1806,2024/08/21,Carlos Lima,MASCULINO,Monitor,120,3,150,,Rio de Janeiro
1807,2024-08-20,,F,Mouse,R$3500,3,150,2h 46m,Belo Horizonte
1808,21/02/24,,Feminino,Teclado,120,2,,,Belo Horizonte
1809,12/12/23, João Silva ,F,Cadeira,"R$ 50,00",1,50,0h 38m,Belo Horizonte
1810,2024/09/19, João Silva ,,Teclado,50,1,3500,3h 41m,Porto Alegre
1811,06-06-2023,Ana Clara,,Monitor,"R$ 120,00",1,3500,15m,Rio de Janeiro
1812,2024/12/03,Ana Clara,F,Monitor,120,3,3600,0:54:57,Curitiba
1813,2023/02/05, João Silva ,f,Monitor,"R$ 120,00",2,240,0:02:57,Rio de Janeiro
1814,2024-02-12,Carlos Lima,M,Mouse,1200,1,800,88m,Rio de Janeiro
1815,19-04-2024,,m,Monitor,R$120,3,121,,São Paulo
1816,2024/02/17,Ana Clara,Feminino,Notebook,"R$ 50,00",3,360,,Rio de Janeiro
1817,2024-03-06,Maria Souza,MASCULINO,Mouse,"R$ 1.200,00",2,1600,3h 18m,São Paulo
1818,28-07-2024,,,Notebook,1200,1,1200,0:39:49,São Paulo
1819,2024/11/18, Pedro Alves ,M,Mouse,R$800,1,,0h 11m,Belo Horizonte
1820,13/09/23, Pedro Alves ,,Teclado,R$3500,2,240,12m,São Paulo
1821,2023-04-02, João Silva ,M,Monitor,800,2,,2:39:48,Porto Alegre
1822,2024-05-25, Pedro Alves ,MASCULINO,Teclado,120,3,2400,3h 38m,Curitiba
1823,2023/05/16,Ana Clara,Feminino,Mouse,50,2,6989,,Porto Alegre
1824,05-11-2023,Maria Souza,Masculino,Monitor,800,1,120,0:13:06,Curitiba
1825,2023-04-05, João Silva ,,Notebook,800,1,3500,2h 24m,Porto Alegre
1826,2023/12/02, João Silva ,f,Mouse,"R$ 1.200,00",3,10526,0h 35m,Curitiba
1827,24/06/23,Ana Clara,m,Cadeira,1200,1,,1h 5m,Curitiba
1828,27/05/23,Carlos Lima,,Cadeira,"R$ 120,00",3,10500,26m,Rio de Janeiro
1829,09-09-2023,,,Notebook,R$3500,2,1600,1:24:55,Rio de Janeiro
1830,04-12-2024, Pedro Alves ,M,Mouse,"R$ 3.500,00",1,120,3h 58m,Porto Alegre
1831,28-08-2024,Maria Souza,,Cadeira,R$3500,1,1242,106m,Porto Alegre
1832,2024-10-16,,M,Teclado,R$120,1,,143m,Curitiba
1833,10/08/24,Maria Souza,M,Teclado,3500,2,100,,São Paulo
1834,2024/10/19,Carlos Lima,m,Monitor,"R$ 1.200,00",3,150,178m,Belo Horizonte
1835,22/01/23,Ana Clara,M,Monitor,R$1200,2,240,95m,Porto Alegre
1836,2024/12/15,Carlos Lima,Feminino,Teclado,800,3,2400,3h 44m,Porto Alegre
1837,20-07-2024, João Silva ,m,Monitor,3500,2,240,2h 29m,São Paulo
1838,23/08/24,Maria Souza,MASCULINO,Mouse,R$50,2,121,1h 57m,Porto Alegre
1839,14-04-2024,,M,Cadeira,800,2,2400,2:43:30,Belo Horizonte
1840,11/10/24,Maria Souza,m,Mouse,R$3500,1,3494,3h 41m,Curitiba
1841,07/11/23,Ana Clara,,Monitor,R$800,2,100,83m,Porto Alegre
1842,2024-01-26,Ana Clara,MASCULINO,Mouse,R$1200,3,2400,108m,Belo Horizonte
1843,2023/07/28, Pedro Alves ,Feminino,Mouse,R$800,2,2400,1h 28m,Curitiba
1844,2023/04/02, João Silva ,f,Monitor,R$3500,1,3500,3h 19m,Porto Alegre
1845,17/09/24,Maria Souza,Feminino,Monitor,"R$ 1.200,00",1,760,,Rio de Janeiro
1846,2023/10/21, João Silva ,Feminino,Teclado,"R$ 50,00",1,72,47m,São Paulo
1847,27/12/23,Maria Souza,MASCULINO,Monitor,"R$ 50,00",1,50,,Rio de Janeiro
1848,05-10-2023,Carlos Lima,M,Cadeira,3500,2,240,3h 38m,Rio de Janeiro
1849,2023/10/19,,MASCULINO,Teclado,800,1,120,2:32:29,Belo Horizonte
1850,2023/02/22, Pedro Alves ,f,Mouse,"R$ 50,00",2,,,Porto Alegre
1851,14/02/24,Ana Clara,Feminino,Cadeira,R$1200,2,2417,62m,Curitiba
1852,06-09-2024,Carlos Lima,M,Notebook,R$3500,1,,176m,São Paulo
1853,28-09-2024, João Silva ,F,Monitor,50,2,,1:09:09,Rio de Janeiro
1854,26/04/23,Ana Clara,m,Teclado,R$50,1,800,2h 22m,São Paulo
1855,2023-02-19,Maria Souza,F,Notebook,R$800,1,764,,Curitiba
1856,2023/03/04,,Masculino,Monitor,50,3,360,136m,Porto Alegre
1857,2023/05/22,,f,Mouse,50,2,240,0:38:04,Porto Alegre
1858,2023-11-17,Maria Souza,M,Cadeira,1200,2,,25m,Curitiba
1859,2024-11-21,Ana Clara,Masculino,Mouse,R$120,3,401,0:02:07,Porto Alegre
1860,24/01/24,Carlos Lima,Feminino,Mouse,3500,2,2400,2:28:59,Belo Horizonte
1861,04/04/24,Ana Clara,,Teclado,R$50,2,7020,,Curitiba
1862,2023-04-07,,MASCULINO,Notebook,"R$ 800,00",2,,3h 53m,Belo Horizonte
1863,23/10/24, João Silva ,f,Teclado,50,2,1600,,Belo Horizonte
1864,06-03-2024,,F,Teclado,"R$ 50,00",1,3500,50m,Porto Alegre
1865,2023/08/22,,MASCULINO,Mouse,"R$ 1.200,00",2,1600,179m,Rio de Janeiro
1866,13-07-2024,,f,Teclado,"R$ 120,00",1,120,2h 6m,Belo Horizonte
1867,2023/09/23,Ana Clara,f,Notebook,R$800,3,150,33m,Porto Alegre
1868,2023/12/27, Pedro Alves ,f,Cadeira,R$120,2,260,,Porto Alegre
1869,2024-01-09, João Silva ,M,Teclado,R$1200,2,,44m,Curitiba
1870,10-09-2023,Maria Souza,M,Notebook,50,2,2400,,Rio de Janeiro
1871,06-04-2024,Maria Souza,,Mouse,800,3,360,,São Paulo
1872,2024/07/16, Pedro Alves ,m,Monitor,120,3,360,,Belo Horizonte
1873,2024/03/23,Maria Souza,Feminino,Monitor,R$3500,1,1200,0:08:37,Curitiba
1874,08/05/23,Carlos Lima,Feminino,Teclado,"R$ 800,00",2,1600,0:04:58,Rio de Janeiro
1875,04-04-2024,Ana Clara,,Mouse,50,2,100,,São Paulo
1876,15-05-2023,Maria Souza,Feminino,Cadeira,"R$ 120,00",2,2400,19m,Rio de Janeiro
1877,23/11/24,,,Cadeira,"R$ 3.500,00",2,7000,3h 59m,Porto Alegre
1878,14-02-2023, João Silva ,m,Cadeira,1200,3,150,65m,Belo Horizonte
1879,2023/03/17,Ana Clara,M,Notebook,1200,2,1600,,Rio de Janeiro
1880,19-05-2023,Maria Souza,MASCULINO,Cadeira,800,2,2400,,Rio de Janeiro
1881,2023/04/11, João Silva ,f,Mouse,"R$ 1.200,00",3,10500,,São Paulo
1882,06-02-2023, Pedro Alves ,f,Notebook,800,3,3600,2:01:27,São Paulo
1883,22-07-2023,,Feminino,Notebook,120,1,3500,3h 58m,Rio de Janeiro
1884,12-12-2024,,MASCULINO,Mouse,R$1200,1,120,1:25:58,Curitiba
1885,2024-05-24, João Silva ,,Teclado,R$120,3,,176m,São Paulo
1886,04/03/24, Pedro Alves ,Feminino,Notebook,R$800,3,360,2:25:14,Belo Horizonte
1887,2023/04/13,,Feminino,Notebook,3500,3,3635,2:30:31,Porto Alegre
1888,09/04/24,,Feminino,Teclado,1200,2,240,,Curitiba
1889,2023/04/15, Pedro Alves ,F,Monitor,R$50,2,2377,30m,Belo Horizonte
1890,09-08-2023, Pedro Alves ,Feminino,Cadeira,R$120,1,3500,1h 27m,Curitiba
1891,2023/02/19,,F,Teclado,"R$ 120,00",3,2400,125m,Belo Horizonte
1892,08/03/23,Carlos Lima,f,Teclado,"R$ 3.500,00",2,240,,Belo Horizonte
1893,16/05/24,Carlos Lima,Masculino,Monitor,"R$ 3.500,00",2,100,,Belo Horizonte
1894,11/11/23,Maria Souza,,Cadeira,"R$ 1.200,00",2,240,2h 46m,Rio de Janeiro
1895,2024/01/20,Ana Clara,F,Notebook,"R$ 3.500,00",3,10500,,Porto Alegre
1896,2023-09-03,,MASCULINO,Teclado,R$50,3,3600,1h 5m,Porto Alegre
1897,2024/01/26,,MASCULINO,Cadeira,R$3500,2,2420,0:00:17,Belo Horizonte
1898,2023/05/05,,f,Teclado,"R$ 1.200,00",1,3500,23m,Rio de Janeiro
1899,2023/11/13,Maria Souza,Feminino,Monitor,"R$ 3.500,00",2,1600,11m,Belo Horizonte
1900,2024/09/12,Carlos Lima,MASCULINO,Mouse,50,3,360,131m,Belo Horizonte
1901,13-10-2023, João Silva ,M,Cadeira,"R$ 3.500,00",1,818,2h 41m,Belo Horizonte
1902,10/08/23, João Silva ,M,Notebook,R$120,1,120,3h 18m,Porto Alegre
1903,2024/01/12, Pedro Alves ,m,Monitor,R$3500,3,360,2:59:15,Belo Horizonte
1904,27-07-2023,Ana Clara,Feminino,Mouse,"R$ 3.500,00",1,,31m,Curitiba
1905,2024-06-01,Carlos Lima,f,Teclado,120,2,240,2h 11m,Porto Alegre
1906,04-02-2024, Pedro Alves ,f,Notebook,R$50,1,1200,1:16:42,Porto Alegre
1907,22/05/23,Ana Clara,M,Teclado,"R$ 50,00",1,3500,2h 53m,Rio de Janeiro
1908,2023/01/02, João Silva ,Feminino,Monitor,"R$ 800,00",3,,,Porto Alegre
1909,2024-06-18, Pedro Alves ,Masculino,Mouse,120,2,100,1h 4m,São Paulo
1910,2024/06/16,Carlos Lima,Masculino,Teclado,800,3,2400,142m,Curitiba
1911,02-03-2024, João Silva ,Masculino,Cadeira,R$800,3,10500,36m,Curitiba
1912,2024-02-01,Ana Clara,Feminino,Mouse,"R$ 120,00",2,100,101m,Curitiba
1913,22-09-2023,Ana Clara,Masculino,Monitor,R$1200,2,,,Rio de Janeiro
1914,2023/12/28, Pedro Alves ,,Teclado,R$3500,3,2400,169m,São Paulo
1915,12/08/24,,F,Cadeira,R$120,3,,,São Paulo
1916,04/11/23, Pedro Alves ,f,Teclado,800,3,,,Porto Alegre
1917,09-11-2024,,F,Teclado,R$120,2,7000,0:49:10,Belo Horizonte
1918,2024/06/14, Pedro Alves ,Feminino,Mouse,3500,3,360,,Porto Alegre
1919,23-08-2023, João Silva ,f,Notebook,"R$ 1.200,00",3,2357,0:26:47,Rio de Janeiro
1920,2023/07/27,Ana Clara,Masculino,Notebook,"R$ 50,00",2,1600,2h 45m,Porto Alegre
1921,08/11/23,,Feminino,Teclado,50,1,,3h 43m,Curitiba
1922,28-01-2024,,,Notebook,R$120,2,7000,0h 21m,São Paulo
1923,2023-01-24, João Silva ,Feminino,Mouse,"R$ 3.500,00",3,,113m,Rio de Janeiro
1924,2024-12-17,,,Monitor,120,1,,1h 25m,Curitiba
1925,28-02-2023,Maria Souza,f,Monitor,"R$ 800,00",1,120,,São Paulo
1926,2023-09-17,Carlos Lima,M,Monitor,"R$ 800,00",2,1600,0:52:31,Rio de Janeiro
1927,15/09/24,Ana Clara,Masculino,Mouse,50,2,192,,Curitiba
1928,2024/02/07, João Silva ,Masculino,Mouse,"R$ 3.500,00",1,1200,1:54:14,São Paulo
1929,01/10/24,Ana Clara,f,Notebook,120,2,100,,Porto Alegre
1930,04-07-2024,,Masculino,Notebook,3500,2,2400,2:00:23,Curitiba
1931,15/08/24,Ana Clara,m,Mouse,800,1,3486,123m,Rio de Janeiro
1932,2024/10/02,Carlos Lima,,Mouse,"R$ 120,00",2,100,3h 31m,Curitiba
1933,2024-11-07,Maria Souza,m,Notebook,R$800,2,7000,2h 4m,São Paulo
1934,22-02-2024,Carlos Lima,M,Monitor,"R$ 1.200,00",2,,2:23:03,São Paulo
1935,2023/10/09,Ana Clara,m,Cadeira,R$1200,3,360,,Rio de Janeiro
1936,2023/05/14, Pedro Alves ,m,Monitor,"R$ 120,00",2,1600,1:25:44,Belo Horizonte
1937,20-09-2024, Pedro Alves ,Masculino,Notebook,50,1,,2h 12m,Curitiba
1938,2023/09/18,Ana Clara,F,Monitor,"R$ 50,00",1,99,0:40:26,Rio de Janeiro
1939,2024-02-28, João Silva ,,Notebook,"R$ 3.500,00",1,1177,3h 4m,Curitiba
1940,2024/05/02,,f,Cadeira,"R$ 3.500,00",3,10500,0:16:29,Curitiba
1941,2024/04/06,Maria Souza,M,Cadeira,1200,2,100,2h 31m,São Paulo
1942,2023/06/17,Carlos Lima,,Mouse,"R$ 120,00",2,2400,2:40:44,Curitiba
1943,2023-06-14,Ana Clara,MASCULINO,Teclado,"R$ 50,00",2,122,179m,São Paulo
1944,10-04-2023,Ana Clara,MASCULINO,Teclado,R$3500,1,,3h 34m,Rio de Janeiro
1945,2024/07/08, João Silva ,,Notebook,3500,1,,,São Paulo
1946,2023/11/04, Pedro Alves ,F,Teclado,"R$ 800,00",2,240,1:15:09,Porto Alegre
1947,24/06/23,,m,Cadeira,"R$ 3.500,00",1,120,1:22:36,Belo Horizonte
1948,2023/07/03,Maria Souza,F,Monitor,R$50,2,2400,0:03:31,Belo Horizonte
1949,25/07/23,Maria Souza,Feminino,Cadeira,"R$ 120,00",1,830,,Belo Horizonte
1950,28-03-2024, João Silva ,MASCULINO,Monitor,120,1,120,0h 2m,Belo Horizonte
1951,13-08-2023,Carlos Lima,Feminino,Monitor,R$1200,3,3600,1h 45m,São Paulo
1952,2023/12/15,Carlos Lima,F,Teclado,3500,1,813,1:57:08,Rio de Janeiro
1953,13-03-2024, João Silva ,Feminino,Teclado,"R$ 1.200,00",1,120,2:41:07,São Paulo
1954,2024-05-06,Carlos Lima,M,Monitor,"R$ 800,00",1,800,124m,São Paulo
1955,04/10/24, João Silva ,Feminino,Teclado,R$1200,3,10500,1:16:04,Porto Alegre
1956,2023/04/12,Ana Clara,M,Teclado,800,1,120,1h 37m,Curitiba
1957,28-04-2023,,F,Teclado,1200,2,246,2h 48m,Rio de Janeiro
1958,05-03-2023,Maria Souza,M,Cadeira,120,1,116,,Porto Alegre
1959,02-12-2024,,F,Teclado,50,3,10458,99m,Belo Horizonte
1960,2023-04-03,Ana Clara,Feminino,Teclado,"R$ 120,00",3,,2:56:26,Rio de Janeiro
1961,2023-11-06,Ana Clara,MASCULINO,Monitor,"R$ 50,00",1,1203,,Curitiba
1962,2023-11-16,Maria Souza,Feminino,Notebook,"R$ 120,00",3,360,2h 32m,Curitiba
1963,2024-06-11,Ana Clara,MASCULINO,Monitor,1200,1,800,1:53:45,Curitiba
1964,03/09/24,,MASCULINO,Cadeira,R$3500,2,2400,,São Paulo
1965,23-11-2024, Pedro Alves ,Feminino,Mouse,800,3,,,Curitiba
1966,2023-06-11,Maria Souza,F,Mouse,R$3500,3,10500,76m,Porto Alegre
1967,08/09/24,Carlos Lima,,Mouse,"R$ 3.500,00",3,2400,,São Paulo
1968,2023/04/22, João Silva ,F,Mouse,R$800,1,,,Belo Horizonte
1969,2024/11/01, Pedro Alves ,F,Cadeira,"R$ 50,00",3,,3h 24m,São Paulo
1970,2024-12-03, João Silva ,M,Monitor,800,3,2364,173m,São Paulo
1971,2023-01-02, Pedro Alves ,M,Cadeira,1200,2,100,,Belo Horizonte
1972,2024-11-03,Ana Clara,F,Mouse,"R$ 800,00",1,3500,1h 47m,Belo Horizonte
1973,16-10-2023, Pedro Alves ,M,Cadeira,"R$ 120,00",3,2400,,Belo Horizonte
1974,11-11-2024, João Silva ,Masculino,Notebook,R$1200,1,3500,20m,Curitiba
1975,2023/05/20,Maria Souza,MASCULINO,Mouse,R$1200,2,2372,167m,Rio de Janeiro
1976,2023/01/26, João Silva ,,Monitor,"R$ 1.200,00",1,800,,São Paulo
1977,2023-05-13,Maria Souza,Masculino,Cadeira,R$1200,2,1560,1:02:39,São Paulo
1978,15/02/24,,M,Teclado,R$120,1,800,,São Paulo
1979,2023-01-05, Pedro Alves ,M,Monitor,1200,2,240,55m,Curitiba
1980,17-10-2023, Pedro Alves ,m,Notebook,"R$ 1.200,00",3,2441,129m,Curitiba
1981,21-12-2024,,Masculino,Mouse,R$800,2,,83m,Rio de Janeiro
1982,19/04/24,Maria Souza,M,Notebook,3500,1,50,2:41:36,São Paulo
1983,2024/01/17, Pedro Alves ,,Teclado,R$50,2,100,0:01:04,Porto Alegre
1984,16-01-2024, João Silva ,m,Cadeira,50,1,120,1:46:22,Porto Alegre
1985,13-11-2024, João Silva ,Feminino,Mouse,R$50,3,2400,2:50:28,Porto Alegre
1986,01/02/24,,,Monitor,1200,1,1200,,Porto Alegre
1987,2024-05-08,,Feminino,Notebook,1200,3,,54m,Rio de Janeiro
1988,2024/11/10, Pedro Alves ,MASCULINO,Teclado,R$3500,3,360,11m,Curitiba
1989,20-10-2024, João Silva ,F,Notebook,"R$ 3.500,00",1,29,20m,São Paulo
1990,23/06/24, João Silva ,m,Monitor,"R$ 800,00",1,120,,Curitiba
1991,2023/12/21,,Masculino,Teclado,"R$ 120,00",3,,0h 25m,Rio de Janeiro
1992,2024/01/15,Ana Clara,m,Monitor,"R$ 3.500,00",2,,3h 32m,Porto Alegre
1993,06/02/23,Carlos Lima,F,Mouse,1200,2,2400,40m,Rio de Janeiro
1994,2024/03/28, Pedro Alves ,,Cadeira,R$50,1,3500,,Belo Horizonte
1995,2024/07/07,Carlos Lima,MASCULINO,Monitor,1200,3,10500,1:43:46,Belo Horizonte
1996,2023-12-26, Pedro Alves ,M,Monitor,50,3,360,0h 14m,Belo Horizonte
1997,27-09-2024, João Silva ,F,Monitor,"R$ 800,00",2,7047,1h 37m,Belo Horizonte
1998,2023/06/23, Pedro Alves ,f,Monitor,800,3,10500,178m,Porto Alegre
1999,25-04-2024, Pedro Alves ,f,Teclado,"R$ 50,00",2,2400,2:35:56,Curitiba
2000,2023-08-24,Ana Clara,Feminino,Monitor,R$120,3,10452,1:04:58,Curitiba
2001,12/08/23,,m,Teclado,R$120,3,2400,123m,Rio de Janeiro
2002,2024-02-11,Ana Clara,MASCULINO,Mouse,3500,2,,,Curitiba
2003,2023-02-23,,F,Mouse,"R$ 1.200,00",2,240,1:45:07,São Paulo
2004,2023/06/14,Ana Clara,MASCULINO,Monitor,"R$ 1.200,00",3,,1:27:43,Curitiba
2005,21-01-2023, João Silva ,,Mouse,50,1,3500,,Porto Alegre
2006,20-03-2024, Pedro Alves ,M,Mouse,"R$ 120,00",2,100,2:24:04,Curitiba
2007,2024/09/14,Maria Souza,M,Teclado,1200,2,2357,172m,Porto Alegre
2008,2024-07-25, João Silva ,f,Monitor,3500,1,3500,1:38:47,Curitiba
2009,2023/07/23,Maria Souza,m,Cadeira,R$800,1,1200,1:39:41,Curitiba
2010,2024-01-07, Pedro Alves ,m,Notebook,800,3,150,1h 51m,Curitiba
2011,19/07/24,Ana Clara,F,Notebook,R$1200,2,240,3h 50m,São Paulo
2012,14-05-2024,,M,Mouse,R$800,1,50,79m,Porto Alegre
2013,2023-11-07,Carlos Lima,f,Teclado,R$120,1,1200,2:16:55,Porto Alegre
2014,2024-01-10,Carlos Lima,Masculino,Mouse,R$1200,1,1200,132m,Porto Alegre
2015,14-09-2023,Carlos Lima,F,Teclado,R$50,2,124,1h 54m,Belo Horizonte
2016,14/03/23,Ana Clara,,Mouse,R$50,1,800,2:27:59,São Paulo
2017,2024/04/25, Pedro Alves ,Feminino,Monitor,50,3,,1h 36m,Rio de Janeiro
2018,2023/01/21,,Masculino,Mouse,"R$ 120,00",1,120,0h 21m,Belo Horizonte
2019,2024-07-18,Maria Souza,MASCULINO,Teclado,120,3,,,Porto Alegre
2020,2023/04/26, Pedro Alves ,Masculino,Cadeira,R$1200,1,71,,Rio de Janeiro
2021,26/06/23,Maria Souza,MASCULINO,Cadeira,1200,3,,87m,São Paulo
2022,10-05-2023,Ana Clara,,Cadeira,"R$ 800,00",2,2400,,Belo Horizonte
2023,2023-03-28, João Silva ,f,Mouse,"R$ 120,00",3,2417,,São Paulo
2024,2024/02/08,Carlos Lima,m,Monitor,R$3500,3,10500,1:32:28,Belo Horizonte
2025,2024/02/28, Pedro Alves ,,Teclado,50,3,150,0:54:38,Rio de Janeiro
2026,2024-01-27,Carlos Lima,f,Mouse,800,1,77,,Rio de Janeiro
2027,2023/04/07, João Silva ,M,Monitor,R$120,2,7000,3h 51m,Rio de Janeiro
2028,2023/09/26,Maria Souza,,Notebook,R$50,2,1582,99m,Porto Alegre
2029,2023/12/16,,Masculino,Teclado,3500,3,3600,41m,São Paulo
2030,26/10/23,,,Mouse,R$800,3,2400,167m,Porto Alegre
2031,06/08/23,Maria Souza,Masculino,Notebook,R$120,1,3500,52m,Belo Horizonte
2032,05-02-2024,,,Notebook,"R$ 3.500,00",2,100,0:08:07,Porto Alegre
2033,05/11/24,Ana Clara,m,Notebook,3500,2,2400,80m,Belo Horizonte
2034,2023/01/20, Pedro Alves ,MASCULINO,Notebook,"R$ 1.200,00",1,99,0h 3m,Porto Alegre
2035,2024/06/06,Ana Clara,MASCULINO,Cadeira,"R$ 800,00",2,2400,,Porto Alegre
2036,11-01-2023, Pedro Alves ,F,Teclado,"R$ 50,00",3,3600,,Belo Horizonte
2037,07-04-2023, Pedro Alves ,f,Cadeira,120,3,150,133m,Curitiba
2038,05-06-2023,,,Teclado,R$800,2,2400,0:16:36,Curitiba
2039,2024-02-01,Ana Clara,MASCULINO,Mouse,"R$ 3.500,00",2,240,,Porto Alegre
2040,2024-07-05,Maria Souza,f,Notebook,R$3500,1,1226,,São Paulo
2041,2024-08-18,Maria Souza,Masculino,Cadeira,120,1,,,Porto Alegre
2042,2024/02/01, Pedro Alves ,Feminino,Mouse,"R$ 50,00",1,120,,Curitiba
2043,2023/01/23,,f,Teclado,R$800,3,10500,,Curitiba
2044,2023/12/20,,f,Teclado,3500,2,2400,24m,Curitiba
2045,07/01/24, Pedro Alves ,f,Monitor,R$120,3,,2h 1m,Porto Alegre
2046,22/03/24,Carlos Lima,m,Monitor,"R$ 120,00",3,,,Porto Alegre
2047,15/12/23, Pedro Alves ,f,Teclado,120,1,3500,,Belo Horizonte
2048,2023-05-14, Pedro Alves ,M,Mouse,"R$ 800,00",1,50,,Curitiba
2049,2023/07/19,Ana Clara,M,Teclado,R$50,1,120,0:45:53,Curitiba
2050,2023-11-06,Carlos Lima,f,Monitor,R$800,2,7045,2:51:05,São Paulo
2051,2023/05/13, João Silva ,f,Cadeira,"R$ 120,00",1,,162m,Porto Alegre
2052,18-08-2024,,Feminino,Cadeira,"R$ 50,00",3,3600,2:00:20,Porto Alegre
2053,2024/10/22,,Feminino,Teclado,120,1,,3h 36m,Porto Alegre
2054,2024/11/05,,MASCULINO,Cadeira,1200,2,2400,1h 56m,São Paulo
2055,20-11-2023,,f,Mouse,R$120,1,800,125m,Porto Alegre
2056,2023-04-23,Maria Souza,MASCULINO,Notebook,R$800,2,7000,1h 22m,São Paulo
2057,12-03-2023, Pedro Alves ,m,Mouse,R$50,2,,0:27:51,São Paulo
2058,06/10/23,Maria Souza,M,Notebook,1200,3,150,2h 9m,Belo Horizonte
2059,24/05/24, Pedro Alves ,Masculino,Monitor,800,2,2400,1:37:09,São Paulo
2060,2024/10/16,Carlos Lima,Masculino,Notebook,1200,1,89,148m,Porto Alegre
2061,2023-07-06,Ana Clara,,Mouse,800,1,,83m,Porto Alegre
2062,04-02-2023,Carlos Lima,Feminino,Notebook,R$1200,1,1200,136m,São Paulo
2063,2023-07-24, João Silva ,Feminino,Cadeira,R$3500,3,3600,,São Paulo
2064,20-09-2024, Pedro Alves ,Feminino,Mouse,"R$ 3.500,00",2,1600,1h 52m,Rio de Janeiro
2065,2023-02-10,Ana Clara,MASCULINO,Cadeira,3500,2,7000,1h 48m,Curitiba
2066,2024-02-18,Carlos Lima,Masculino,Cadeira,"R$ 800,00",3,3612,120m,São Paulo
2067,07/01/24,Maria Souza,,Teclado,R$3500,3,10500,,Belo Horizonte
2068,20-04-2023,Carlos Lima,F,Cadeira,R$120,3,3600,0h 40m,Belo Horizonte
2069,2024-09-28,Maria Souza,M,Monitor,R$800,1,,73m,Belo Horizonte
2070,14/05/24, João Silva ,Masculino,Cadeira,R$1200,2,,0:40:20,Belo Horizonte
2071,2023-02-19,Carlos Lima,Feminino,Teclado,R$3500,3,150,0h 36m,Curitiba
2072,2024/11/22,,F,Cadeira,50,2,100,,São Paulo
2073,2023-10-13,Carlos Lima,MASCULINO,Monitor,"R$ 3.500,00",1,800,2:23:19,Porto Alegre
2074,11-01-2023,,f,Monitor,"R$ 3.500,00",1,14,3h 21m,São Paulo
2075,22-06-2023,,MASCULINO,Mouse,"R$ 120,00",2,,,Porto Alegre
2076,20-12-2024,Carlos Lima,M,Cadeira,"R$ 3.500,00",3,2400,1h 48m,Rio de Janeiro
2077,2023-10-05,Maria Souza,Masculino,Monitor,3500,1,120,2h 48m,Curitiba
2078,2023-11-07,Carlos Lima,,Teclado,120,3,337,,São Paulo
2079,24/08/24, Pedro Alves ,F,Monitor,R$3500,2,2400,,Rio de Janeiro
2080,2023/09/15,Maria Souza,Masculino,Teclado,3500,2,7000,1:36:38,Belo Horizonte
2081,2023-08-06, João Silva ,Masculino,Notebook,"R$ 1.200,00",3,3627,2:24:03,Curitiba
2082,2024/05/01, Pedro Alves ,m,Teclado,120,2,240,129m,Rio de Janeiro
2083,2024/03/24, Pedro Alves ,Feminino,Teclado,"R$ 50,00",3,150,2h 40m,São Paulo
2084,02/06/23,,Feminino,Cadeira,R$3500,3,2400,0:44:43,Rio de Janeiro
2085,08-08-2024,Ana Clara,F,Monitor,3500,1,,78m,Porto Alegre
2086,12-11-2024, Pedro Alves ,m,Cadeira,120,3,360,3h 10m,Belo Horizonte
2087,2023/11/06, Pedro Alves ,F,Cadeira,R$120,3,384,3h 15m,Curitiba
2088,17-08-2023,,m,Cadeira,R$50,3,150,157m,São Paulo
2089,2024-03-05, João Silva ,,Mouse,1200,2,7000,1:14:00,Curitiba
2090,27/08/23,Maria Souza,m,Monitor,R$50,1,,,São Paulo
2091,16-01-2024, Pedro Alves ,M,Cadeira,"R$ 120,00",2,1600,149m,Belo Horizonte
2092,27-07-2024, Pedro Alves ,f,Notebook,R$3500,1,1200,2h 34m,Rio de Janeiro
2093,2023-09-25, Pedro Alves ,M,Cadeira,"R$ 50,00",1,,,São Paulo
2094,19/09/23,,M,Monitor,"R$ 1.200,00",2,,2:39:24,Porto Alegre
2095,14/08/24,,,Monitor,R$1200,1,800,1h 36m,Porto Alegre
2096,14-08-2023,,Masculino,Teclado,R$1200,1,50,2:22:28,Curitiba
2097,2024/10/14,Ana Clara,Feminino,Mouse,1200,2,7048,1h 45m,Belo Horizonte
2098,2024-06-24, Pedro Alves ,M,Teclado,R$800,3,405,,Curitiba
2099,2023/07/16,Carlos Lima,Masculino,Notebook,"R$ 120,00",2,100,3h 14m,Curitiba
2100,2023/11/01, Pedro Alves ,f,Mouse,"R$ 50,00",3,150,138m,Rio de Janeiro
2101,08-05-2023, Pedro Alves ,Feminino,Notebook,R$120,3,150,,Curitiba
2102,04-01-2023,,Feminino,Notebook,"R$ 1.200,00",1,50,119m,Curitiba
2103,2023/10/15,Maria Souza,f,Mouse,"R$ 3.500,00",3,360,2:12:52,São Paulo
2104,27/11/23, Pedro Alves ,MASCULINO,Notebook,"R$ 3.500,00",1,,,Curitiba
2105,2023/04/14, João Silva ,F,Teclado,R$120,2,240,3h 36m,Porto Alegre
2106,12/04/23,Ana Clara,,Cadeira,R$800,2,100,,Porto Alegre
2107,2023-02-25,Maria Souza,F,Teclado,800,1,120,,Curitiba
2108,2023-07-14,Ana Clara,,Mouse,3500,1,800,2:13:52,Belo Horizonte
2109,2024/05/13, João Silva ,,Teclado,"R$ 1.200,00",3,,,Curitiba
2110,21-07-2024,Ana Clara,MASCULINO,Notebook,"R$ 800,00",3,360,47m,Belo Horizonte
2111,2023/10/22,,m,Teclado,R$800,1,50,,Curitiba
2112,19/08/23, Pedro Alves ,,Monitor,"R$ 800,00",2,240,2h 32m,São Paulo
2113,04-04-2023,Maria Souza,MASCULINO,Mouse,120,1,,26m,Porto Alegre
2114,25-08-2024, Pedro Alves ,m,Cadeira,"R$ 800,00",3,10526,1h 0m,Porto Alegre
2115,13/05/23,,M,Cadeira,"R$ 800,00",3,360,87m,Rio de Janeiro
2116,25-03-2024, Pedro Alves ,f,Notebook,R$1200,1,,0:09:42,Porto Alegre
2117,2023/06/11,,F,Notebook,1200,1,120,2h 57m,São Paulo
2118,10/05/23,Maria Souza,F,Mouse,"R$ 800,00",3,150,0h 40m,São Paulo
2119,2023-09-19, João Silva ,Masculino,Mouse,R$50,3,150,175m,Porto Alegre
2120,18-10-2024,Ana Clara,Feminino,Notebook,800,3,183,1h 47m,Porto Alegre
2121,2024-08-22,Ana Clara,m,Teclado,120,1,,172m,Belo Horizonte
2122,2024/06/07, Pedro Alves ,,Teclado,R$1200,3,360,,São Paulo
2123,02/09/24, João Silva ,Feminino,Mouse,R$800,3,,0h 12m,Rio de Janeiro
2124,2024-03-19,Maria Souza,f,Notebook,"R$ 800,00",3,3600,77m,Porto Alegre
2125,07/12/23, João Silva ,MASCULINO,Notebook,800,2,100,39m,Belo Horizonte
2126,2024/08/09,Ana Clara,F,Mouse,R$120,2,,,Curitiba
2127,03/03/23,,Masculino,Teclado,R$800,1,3528,78m,Porto Alegre
2128,05/05/24,,F,Notebook,120,2,2400,2:40:03,São Paulo
2129,21/10/23,Ana Clara,Feminino,Cadeira,50,1,50,105m,Rio de Janeiro
2130,27/10/24,,f,Mouse,50,3,150,0:18:24,Belo Horizonte
2131,2024/11/21,Ana Clara,Masculino,Monitor,120,3,,2:50:35,Rio de Janeiro
2132,2023-03-27,Carlos Lima,F,Notebook,R$120,3,2400,,Belo Horizonte
2133,2024/07/15,,,Teclado,120,2,59,,Curitiba
2134,2023-02-17,,M,Monitor,3500,1,,1:48:36,Porto Alegre
2135,2023/08/26, João Silva ,f,Teclado,R$1200,1,3500,2:26:19,Curitiba
2136,2023/01/25,Maria Souza,Feminino,Teclado,"R$ 50,00",1,120,1h 39m,São Paulo
2137,04/04/24, João Silva ,MASCULINO,Cadeira,"R$ 1.200,00",1,120,19m,Belo Horizonte
2138,2024-10-02,Ana Clara,,Mouse,120,3,3600,150m,Porto Alegre
2139,2024/02/12,Carlos Lima,Feminino,Teclado,800,3,2400,0h 2m,Belo Horizonte
2140,2023-11-18,,M,Cadeira,R$3500,1,,2h 17m,São Paulo
2141,2023-06-01, Pedro Alves ,F,Mouse,1200,2,,,Curitiba
2142,2023-09-27,Ana Clara,m,Cadeira,R$50,2,7000,,Curitiba
2143,27/10/23,Carlos Lima,F,Mouse,R$120,2,,108m,Belo Horizonte
2144,21-07-2023,Ana Clara,M,Mouse,3500,1,800,2:52:42,Belo Horizonte
2145,05/01/24, Pedro Alves ,M,Teclado,1200,1,806,127m,São Paulo
2146,05/11/23,,Masculino,Mouse,"R$ 1.200,00",1,120,0h 38m,Belo Horizonte
2147,27/01/23, Pedro Alves ,F,Teclado,"R$ 50,00",3,10500,154m,Belo Horizonte
2148,14/04/24,,MASCULINO,Mouse,R$800,1,120,1h 20m,Porto Alegre
2149,18-07-2024, João Silva ,F,Teclado,"R$ 120,00",1,,0h 12m,Rio de Janeiro
2150,21-01-2024,Ana Clara,Feminino,Notebook,R$1200,3,150,,São Paulo
2151,2024-09-20,,MASCULINO,Teclado,3500,2,1626,,São Paulo
2152,2023/09/02,Ana Clara,f,Monitor,800,3,360,2:20:58,Curitiba
2153,16-07-2024,,m,Cadeira,R$800,2,240,95m,Curitiba
2154,13-10-2024, João Silva ,m,Cadeira,R$1200,1,50,2h 15m,Porto Alegre
2155,19-04-2024,Carlos Lima,F,Monitor,R$1200,1,1200,29m,Curitiba
2156,2023/08/10,Maria Souza,Masculino,Notebook,R$50,2,1600,94m,Curitiba
2157,2023/06/22,Ana Clara,Feminino,Cadeira,"R$ 1.200,00",1,800,0:43:45,Rio de Janeiro
2158,2024-09-01, Pedro Alves ,f,Teclado,"R$ 1.200,00",3,2400,2h 32m,Curitiba
2159,19/09/24,,F,Mouse,"R$ 120,00",3,150,,Belo Horizonte
2160,14-07-2024, Pedro Alves ,F,Cadeira,R$120,1,3500,99m,Curitiba
2161,2024/11/22,Ana Clara,Masculino,Monitor,800,3,,0h 40m,São Paulo
2162,07-02-2023,Maria Souza,MASCULINO,Teclado,"R$ 3.500,00",2,,1h 54m,Belo Horizonte
2163,02/04/23,Maria Souza,Masculino,Monitor,800,2,240,2h 42m,Curitiba
2164,2024-11-24, Pedro Alves ,MASCULINO,Teclado,50,1,50,,São Paulo
2165,07-03-2023,Maria Souza,Feminino,Mouse,50,1,1170,,Porto Alegre
2166,2023-08-01,Maria Souza,f,Teclado,R$50,3,2400,0:35:52,Belo Horizonte
2167,05/08/24,Maria Souza,Feminino,Cadeira,"R$ 50,00",2,7000,,Belo Horizonte
2168,14/02/23,Maria Souza,f,Notebook,3500,1,120,,Belo Horizonte
2169,2024/03/11, Pedro Alves ,Masculino,Teclado,"R$ 1.200,00",3,10500,1h 45m,Curitiba
2170,22/09/23,Ana Clara,Masculino,Cadeira,"R$ 50,00",1,800,0h 19m,Rio de Janeiro
2171,2023/05/19,Carlos Lima,Feminino,Teclado,R$800,1,1200,22m,São Paulo
2172,14-06-2024,Maria Souza,F,Teclado,50,1,800,,Curitiba
2173,2024/03/20,Maria Souza,Masculino,Monitor,800,1,50,0h 27m,Porto Alegre
2174,09-05-2024, Pedro Alves ,m,Cadeira,R$50,1,1200,1h 20m,Curitiba
2175,28-08-2024, Pedro Alves ,Masculino,Teclado,"R$ 800,00",1,,0h 23m,Rio de Janeiro
2176,2023/10/02,Carlos Lima,Masculino,Teclado,R$3500,1,140,2:43:34,Curitiba
2177,2024-08-10,Ana Clara,,Cadeira,"R$ 50,00",1,1200,0:56:03,Curitiba
2178,23/01/24,,f,Monitor,R$120,2,7000,47m,São Paulo
2179,27-10-2023,,Masculino,Monitor,R$120,3,150,1h 50m,Porto Alegre
2180,10-09-2024,,,Notebook,800,2,7000,,São Paulo
2181,2023/03/26,Ana Clara,MASCULINO,Mouse,120,3,3600,0:57:18,Rio de Janeiro
2182,15/01/23,Maria Souza,f,Monitor,1200,3,3600,2:31:07,Porto Alegre
2183,2024-05-04, Pedro Alves ,Feminino,Mouse,R$50,3,,1:13:59,Belo Horizonte
2184,2023/09/18,,Feminino,Notebook,"R$ 800,00",1,120,,Rio de Janeiro
2185,2023/10/02,Maria Souza,M,Cadeira,800,1,50,45m,Belo Horizonte
2186,2023-02-15, Pedro Alves ,m,Mouse,"R$ 50,00",1,3500,148m,São Paulo
2187,14/05/23,Maria Souza,f,Monitor,"R$ 3.500,00",3,2400,,Belo Horizonte
2188,2024/10/25, Pedro Alves ,F,Cadeira,1200,1,1200,0h 22m,São Paulo
2189,08/10/24,Maria Souza,Masculino,Teclado,"R$ 800,00",3,3600,,Porto Alegre
2190,21-01-2023,,MASCULINO,Mouse,"R$ 3.500,00",2,1600,1:58:51,Rio de Janeiro
2191,10-01-2023,Ana Clara,Feminino,Mouse,"R$ 3.500,00",2,7000,,Belo Horizonte
2192,2024-08-14,Ana Clara,F,Monitor,"R$ 3.500,00",3,,,Porto Alegre
2193,28-08-2023,,Masculino,Monitor,R$800,1,1200,,São Paulo
2194,04-02-2023, João Silva ,MASCULINO,Cadeira,R$120,3,,39m,Belo Horizonte
2195,2024-11-06,Maria Souza,,Cadeira,"R$ 50,00",3,2400,28m,Curitiba
2196,15/03/23,Ana Clara,m,Mouse,1200,1,120,175m,Porto Alegre
2197,19/04/23,Maria Souza,F,Mouse,R$3500,2,1600,71m,Belo Horizonte
2198,17/03/23,Ana Clara,,Notebook,R$1200,3,,3h 33m,São Paulo
2199,20-12-2023,Maria Souza,,Mouse,"R$ 800,00",2,1600,0h 51m,Curitiba
2200,2024-10-09, Pedro Alves ,F,Notebook,R$50,3,3600,,Curitiba
2201,2023/02/14,,M,Teclado,R$50,2,2351,2h 24m,Rio de Janeiro
2202,06-05-2024,Maria Souza,M,Notebook,"R$ 50,00",3,10500,93m,Belo Horizonte
2203,2024/08/04, Pedro Alves ,Feminino,Monitor,800,3,,0h 35m,São Paulo
2204,09-04-2024,Maria Souza,Feminino,Mouse,50,2,,,Curitiba
2205,2023/07/09,Carlos Lima,Feminino,Cadeira,R$50,3,10500,0h 18m,Belo Horizonte
2206,2023/02/03, João Silva ,Masculino,Notebook,120,3,10500,1:08:40,Belo Horizonte
2207,2024-03-04, João Silva ,Feminino,Teclado,"R$ 120,00",3,360,1h 54m,Curitiba
2208,2023/06/09,Ana Clara,MASCULINO,Monitor,120,1,,55m,Belo Horizonte
2209,2024-02-10, João Silva ,Masculino,Mouse,800,3,2420,13m,Rio de Janeiro
2210,2023/11/21,,Masculino,Cadeira,"R$ 120,00",3,150,0h 30m,Rio de Janeiro
2211,15/12/23, João Silva ,Masculino,Mouse,R$800,2,2400,,São Paulo
2212,2024/07/12,Carlos Lima,,Teclado,120,2,2400,46m,Porto Alegre
2213,19-09-2024, João Silva ,Feminino,Cadeira,"R$ 120,00",2,100,1h 57m,Rio de Janeiro
2214,09/11/23, Pedro Alves ,MASCULINO,Mouse,120,2,2400,,Rio de Janeiro
2215,07/03/23,,f,Teclado,120,1,120,,São Paulo
2216,2024-11-23,Maria Souza,f,Monitor,800,2,,0h 23m,Rio de Janeiro
2217,2023-06-03, Pedro Alves ,F,Cadeira,"R$ 3.500,00",2,1600,3h 16m,São Paulo
2218,26-03-2023,Maria Souza,f,Cadeira,"R$ 50,00",1,,,Rio de Janeiro
2219,17-04-2023,Maria Souza,F,Monitor,1200,3,2400,2:39:26,São Paulo
2220,13/08/23,Maria Souza,Feminino,Mouse,120,1,1200,119m,Belo Horizonte
2221,18/12/24, João Silva ,F,Monitor,800,1,3500,,Curitiba
2222,24/11/24, João Silva ,f,Mouse,R$120,1,1200,2:55:15,Curitiba
2223,2024-05-09,Carlos Lima,M,Notebook,"R$ 120,00",3,10500,27m,Curitiba
2224,2024-08-08,,f,Mouse,R$1200,1,800,2:00:02,Porto Alegre
2225,2023/10/21,Maria Souza,Feminino,Teclado,R$120,2,1600,,Curitiba
2226,2024/02/20, João Silva ,F,Cadeira,"R$ 120,00",2,240,,Curitiba
2227,23/03/24, João Silva ,F,Mouse,1200,2,,0:00:02,Curitiba
2228,2024/06/22,Carlos Lima,Feminino,Mouse,R$120,1,,0:52:12,São Paulo
2229,17-10-2023,,Feminino,Mouse,120,1,800,2h 47m,Porto Alegre
2230,04-01-2023, Pedro Alves ,M,Monitor,R$800,1,800,,Curitiba
2231,09-12-2023,Ana Clara,M,Monitor,"R$ 120,00",2,100,3h 10m,Porto Alegre
2232,14/06/23,,,Monitor,R$50,3,10500,,Rio de Janeiro
2233,2023/12/24,Ana Clara,m,Notebook,R$3500,3,3600,2:28:03,Porto Alegre
2234,2024/04/23,Maria Souza,,Cadeira,"R$ 800,00",2,6998,0:06:34,Belo Horizonte
2235,2024-09-22, João Silva ,m,Notebook,800,1,3500,11m,Curitiba
2236,2023-05-06, Pedro Alves ,MASCULINO,Notebook,"R$ 800,00",2,7036,46m,Belo Horizonte
2237,2023-08-05,Carlos Lima,F,Monitor,50,3,3600,0h 57m,Porto Alegre
2238,2024-10-13,Carlos Lima,M,Teclado,"R$ 50,00",1,120,1h 24m,Porto Alegre
2239,16-01-2023, João Silva ,M,Mouse,"R$ 120,00",3,3600,1h 47m,Rio de Janeiro
2240,04-07-2023,,M,Monitor,50,3,,0:01:48,São Paulo
2241,08/12/23, João Silva ,M,Monitor,50,1,3500,1h 25m,São Paulo
2242,2023/07/12,Ana Clara,m,Mouse,"R$ 800,00",1,3500,118m,Belo Horizonte
2243,2024-07-20, João Silva ,,Notebook,1200,3,3600,2h 50m,Belo Horizonte
2244,26/01/23,Ana Clara,Feminino,Mouse,R$800,2,,1:21:02,Curitiba
2245,2024/10/28, Pedro Alves ,,Teclado,800,1,50,3h 31m,Belo Horizonte
2246,01/08/24,Carlos Lima,MASCULINO,Teclado,R$800,2,7000,0h 0m,Belo Horizonte
2247,10/12/23, João Silva ,F,Cadeira,R$1200,2,7000,63m,Curitiba
2248,19-08-2023,Ana Clara,m,Notebook,"R$ 1.200,00",3,2400,0:07:15,Porto Alegre
2249,2024/06/12,,F,Cadeira,"R$ 800,00",1,3500,1h 42m,São Paulo
2250,2023/01/03,Ana Clara,,Cadeira,R$1200,2,100,1h 40m,São Paulo
2251,15-09-2023,,M,Mouse,120,2,7000,,São Paulo
2252,2023/06/12,Maria Souza,Masculino,Mouse,800,1,1200,,Belo Horizonte
2253,2024-08-12, João Silva ,F,Mouse,3500,3,3600,31m,Belo Horizonte
2254,2023/06/14,,MASCULINO,Teclado,800,3,150,,Rio de Janeiro
2255,10/12/23,Maria Souza,Masculino,Cadeira,"R$ 120,00",1,3476,1h 13m,Belo Horizonte
2256,06-05-2024, Pedro Alves ,,Cadeira,3500,3,,,Curitiba
2257,2024/12/12,Carlos Lima,f,Monitor,3500,2,,174m,Rio de Janeiro
2258,2023/03/15, João Silva ,,Cadeira,"R$ 120,00",1,50,,Rio de Janeiro
2259,2024/04/12,Ana Clara,M,Mouse,"R$ 50,00",2,2400,82m,Belo Horizonte
2260,11-06-2023,,F,Mouse,"R$ 3.500,00",2,240,,Belo Horizonte
2261,2024-10-07,Carlos Lima,m,Notebook,R$3500,2,240,2:35:40,São Paulo
2262,15-02-2023,Maria Souza,MASCULINO,Monitor,"R$ 800,00",1,50,1h 45m,Rio de Janeiro
2263,2024-12-01,Carlos Lima,f,Teclado,R$50,3,10511,,Belo Horizonte
2264,02/11/23,Carlos Lima,,Mouse,800,3,150,2:15:14,Curitiba
2265,01/11/23,Ana Clara,f,Monitor,3500,3,360,,Belo Horizonte
2266,22/05/24, João Silva ,MASCULINO,Notebook,120,1,,0h 8m,Porto Alegre
2267,23-11-2024,Ana Clara,MASCULINO,Notebook,120,1,120,1:25:10,São Paulo
2268,15-01-2023,Carlos Lima,MASCULINO,Notebook,800,3,,1h 57m,Belo Horizonte
2269,2024/11/10,Maria Souza,M,Notebook,"R$ 50,00",2,240,,Belo Horizonte
2270,2024/05/23,Ana Clara,Masculino,Monitor,"R$ 3.500,00",3,2400,0h 49m,Belo Horizonte
2271,2024-09-05,Carlos Lima,Feminino,Cadeira,R$50,3,3600,0:53:48,Porto Alegre
2272,2024-04-17,Maria Souza,Masculino,Teclado,R$800,1,3500,18m,Porto Alegre
2273,2024-02-09,,Feminino,Teclado,1200,3,3565,2h 48m,Porto Alegre
2274,04/07/23,Ana Clara,m,Teclado,"R$ 800,00",2,240,2h 36m,Curitiba
2275,2023/04/09,Carlos Lima,Masculino,Mouse,"R$ 1.200,00",1,,,São Paulo
2276,2024-04-05, João Silva ,Feminino,Cadeira,R$3500,2,2400,159m,Rio de Janeiro
2277,19/11/24,Carlos Lima,M,Notebook,"R$ 50,00",3,345,72m,Curitiba
2278,2024/12/26, João Silva ,Feminino,Teclado,R$3500,3,10500,1h 11m,Rio de Janeiro
2279,02/01/23, João Silva ,f,Notebook,R$50,2,1600,1:24:32,Rio de Janeiro
2280,2024/08/24,Carlos Lima,MASCULINO,Mouse,R$800,1,,,Rio de Janeiro
2281,21/09/24,,m,Notebook,R$3500,2,2400,67m,Curitiba
2282,2023-06-14, João Silva ,f,Mouse,R$120,3,,128m,Belo Horizonte
2283,10/12/23,Ana Clara,MASCULINO,Mouse,"R$ 120,00",2,2380,,São Paulo
2284,12/05/24,Carlos Lima,Feminino,Notebook,"R$ 3.500,00",3,3600,0:33:52,Rio de Janeiro
2285,2024/01/25,Maria Souza,m,Mouse,R$50,1,3500,2h 3m,São Paulo
2286,2024/01/24,Ana Clara,f,Notebook,"R$ 800,00",3,,2:56:43,São Paulo
2287,2024/04/11, Pedro Alves ,m,Teclado,1200,2,100,0:30:49,Porto Alegre
2288,2024-01-24,Carlos Lima,Feminino,Notebook,1200,2,1600,0:46:44,Curitiba
2289,2024/05/02, João Silva ,m,Mouse,R$50,3,,0:54:55,São Paulo
2290,02/01/23, Pedro Alves ,f,Monitor,"R$ 1.200,00",3,,3h 39m,São Paulo
2291,10/10/23, João Silva ,MASCULINO,Cadeira,R$3500,1,3500,2h 3m,Rio de Janeiro
2292,09-10-2023,Carlos Lima,M,Mouse,R$800,3,360,0:00:49,Porto Alegre
2293,2023/11/18,,Feminino,Mouse,3500,2,240,2h 17m,Curitiba
2294,07/10/24,Maria Souza,m,Monitor,"R$ 1.200,00",1,800,1h 29m,Rio de Janeiro
2295,07-09-2023,Carlos Lima,Feminino,Monitor,"R$ 120,00",2,100,2h 12m,Rio de Janeiro
2296,2024/10/04, João Silva ,M,Monitor,800,3,10500,169m,Porto Alegre
2297,16/05/24,,MASCULINO,Teclado,3500,2,7000,132m,Belo Horizonte
2298,14-07-2024, Pedro Alves ,F,Notebook,R$120,1,1200,1h 54m,Rio de Janeiro
2299,26/06/24, Pedro Alves ,Masculino,Mouse,"R$ 50,00",2,,20m,Belo Horizonte
2300,2024/08/21,Ana Clara,,Mouse,3500,2,240,,Rio de Janeiro
2301,18/12/23,Carlos Lima,,Mouse,"R$ 800,00",2,2382,1h 6m,Belo Horizonte
2302,2023/05/19,,f,Cadeira,R$800,2,,2h 5m,Rio de Janeiro
2303,2024-07-08,Maria Souza,Feminino,Notebook,"R$ 3.500,00",1,1200,2:36:01,Curitiba
2304,2023/04/20,Maria Souza,Feminino,Mouse,"R$ 1.200,00",3,340,3h 20m,Porto Alegre
2305,08/02/24, João Silva ,f,Monitor,R$120,2,1600,2h 36m,Rio de Janeiro
2306,2024/02/28, Pedro Alves ,MASCULINO,Monitor,3500,2,2400,0:09:31,Curitiba
2307,11-09-2024,Ana Clara,F,Teclado,R$1200,2,100,1:20:06,Curitiba
2308,2024-06-15,,Masculino,Mouse,"R$ 50,00",3,10500,,Porto Alegre
2309,2023/11/03, João Silva ,F,Teclado,R$50,1,50,,Curitiba
2310,11-02-2023, Pedro Alves ,,Mouse,3500,3,2400,3h 3m,Rio de Janeiro
2311,2024/12/03, Pedro Alves ,MASCULINO,Notebook,"R$ 120,00",1,50,87m,São Paulo
2312,2024/05/06, João Silva ,Feminino,Notebook,"R$ 120,00",2,1600,1h 16m,Rio de Janeiro
2313,27/05/24,Ana Clara,,Monitor,R$3500,2,100,3h 34m,São Paulo
2314,21-05-2023,,Masculino,Notebook,R$3500,3,3600,,Curitiba
2315,2024-05-18, Pedro Alves ,m,Teclado,"R$ 1.200,00",1,1171,2h 58m,Belo Horizonte
2316,15/11/24, João Silva ,,Teclado,"R$ 50,00",1,3500,1h 11m,Porto Alegre
2317,2024/05/20,,f,Monitor,120,2,2400,1h 48m,Porto Alegre
2318,23/02/23,Ana Clara,,Teclado,50,3,,23m,Curitiba
2319,2024-07-24,,F,Monitor,1200,3,,1:07:18,São Paulo
2320,03-09-2024, Pedro Alves ,Masculino,Mouse,R$3500,2,1562,,Curitiba
2321,2024/09/16,,Masculino,Monitor,50,3,360,,Rio de Janeiro
2322,10/10/24,,Masculino,Cadeira,R$120,1,800,,Belo Horizonte
2323,2023-04-02,Maria Souza,,Teclado,R$1200,2,279,162m,Rio de Janeiro
2324,05/06/23,Maria Souza,m,Cadeira,R$800,3,,2:04:36,Belo Horizonte
2325,2024-06-04,Carlos Lima,M,Mouse,"R$ 120,00",2,,178m,Curitiba
2326,27/09/23,Maria Souza,F,Teclado,"R$ 3.500,00",3,10500,,São Paulo
2327,2023/09/21,Carlos Lima,MASCULINO,Mouse,R$800,1,1200,1h 2m,Curitiba
2328,2024/10/28, Pedro Alves ,Feminino,Teclado,"R$ 3.500,00",1,850,36m,Curitiba
2329,08/09/23,Maria Souza,,Mouse,"R$ 800,00",1,,0h 20m,Rio de Janeiro
2330,05/08/23,,MASCULINO,Notebook,"R$ 50,00",1,3527,0h 25m,Rio de Janeiro
2331,2024-10-22,Maria Souza,F,Teclado,"R$ 1.200,00",1,800,77m,Rio de Janeiro
2332,28-03-2024, João Silva ,m,Cadeira,R$800,1,41,,Porto Alegre
2333,2024/06/16,Maria Souza,m,Notebook,R$3500,1,,3h 23m,São Paulo
2334,22-10-2024,,Feminino,Notebook,R$50,1,1200,75m,Rio de Janeiro
2335,2023/07/28,Maria Souza,f,Cadeira,"R$ 50,00",1,120,171m,São Paulo
2336,11-07-2024, João Silva ,M,Notebook,1200,3,2400,106m,São Paulo
2337,12/02/24, Pedro Alves ,Feminino,Mouse,R$800,3,,2:25:32,Porto Alegre
2338,2024/07/27,Ana Clara,M,Monitor,R$3500,1,800,91m,São Paulo
2339,2024-12-17,Maria Souza,Feminino,Notebook,"R$ 1.200,00",2,100,0:15:48,Curitiba
2340,16/06/23, Pedro Alves ,F,Mouse,50,2,1600,143m,São Paulo
2341,02-11-2023, João Silva ,m,Monitor,R$800,3,3600,0:43:19,Rio de Janeiro
2342,2024-09-15,,M,Cadeira,3500,2,100,0h 46m,São Paulo
2343,23-07-2023,Ana Clara,m,Cadeira,"R$ 800,00",3,125,1:41:55,Rio de Janeiro
2344,04/07/24, Pedro Alves ,f,Notebook,R$3500,2,,1h 50m,Curitiba
2345,28-07-2023,Maria Souza,f,Monitor,"R$ 800,00",2,,13m,Curitiba
2346,20-09-2023,,f,Notebook,"R$ 3.500,00",1,11,0h 52m,Belo Horizonte
2347,05/05/24,Ana Clara,f,Cadeira,50,1,3500,10m,Belo Horizonte
2348,04-04-2024,Maria Souza,M,Cadeira,R$120,1,,29m,Rio de Janeiro
2349,2023-12-12,,Feminino,Teclado,50,3,150,2:00:44,Curitiba
2350,2023/07/18, Pedro Alves ,Masculino,Mouse,R$800,1,3500,1h 0m,Porto Alegre
2351,18-03-2023,Ana Clara,Masculino,Teclado,"R$ 3.500,00",2,2400,0:55:47,São Paulo
2352,27-10-2024,Ana Clara,F,Monitor,R$1200,1,,122m,Rio de Janeiro
2353,2023-07-03,,Feminino,Mouse,120,3,360,167m,Porto Alegre
2354,2023-07-12, Pedro Alves ,Masculino,Mouse,"R$ 120,00",2,240,151m,São Paulo
2355,2024/02/12, João Silva ,m,Teclado,120,2,1615,2h 40m,Curitiba
2356,21/09/24,Maria Souza,,Mouse,50,2,6954,,Porto Alegre
2357,2024/08/26,Ana Clara,f,Monitor,120,3,,0:17:49,Rio de Janeiro
2358,04/10/23,Maria Souza,Feminino,Monitor,R$3500,1,120,60m,Rio de Janeiro
2359,2023/11/14,Maria Souza,M,Notebook,1200,2,1600,147m,Belo Horizonte
2360,14/12/24,Ana Clara,M,Teclado,"R$ 1.200,00",1,1200,1h 21m,Porto Alegre
2361,2024-09-18,,m,Notebook,"R$ 1.200,00",2,203,118m,Rio de Janeiro
2362,2024-06-20, João Silva ,,Monitor,"R$ 120,00",1,50,70m,São Paulo
2363,2024-06-02,Carlos Lima,MASCULINO,Cadeira,"R$ 800,00",3,2400,0h 41m,Curitiba
2364,17-07-2024,,MASCULINO,Mouse,"R$ 3.500,00",1,50,52m,Rio de Janeiro
2365,24-06-2024,Ana Clara,Feminino,Teclado,"R$ 800,00",1,,,Curitiba
2366,2024/02/03,,Feminino,Monitor,"R$ 120,00",2,1600,2h 49m,Curitiba
2367,2023-12-22,Maria Souza,F,Notebook,120,2,7000,0:04:05,São Paulo
2368,2024/08/19,Ana Clara,MASCULINO,Cadeira,1200,2,240,1:40:38,Rio de Janeiro
2369,2024-02-21, João Silva ,M,Monitor,3500,3,369,93m,Porto Alegre
2370,2024/01/27, João Silva ,,Monitor,R$800,1,3500,108m,Curitiba
2371,03/05/23, Pedro Alves ,Masculino,Notebook,"R$ 3.500,00",2,,1h 6m,Belo Horizonte
2372,2024/08/10,Maria Souza,Feminino,Mouse,120,1,1205,,Belo Horizonte
2373,2024-08-24,Carlos Lima,m,Monitor,R$800,2,1600,0h 49m,São Paulo
2374,23/05/24,Ana Clara,F,Cadeira,1200,3,150,3h 53m,Porto Alegre
2375,21/03/24, João Silva ,m,Cadeira,"R$ 800,00",2,2400,,Rio de Janeiro
2376,12-04-2024,Ana Clara,f,Cadeira,50,3,,2:36:13,Porto Alegre
2377,2024-01-10,Maria Souza,M,Notebook,R$800,3,3636,1h 59m,Curitiba
2378,2023/06/02,Maria Souza,f,Cadeira,"R$ 120,00",1,64,,Belo Horizonte
2379,2024-05-18,Ana Clara,Masculino,Monitor,"R$ 800,00",1,50,3h 46m,Curitiba
2380,02-12-2023,,m,Teclado,3500,1,1200,90m,São Paulo
2381,2024-05-05,Carlos Lima,M,Cadeira,R$3500,1,1200,0:53:05,São Paulo
2382,2024/02/13,,m,Notebook,R$120,1,50,2h 51m,São Paulo
2383,08/05/24,Ana Clara,m,Teclado,800,3,360,,Rio de Janeiro
2384,11/07/24, Pedro Alves ,m,Teclado,3500,1,,,São Paulo
2385,2023-08-10,,f,Teclado,R$1200,3,10500,0:04:05,Curitiba
2386,28-03-2023,Maria Souza,F,Mouse,R$3500,3,360,,São Paulo
2387,2023/11/08, Pedro Alves ,Masculino,Monitor,"R$ 120,00",2,7000,,Rio de Janeiro
2388,2024/10/14,Maria Souza,m,Monitor,R$800,1,1200,,Curitiba
2389,21-04-2024,Carlos Lima,Masculino,Mouse,"R$ 50,00",1,100,,Porto Alegre
2390,22-02-2023, Pedro Alves ,Masculino,Teclado,R$800,3,360,3h 52m,São Paulo
2391,2023/12/04,Ana Clara,m,Monitor,1200,2,240,2h 14m,Curitiba
2392,28-12-2024, João Silva ,f,Notebook,800,1,50,0h 55m,Porto Alegre
2393,2023/05/05,Ana Clara,f,Notebook,R$120,1,1185,0h 5m,Rio de Janeiro
2394,2024/03/04,Ana Clara,Feminino,Cadeira,"R$ 120,00",1,,1h 49m,Curitiba
2395,27-09-2023,Maria Souza,Feminino,Notebook,120,2,,1h 20m,Rio de Janeiro
2396,13-10-2023, Pedro Alves ,M,Monitor,R$120,3,,,Rio de Janeiro
2397,2023-05-04, Pedro Alves ,f,Mouse,"R$ 1.200,00",1,1200,,Porto Alegre
2398,2023-03-02,Maria Souza,Feminino,Monitor,"R$ 120,00",1,800,,Porto Alegre
2399,19-05-2023,Maria Souza,F,Teclado,R$1200,2,7000,,Curitiba
2400,2024-10-03,Carlos Lima,Feminino,Monitor,"R$ 120,00",1,800,2h 28m,Curitiba
2401,16/07/24,Maria Souza,m,Cadeira,R$800,1,1214,0:58:46,São Paulo
2402,16-01-2023,Maria Souza,MASCULINO,Notebook,R$50,2,7000,3h 25m,Porto Alegre
2403,25-01-2024,Ana Clara,MASCULINO,Teclado,R$1200,2,225,,Curitiba
2404,2024-02-06,,MASCULINO,Notebook,R$1200,3,2400,177m,Porto Alegre
2405,10/04/24,Carlos Lima,MASCULINO,Notebook,R$120,3,150,,Porto Alegre
2406,2023/06/21, João Silva ,f,Teclado,R$50,1,,0:45:57,Curitiba
2407,08/06/24,Ana Clara,Feminino,Monitor,"R$ 800,00",2,1550,,São Paulo
2408,04-07-2023, Pedro Alves ,f,Notebook,50,1,,73m,São Paulo
2409,16-04-2023, Pedro Alves ,M,Cadeira,120,2,,0h 7m,Porto Alegre
2410,2023/05/06,Carlos Lima,,Monitor,800,3,3600,87m,Rio de Janeiro
2411,2023-06-17,,Masculino,Monitor,R$800,2,1600,2h 58m,Rio de Janeiro
2412,16/03/23, Pedro Alves ,m,Monitor,R$800,1,25,0:51:30,Curitiba
2413,2024-05-20,Carlos Lima,MASCULINO,Monitor,1200,2,7000,0:07:31,Belo Horizonte
2414,2024/11/08, Pedro Alves ,,Notebook,120,3,,,Porto Alegre
2415,2023/01/24, Pedro Alves ,Feminino,Monitor,50,3,150,,Rio de Janeiro
2416,2023-06-21,Ana Clara,F,Mouse,R$1200,1,50,175m,Belo Horizonte
2417,01/01/24,Ana Clara,,Notebook,R$50,3,2400,81m,Porto Alegre
2418,2023-07-21, João Silva ,,Monitor,800,1,1200,1:45:53,Belo Horizonte
2419,2023/11/19, Pedro Alves ,Feminino,Mouse,"R$ 800,00",3,10500,2:31:38,Rio de Janeiro
2420,18/09/24,Carlos Lima,F,Mouse,"R$ 50,00",1,120,15m,Porto Alegre
2421,2023-06-27, João Silva ,MASCULINO,Cadeira,800,1,,3h 41m,Rio de Janeiro
2422,2024-07-17, João Silva ,MASCULINO,Cadeira,50,3,10532,2h 4m,Rio de Janeiro
2423,2024-06-17,Carlos Lima,m,Mouse,"R$ 800,00",1,800,,São Paulo
2424,21/06/23,,Feminino,Cadeira,R$3500,2,,,Porto Alegre
2425,16-05-2023,Ana Clara,Feminino,Monitor,"R$ 120,00",1,1200,171m,Rio de Janeiro
2426,2023/08/23,,MASCULINO,Cadeira,"R$ 1.200,00",1,846,142m,Rio de Janeiro
2427,2023/06/26,Ana Clara,MASCULINO,Monitor,120,2,1600,17m,Belo Horizonte
2428,2023/07/18,Ana Clara,M,Monitor,"R$ 50,00",2,1600,,Curitiba
2429,08/09/24, João Silva ,m,Mouse,1200,3,,2:36:54,São Paulo
2430,17/03/24,,m,Monitor,800,2,6950,1h 53m,São Paulo
2431,2024/08/21,Carlos Lima,,Teclado,R$50,2,1600,,Porto Alegre
2432,12-12-2024,Carlos Lima,Feminino,Notebook,"R$ 800,00",1,3500,3h 15m,Belo Horizonte
2433,15-07-2024, João Silva ,Feminino,Monitor,1200,3,2400,1h 15m,Porto Alegre
2434,04/10/24,Carlos Lima,MASCULINO,Notebook,800,2,7000,59m,Rio de Janeiro
2435,2023-01-02,,f,Notebook,120,1,800,0:24:55,Rio de Janeiro
2436,18-12-2024,Ana Clara,m,Teclado,"R$ 800,00",2,,,São Paulo
2437,13-02-2023,,F,Mouse,3500,3,3554,78m,Belo Horizonte
2438,14-01-2024,Carlos Lima,Feminino,Notebook,"R$ 800,00",1,1200,,Belo Horizonte
2439,25-04-2023,Carlos Lima,m,Cadeira,R$50,3,150,1h 27m,Porto Alegre
2440,14/10/23,Carlos Lima,m,Mouse,"R$ 1.200,00",2,,66m,Belo Horizonte
2441,2024/05/09,,Feminino,Notebook,"R$ 1.200,00",2,240,1:48:29,Porto Alegre
2442,2024-12-26,Maria Souza,,Notebook,1200,1,,1h 42m,Curitiba
2443,12/10/24,,,Notebook,800,3,3637,2:36:13,Rio de Janeiro
2444,02-05-2024,Carlos Lima,Feminino,Teclado,R$50,1,,,São Paulo
2445,2023/09/02,Maria Souza,F,Cadeira,1200,2,2400,23m,Rio de Janeiro
2446,12/11/24,,f,Mouse,"R$ 50,00",3,147,,Belo Horizonte
2447,2023/03/25,,,Monitor,R$800,1,1200,90m,Curitiba
2448,2023-02-23,Maria Souza,,Monitor,R$800,2,7000,1:40:43,São Paulo
2449,2024-06-26,Maria Souza,F,Mouse,R$3500,3,2400,0:46:13,Rio de Janeiro
2450,09/01/24,Maria Souza,m,Teclado,1200,3,3600,2h 26m,Curitiba
2451,26-08-2024, Pedro Alves ,,Notebook,1200,1,800,100m,São Paulo
2452,20/06/23,,Masculino,Notebook,R$1200,1,1174,0:40:19,São Paulo
2453,13-03-2023,Carlos Lima,,Monitor,"R$ 50,00",3,360,148m,Rio de Janeiro
2454,2024/12/20,,Feminino,Monitor,50,2,7000,,Belo Horizonte
2455,23-10-2023,Ana Clara,,Teclado,"R$ 120,00",3,3556,,Rio de Janeiro
2456,2023/07/20,,Feminino,Teclado,R$800,2,,0:43:48,Rio de Janeiro
2457,17-03-2024,Maria Souza,,Notebook,1200,1,800,55m,Curitiba
2458,2024/01/21, João Silva ,Masculino,Monitor,50,1,800,0h 33m,São Paulo
2459,2024-12-24,Carlos Lima,m,Mouse,R$120,1,3500,,Belo Horizonte
2460,07-11-2024,,m,Cadeira,800,1,800,72m,Rio de Janeiro
2461,2023/04/28, Pedro Alves ,,Monitor,"R$ 3.500,00",1,,1:10:21,São Paulo
2462,26/09/24, João Silva ,MASCULINO,Cadeira,R$800,1,800,2:59:12,São Paulo
2463,2023/12/07,Ana Clara,,Mouse,"R$ 1.200,00",1,,0:21:37,São Paulo
2464,26/03/23,Maria Souza,F,Teclado,50,3,2400,97m,São Paulo
2465,22-02-2023, João Silva ,f,Notebook,3500,2,240,0h 8m,Rio de Janeiro
2466,2023-09-12,Carlos Lima,m,Monitor,1200,1,3469,0h 30m,Curitiba
2467,2023-10-08,Carlos Lima,MASCULINO,Notebook,R$120,1,,0:19:22,Rio de Janeiro
2468,27/08/23, João Silva ,F,Monitor,1200,2,,0:08:20,Rio de Janeiro
2469,07/10/23,Maria Souza,MASCULINO,Teclado,R$3500,3,360,96m,São Paulo
2470,2023/08/21,Maria Souza,Masculino,Notebook,1200,3,10450,0:08:55,São Paulo
2471,02/07/23,Maria Souza,m,Cadeira,"R$ 1.200,00",1,120,,São Paulo
2472,19/04/23, Pedro Alves ,M,Mouse,50,2,7000,24m,Porto Alegre
2473,2023-07-22,Maria Souza,F,Teclado,800,2,100,,Porto Alegre
2474,02/06/24,Ana Clara,f,Cadeira,"R$ 120,00",1,103,166m,Belo Horizonte
2475,06-03-2023, João Silva ,,Cadeira,"R$ 800,00",1,50,,São Paulo
2476,10-10-2024,Carlos Lima,Masculino,Monitor,1200,2,2400,,Porto Alegre
2477,07/02/23,,MASCULINO,Mouse,"R$ 120,00",2,1621,,São Paulo
2478,26-01-2024, João Silva ,m,Mouse,1200,3,10500,53m,Curitiba
2479,18-07-2024,Ana Clara,Masculino,Mouse,3500,1,120,1:11:46,Rio de Janeiro
2480,03-04-2023,Ana Clara,Masculino,Mouse,"R$ 3.500,00",1,800,2:40:41,São Paulo
2481,20-07-2024, João Silva ,M,Notebook,"R$ 50,00",1,50,,Porto Alegre
2482,2023/12/05,Maria Souza,F,Monitor,120,3,330,1:17:25,Belo Horizonte
2483,2024/03/07, Pedro Alves ,Feminino,Cadeira,R$1200,2,100,118m,Curitiba
2484,02/10/23,,MASCULINO,Mouse,R$120,3,362,,Porto Alegre
2485,17/11/23, João Silva ,M,Monitor,"R$ 1.200,00",1,1200,0:13:06,Porto Alegre
2486,2024-04-15, Pedro Alves ,m,Notebook,R$800,3,,118m,Belo Horizonte
2487,05/07/24,Carlos Lima,m,Monitor,R$120,3,150,1:33:42,Belo Horizonte
2488,2024/10/07, Pedro Alves ,m,Cadeira,"R$ 3.500,00",3,2400,2:08:09,São Paulo
2489,2024-08-16,,Feminino,Teclado,120,2,7000,1h 11m,São Paulo
2490,2024-05-17,Maria Souza,m,Teclado,"R$ 1.200,00",1,1200,,São Paulo
2491,20/10/23, Pedro Alves ,Feminino,Notebook,R$1200,3,10508,2:15:47,Curitiba
2492,14-09-2023,,F,Cadeira,120,2,7000,,Belo Horizonte
2493,2023-07-08,Maria Souza,f,Teclado,R$120,1,1200,0:32:40,Porto Alegre
2494,2024-01-12,Carlos Lima,f,Teclado,120,2,7000,,São Paulo
2495,2024-04-20,Carlos Lima,Masculino,Monitor,50,1,800,1:58:22,Curitiba
2496,2023/06/19,Maria Souza,,Notebook,R$120,3,378,2:14:30,Porto Alegre
2497,22/12/24, Pedro Alves ,F,Mouse,1200,3,,0:52:41,Rio de Janeiro
2498,2023-07-05,Maria Souza,Masculino,Notebook,"R$ 120,00",3,,,São Paulo
2499,01/03/23, Pedro Alves ,M,Teclado,R$50,1,800,1h 10m,Belo Horizonte
2500,11-12-2024,,Masculino,Teclado,"R$ 1.200,00",2,,0:49:14,Rio de Janeiro
2501,27/04/24,Ana Clara,m,Cadeira,"R$ 800,00",3,360,,Curitiba
2502,13/08/23, João Silva ,MASCULINO,Cadeira,50,2,,0:45:10,Belo Horizonte
2503,2023/12/14, Pedro Alves ,Masculino,Cadeira,R$800,3,2400,0h 20m,Porto Alegre
2504,2023-02-05,Maria Souza,m,Teclado,"R$ 1.200,00",1,93,136m,Rio de Janeiro
2505,27/05/23,Ana Clara,,Mouse,1200,1,1200,,Belo Horizonte
2506,2023/06/14,Carlos Lima,M,Notebook,"R$ 1.200,00",2,1600,2h 17m,Belo Horizonte
2507,18/03/23, Pedro Alves ,f,Monitor,1200,3,3600,0h 8m,Porto Alegre
2508,2023-12-24, Pedro Alves ,m,Notebook,1200,3,3600,1h 25m,São Paulo
2509,20-10-2023,Carlos Lima,m,Notebook,R$3500,1,8,2:35:39,Rio de Janeiro
2510,23/01/23,,F,Mouse,"R$ 800,00",1,,151m,São Paulo
2511,2024-04-12, Pedro Alves ,MASCULINO,Mouse,"R$ 120,00",1,800,1:41:24,Curitiba
2512,2024/03/23,Carlos Lima,m,Teclado,800,1,,,Curitiba
2513,14/04/24,Carlos Lima,f,Cadeira,"R$ 800,00",1,1200,2h 47m,Belo Horizonte
2514,2024-12-28, João Silva ,Masculino,Teclado,1200,3,,,Porto Alegre
2515,26-04-2023,,M,Mouse,"R$ 800,00",1,766,125m,Belo Horizonte
2516,03/12/24, Pedro Alves ,Feminino,Notebook,50,3,150,146m,Curitiba
2517,2024/02/23,,,Monitor,R$50,2,,,Belo Horizonte
2518,19/04/23,Ana Clara,F,Monitor,R$120,3,360,0:56:18,Curitiba
2519,2024/11/25,,f,Monitor,R$1200,2,1600,142m,São Paulo
2520,2024/04/01,,M,Notebook,"R$ 50,00",1,800,2:23:44,Belo Horizonte
2521,2023/07/18, Pedro Alves ,Masculino,Mouse,"R$ 1.200,00",3,10500,,São Paulo
2522,08/03/24, João Silva ,f,Mouse,"R$ 3.500,00",2,100,2:58:44,Belo Horizonte
2523,26/06/23,Ana Clara,m,Cadeira,"R$ 50,00",2,2400,,Rio de Janeiro
2524,02/10/23,,F,Cadeira,R$50,1,1200,0h 29m,São Paulo
2525,2024-06-13, João Silva ,m,Teclado,R$800,1,,125m,Belo Horizonte
2526,2023-10-24,,m,Mouse,"R$ 50,00",2,240,2:17:51,Curitiba
2527,10/04/24,Maria Souza,m,Teclado,R$3500,1,50,2:44:31,São Paulo
2528,25/05/24,Carlos Lima,MASCULINO,Mouse,120,1,3500,0:53:30,Porto Alegre
2529,2023-03-10,Ana Clara,,Mouse,1200,2,,1:30:10,São Paulo
2530,2024/07/02, Pedro Alves ,f,Teclado,R$120,2,7000,180m,Belo Horizonte
2531,2024-10-06,Carlos Lima,M,Notebook,3500,1,,0:34:46,Curitiba
2532,10-08-2024,Maria Souza,,Monitor,1200,2,6996,2:50:26,Rio de Janeiro
2533,10-05-2023, João Silva ,,Mouse,R$800,3,10468,91m,Rio de Janeiro
2534,2024/10/20,Ana Clara,M,Notebook,R$800,2,1620,3h 51m,São Paulo
2535,06-10-2024,Carlos Lima,F,Cadeira,R$50,1,1200,2:52:41,Curitiba
2536,2023-01-09,Ana Clara,M,Teclado,"R$ 800,00",2,100,15m,São Paulo
2537,04-07-2023,Ana Clara,f,Teclado,"R$ 120,00",1,,0:54:35,Porto Alegre
2538,2024/05/18,Carlos Lima,MASCULINO,Cadeira,R$800,3,10500,1:36:26,Belo Horizonte
2539,10/06/24,Carlos Lima,F,Cadeira,120,3,3600,,Curitiba
2540,2023-09-26, Pedro Alves ,M,Cadeira,"R$ 3.500,00",1,1200,2:58:53,Belo Horizonte
2541,2024-06-20,Maria Souza,,Cadeira,R$120,2,,1:51:08,Belo Horizonte
2542,2023/12/15,Maria Souza,,Monitor,800,2,100,0h 34m,Curitiba
2543,2024/11/21, João Silva ,Feminino,Monitor,R$120,3,,30m,Rio de Janeiro
2544,17/11/24,Carlos Lima,,Teclado,50,3,3600,,Porto Alegre
2545,2024-09-07,Ana Clara,F,Mouse,R$800,3,133,,Curitiba
2546,2023-06-09,Maria Souza,Masculino,Mouse,R$800,3,3595,1:40:07,Curitiba
2547,25/01/23,Ana Clara,,Teclado,"R$ 50,00",3,139,110m,Belo Horizonte
2548,25/10/24, João Silva ,M,Cadeira,120,3,2400,13m,São Paulo
2549,26/02/24,,M,Mouse,"R$ 3.500,00",2,7000,0h 27m,Curitiba
2550,2024/04/14,Carlos Lima,,Notebook,R$1200,3,2366,1h 7m,Belo Horizonte
2551,2023/04/19, Pedro Alves ,,Mouse,3500,3,,1h 48m,Rio de Janeiro
2552,25/10/24,Ana Clara,Feminino,Monitor,R$800,1,3500,147m,Curitiba
2553,25-10-2024,Maria Souza,m,Monitor,3500,2,,2:47:04,Curitiba
2554,10-07-2023,,f,Monitor,R$3500,2,240,49m,Rio de Janeiro
2555,20/02/24,,Masculino,Mouse,"R$ 120,00",1,120,1h 39m,Rio de Janeiro
2556,13-11-2024,,Masculino,Monitor,R$50,3,387,,Porto Alegre
2557,07/08/24,Maria Souza,F,Notebook,R$120,3,3600,2h 52m,Belo Horizonte
2558,2023-12-03,,m,Mouse,R$50,2,240,,Rio de Janeiro
2559,11-04-2024, Pedro Alves ,,Monitor,R$1200,3,10500,1:07:06,Belo Horizonte
2560,2023-12-01, João Silva ,f,Teclado,800,3,10500,0h 17m,Porto Alegre
2561,2024-08-17,Carlos Lima,m,Notebook,R$800,3,150,2h 24m,Curitiba
2562,2024/12/23,,MASCULINO,Notebook,R$50,3,3600,,Curitiba
2563,2023/02/12,Maria Souza,Masculino,Teclado,800,2,7000,2:47:13,São Paulo
2564,2024/02/09,,F,Mouse,R$3500,2,100,2h 7m,Rio de Janeiro
2565,27/06/24, João Silva ,MASCULINO,Monitor,"R$ 120,00",3,360,,Belo Horizonte
2566,28-02-2023,,Masculino,Mouse,800,1,81,,Belo Horizonte
2567,01/11/24,Ana Clara,f,Teclado,800,2,2448,2:56:22,Porto Alegre
2568,2024/01/25, João Silva ,Masculino,Cadeira,120,3,2400,,Curitiba
2569,28/10/24,,Masculino,Notebook,R$120,1,120,1h 6m,Porto Alegre
2570,2023/05/20,Maria Souza,,Notebook,800,1,50,2:32:51,São Paulo
2571,10-11-2023,Ana Clara,Masculino,Cadeira,"R$ 3.500,00",2,7000,3h 43m,Rio de Janeiro
2572,2023-11-24,Carlos Lima,MASCULINO,Mouse,R$3500,2,,0:12:49,São Paulo
2573,2024/07/01, João Silva ,M,Monitor,3500,2,2418,0h 42m,Rio de Janeiro
2574,19-03-2023,Maria Souza,Masculino,Mouse,R$3500,1,,77m,Rio de Janeiro
2575,2024-05-09, João Silva ,M,Monitor,"R$ 1.200,00",1,3500,1:51:19,Curitiba
2576,2023/12/26,,f,Mouse,50,1,50,79m,Belo Horizonte
2577,2024-03-03, João Silva ,Masculino,Teclado,"R$ 800,00",1,1200,,Rio de Janeiro
2578,02/11/23,Carlos Lima,Masculino,Mouse,800,1,1200,1:19:06,Rio de Janeiro
2579,2024/01/03,Ana Clara,m,Monitor,R$50,3,2400,2h 55m,São Paulo
2580,28-07-2024,Ana Clara,f,Notebook,R$800,2,7020,81m,Curitiba
2581,2023-11-20,Ana Clara,F,Monitor,"R$ 3.500,00",3,,,Curitiba
2582,02-05-2023, João Silva ,M,Mouse,1200,1,74,,Rio de Janeiro
2583,2023-08-21,,Feminino,Notebook,1200,3,3600,0:19:26,São Paulo
2584,16-10-2024, João Silva ,MASCULINO,Monitor,R$120,2,1600,84m,São Paulo
2585,03-12-2023, João Silva ,Feminino,Cadeira,"R$ 1.200,00",2,2400,2h 31m,Curitiba
2586,18-07-2024, Pedro Alves ,Feminino,Teclado,1200,3,150,3h 33m,Rio de Janeiro
2587,2024/12/28, Pedro Alves ,M,Cadeira,"R$ 120,00",1,,1:04:12,São Paulo
2588,2024-05-16, Pedro Alves ,m,Mouse,R$120,1,800,3h 40m,Curitiba
2589,2023/09/09, João Silva ,MASCULINO,Notebook,"R$ 1.200,00",3,3582,,São Paulo
2590,2024/05/21,Ana Clara,F,Mouse,R$800,2,2400,,Rio de Janeiro
2591,19/06/24,,Masculino,Mouse,"R$ 800,00",2,240,,São Paulo
2592,2023-08-20, João Silva ,Feminino,Monitor,R$800,2,7000,0h 54m,Rio de Janeiro
2593,2023-02-03,Maria Souza,,Cadeira,1200,2,1600,,Curitiba
2594,11-09-2023, Pedro Alves ,Feminino,Mouse,R$800,2,100,42m,Curitiba
2595,2024-04-11, João Silva ,,Notebook,R$1200,1,50,,Rio de Janeiro
2596,13-09-2023, Pedro Alves ,Feminino,Notebook,R$120,1,800,0:56:03,Porto Alegre
2597,2023-11-23, João Silva ,Feminino,Monitor,"R$ 3.500,00",3,10500,0:03:41,Porto Alegre
2598,15/01/23, João Silva ,M,Notebook,1200,1,3500,142m,Belo Horizonte
2599,01-10-2023, Pedro Alves ,,Cadeira,800,2,7000,2:25:12,São Paulo
2600,16/08/23,Maria Souza,,Cadeira,"R$ 3.500,00",3,10500,2:09:55,Belo Horizonte
2601,2024/12/20,Ana Clara,Masculino,Monitor,1200,1,3500,2h 11m,Porto Alegre
2602,2023/08/04,,m,Notebook,R$50,3,2445,1:47:22,São Paulo
2603,2024/10/04, João Silva ,Masculino,Notebook,"R$ 50,00",3,,179m,Rio de Janeiro
2604,04/12/23,,,Teclado,R$3500,3,10509,179m,Curitiba
2605,10-07-2023,,,Monitor,R$50,2,57,2h 30m,Belo Horizonte
2606,23-04-2023,Ana Clara,M,Mouse,R$800,3,360,,Belo Horizonte
2607,2024/04/25, João Silva ,f,Monitor,"R$ 3.500,00",1,3509,,Belo Horizonte
2608,21-11-2023,,,Mouse,R$50,2,124,0:23:46,Curitiba
2609,2024-03-13,Ana Clara,Feminino,Mouse,R$3500,1,800,1:14:19,Rio de Janeiro
2610,2023-03-20,Ana Clara,m,Cadeira,"R$ 800,00",3,,,Curitiba
2611,2023/05/21, João Silva ,MASCULINO,Mouse,"R$ 1.200,00",3,,103m,Porto Alegre
2612,2023-05-28,Maria Souza,m,Notebook,"R$ 1.200,00",3,3600,0:11:40,São Paulo
2613,2024/04/15,Carlos Lima,Feminino,Cadeira,"R$ 50,00",1,,122m,Porto Alegre
2614,2024-07-23,,f,Teclado,"R$ 50,00",3,10483,35m,Rio de Janeiro
2615,10-02-2024,Maria Souza,Masculino,Cadeira,R$1200,1,1200,117m,Belo Horizonte
2616,07-10-2023,Ana Clara,Feminino,Notebook,"R$ 1.200,00",1,1200,,Curitiba
2617,20/05/24, Pedro Alves ,Masculino,Teclado,800,3,360,56m,Belo Horizonte
2618,18/08/24,Ana Clara,M,Mouse,R$3500,3,2400,154m,Belo Horizonte
2619,2024/01/03,Ana Clara,f,Monitor,"R$ 1.200,00",3,2423,1h 34m,Curitiba
2620,27-11-2023,Carlos Lima,Masculino,Cadeira,120,3,3600,3h 42m,São Paulo
2621,22/01/23,,Feminino,Notebook,"R$ 3.500,00",1,50,,Porto Alegre
2622,2024/05/03,Ana Clara,Feminino,Cadeira,"R$ 50,00",1,788,,Porto Alegre
2623,2024/05/06, Pedro Alves ,,Cadeira,"R$ 120,00",1,800,0h 9m,Belo Horizonte
2624,2024/10/06, Pedro Alves ,m,Teclado,"R$ 120,00",3,2400,,Curitiba
2625,2024-02-22, Pedro Alves ,f,Mouse,3500,3,2400,1:46:09,São Paulo
2626,2024/10/23, Pedro Alves ,m,Cadeira,"R$ 120,00",3,3600,,Porto Alegre
2627,2024/04/05,Carlos Lima,M,Cadeira,120,1,1200,2h 9m,Porto Alegre
2628,2023-09-18,Carlos Lima,F,Notebook,1200,2,100,2h 47m,Curitiba
2629,2023-08-11,Ana Clara,MASCULINO,Notebook,"R$ 1.200,00",2,,84m,Belo Horizonte
2630,2023-02-26,Carlos Lima,M,Notebook,50,1,3500,2:54:06,Belo Horizonte
2631,16-05-2023,Maria Souza,M,Teclado,R$3500,1,50,,Rio de Janeiro
2632,2024-11-08, Pedro Alves ,Masculino,Cadeira,120,3,360,178m,Curitiba
2633,10/09/23,Maria Souza,m,Mouse,120,3,,3h 44m,Belo Horizonte
2634,12/04/24,Ana Clara,f,Teclado,50,3,150,53m,Porto Alegre
2635,2023/05/14,Maria Souza,Feminino,Notebook,R$1200,2,100,132m,São Paulo
2636,2023/10/23,Carlos Lima,M,Monitor,"R$ 120,00",1,800,2h 51m,São Paulo
2637,22-09-2023,,Masculino,Mouse,"R$ 120,00",1,,1h 24m,Porto Alegre
2638,24/11/24, João Silva ,m,Monitor,"R$ 3.500,00",3,184,,Rio de Janeiro
2639,2023-08-03, João Silva ,Masculino,Teclado,R$800,1,1200,153m,Belo Horizonte
2640,04-10-2024,Ana Clara,f,Mouse,R$800,2,240,1:05:30,Porto Alegre
2641,2023/04/05,,,Cadeira,3500,3,3600,2:52:27,São Paulo
2642,2023-06-02,Maria Souza,M,Mouse,3500,2,240,,Curitiba
2643,09-02-2024,Carlos Lima,,Mouse,R$800,2,100,1h 18m,Rio de Janeiro
2644,2023-12-20,Carlos Lima,M,Cadeira,"R$ 1.200,00",3,150,1h 52m,Rio de Janeiro
2645,2024-08-12,Maria Souza,F,Monitor,"R$ 800,00",3,2400,,São Paulo
2646,02/05/24, Pedro Alves ,Masculino,Mouse,R$3500,3,10500,3h 6m,Curitiba
2647,2024/04/11,Maria Souza,m,Teclado,R$120,3,2400,118m,São Paulo
2648,2024-05-02,Ana Clara,M,Notebook,R$50,2,,0h 13m,Curitiba
2649,2024-04-17,Ana Clara,f,Monitor,"R$ 1.200,00",1,,0h 4m,Porto Alegre
2650,13/05/23,Carlos Lima,Feminino,Cadeira,R$120,2,219,3h 40m,Rio de Janeiro
2651,2024-11-19,Maria Souza,F,Notebook,R$1200,3,360,1:55:39,Rio de Janeiro
2652,2023/06/28, João Silva ,Feminino,Notebook,1200,1,3500,106m,São Paulo
2653,2023/08/15,,MASCULINO,Notebook,"R$ 50,00",2,,2h 20m,Porto Alegre
2654,19-04-2024,,MASCULINO,Monitor,50,3,3600,,Rio de Janeiro
2655,2023/06/24, João Silva ,M,Teclado,"R$ 1.200,00",3,2400,,Rio de Janeiro
2656,09/04/24, João Silva ,Masculino,Mouse,800,1,120,0h 21m,São Paulo
2657,21/09/23,Carlos Lima,F,Teclado,R$800,2,7000,69m,Rio de Janeiro
2658,2023-08-04, Pedro Alves ,M,Teclado,"R$ 120,00",1,50,,Porto Alegre
2659,17/04/24,Carlos Lima,F,Notebook,3500,2,240,16m,Porto Alegre
2660,2023-09-09,Ana Clara,MASCULINO,Mouse,120,2,240,156m,São Paulo
2661,2023/01/27,Ana Clara,f,Mouse,1200,1,,,Curitiba
2662,06/12/23,Ana Clara,M,Mouse,R$3500,3,360,0:18:06,São Paulo
2663,2023-05-28,Carlos Lima,,Teclado,"R$ 1.200,00",2,,1h 16m,Rio de Janeiro
2664,20-11-2023, Pedro Alves ,F,Cadeira,"R$ 1.200,00",1,1200,0h 33m,São Paulo
2665,18-05-2023,,m,Cadeira,50,2,1600,1:12:13,Porto Alegre
2666,10/07/23, João Silva ,M,Teclado,R$120,2,2400,22m,São Paulo
2667,06/11/24,,m,Teclado,R$1200,1,,1:09:06,Curitiba
2668,2023/05/21, Pedro Alves ,Feminino,Mouse,800,2,240,18m,Rio de Janeiro
2669,17-08-2024,Maria Souza,f,Notebook,120,3,,19m,Porto Alegre
2670,21/06/24,Carlos Lima,f,Cadeira,50,2,,,São Paulo
2671,28-07-2023,,Masculino,Notebook,50,2,7000,0h 31m,Belo Horizonte
2672,06/11/24,Carlos Lima,F,Cadeira,50,2,100,118m,Rio de Janeiro
2673,05/05/23,Maria Souza,,Notebook,R$3500,1,50,162m,Porto Alegre
2674,2024/03/03, João Silva ,F,Monitor,"R$ 800,00",1,,,Porto Alegre
2675,2023-02-23,Ana Clara,Feminino,Notebook,"R$ 1.200,00",1,,1:33:02,São Paulo
2676,05-05-2024,,F,Mouse,1200,1,16,132m,Porto Alegre
2677,19/01/24, João Silva ,MASCULINO,Teclado,"R$ 50,00",1,,0h 48m,Curitiba
2678,2024-03-24,Maria Souza,f,Cadeira,120,1,3500,75m,Rio de Janeiro
2679,2023-05-11,Maria Souza,F,Cadeira,R$120,2,100,,Curitiba
2680,27/03/24, João Silva ,,Teclado,800,1,3500,30m,Belo Horizonte
2681,2024-03-01,Ana Clara,Masculino,Mouse,50,1,120,0h 18m,Rio de Janeiro
2682,2023-03-27,Ana Clara,F,Cadeira,R$1200,2,143,48m,Curitiba
2683,2024/03/22,Carlos Lima,m,Mouse,120,1,120,179m,Porto Alegre
2684,2024/11/26,Ana Clara,,Monitor,"R$ 120,00",3,10500,163m,Belo Horizonte
2685,01-03-2024, Pedro Alves ,MASCULINO,Mouse,R$800,1,120,0h 27m,Belo Horizonte
2686,2023-12-19, Pedro Alves ,M,Notebook,"R$ 800,00",1,50,116m,Belo Horizonte
2687,15/11/23,,Masculino,Teclado,R$120,1,,2h 34m,São Paulo
2688,08-02-2024,Maria Souza,Feminino,Mouse,1200,3,,3h 30m,São Paulo
2689,2023-02-05,Ana Clara,m,Notebook,R$1200,2,,1h 7m,Belo Horizonte
2690,01-08-2024,Maria Souza,Feminino,Cadeira,R$1200,3,3600,179m,Belo Horizonte
2691,2023-03-07,,m,Notebook,"R$ 800,00",2,6987,2h 43m,Belo Horizonte
2692,2023/12/07,,m,Notebook,R$50,3,150,1h 36m,Rio de Janeiro
2693,2023/04/27,Ana Clara,Feminino,Cadeira,R$3500,1,,2:58:55,Porto Alegre
2694,27-11-2024,Maria Souza,Feminino,Monitor,"R$ 50,00",3,150,169m,Porto Alegre
2695,2023/09/13,Ana Clara,Masculino,Teclado,R$800,1,3500,,São Paulo
2696,2023/10/09,,m,Monitor,120,1,3500,0h 9m,Curitiba
2697,22/09/24, João Silva ,F,Cadeira,"R$ 800,00",3,10500,31m,Rio de Janeiro
2698,2023/03/02,Ana Clara,M,Cadeira,R$800,3,10500,,Curitiba
2699,2023/10/27, Pedro Alves ,f,Mouse,R$50,3,360,1h 36m,Curitiba
2700,2023/05/17,Ana Clara,F,Mouse,R$3500,2,100,2h 55m,Porto Alegre
2701,2023-02-04,Carlos Lima,M,Teclado,R$120,1,79,,Curitiba
2702,2023/06/10,Carlos Lima,F,Notebook,1200,2,1600,2h 15m,Porto Alegre
2703,2023/11/03,Ana Clara,,Monitor,120,2,,149m,Porto Alegre
2704,2024-09-10, João Silva ,Feminino,Teclado,R$50,1,1200,2h 7m,Curitiba
2705,17-03-2024, João Silva ,,Monitor,50,2,150,,Rio de Janeiro
2706,2024/06/20,,m,Notebook,"R$ 50,00",3,10500,1:03:36,São Paulo
2707,22/03/24,Ana Clara,,Mouse,"R$ 120,00",3,360,2h 44m,Rio de Janeiro
2708,2024-01-21,Ana Clara,,Notebook,"R$ 120,00",3,3600,2h 32m,Rio de Janeiro
2709,18-04-2024, Pedro Alves ,Feminino,Teclado,50,3,,,Rio de Janeiro
2710,09-11-2023,Ana Clara,F,Notebook,"R$ 3.500,00",3,,117m,Porto Alegre
2711,2024/01/07, João Silva ,,Cadeira,"R$ 800,00",1,50,48m,Curitiba
2712,26-12-2023, Pedro Alves ,Masculino,Teclado,"R$ 3.500,00",2,240,0:17:02,Rio de Janeiro
2713,2023-09-07,Ana Clara,MASCULINO,Mouse,1200,3,2400,0h 51m,São Paulo
2714,2023/03/04, João Silva ,M,Monitor,"R$ 1.200,00",1,3500,0h 58m,Rio de Janeiro
2715,2023/01/01,Ana Clara,F,Mouse,R$50,2,7000,2h 27m,Belo Horizonte
2716,2023-09-16,Ana Clara,Feminino,Notebook,120,1,800,,Porto Alegre
2717,19/03/24, João Silva ,F,Notebook,"R$ 120,00",1,800,29m,Belo Horizonte
2718,13-12-2024, Pedro Alves ,,Cadeira,1200,3,2400,2h 41m,Rio de Janeiro
2719,20/08/23,,Feminino,Teclado,"R$ 1.200,00",3,150,33m,Porto Alegre
2720,2023-07-10, João Silva ,Feminino,Cadeira,"R$ 1.200,00",3,197,,Porto Alegre
2721,17-10-2023, Pedro Alves ,Feminino,Cadeira,"R$ 3.500,00",2,100,2:41:22,Belo Horizonte
2722,2023/10/08, Pedro Alves ,Feminino,Cadeira,"R$ 50,00",3,10500,,Belo Horizonte
2723,2023-04-27,Ana Clara,m,Notebook,800,3,2400,91m,Curitiba
2724,2024-01-03, Pedro Alves ,F,Teclado,R$1200,1,3500,,Porto Alegre
2725,2023-10-27,Carlos Lima,F,Cadeira,"R$ 800,00",1,120,167m,Belo Horizonte
2726,2024/08/28, Pedro Alves ,Masculino,Cadeira,120,1,800,,Porto Alegre
2727,2023-04-14,Carlos Lima,MASCULINO,Notebook,3500,1,,1:53:40,Porto Alegre
2728,2024/05/21, João Silva ,f,Notebook,"R$ 1.200,00",3,150,2h 3m,Porto Alegre
2729,2023-01-12, João Silva ,F,Mouse,"R$ 800,00",1,800,2h 17m,Curitiba
2730,07/05/24,Maria Souza,F,Teclado,3500,3,,1h 31m,Rio de Janeiro
2731,03-01-2023, Pedro Alves ,m,Mouse,R$3500,1,1197,1:14:15,São Paulo
2732,08/11/24,Maria Souza,F,Teclado,"R$ 3.500,00",2,240,2:09:08,Porto Alegre
2733,2023/07/17, Pedro Alves ,Feminino,Notebook,50,1,1200,131m,Curitiba
2734,2023-12-25, João Silva ,Feminino,Mouse,R$120,3,150,,Belo Horizonte
2735,2023-12-13, Pedro Alves ,Feminino,Mouse,50,2,1600,172m,Belo Horizonte
2736,2023-05-17,Ana Clara,F,Notebook,"R$ 3.500,00",1,,175m,Curitiba
2737,06/02/24,Carlos Lima,F,Notebook,50,2,7000,,São Paulo
2738,04-01-2023,,Masculino,Monitor,"R$ 3.500,00",1,,2:02:48,Porto Alegre
2739,2024/01/05,,Feminino,Mouse,50,3,10500,2:26:18,Curitiba
2740,2024/08/01,Ana Clara,Feminino,Teclado,R$1200,3,3600,2h 30m,Belo Horizonte
2741,02/08/23, João Silva ,MASCULINO,Mouse,3500,1,50,,Porto Alegre
2742,09/11/24,Ana Clara,f,Monitor,800,3,360,102m,Belo Horizonte
2743,13-01-2023,Carlos Lima,Masculino,Cadeira,1200,2,1600,,Rio de Janeiro
2744,2023/11/23, Pedro Alves ,Feminino,Mouse,"R$ 50,00",1,50,36m,Porto Alegre
2745,2024-03-17, Pedro Alves ,m,Monitor,"R$ 800,00",3,150,,Belo Horizonte
2746,23/03/23,Carlos Lima,F,Notebook,R$1200,2,7000,0:57:57,Belo Horizonte
2747,2023/02/23,Maria Souza,f,Notebook,R$120,3,335,2h 54m,Belo Horizonte
2748,2024/06/06, Pedro Alves ,,Monitor,"R$ 120,00",3,10500,2:49:34,Rio de Janeiro
2749,07-11-2023,,f,Cadeira,"R$ 50,00",2,2400,164m,Rio de Janeiro
2750,2024-03-21, Pedro Alves ,f,Teclado,"R$ 800,00",1,1200,2h 28m,Porto Alegre
2751,20/02/23,,MASCULINO,Mouse,50,2,240,55m,Belo Horizonte
2752,26/12/24,,Masculino,Cadeira,R$120,3,322,1:30:44,Rio de Janeiro
2753,28/02/23,Carlos Lima,Feminino,Mouse,1200,1,3500,0:25:07,Porto Alegre
2754,2023-01-27,Ana Clara,MASCULINO,Cadeira,120,2,7000,2h 47m,Belo Horizonte
2755,13-01-2024,Maria Souza,,Notebook,"R$ 800,00",1,50,1:54:43,Curitiba
2756,2023-06-06,Carlos Lima,Feminino,Cadeira,R$3500,2,2400,174m,São Paulo
2757,09/05/24,Carlos Lima,M,Teclado,"R$ 120,00",2,97,0h 25m,Curitiba
2758,22-04-2024, Pedro Alves ,f,Notebook,R$50,3,117,0h 43m,Curitiba
2759,2023/12/03, Pedro Alves ,MASCULINO,Monitor,800,2,1600,131m,São Paulo
2760,2023-11-01,,MASCULINO,Monitor,50,3,,,Rio de Janeiro
2761,06-04-2024,Ana Clara,f,Cadeira,800,3,360,3h 59m,São Paulo
2762,2024/04/21,Ana Clara,Masculino,Mouse,"R$ 3.500,00",1,1200,,Porto Alegre
2763,2023/11/04,Maria Souza,Feminino,Notebook,1200,3,2400,,Rio de Janeiro
2764,2023-02-06,,M,Notebook,R$120,2,100,137m,Porto Alegre
2765,03/03/24,Maria Souza,F,Teclado,50,1,50,29m,Curitiba
2766,27/06/24, João Silva ,Feminino,Teclado,R$50,3,150,,São Paulo
2767,2023/12/11,Carlos Lima,Feminino,Mouse,R$800,3,190,2:35:45,Rio de Janeiro
2768,17-09-2024, Pedro Alves ,M,Mouse,1200,2,100,,Belo Horizonte
2769,26-06-2024, João Silva ,m,Mouse,R$1200,3,,,São Paulo
2770,26/03/23, Pedro Alves ,m,Mouse,800,1,3500,,Curitiba
2771,2024/12/27,Maria Souza,F,Cadeira,R$1200,3,360,,Belo Horizonte
2772,19/08/24, Pedro Alves ,Masculino,Teclado,R$120,2,,3h 21m,Porto Alegre
2773,2024/09/24,,F,Notebook,"R$ 1.200,00",1,,,Rio de Janeiro
2774,14-12-2023,,m,Teclado,"R$ 1.200,00",1,,1:46:45,Rio de Janeiro
2775,11-01-2023,Carlos Lima,Masculino,Notebook,"R$ 50,00",3,10500,2h 16m,Curitiba
2776,2023/05/12, João Silva ,Masculino,Teclado,"R$ 3.500,00",3,3600,34m,São Paulo
2777,2023-04-08,Ana Clara,M,Mouse,"R$ 1.200,00",2,2400,20m,Belo Horizonte
2778,2023/07/03,,m,Cadeira,R$50,2,,0:40:24,Rio de Janeiro
2779,25-06-2023,Carlos Lima,m,Mouse,120,2,100,1:08:19,São Paulo
2780,2023/11/27,Maria Souza,m,Mouse,R$1200,1,800,,Belo Horizonte
2781,2023-01-18, Pedro Alves ,Masculino,Cadeira,1200,2,1600,,São Paulo
2782,01-07-2023,Ana Clara,f,Teclado,120,1,,0h 11m,Rio de Janeiro
2783,23-12-2023,Ana Clara,Masculino,Notebook,"R$ 50,00",3,360,45m,Curitiba
2784,04-05-2024,Maria Souza,m,Mouse,R$3500,3,360,2:50:13,Rio de Janeiro
2785,20-09-2024, João Silva ,MASCULINO,Monitor,R$50,1,1200,155m,Porto Alegre
2786,04/04/24, Pedro Alves ,Masculino,Cadeira,1200,1,120,2h 30m,São Paulo
2787,10/07/24,Ana Clara,Feminino,Notebook,R$50,1,120,1:11:11,Porto Alegre
2788,2023-05-11, João Silva ,F,Teclado,R$800,3,150,,Porto Alegre
2789,06-08-2023, Pedro Alves ,f,Cadeira,3500,3,369,,São Paulo
2790,27/08/23, Pedro Alves ,f,Teclado,R$50,2,7000,,Belo Horizonte
2791,21/11/24,,MASCULINO,Monitor,"R$ 50,00",2,2400,2h 54m,Curitiba
2792,2023/05/01,Ana Clara,MASCULINO,Teclado,800,2,2400,0:57:17,Curitiba
2793,07/11/23,Maria Souza,Feminino,Cadeira,"R$ 800,00",3,10500,2:48:10,Belo Horizonte
2794,2024/03/25,Ana Clara,,Mouse,120,3,150,,São Paulo
2795,2023/12/04, João Silva ,,Monitor,3500,2,1600,1h 35m,São Paulo
2796,2024/09/13, Pedro Alves ,Masculino,Notebook,"R$ 50,00",2,,1:15:02,Belo Horizonte
2797,18/09/24,Ana Clara,Masculino,Teclado,R$120,3,10500,140m,Belo Horizonte
2798,2023/07/20,Maria Souza,Feminino,Teclado,R$3500,2,7000,2:19:02,Rio de Janeiro
2799,25-12-2023, Pedro Alves ,f,Mouse,"R$ 3.500,00",3,150,,Belo Horizonte
2800,03/06/23,Carlos Lima,f,Monitor,"R$ 1.200,00",2,240,,Porto Alegre
2801,06/10/24, João Silva ,M,Cadeira,"R$ 50,00",1,800,44m,Curitiba
2802,2024/06/07,,m,Notebook,1200,2,1600,100m,Curitiba
2803,2024/06/05, Pedro Alves ,M,Cadeira,R$120,1,50,,Belo Horizonte
2804,10-07-2023,Ana Clara,F,Mouse,"R$ 1.200,00",1,1171,3h 15m,Belo Horizonte
2805,15/08/24, João Silva ,,Teclado,R$120,2,7000,162m,São Paulo
2806,2023/09/01,Carlos Lima,M,Teclado,R$800,3,,,Belo Horizonte
2807,2023/11/10, Pedro Alves ,f,Teclado,R$800,1,50,141m,Belo Horizonte
2808,2023-08-21, João Silva ,F,Mouse,R$1200,3,2400,0:49:29,Belo Horizonte
2809,01/03/24, João Silva ,Feminino,Mouse,"R$ 3.500,00",1,3500,1:36:43,São Paulo
2810,2023-01-10, João Silva ,Masculino,Mouse,R$50,1,,19m,Porto Alegre
2811,2023-05-02,,,Monitor,"R$ 1.200,00",2,240,,Rio de Janeiro
2812,2023-02-02,Carlos Lima,Feminino,Monitor,R$800,1,120,0:41:24,Porto Alegre
2813,02/05/23,Carlos Lima,f,Teclado,800,2,240,2:54:36,Porto Alegre
2814,2024-07-18, João Silva ,Masculino,Cadeira,50,2,,1h 51m,São Paulo
2815,2023-09-26,Maria Souza,Feminino,Teclado,800,1,800,178m,São Paulo
2816,28-10-2023, João Silva ,MASCULINO,Teclado,50,2,197,2h 57m,São Paulo
2817,22/02/23,Carlos Lima,Feminino,Mouse,R$1200,1,50,0h 20m,Porto Alegre
2818,12/04/24,Ana Clara,F,Notebook,1200,2,7000,,São Paulo
2819,04-08-2024,,m,Mouse,3500,2,,1:26:29,Porto Alegre
2820,02-07-2024,Ana Clara,Feminino,Mouse,R$1200,3,360,155m,Rio de Janeiro
2821,2024/11/21,Ana Clara,M,Cadeira,"R$ 3.500,00",2,100,,Belo Horizonte
2822,25/02/23,,F,Notebook,R$120,1,800,33m,São Paulo
2823,2023/03/22,,,Monitor,"R$ 50,00",2,7000,1:26:12,São Paulo
2824,2024-01-04, Pedro Alves ,,Notebook,1200,2,,0:30:50,Porto Alegre
2825,24-10-2023,Maria Souza,MASCULINO,Cadeira,"R$ 1.200,00",3,2400,,Curitiba
2826,07/08/24,Ana Clara,Feminino,Notebook,R$120,1,1200,,Belo Horizonte
2827,11-02-2024, João Silva ,f,Notebook,50,1,74,58m,Porto Alegre
2828,03-04-2024, Pedro Alves ,Feminino,Notebook,3500,3,2400,,Rio de Janeiro
2829,2024/01/06, Pedro Alves ,,Cadeira,R$1200,3,10500,16m,Rio de Janeiro
2830,2024-05-22,Carlos Lima,Masculino,Cadeira,R$3500,2,100,0h 44m,Belo Horizonte
2831,26-12-2023,Maria Souza,Masculino,Cadeira,"R$ 50,00",2,2400,,Belo Horizonte
2832,16-06-2023,Carlos Lima,F,Notebook,R$800,3,3600,69m,Rio de Janeiro
2833,28/11/24,Carlos Lima,,Teclado,800,3,10500,,Curitiba
2834,04-11-2023, João Silva ,,Teclado,"R$ 800,00",3,3600,,Rio de Janeiro
2835,2023-04-26, João Silva ,,Cadeira,50,1,120,,Belo Horizonte
2836,2024-07-04,Maria Souza,f,Notebook,120,1,,,São Paulo
2837,2023-11-26, Pedro Alves ,M,Monitor,1200,2,,70m,Rio de Janeiro
2838,02/10/23,Maria Souza,,Teclado,"R$ 50,00",2,,121m,Porto Alegre
2839,14-01-2023,Maria Souza,,Mouse,R$1200,2,240,,Belo Horizonte
2840,2024/05/25, João Silva ,,Mouse,R$120,1,813,1h 32m,Porto Alegre
2841,2023/06/10,Maria Souza,f,Notebook,"R$ 50,00",1,1171,0h 32m,São Paulo
2842,13-01-2024,,Feminino,Monitor,120,1,1200,2h 28m,Porto Alegre
2843,09-08-2023,Carlos Lima,MASCULINO,Monitor,"R$ 50,00",1,,3h 26m,Porto Alegre
2844,2024-11-24, Pedro Alves ,m,Cadeira,"R$ 120,00",3,,0:01:01,Curitiba
2845,20/09/23,Maria Souza,m,Monitor,"R$ 120,00",1,800,88m,Porto Alegre
2846,09/12/23,Carlos Lima,M,Cadeira,R$50,1,1200,,São Paulo
2847,2024/02/17, Pedro Alves ,F,Cadeira,3500,2,,2h 25m,São Paulo
2848,21/02/24,Maria Souza,,Notebook,3500,1,3500,,Belo Horizonte
2849,2023-11-04,,Feminino,Notebook,R$3500,1,,79m,Curitiba
2850,2024-12-12, Pedro Alves ,m,Notebook,50,3,,3h 20m,Porto Alegre
2851,2024/09/15,Carlos Lima,,Mouse,3500,3,360,2h 36m,Belo Horizonte
2852,23/04/23,Carlos Lima,f,Monitor,R$120,3,343,2h 5m,Rio de Janeiro
2853,2023-11-16, João Silva ,,Teclado,R$120,3,2400,1:06:54,São Paulo
2854,05-11-2023,Ana Clara,,Mouse,"R$ 120,00",3,10500,2h 30m,Curitiba
2855,27/10/23,Maria Souza,m,Teclado,50,3,10500,21m,Belo Horizonte
2856,17-12-2023,Carlos Lima,Feminino,Teclado,800,3,,,Belo Horizonte
2857,13/07/23,Maria Souza,M,Notebook,1200,1,120,3h 33m,Curitiba
2858,17/10/23,,MASCULINO,Mouse,R$1200,2,1600,1:39:10,São Paulo
2859,08-04-2024,,F,Mouse,"R$ 800,00",3,2366,80m,Rio de Janeiro
2860,09-01-2024,Ana Clara,m,Cadeira,R$3500,2,240,1h 44m,Curitiba
2861,04/01/23,Carlos Lima,Feminino,Cadeira,R$1200,3,360,,Belo Horizonte
2862,17/06/24, João Silva ,Masculino,Cadeira,"R$ 120,00",3,10500,3h 37m,Rio de Janeiro
2863,2023-11-16,Ana Clara,M,Monitor,"R$ 120,00",2,1600,0h 51m,Belo Horizonte
2864,2024-05-05,Maria Souza,m,Mouse,800,2,100,0:09:45,São Paulo
2865,27/01/23,Carlos Lima,F,Teclado,R$1200,1,800,69m,Belo Horizonte
2866,2024-06-03, João Silva ,F,Notebook,R$120,2,2400,0:47:07,Porto Alegre
2867,2024/08/23, João Silva ,m,Monitor,R$3500,3,150,2:30:49,Belo Horizonte
2868,16/09/24,,m,Cadeira,50,1,,1:32:04,Porto Alegre
2869,09/01/23,,f,Teclado,1200,3,150,0h 47m,Belo Horizonte
2870,15-06-2024,Carlos Lima,Feminino,Notebook,800,1,,1h 2m,São Paulo
2871,2024/05/02,Carlos Lima,,Notebook,800,1,3500,113m,Belo Horizonte
2872,10/06/24,Maria Souza,m,Teclado,50,3,,0h 20m,Porto Alegre
2873,19-08-2024,Carlos Lima,f,Cadeira,R$120,3,,,Porto Alegre
2874,2024/12/19,Carlos Lima,m,Teclado,"R$ 120,00",1,,,Belo Horizonte
2875,2024/06/02,Maria Souza,M,Mouse,R$3500,2,,0:38:00,São Paulo
2876,2024-09-16,Maria Souza,f,Notebook,"R$ 50,00",2,1600,0:53:59,Porto Alegre
2877,23/01/24, João Silva ,Feminino,Notebook,R$1200,2,7000,,Curitiba
2878,2023/06/24,,Masculino,Notebook,1200,2,100,0:09:38,Belo Horizonte
2879,05/04/23,Maria Souza,m,Cadeira,50,3,10500,118m,Curitiba
2880,2024-03-18,Maria Souza,m,Notebook,R$50,3,3600,2:59:27,Belo Horizonte
2881,2024/06/09,Ana Clara,Masculino,Mouse,"R$ 120,00",3,3600,,Belo Horizonte
2882,2023/02/06, Pedro Alves ,Masculino,Mouse,800,2,2400,2h 3m,São Paulo
2883,25/05/24,,MASCULINO,Teclado,R$1200,1,1200,49m,Belo Horizonte
2884,26-09-2023,Ana Clara,f,Notebook,50,1,90,,Curitiba
2885,12/02/23,,M,Notebook,R$800,2,100,,Rio de Janeiro
2886,25-03-2023,Ana Clara,,Cadeira,"R$ 120,00",3,,111m,São Paulo
2887,2023/06/12,Ana Clara,MASCULINO,Mouse,R$800,1,,1h 25m,Belo Horizonte
2888,08/09/24, Pedro Alves ,m,Teclado,"R$ 800,00",2,240,1h 28m,Curitiba
2889,11/01/24, Pedro Alves ,Masculino,Cadeira,R$800,3,340,0:50:24,São Paulo
2890,13-06-2024, João Silva ,Feminino,Mouse,800,3,360,,Curitiba
2891,02/01/24, João Silva ,,Teclado,"R$ 3.500,00",3,360,53m,Rio de Janeiro
2892,02-09-2023,,Masculino,Notebook,"R$ 800,00",2,1600,,Porto Alegre
2893,13/01/23,Maria Souza,MASCULINO,Mouse,120,2,100,0:46:11,Belo Horizonte
2894,2024-03-25,Maria Souza,,Cadeira,"R$ 3.500,00",2,1600,,Belo Horizonte
2895,18/03/24,Carlos Lima,f,Mouse,800,1,50,,Curitiba
2896,25-09-2024, João Silva ,M,Cadeira,"R$ 120,00",1,50,,Curitiba
2897,13/02/24, Pedro Alves ,,Cadeira,R$120,1,,,Curitiba
2898,2024-06-10, João Silva ,M,Notebook,"R$ 50,00",2,2400,,São Paulo
2899,10/02/24,Ana Clara,,Teclado,R$50,2,,119m,Belo Horizonte
2900,2024-09-06,,,Mouse,120,2,,3h 47m,São Paulo
2901,2023-10-08,Carlos Lima,Masculino,Cadeira,R$3500,2,2400,98m,Porto Alegre
2902,2024-05-28,Carlos Lima,f,Cadeira,3500,1,120,25m,Curitiba
2903,2023/09/01, Pedro Alves ,MASCULINO,Notebook,800,2,58,75m,Rio de Janeiro
2904,2023-08-24, João Silva ,f,Teclado,50,3,360,,Belo Horizonte
2905,2023/12/12,Carlos Lima,,Monitor,"R$ 3.500,00",2,100,113m,São Paulo
2906,2024/08/27,Maria Souza,Masculino,Teclado,R$3500,3,150,0h 53m,Rio de Janeiro
2907,2024/04/03, João Silva ,Feminino,Teclado,800,3,150,39m,São Paulo
2908,2023-12-20,Carlos Lima,,Teclado,"R$ 800,00",3,10500,,Porto Alegre
2909,09-07-2024,,Masculino,Notebook,R$120,3,10506,,Belo Horizonte
2910,2024-01-17,Ana Clara,Feminino,Teclado,"R$ 120,00",1,3500,,Rio de Janeiro
2911,13/12/23, João Silva ,m,Mouse,R$120,3,3600,1:04:02,Belo Horizonte
2912,06/04/23,Maria Souza,MASCULINO,Mouse,"R$ 800,00",3,2400,123m,São Paulo
2913,15/06/23,Carlos Lima,MASCULINO,Mouse,1200,2,2400,1h 43m,Curitiba
2914,2023/10/27,,F,Monitor,R$120,3,,,São Paulo
2915,15/08/24, João Silva ,MASCULINO,Cadeira,1200,3,2400,103m,Rio de Janeiro
2916,25/03/24,,f,Mouse,R$3500,1,3520,108m,Belo Horizonte
2917,2023-06-09, João Silva ,M,Notebook,R$1200,2,7000,3h 3m,Rio de Janeiro
2918,11-09-2024, Pedro Alves ,Feminino,Monitor,"R$ 120,00",2,,1:12:56,Porto Alegre
2919,2023-08-08,Ana Clara,MASCULINO,Cadeira,"R$ 1.200,00",1,3500,,Rio de Janeiro
2920,06-08-2024,Maria Souza,,Notebook,"R$ 3.500,00",2,1600,,Belo Horizonte
2921,12-06-2024,,Masculino,Mouse,3500,3,,76m,Curitiba
2922,2023/06/13, Pedro Alves ,F,Mouse,50,3,10476,2h 50m,São Paulo
2923,12-11-2024, Pedro Alves ,Masculino,Cadeira,R$1200,1,813,83m,Curitiba
2924,2024-06-02,Ana Clara,F,Mouse,R$3500,1,50,25m,Porto Alegre
2925,24/06/23,Maria Souza,F,Cadeira,120,2,,0:46:05,Curitiba
2926,2023-12-19,Ana Clara,Feminino,Monitor,"R$ 3.500,00",3,150,1:11:11,Porto Alegre
2927,2024-09-27, Pedro Alves ,Feminino,Cadeira,800,1,,,São Paulo
2928,09-08-2023, João Silva ,f,Cadeira,R$120,2,7000,0:00:54,São Paulo
2929,23-09-2024,,Masculino,Monitor,120,2,2415,44m,Belo Horizonte
2930,2023-10-19,Carlos Lima,F,Monitor,R$3500,1,3481,,Porto Alegre
2931,25/02/23,Carlos Lima,,Monitor,50,2,240,77m,Curitiba
2932,2023-10-10,,F,Monitor,"R$ 50,00",3,2400,59m,São Paulo
2933,20-12-2024,Ana Clara,MASCULINO,Cadeira,"R$ 3.500,00",3,10500,2:13:42,Belo Horizonte
2934,06-03-2024,Ana Clara,f,Mouse,1200,2,271,,São Paulo
2935,23-02-2023, Pedro Alves ,F,Mouse,800,2,100,,Rio de Janeiro
2936,20-09-2024, João Silva ,f,Notebook,"R$ 120,00",2,100,0:32:16,Rio de Janeiro
2937,2024/01/07,Carlos Lima,Feminino,Cadeira,120,2,7049,2:10:10,Curitiba
2938,2024-08-03,,,Cadeira,R$120,1,1200,,São Paulo
2939,24/01/23,Carlos Lima,f,Cadeira,"R$ 120,00",1,50,3h 3m,São Paulo
2940,2023-04-15, Pedro Alves ,Masculino,Cadeira,R$800,1,,146m,Belo Horizonte
2941,03/02/23,Carlos Lima,F,Teclado,"R$ 800,00",3,3600,0:04:02,Rio de Janeiro
2942,2024/02/19,,,Cadeira,"R$ 120,00",2,,93m,Rio de Janeiro
2943,2024-10-07,,Feminino,Mouse,120,2,2400,,Belo Horizonte
2944,13-11-2024,Ana Clara,m,Mouse,"R$ 50,00",3,3567,119m,Curitiba
2945,2024-01-05,,M,Cadeira,120,1,3461,1h 25m,Curitiba
2946,12-11-2023,,f,Cadeira,"R$ 50,00",1,,0:32:24,Rio de Janeiro
2947,24-03-2023,Carlos Lima,MASCULINO,Notebook,R$50,2,100,2:57:27,Porto Alegre
2948,12/01/24,Ana Clara,F,Monitor,R$3500,1,,2:04:31,Curitiba
2949,2024-04-10,Ana Clara,M,Mouse,"R$ 120,00",1,120,1:17:54,São Paulo
2950,2024-03-19, João Silva ,M,Mouse,R$3500,2,1600,0h 49m,São Paulo
2951,01-12-2023,Ana Clara,,Cadeira,R$800,1,50,0:19:27,Porto Alegre
2952,2024/12/28, João Silva ,m,Mouse,120,2,,,Porto Alegre
2953,12/11/24,Ana Clara,M,Cadeira,R$50,1,132,1h 10m,Belo Horizonte
2954,2024-06-06,Ana Clara,m,Cadeira,"R$ 3.500,00",2,7000,,Curitiba
2955,2023-02-05, João Silva ,F,Cadeira,3500,2,1600,3h 39m,Porto Alegre
2956,2023-01-23,Maria Souza,,Teclado,"R$ 120,00",3,357,88m,Porto Alegre
2957,2023-01-07,Maria Souza,Masculino,Monitor,"R$ 3.500,00",3,,,Rio de Janeiro
2958,2024-06-21,Ana Clara,F,Cadeira,R$50,1,50,27m,Porto Alegre
2959,22/07/24,Maria Souza,Feminino,Mouse,R$120,1,1200,2h 9m,Curitiba
2960,19/12/23, Pedro Alves ,F,Notebook,R$120,2,,2:09:22,Curitiba
2961,07/11/24,Carlos Lima,Masculino,Teclado,R$120,3,2400,,Belo Horizonte
2962,15-03-2024, Pedro Alves ,,Cadeira,R$1200,2,240,,Rio de Janeiro
2963,2024-04-07, Pedro Alves ,Feminino,Notebook,1200,1,800,,Porto Alegre
2964,02-12-2023,Maria Souza,Masculino,Mouse,"R$ 50,00",3,392,109m,Belo Horizonte
2965,12/04/23,Maria Souza,Masculino,Monitor,"R$ 120,00",2,100,1:13:02,São Paulo
2966,2023/03/27,Carlos Lima,F,Monitor,120,2,2400,1:54:46,Curitiba
2967,2023-12-23,Carlos Lima,,Teclado,R$800,1,3500,13m,Porto Alegre
2968,01/02/23,,f,Notebook,"R$ 3.500,00",3,10500,0h 46m,Curitiba
2969,18/07/24, João Silva ,m,Mouse,1200,2,1600,90m,São Paulo
2970,07-05-2024,Maria Souza,Masculino,Mouse,R$120,2,100,,Curitiba
2971,22/12/23,Carlos Lima,Feminino,Teclado,"R$ 120,00",2,1600,,São Paulo
2972,09/02/23,Carlos Lima,F,Teclado,R$120,3,10500,2h 20m,Belo Horizonte
2973,2024-11-07,Ana Clara,Masculino,Mouse,120,2,7025,,Belo Horizonte
2974,2023-11-02, Pedro Alves ,m,Mouse,50,1,3490,3h 8m,Curitiba
2975,2024-09-06,Maria Souza,M,Teclado,"R$ 1.200,00",2,100,100m,Porto Alegre
2976,2024/02/14,Maria Souza,Masculino,Notebook,800,3,150,0:45:23,Rio de Janeiro
2977,2023/10/21,Ana Clara,M,Mouse,R$800,3,10506,91m,São Paulo
2978,2023-03-26,,Feminino,Mouse,"R$ 1.200,00",2,240,2h 29m,Curitiba
2979,05/07/23,,F,Teclado,R$1200,3,2400,82m,Belo Horizonte
2980,14-01-2023,Maria Souza,m,Mouse,"R$ 1.200,00",2,7000,0:44:22,Belo Horizonte
2981,2024/08/28,Ana Clara,,Teclado,50,1,98,160m,Curitiba
2982,2024/07/03, Pedro Alves ,F,Notebook,R$3500,2,100,0h 17m,Porto Alegre
2983,13/10/24, João Silva ,m,Notebook,120,2,240,2:32:03,Belo Horizonte
2984,2023-02-27,Maria Souza,m,Monitor,800,1,120,2:09:14,Belo Horizonte
2985,2023-01-17,Ana Clara,,Cadeira,50,2,100,10m,Curitiba
2986,2023-10-11,Ana Clara,f,Cadeira,R$50,2,,2:18:34,Belo Horizonte
2987,2023/05/22,Carlos Lima,Masculino,Mouse,"R$ 3.500,00",3,10500,1h 50m,Porto Alegre
2988,2023-09-26,Ana Clara,m,Monitor,3500,2,240,2:39:40,Rio de Janeiro
2989,2023/01/18,Maria Souza,Masculino,Teclado,3500,1,3487,2:06:31,Belo Horizonte
2990,2023-02-21, Pedro Alves ,M,Cadeira,R$1200,1,800,,Porto Alegre
2991,2024-03-27, Pedro Alves ,Feminino,Notebook,R$800,2,192,41m,Porto Alegre
2992,26-05-2024,Maria Souza,Masculino,Notebook,"R$ 800,00",3,2357,2:58:27,Rio de Janeiro
2993,08/05/24,Carlos Lima,f,Cadeira,"R$ 50,00",3,3612,1:38:15,Belo Horizonte
2994,26/06/23, Pedro Alves ,Feminino,Teclado,50,1,800,0h 39m,Rio de Janeiro
2995,04-08-2023,Maria Souza,F,Cadeira,R$1200,1,50,88m,Curitiba
2996,03/05/24,Ana Clara,Masculino,Notebook,R$3500,1,,0h 51m,Curitiba
2997,2024-12-12,Carlos Lima,MASCULINO,Cadeira,"R$ 1.200,00",2,1600,2:28:24,Porto Alegre
2998,2024-08-25, João Silva ,F,Mouse,"R$ 1.200,00",3,2400,,Porto Alegre
2999,2024-01-02,Maria Souza,Feminino,Teclado,"R$ 50,00",2,6987,0:48:47,Rio de Janeiro
3000,2024-07-08,Carlos Lima,m,Cadeira,"R$ 3.500,00",1,800,1h 18m,Rio de Janeiro
3001,2024-10-20, Pedro Alves ,Feminino,Mouse,800,1,3500,0:53:12,Curitiba
3002,07-05-2024, João Silva ,m,Notebook,3500,1,800,,São Paulo
3003,2023-04-15,,f,Notebook,800,3,,1h 50m,Curitiba
3004,10-02-2024,Ana Clara,Masculino,Mouse,"R$ 1.200,00",3,2400,,Belo Horizonte
3005,24-08-2024,Maria Souza,Feminino,Notebook,"R$ 1.200,00",2,1600,1:20:32,São Paulo
3006,2024-08-15,Carlos Lima,m,Teclado,R$1200,2,1600,,Belo Horizonte
3007,2024/08/15,Carlos Lima,F,Mouse,R$1200,3,10500,1h 19m,Curitiba
3008,2024/04/19,Maria Souza,M,Notebook,R$800,2,2400,0:30:40,São Paulo
3009,16/09/23,Ana Clara,Feminino,Monitor,"R$ 50,00",2,,93m,Rio de Janeiro
3010,2024-01-17, Pedro Alves ,Masculino,Monitor,R$3500,1,850,1h 18m,Curitiba
3011,2023/11/04, João Silva ,,Mouse,"R$ 120,00",2,201,1h 56m,Rio de Janeiro
3012,2023-07-22, João Silva ,m,Notebook,"R$ 1.200,00",3,3595,3h 16m,Rio de Janeiro
3013,2023/10/27,Ana Clara,Feminino,Cadeira,"R$ 800,00",3,360,,Porto Alegre
3014,27-12-2024,Ana Clara,m,Mouse,800,3,2400,,Belo Horizonte
3015,2023-11-16,Ana Clara,m,Cadeira,800,1,3500,2h 55m,São Paulo
3016,08-08-2023,Ana Clara,Masculino,Monitor,50,2,100,,Porto Alegre
3017,24/02/23,Carlos Lima,M,Teclado,R$3500,2,7000,,Rio de Janeiro
3018,14/06/24,Maria Souza,Masculino,Mouse,R$1200,1,73,,Curitiba
3019,2024/01/12,,MASCULINO,Cadeira,50,3,3600,0h 25m,Belo Horizonte
3020,10/05/24, Pedro Alves ,f,Cadeira,3500,2,,3h 6m,Rio de Janeiro
3021,2024/04/25, João Silva ,,Notebook,"R$ 800,00",2,7017,11m,Curitiba
3022,21-09-2023, João Silva ,,Cadeira,"R$ 50,00",1,,2h 25m,São Paulo
3023,2024/09/09,Carlos Lima,Feminino,Cadeira,R$1200,3,,0:00:08,Curitiba
3024,11-12-2023,,,Teclado,800,1,67,113m,Rio de Janeiro
3025,2023-07-27,Maria Souza,F,Mouse,120,2,100,2h 29m,Belo Horizonte
3026,2024/08/09, Pedro Alves ,MASCULINO,Notebook,800,1,800,121m,Belo Horizonte
3027,2023-05-11,Carlos Lima,M,Notebook,R$50,2,,56m,Belo Horizonte
3028,25-04-2023, João Silva ,Feminino,Mouse,R$800,2,,1:24:04,Porto Alegre
3029,21/03/23,Ana Clara,Masculino,Notebook,"R$ 120,00",2,7000,172m,São Paulo
3030,2024-06-15,,m,Teclado,R$120,1,50,,São Paulo
3031,2023/10/23,Maria Souza,Feminino,Mouse,800,2,240,0h 36m,Rio de Janeiro
3032,15/03/24,Maria Souza,MASCULINO,Notebook,1200,1,800,1h 0m,Rio de Janeiro
3033,2023/08/27,Maria Souza,Feminino,Monitor,3500,2,7000,115m,Curitiba
3034,2024/11/28,Ana Clara,Feminino,Cadeira,800,2,,,Porto Alegre
3035,2023-07-10,Maria Souza,f,Cadeira,"R$ 3.500,00",2,2400,124m,Curitiba
3036,2023/12/25,Carlos Lima,F,Monitor,"R$ 800,00",3,10500,42m,Rio de Janeiro
3037,2024-06-14,Ana Clara,M,Cadeira,"R$ 3.500,00",2,,0:09:33,Curitiba
3038,2023/10/02,,,Notebook,"R$ 800,00",3,360,1:22:25,Belo Horizonte
3039,2024/03/18,Ana Clara,F,Notebook,"R$ 1.200,00",3,410,2h 43m,Curitiba
3040,12/01/23,Maria Souza,F,Teclado,3500,2,100,42m,São Paulo
3041,17-12-2023,Ana Clara,M,Cadeira,50,2,100,2h 52m,São Paulo
3042,24-05-2024,Ana Clara,f,Mouse,50,2,240,1h 10m,Porto Alegre
3043,2023-04-23,Ana Clara,f,Monitor,120,3,3600,72m,Belo Horizonte
3044,26/04/24,,MASCULINO,Mouse,"R$ 1.200,00",3,360,2h 30m,Belo Horizonte
3045,2024/01/11,,Masculino,Cadeira,"R$ 1.200,00",3,3600,2:04:12,Curitiba
3046,2023/07/01, João Silva ,MASCULINO,Cadeira,"R$ 50,00",2,240,154m,Belo Horizonte
3047,2024-03-17, João Silva ,F,Notebook,"R$ 1.200,00",2,240,53m,São Paulo
3048,2024-12-27,,,Notebook,"R$ 120,00",1,,,Rio de Janeiro
3049,2023/12/10,Carlos Lima,MASCULINO,Monitor,R$1200,1,50,47m,Rio de Janeiro
3050,10/10/23,,F,Notebook,800,1,3500,,Porto Alegre
3051,2024-03-24,Maria Souza,f,Teclado,R$3500,3,360,0:29:58,Belo Horizonte
3052,2023-04-08,Ana Clara,F,Mouse,1200,2,2442,,Rio de Janeiro
3053,2024/06/27,Ana Clara,f,Monitor,"R$ 120,00",2,1576,68m,Belo Horizonte
3054,2023/08/20, Pedro Alves ,M,Mouse,120,1,76,,São Paulo
3055,21/04/24,Ana Clara,m,Notebook,R$3500,2,1600,,Belo Horizonte
3056,2024-02-22, Pedro Alves ,m,Teclado,50,3,150,1:55:01,Belo Horizonte
3057,25/02/23,Maria Souza,Masculino,Notebook,R$1200,3,2400,,São Paulo
3058,10/05/23,,Feminino,Teclado,50,2,240,80m,Belo Horizonte
3059,05-12-2023,Carlos Lima,,Teclado,3500,2,275,43m,Belo Horizonte
3060,2023/09/03,Carlos Lima,M,Teclado,3500,1,,0:51:32,São Paulo
3061,04-12-2023,Carlos Lima,,Notebook,R$120,1,3500,109m,Rio de Janeiro
3062,2023/12/22, Pedro Alves ,MASCULINO,Monitor,R$800,3,360,,Porto Alegre
3063,2024/02/12,,f,Monitor,R$1200,2,2400,,Porto Alegre
3064,03-12-2024, Pedro Alves ,,Notebook,120,1,800,,Belo Horizonte
3065,2023-08-26,Ana Clara,,Teclado,R$800,1,3500,35m,São Paulo
3066,22-05-2023,Maria Souza,Masculino,Notebook,R$1200,3,194,,Porto Alegre
3067,2023-05-14,Ana Clara,MASCULINO,Notebook,R$50,2,240,1:08:44,São Paulo
3068,2024-10-15,Maria Souza,Feminino,Mouse,50,1,50,39m,Porto Alegre
3069,22-02-2023, João Silva ,F,Cadeira,120,2,7000,,Curitiba
3070,2024-05-17,Ana Clara,,Mouse,800,2,7000,0h 55m,Rio de Janeiro
3071,04/09/24, João Silva ,MASCULINO,Mouse,120,1,,,Rio de Janeiro
3072,04/05/24, Pedro Alves ,Masculino,Teclado,1200,3,,46m,Porto Alegre
3073,2023-04-21,Ana Clara,F,Cadeira,R$1200,1,,136m,Rio de Janeiro
3074,2024-04-24,,MASCULINO,Cadeira,50,2,,1:53:00,Porto Alegre
3075,2023-08-05, Pedro Alves ,Masculino,Cadeira,"R$ 120,00",1,120,,Porto Alegre
3076,2024/07/23, João Silva ,,Monitor,1200,2,1600,1:40:51,Belo Horizonte
3077,20-11-2024,Carlos Lima,m,Cadeira,R$800,2,100,0:02:10,Porto Alegre
3078,2024/06/20,Maria Souza,Masculino,Mouse,3500,1,3500,,Porto Alegre
3079,2023-07-05, João Silva ,Feminino,Teclado,"R$ 120,00",3,10500,,Belo Horizonte
3080,16-02-2024,Maria Souza,M,Monitor,R$120,3,,127m,Belo Horizonte
3081,2024-09-12, Pedro Alves ,m,Teclado,R$120,1,,24m,São Paulo
3082,2024/08/19, João Silva ,M,Cadeira,R$3500,1,,,Belo Horizonte
3083,15-08-2024, Pedro Alves ,F,Monitor,R$1200,1,,2:37:26,Porto Alegre
3084,14-06-2024,,F,Cadeira,"R$ 3.500,00",2,240,0:59:36,Belo Horizonte
3085,2024-01-24, Pedro Alves ,m,Notebook,R$120,2,6952,,Porto Alegre
3086,2024/03/16,Maria Souza,M,Mouse,120,3,10500,1:44:48,Porto Alegre
3087,02-07-2024, Pedro Alves ,m,Notebook,1200,3,150,0:29:11,São Paulo
3088,2024/01/17, Pedro Alves ,f,Cadeira,R$3500,2,,1:22:50,São Paulo
3089,2023/11/11,,Masculino,Cadeira,"R$ 1.200,00",2,7000,0:51:48,Belo Horizonte
3090,06/11/23, Pedro Alves ,MASCULINO,Cadeira,"R$ 120,00",2,100,0h 46m,Curitiba
3091,04/01/24,Carlos Lima,Masculino,Teclado,R$50,2,2400,1h 53m,Rio de Janeiro
3092,07/07/23, João Silva ,MASCULINO,Notebook,800,2,240,10m,Curitiba
3093,13/12/23,,F,Monitor,3500,2,1600,1:31:46,Porto Alegre
3094,03/06/23,Ana Clara,Feminino,Teclado,120,2,100,2h 49m,Porto Alegre
3095,2023/01/07,Ana Clara,Masculino,Monitor,R$1200,2,,,São Paulo
3096,03-10-2023,Ana Clara,m,Notebook,50,2,100,,Curitiba
3097,17/02/23,Ana Clara,f,Teclado,R$3500,1,3500,,Belo Horizonte
3098,06-04-2023,,m,Monitor,R$800,1,157,1:54:00,Porto Alegre
3099,2023/02/18,Ana Clara,MASCULINO,Monitor,"R$ 3.500,00",1,3500,83m,Belo Horizonte
3100,2024-04-05,Carlos Lima,,Teclado,R$800,1,800,,Belo Horizonte
3101,17-09-2023,Ana Clara,M,Mouse,"R$ 120,00",3,150,,Porto Alegre
3102,2024-12-27,Ana Clara,MASCULINO,Teclado,3500,1,50,,Rio de Janeiro
3103,2024-09-20,,f,Notebook,120,2,7000,0:46:48,Porto Alegre
3104,19-03-2023,,Masculino,Cadeira,R$1200,3,2400,2h 12m,Porto Alegre
3105,01/05/24,Maria Souza,Masculino,Teclado,"R$ 1.200,00",2,1600,0h 31m,Curitiba
3106,17-04-2023,Carlos Lima,f,Notebook,R$3500,2,,1h 31m,Curitiba
3107,25-05-2023,,F,Teclado,"R$ 50,00",3,2400,1:14:22,Curitiba
3108,2024-08-14,Carlos Lima,m,Notebook,1200,3,10493,2h 6m,Rio de Janeiro
3109,13-04-2023,Ana Clara,MASCULINO,Teclado,"R$ 3.500,00",3,,2h 29m,Rio de Janeiro
3110,11/10/23, Pedro Alves ,MASCULINO,Mouse,R$3500,3,,2h 38m,Belo Horizonte
3111,2023-12-11, João Silva ,f,Teclado,"R$ 1.200,00",1,120,2h 50m,Curitiba
3112,2023-12-22,,Masculino,Mouse,3500,1,120,29m,São Paulo
3113,16-05-2023,,Masculino,Teclado,1200,1,120,1h 46m,Curitiba
3114,2023/05/11,Carlos Lima,,Mouse,R$120,2,2400,106m,Porto Alegre
3115,2023-07-27,Ana Clara,Masculino,Cadeira,"R$ 120,00",1,50,,Curitiba
3116,03/03/24, Pedro Alves ,Feminino,Notebook,"R$ 120,00",2,2400,2h 18m,Porto Alegre
3117,16/12/24,Carlos Lima,MASCULINO,Mouse,"R$ 120,00",2,2400,0h 12m,Belo Horizonte
3118,07-08-2023,Ana Clara,Feminino,Teclado,"R$ 50,00",3,387,0h 28m,Belo Horizonte
3119,14/02/24,Ana Clara,Feminino,Cadeira,"R$ 800,00",3,360,,Porto Alegre
3120,2023/10/04,Carlos Lima,Masculino,Notebook,R$800,2,2357,,Belo Horizonte
3121,03/02/23,Ana Clara,m,Notebook,3500,2,53,0h 57m,São Paulo
3122,16-04-2023, Pedro Alves ,m,Teclado,R$3500,3,360,0:19:41,Curitiba
3123,2023/04/16,Carlos Lima,M,Cadeira,"R$ 3.500,00",2,244,3h 52m,Curitiba
3124,01-04-2024,Carlos Lima,m,Cadeira,120,2,7000,2h 55m,Rio de Janeiro
3125,25/06/24,Maria Souza,Feminino,Mouse,R$3500,3,,1h 32m,Curitiba
3126,2024/06/28,Carlos Lima,Masculino,Monitor,"R$ 50,00",1,,3h 18m,Belo Horizonte
3127,08/01/24,Carlos Lima,,Teclado,R$3500,1,3500,10m,Porto Alegre
3128,02/07/23,Maria Souza,m,Mouse,"R$ 50,00",1,120,2h 9m,Belo Horizonte
3129,2023-12-17,Maria Souza,M,Teclado,"R$ 50,00",3,360,2:46:35,Belo Horizonte
3130,07-08-2024,Carlos Lima,MASCULINO,Cadeira,"R$ 1.200,00",3,,3h 20m,Curitiba
3131,11/11/24,Ana Clara,,Mouse,R$50,1,,1:19:36,Curitiba
3132,2024-04-05,Maria Souza,F,Teclado,R$50,1,120,0h 45m,Belo Horizonte
3133,11-11-2023, João Silva ,M,Notebook,120,3,10500,2:11:19,Curitiba
3134,02-02-2024,Ana Clara,m,Monitor,R$1200,3,,2h 36m,Curitiba
3135,04-02-2024,Carlos Lima,M,Teclado,R$120,3,,,São Paulo
3136,23-11-2023,Carlos Lima,M,Teclado,"R$ 50,00",2,240,1:22:05,Rio de Janeiro
3137,19/01/23,Maria Souza,F,Cadeira,120,3,,69m,Curitiba
3138,13/01/24,,F,Monitor,R$1200,3,150,2:22:24,Belo Horizonte
3139,2024-05-06, João Silva ,,Notebook,800,2,1600,,Rio de Janeiro
3140,2023-08-22,,F,Notebook,"R$ 800,00",1,3500,66m,Porto Alegre
3141,2024-09-21,Maria Souza,m,Mouse,R$800,2,,39m,Porto Alegre
3142,2024/07/02,Maria Souza,F,Cadeira,"R$ 3.500,00",2,1643,2:07:46,Curitiba
3143,2024-11-18,Ana Clara,Masculino,Cadeira,120,1,800,3h 39m,Belo Horizonte
3144,2024/08/26,,M,Monitor,50,2,,87m,Belo Horizonte
3145,02-10-2023,Maria Souza,m,Teclado,R$800,3,,0h 50m,Curitiba
3146,2023-11-18,Maria Souza,MASCULINO,Monitor,800,2,,,Belo Horizonte
3147,2023-05-07,Carlos Lima,M,Mouse,"R$ 800,00",3,,1h 15m,Curitiba
3148,2023-11-20,Ana Clara,m,Cadeira,"R$ 120,00",2,,2h 45m,Belo Horizonte
3149,2024-09-15,Maria Souza,m,Notebook,R$120,1,1200,3h 38m,São Paulo
3150,2024/09/22,,Feminino,Mouse,"R$ 1.200,00",3,173,,Belo Horizonte
3151,09/06/24,Carlos Lima,m,Cadeira,120,3,,164m,Belo Horizonte
3152,18/11/23,Maria Souza,Feminino,Notebook,1200,3,,,São Paulo
3153,17-01-2023, João Silva ,Feminino,Monitor,120,1,120,0:47:39,Porto Alegre
3154,2024-01-05,Ana Clara,MASCULINO,Notebook,R$1200,3,150,1h 5m,São Paulo
3155,18-11-2024, João Silva ,MASCULINO,Mouse,120,1,3500,,Rio de Janeiro
3156,03-01-2024, João Silva ,Masculino,Mouse,"R$ 1.200,00",2,100,2:38:19,Rio de Janeiro
3157,04-01-2024, João Silva ,Masculino,Notebook,"R$ 50,00",3,10500,,Porto Alegre
3158,17-12-2023,Maria Souza,MASCULINO,Teclado,"R$ 3.500,00",3,,2h 6m,Porto Alegre
3159,2023-08-15,Ana Clara,F,Monitor,R$3500,1,820,1h 5m,Belo Horizonte
3160,2023-02-16,Carlos Lima,m,Monitor,"R$ 120,00",3,150,0h 15m,Rio de Janeiro
3161,2024-01-07,Maria Souza,f,Cadeira,R$3500,2,,40m,São Paulo
3162,21/08/23,Carlos Lima,Masculino,Mouse,800,3,335,2:20:16,São Paulo
3163,24/05/24, João Silva ,,Monitor,1200,3,3600,0:21:03,Curitiba
3164,25-03-2024, João Silva ,,Teclado,"R$ 1.200,00",3,150,3h 41m,Curitiba
3165,2023-01-22, João Silva ,Feminino,Teclado,50,2,,,Curitiba
3166,18-07-2023,Ana Clara,m,Teclado,"R$ 3.500,00",1,120,,São Paulo
3167,2023/10/25,Ana Clara,MASCULINO,Mouse,120,2,100,44m,Rio de Janeiro
3168,2024/10/10,Maria Souza,Feminino,Cadeira,"R$ 1.200,00",1,3500,,Rio de Janeiro
3169,2024/09/21,Maria Souza,Feminino,Teclado,R$1200,2,240,84m,Curitiba
3170,11/11/23,Carlos Lima,m,Teclado,"R$ 800,00",1,1200,,São Paulo
3171,22/04/23,Carlos Lima,M,Notebook,R$3500,2,7000,1:54:23,Rio de Janeiro
3172,14/07/24,,m,Mouse,R$1200,3,382,1h 34m,Porto Alegre
3173,09-08-2024,Ana Clara,m,Monitor,"R$ 800,00",3,360,2h 52m,Rio de Janeiro
3174,2024-04-02,Carlos Lima,M,Monitor,"R$ 120,00",2,1600,73m,São Paulo
3175,01/02/23, João Silva ,F,Mouse,50,2,7000,87m,Curitiba
3176,2024-05-08,Maria Souza,F,Notebook,120,1,1200,110m,Belo Horizonte
3177,14/02/24, João Silva ,,Teclado,R$1200,2,1600,111m,São Paulo
3178,17/09/24,Ana Clara,f,Monitor,"R$ 50,00",1,800,,São Paulo
3179,2024/11/10,,Feminino,Cadeira,R$3500,1,800,138m,Belo Horizonte
3180,2023-08-13,,Masculino,Monitor,50,3,150,0:30:47,Belo Horizonte
3181,2023-07-07,Ana Clara,Feminino,Cadeira,"R$ 50,00",2,7047,128m,Porto Alegre
3182,2023-02-22, João Silva ,,Teclado,"R$ 1.200,00",2,240,0h 44m,Belo Horizonte
3183,13-10-2024,Maria Souza,f,Mouse,1200,1,3500,0h 7m,Porto Alegre
3184,13/06/23, João Silva ,,Teclado,800,3,128,0h 22m,Rio de Janeiro
3185,2024-01-24,Ana Clara,Feminino,Mouse,3500,2,7000,2h 35m,Curitiba
3186,04/07/23, João Silva ,Masculino,Teclado,R$120,1,,,Rio de Janeiro
3187,14/01/24, João Silva ,M,Notebook,50,2,7000,2h 5m,São Paulo
3188,2023-10-18, João Silva ,F,Monitor,1200,2,,107m,Rio de Janeiro
3189,09/07/24,Ana Clara,MASCULINO,Cadeira,120,3,2400,,Porto Alegre
3190,01/03/24,Ana Clara,Masculino,Mouse,R$3500,2,,3h 33m,Belo Horizonte
3191,02/09/24,,,Teclado,"R$ 800,00",3,,0h 16m,Curitiba
3192,2024/01/11,Ana Clara,f,Notebook,3500,1,,0:32:05,Porto Alegre
3193,06/04/23,,M,Teclado,R$800,1,3500,3h 47m,Belo Horizonte
3194,2024-08-12, Pedro Alves ,,Notebook,R$1200,3,10500,3h 42m,São Paulo
3195,11-12-2023,,MASCULINO,Cadeira,800,2,,,Curitiba
3196,02-02-2023,,Feminino,Mouse,50,2,2400,1:21:14,Porto Alegre
3197,2023/02/01,,M,Notebook,3500,1,120,0:54:38,Porto Alegre
3198,12-06-2024, Pedro Alves ,F,Teclado,"R$ 50,00",2,,1h 48m,Curitiba
3199,2024-10-05,Ana Clara,Masculino,Monitor,R$1200,2,1579,0h 36m,Rio de Janeiro
3200,13/06/24, Pedro Alves ,f,Notebook,120,2,,0:58:11,Curitiba
3201,05-05-2024, João Silva ,m,Cadeira,R$50,1,800,,Belo Horizonte
3202,03-08-2024,,f,Notebook,R$3500,3,,45m,Rio de Janeiro
3203,06-03-2024, Pedro Alves ,,Notebook,R$50,3,10500,92m,Rio de Janeiro
3204,2023/09/01,,Masculino,Monitor,R$1200,2,240,,Belo Horizonte
3205,2023/09/21, Pedro Alves ,Feminino,Monitor,"R$ 120,00",2,100,0:53:04,Rio de Janeiro
3206,01/06/24, João Silva ,Masculino,Notebook,120,1,1179,1:04:52,Porto Alegre
3207,22/11/24,Carlos Lima,MASCULINO,Monitor,"R$ 50,00",3,3600,134m,Belo Horizonte
3208,06/02/24,Carlos Lima,M,Cadeira,R$3500,2,2449,0h 13m,São Paulo
3209,2024-07-06, Pedro Alves ,F,Monitor,120,2,100,97m,Curitiba
3210,02/05/24,,f,Mouse,R$800,3,,,São Paulo
3211,27/05/24, João Silva ,,Monitor,"R$ 50,00",2,240,3h 43m,São Paulo
3212,09/04/23,Ana Clara,Masculino,Cadeira,1200,1,50,,Curitiba
3213,2024-01-15, João Silva ,f,Cadeira,R$120,2,,0h 25m,Curitiba
3214,2024-12-16,Ana Clara,m,Cadeira,1200,3,360,99m,Porto Alegre
3215,16/02/23,Carlos Lima,,Notebook,50,1,3500,,Porto Alegre
3216,2024/02/10,Carlos Lima,MASCULINO,Mouse,1200,2,2400,123m,Rio de Janeiro
3217,2024-10-10,Maria Souza,m,Notebook,R$50,1,,2:18:35,Rio de Janeiro
3218,2024/09/13,Carlos Lima,Feminino,Teclado,"R$ 50,00",2,2400,0:34:47,Porto Alegre
3219,11-07-2023, Pedro Alves ,m,Monitor,R$1200,1,800,1:57:36,Curitiba
3220,2024/05/06, Pedro Alves ,f,Mouse,R$50,1,3472,,Rio de Janeiro
3221,28-04-2023,Carlos Lima,m,Mouse,3500,2,7000,2h 42m,Belo Horizonte
3222,2023/02/08, Pedro Alves ,Masculino,Monitor,R$1200,2,1573,2h 51m,Rio de Janeiro
3223,2023/09/06, Pedro Alves ,f,Mouse,"R$ 120,00",2,240,1h 12m,São Paulo
3224,12/02/23,,MASCULINO,Notebook,R$50,1,3500,0:08:08,Belo Horizonte
3225,2023-03-17,Carlos Lima,MASCULINO,Monitor,R$3500,3,2448,0:50:21,Belo Horizonte
3226,2024/07/26,,Masculino,Teclado,"R$ 3.500,00",3,3600,99m,São Paulo
3227,23/09/23,Ana Clara,m,Monitor,120,1,800,37m,Curitiba
3228,13-04-2023,Carlos Lima,MASCULINO,Cadeira,R$800,1,50,2h 27m,São Paulo
3229,07-01-2024,Maria Souza,f,Teclado,"R$ 50,00",2,100,2:12:08,Rio de Janeiro
3230,2023/11/24,Ana Clara,F,Cadeira,"R$ 800,00",1,1200,0h 36m,Belo Horizonte
3231,2023-05-27, Pedro Alves ,f,Notebook,R$1200,1,800,80m,Curitiba
3232,12/02/23,,M,Notebook,"R$ 1.200,00",3,360,2:01:20,São Paulo
3233,08/08/24,Carlos Lima,F,Notebook,R$120,3,,1:39:10,Belo Horizonte
3234,2023/07/24,Carlos Lima,m,Notebook,"R$ 120,00",1,50,,Curitiba
3235,2023/08/27,Ana Clara,,Mouse,"R$ 1.200,00",1,1200,,Belo Horizonte
3236,2024/02/07,Ana Clara,,Monitor,50,1,50,92m,Curitiba
3237,10-03-2024,Carlos Lima,MASCULINO,Cadeira,3500,2,1600,,Rio de Janeiro
3238,2024-08-18,,Feminino,Notebook,R$50,2,2400,,São Paulo
3239,15/03/23,Ana Clara,F,Cadeira,R$120,1,3500,12m,Porto Alegre
3240,2023-03-05, João Silva ,f,Notebook,"R$ 120,00",1,,0:25:00,Rio de Janeiro
3241,2023-10-21,,m,Teclado,50,2,2352,,Porto Alegre
3242,2023/03/12,Ana Clara,m,Mouse,"R$ 120,00",1,50,19m,Curitiba
3243,01/05/23,Ana Clara,Masculino,Cadeira,3500,3,150,161m,Curitiba
3244,2024-05-15, João Silva ,f,Cadeira,"R$ 1.200,00",3,150,3h 25m,São Paulo
3245,09/01/23,,MASCULINO,Teclado,120,2,240,2h 24m,Curitiba
3246,2024-04-25,Maria Souza,M,Cadeira,R$1200,2,7000,,Curitiba
3247,13/03/24,Carlos Lima,f,Notebook,R$800,3,150,,Rio de Janeiro
3248,2024/05/24,Maria Souza,M,Cadeira,3500,2,100,160m,Curitiba
3249,2024-05-06,Maria Souza,Feminino,Cadeira,"R$ 3.500,00",1,3500,,Porto Alegre
3250,2024/10/17,Ana Clara,,Teclado,R$1200,1,,0:37:27,Porto Alegre
3251,2024-01-08,,M,Mouse,R$50,3,,85m,Belo Horizonte
3252,2024/02/06, Pedro Alves ,F,Teclado,"R$ 3.500,00",3,150,,Rio de Janeiro
3253,13/09/23,Ana Clara,f,Teclado,R$120,2,227,106m,Porto Alegre
3254,2024-02-04,Carlos Lima,Feminino,Notebook,50,2,1600,38m,Belo Horizonte
3255,2024/03/22, Pedro Alves ,Feminino,Mouse,"R$ 3.500,00",1,,,Rio de Janeiro
3256,17-06-2023,Carlos Lima,MASCULINO,Cadeira,800,2,240,2h 49m,Belo Horizonte
3257,2023-06-04,Maria Souza,,Mouse,"R$ 800,00",3,2400,1h 39m,Curitiba
3258,2023-08-23, Pedro Alves ,Feminino,Mouse,50,1,1200,19m,Porto Alegre
3259,28-08-2023,Ana Clara,M,Mouse,R$3500,1,50,77m,Rio de Janeiro
3260,2024/12/28,,M,Mouse,"R$ 3.500,00",2,1600,,São Paulo
3261,2024-02-14,Maria Souza,MASCULINO,Cadeira,"R$ 3.500,00",2,6991,80m,Belo Horizonte
3262,10-10-2023,Maria Souza,Feminino,Cadeira,R$120,3,10500,3h 49m,Rio de Janeiro
3263,12-08-2023,Maria Souza,F,Cadeira,"R$ 1.200,00",1,800,3h 51m,Curitiba
3264,2023-12-22,Carlos Lima,MASCULINO,Mouse,R$3500,1,800,0:34:02,São Paulo
3265,17-01-2023,Ana Clara,Feminino,Monitor,"R$ 800,00",3,,27m,Curitiba
3266,2023-01-15, Pedro Alves ,MASCULINO,Cadeira,"R$ 50,00",3,360,,Belo Horizonte
3267,19-05-2023,Carlos Lima,Feminino,Monitor,R$1200,2,2400,,Porto Alegre
3268,02/09/24, Pedro Alves ,Feminino,Monitor,R$3500,3,2400,101m,Belo Horizonte
3269,17/02/23,Maria Souza,F,Notebook,3500,3,10500,2h 13m,São Paulo
3270,2024-11-22, João Silva ,Masculino,Notebook,1200,3,10500,1:38:10,Rio de Janeiro
3271,2023/12/03, João Silva ,M,Notebook,R$50,1,1200,2:19:17,Belo Horizonte
3272,14/11/23,Carlos Lima,,Notebook,50,1,3500,1:16:58,Belo Horizonte
3273,07-06-2024,Maria Souza,m,Mouse,50,1,120,2:19:49,Rio de Janeiro
3274,2024/07/11, João Silva ,f,Teclado,R$120,2,,1h 58m,Porto Alegre
3275,2023-03-08, João Silva ,Masculino,Cadeira,"R$ 1.200,00",3,2400,0:50:36,Curitiba
3276,07/04/24,,m,Teclado,800,1,,1:47:12,Curitiba
3277,2023/01/16,,f,Notebook,R$3500,3,150,55m,Belo Horizonte
3278,2023-03-05, Pedro Alves ,F,Cadeira,3500,3,150,,Curitiba
3279,2024-04-07, João Silva ,M,Notebook,R$50,3,10500,94m,São Paulo
3280,2023/03/13,Ana Clara,f,Teclado,"R$ 1.200,00",1,782,3h 50m,Curitiba
3281,2024/06/14, Pedro Alves ,Masculino,Teclado,800,3,2432,1h 35m,São Paulo
3282,2024-07-01,Maria Souza,Masculino,Mouse,800,2,1600,1:53:10,Belo Horizonte
3283,10-11-2024, Pedro Alves ,,Teclado,R$3500,3,,30m,São Paulo
3284,2024/02/07,Maria Souza,M,Cadeira,50,2,2400,1:28:16,Curitiba
3285,2023/02/02, Pedro Alves ,Masculino,Monitor,R$50,3,,0:05:44,Rio de Janeiro
3286,2023/05/02, João Silva ,,Mouse,800,1,58,2h 35m,Porto Alegre
3287,2023-05-01, João Silva ,f,Notebook,"R$ 50,00",1,1200,2:31:38,Rio de Janeiro
3288,2024/10/03,Maria Souza,f,Teclado,R$3500,3,2400,3h 22m,São Paulo
3289,18-10-2024,Ana Clara,MASCULINO,Mouse,50,1,,111m,Curitiba
3290,2024/03/22,Maria Souza,m,Mouse,R$3500,1,1200,149m,Belo Horizonte
3291,2024/02/04,,MASCULINO,Teclado,1200,1,50,1h 52m,Rio de Janeiro
3292,13/04/24,,m,Monitor,R$50,2,7000,,Rio de Janeiro
3293,20/04/24,,M,Cadeira,800,3,150,0:13:11,São Paulo
3294,08-03-2024,,,Teclado,"R$ 120,00",2,100,2:51:53,Rio de Janeiro
3295,19-02-2023,,Masculino,Notebook,"R$ 50,00",2,7000,1:14:05,São Paulo
3296,2023-01-13, João Silva ,m,Mouse,"R$ 50,00",1,3500,45m,Curitiba
3297,2024/09/03,Carlos Lima,Masculino,Mouse,"R$ 120,00",3,,,Belo Horizonte
3298,2023/12/16,,Masculino,Cadeira,R$3500,3,3600,0:01:23,São Paulo
3299,16/08/23,Ana Clara,f,Cadeira,1200,2,240,0:58:28,São Paulo
3300,20/05/23,,MASCULINO,Teclado,R$50,2,2400,1h 4m,Porto Alegre
3301,24-06-2024,Ana Clara,M,Teclado,"R$ 3.500,00",3,360,,Belo Horizonte
3302,20-10-2024,Maria Souza,F,Cadeira,50,2,1600,1h 40m,São Paulo
3303,2023/09/28, Pedro Alves ,f,Teclado,R$800,2,2400,2:00:43,São Paulo
3304,04-03-2023, Pedro Alves ,f,Teclado,"R$ 50,00",2,,3h 46m,Curitiba
3305,2024-12-17,Ana Clara,Masculino,Cadeira,R$800,3,10500,0:05:20,Porto Alegre
3306,19/11/24,Maria Souza,Masculino,Notebook,R$120,2,240,96m,Rio de Janeiro
3307,01-08-2024, João Silva ,,Notebook,3500,3,150,,Belo Horizonte
3308,2023/12/09,Carlos Lima,MASCULINO,Cadeira,"R$ 120,00",2,1600,1h 26m,Curitiba
3309,2023/10/18,Maria Souza,m,Cadeira,"R$ 800,00",2,206,1:56:48,Belo Horizonte
3310,2024-03-17,Carlos Lima,Masculino,Mouse,"R$ 120,00",3,150,,Belo Horizonte
3311,04/06/23, João Silva ,f,Monitor,"R$ 3.500,00",1,800,0:39:45,Belo Horizonte
3312,16-03-2023, João Silva ,Feminino,Mouse,R$1200,3,360,1h 43m,Rio de Janeiro
3313,14/05/23,Carlos Lima,Masculino,Notebook,"R$ 3.500,00",2,2414,2:45:02,Belo Horizonte
3314,2024-02-05,Carlos Lima,M,Teclado,R$120,2,1600,1h 56m,São Paulo
3315,2024/06/03,Ana Clara,MASCULINO,Monitor,"R$ 120,00",2,7000,1h 19m,Belo Horizonte
3316,2023/04/21, Pedro Alves ,Masculino,Teclado,R$120,2,240,56m,Curitiba
3317,02/02/23, Pedro Alves ,,Teclado,"R$ 1.200,00",3,,2:02:25,São Paulo
3318,2024-09-19, Pedro Alves ,f,Cadeira,"R$ 50,00",3,2400,,Rio de Janeiro
3319,2024-01-08,Ana Clara,,Teclado,R$800,2,1600,,Rio de Janeiro
3320,2024/10/14, João Silva ,M,Teclado,120,2,7000,0:57:39,São Paulo
3321,2023/03/06, Pedro Alves ,Masculino,Mouse,"R$ 800,00",2,,0h 44m,São Paulo
3322,09/10/23, Pedro Alves ,Feminino,Teclado,50,1,120,2:47:17,Curitiba
3323,14/10/24,,F,Mouse,R$3500,1,826,,Rio de Janeiro
3324,2023/11/06, Pedro Alves ,F,Mouse,50,2,100,58m,Porto Alegre
3325,2023-09-23,Maria Souza,F,Cadeira,"R$ 120,00",3,3600,,Porto Alegre
3326,2024/08/23, Pedro Alves ,Masculino,Notebook,R$1200,3,2400,148m,Belo Horizonte
3327,21/02/24, João Silva ,Feminino,Mouse,1200,2,2400,1:56:28,Rio de Janeiro
3328,2024/08/09,,MASCULINO,Teclado,R$800,3,2400,1:38:41,Belo Horizonte
3329,2023-08-01,Maria Souza,Masculino,Teclado,1200,3,,,Porto Alegre
3330,13/09/23,Carlos Lima,Masculino,Mouse,"R$ 120,00",2,203,,Porto Alegre
3331,16-09-2024,,Masculino,Notebook,R$1200,3,317,,Porto Alegre
3332,22/02/24,Maria Souza,m,Cadeira,1200,3,10500,1:43:42,Porto Alegre
3333,07-03-2024,Ana Clara,f,Monitor,"R$ 3.500,00",3,3600,1:38:59,Rio de Janeiro
3334,2023-03-16, João Silva ,m,Notebook,R$50,3,10500,0h 39m,Curitiba
3335,24/04/24,Ana Clara,f,Monitor,"R$ 50,00",2,7000,3h 26m,Curitiba
3336,05-07-2024,,F,Cadeira,R$3500,2,1600,1:07:03,Rio de Janeiro
3337,01/02/23, Pedro Alves ,F,Cadeira,1200,3,2400,3h 40m,Belo Horizonte
3338,17/12/23,,F,Teclado,R$800,3,10500,0:05:21,Belo Horizonte
3339,2023/07/16, João Silva ,,Cadeira,"R$ 1.200,00",2,276,,Curitiba
3340,27/10/23, João Silva ,M,Monitor,R$1200,2,7000,2h 43m,Porto Alegre
3341,23-10-2023, Pedro Alves ,Feminino,Notebook,120,1,800,2h 35m,Rio de Janeiro
3342,2024-12-22,Ana Clara,M,Cadeira,R$50,3,,2:59:56,Porto Alegre
3343,2023-07-16,Carlos Lima,Feminino,Monitor,120,3,,2h 4m,Belo Horizonte
3344,2023/09/11,Carlos Lima,f,Cadeira,R$1200,3,10500,1:34:17,Porto Alegre
3345,2024/03/23, Pedro Alves ,Feminino,Monitor,R$1200,1,,,Rio de Janeiro
3346,2023-09-15, João Silva ,Feminino,Cadeira,800,3,,,Rio de Janeiro
3347,22-02-2024,Carlos Lima,Masculino,Monitor,800,3,10500,,Rio de Janeiro
3348,09/10/23,Maria Souza,Feminino,Teclado,R$120,1,,,Rio de Janeiro
3349,2024/07/25,,f,Monitor,50,2,100,110m,Curitiba
3350,2024/08/26, João Silva ,F,Teclado,3500,3,2400,30m,Rio de Janeiro
3351,2024-10-28, João Silva ,,Mouse,1200,1,800,1:49:59,São Paulo
3352,08-12-2023,Carlos Lima,F,Notebook,R$50,3,360,0:06:16,Rio de Janeiro
3353,2024/11/05,Maria Souza,m,Teclado,"R$ 1.200,00",1,96,3h 35m,Belo Horizonte
3354,2024/06/13, Pedro Alves ,Masculino,Teclado,"R$ 3.500,00",3,2400,39m,Rio de Janeiro
3355,21/08/23, Pedro Alves ,f,Mouse,"R$ 3.500,00",1,50,0:02:20,Rio de Janeiro
3356,2024-05-09,Maria Souza,f,Cadeira,50,2,,0h 42m,Porto Alegre
3357,23/04/23,Maria Souza,Masculino,Teclado,R$120,1,3500,139m,Porto Alegre
3358,15/08/24, Pedro Alves ,Feminino,Notebook,"R$ 3.500,00",3,150,0h 1m,Rio de Janeiro
3359,2024/06/27, João Silva ,Masculino,Teclado,"R$ 1.200,00",3,2400,,Rio de Janeiro
3360,14-08-2024,,Feminino,Cadeira,"R$ 800,00",1,120,0:41:09,Porto Alegre
3361,2023/03/14, João Silva ,M,Mouse,R$120,2,2400,1h 58m,Belo Horizonte
3362,2024-06-14, Pedro Alves ,M,Cadeira,R$1200,3,2400,1h 1m,Porto Alegre
3363,22-09-2024,Maria Souza,MASCULINO,Cadeira,800,2,240,3h 30m,São Paulo
3364,01/02/23,,f,Cadeira,R$120,3,150,0h 40m,Curitiba
3365,27/12/24,Carlos Lima,MASCULINO,Cadeira,R$800,3,150,,Curitiba
3366,2023-06-21,Maria Souza,Masculino,Cadeira,R$800,1,3500,102m,São Paulo
3367,20/08/23,Ana Clara,Feminino,Cadeira,R$800,1,3500,2:48:42,Porto Alegre
3368,23-05-2023,Maria Souza,f,Teclado,R$50,2,1600,1:23:14,Rio de Janeiro
3369,2023/07/25,Carlos Lima,M,Cadeira,1200,1,800,,Rio de Janeiro
3370,2024/03/05, João Silva ,,Teclado,3500,1,3500,3h 7m,Porto Alegre
3371,2024-06-23,,,Mouse,"R$ 800,00",1,50,,São Paulo
3372,2024/11/24, João Silva ,MASCULINO,Monitor,"R$ 50,00",2,6973,,Rio de Janeiro
3373,2023-02-03, Pedro Alves ,MASCULINO,Monitor,"R$ 1.200,00",1,,2h 18m,Rio de Janeiro
3374,2024-04-22,Carlos Lima,f,Mouse,R$120,3,10500,,Rio de Janeiro
3375,2024-07-06, Pedro Alves ,f,Monitor,"R$ 50,00",2,6958,,Belo Horizonte
3376,2024/04/19,Carlos Lima,Feminino,Mouse,800,3,2400,124m,Curitiba
3377,2024-03-23, João Silva ,F,Mouse,50,1,3500,0:46:43,São Paulo
3378,16-05-2023,Carlos Lima,f,Teclado,50,1,1200,2:44:34,Belo Horizonte
3379,19/08/24, João Silva ,m,Teclado,"R$ 120,00",2,1600,0h 6m,Curitiba
3380,2023-01-10,Ana Clara,,Notebook,"R$ 50,00",2,1600,,Porto Alegre
3381,2024-08-20,Maria Souza,m,Mouse,50,1,800,,São Paulo
3382,14-02-2024, Pedro Alves ,f,Teclado,"R$ 800,00",1,800,,Porto Alegre
3383,2024/12/23,Carlos Lima,M,Teclado,50,2,,2:58:30,Belo Horizonte
3384,2023-04-06,Ana Clara,Feminino,Mouse,"R$ 120,00",1,,,Porto Alegre
3385,24-02-2023,Maria Souza,Feminino,Notebook,R$3500,1,120,40m,Belo Horizonte
3386,2023-04-14, Pedro Alves ,m,Mouse,800,3,,,Porto Alegre
3387,2024-10-05,Carlos Lima,Feminino,Notebook,"R$ 800,00",3,360,72m,São Paulo
3388,2023-01-19,Carlos Lima,M,Notebook,"R$ 800,00",3,,115m,Curitiba
3389,2024/10/11, João Silva ,MASCULINO,Mouse,R$120,2,100,11m,Curitiba
3390,2024/09/07,,MASCULINO,Teclado,120,3,,2h 29m,São Paulo
3391,2023/07/09,Maria Souza,MASCULINO,Monitor,3500,1,,,São Paulo
3392,02-12-2023,Maria Souza,m,Monitor,120,2,,3h 10m,São Paulo
3393,2023-11-21, Pedro Alves ,Feminino,Teclado,"R$ 1.200,00",3,,40m,Rio de Janeiro
3394,2023-10-23, Pedro Alves ,MASCULINO,Monitor,"R$ 1.200,00",2,7000,52m,Belo Horizonte
3395,2023-10-16,,,Mouse,"R$ 50,00",3,360,138m,Porto Alegre
3396,21-01-2023, Pedro Alves ,,Notebook,"R$ 3.500,00",3,,,Porto Alegre
3397,2024-10-23, Pedro Alves ,F,Monitor,120,3,10500,168m,Belo Horizonte
3398,2023-04-03,Maria Souza,MASCULINO,Teclado,"R$ 120,00",1,50,3h 43m,Porto Alegre
3399,2023-10-01, Pedro Alves ,Feminino,Monitor,R$3500,3,360,118m,São Paulo
3400,15/09/24, Pedro Alves ,M,Cadeira,"R$ 3.500,00",1,800,151m,Rio de Janeiro
3401,2023/04/19, Pedro Alves ,Feminino,Notebook,"R$ 1.200,00",3,360,1h 25m,Porto Alegre
3402,2024/04/03,Ana Clara,f,Mouse,3500,3,3600,2:10:12,São Paulo
3403,20-08-2024,Carlos Lima,m,Mouse,R$50,2,1600,164m,São Paulo
3404,2024-04-27,Maria Souza,F,Notebook,3500,1,120,0h 24m,Porto Alegre
3405,2024/02/24,Maria Souza,MASCULINO,Notebook,R$800,1,85,,Porto Alegre
3406,28/12/23,Ana Clara,MASCULINO,Monitor,R$1200,2,240,60m,Rio de Janeiro
3407,2023-04-04, Pedro Alves ,f,Teclado,3500,2,7000,2:10:09,Curitiba
3408,28/06/24,,Feminino,Mouse,R$50,1,1200,119m,Porto Alegre
3409,2023-06-09,,F,Teclado,120,1,1200,0:48:19,Belo Horizonte
3410,2023/11/07, Pedro Alves ,Feminino,Teclado,R$50,3,360,,Porto Alegre
3411,15-12-2024,,Feminino,Notebook,1200,1,1200,3h 3m,Curitiba
3412,2023-06-15, Pedro Alves ,f,Monitor,R$800,2,2400,,São Paulo
3413,2024/06/11,,,Monitor,R$120,3,,24m,Rio de Janeiro
3414,08/11/23,Carlos Lima,m,Teclado,"R$ 1.200,00",3,10500,103m,São Paulo
3415,09/11/23, João Silva ,F,Mouse,"R$ 120,00",2,100,,Belo Horizonte
3416,11/07/24, Pedro Alves ,Feminino,Notebook,R$120,1,50,,Porto Alegre
3417,2023-06-16,Maria Souza,Feminino,Monitor,R$50,2,1575,2:23:14,Belo Horizonte
3418,19-08-2024,Carlos Lima,MASCULINO,Mouse,50,2,,1:21:39,Curitiba
3419,27-08-2023,,M,Monitor,"R$ 50,00",2,1600,2:47:37,São Paulo
3420,09/07/24,Carlos Lima,Feminino,Teclado,800,1,50,1:26:57,Porto Alegre
3421,2024-04-01, João Silva ,m,Teclado,"R$ 120,00",1,,,Curitiba
3422,2023-01-04,Carlos Lima,m,Teclado,3500,3,3600,78m,Belo Horizonte
3423,26-07-2024,,M,Teclado,R$1200,1,800,121m,Belo Horizonte
3424,14-03-2023,,Masculino,Mouse,120,2,7000,0h 20m,Curitiba
3425,18-02-2023,Ana Clara,MASCULINO,Cadeira,R$1200,2,240,90m,Belo Horizonte
3426,2024/06/08,Maria Souza,MASCULINO,Monitor,3500,1,,0:47:29,Belo Horizonte
3427,2024-09-28,Maria Souza,Feminino,Cadeira,"R$ 3.500,00",2,240,1:31:46,Curitiba
3428,08-05-2024, Pedro Alves ,,Cadeira,R$3500,1,,2h 13m,Belo Horizonte
3429,21/11/24,,m,Cadeira,"R$ 1.200,00",2,1600,1h 7m,Curitiba
3430,2024-01-11, Pedro Alves ,M,Cadeira,1200,2,1600,48m,Curitiba
3431,17/07/24,Carlos Lima,Masculino,Notebook,800,3,,161m,Porto Alegre
3432,2023-02-19, Pedro Alves ,M,Monitor,3500,3,2383,1h 40m,Porto Alegre
3433,09/06/23,Ana Clara,M,Notebook,R$1200,1,800,11m,Porto Alegre
3434,10-05-2024,Ana Clara,Feminino,Cadeira,R$120,3,3600,2:40:28,São Paulo
3435,2023/10/20,,Feminino,Notebook,R$800,2,240,,Porto Alegre
3436,15/10/24,Carlos Lima,m,Teclado,"R$ 3.500,00",1,1200,,Porto Alegre
3437,2023-01-27, João Silva ,M,Monitor,R$800,2,1649,,Porto Alegre
3438,2023-11-11,,MASCULINO,Monitor,1200,1,50,2:45:44,Rio de Janeiro
3439,11-01-2024,,MASCULINO,Cadeira,R$3500,1,,110m,Porto Alegre
3440,13/04/24, Pedro Alves ,f,Teclado,1200,3,2400,,São Paulo
3441,03/05/24,,M,Teclado,1200,1,,1:35:08,Porto Alegre
3442,27/04/24,Carlos Lima,Masculino,Teclado,R$120,3,2400,2h 44m,Belo Horizonte
3443,2024/05/23,Maria Souza,m,Monitor,R$3500,2,,0h 17m,Rio de Janeiro
3444,11-12-2023,,m,Cadeira,R$3500,3,10530,1h 28m,São Paulo
3445,2024-03-18,Ana Clara,MASCULINO,Monitor,50,3,2405,88m,Porto Alegre
3446,20-02-2023,Carlos Lima,f,Mouse,R$1200,1,1159,,Porto Alegre
3447,12/09/24,Maria Souza,Feminino,Teclado,R$120,1,1200,,Belo Horizonte
3448,2023/09/01,Carlos Lima,m,Mouse,R$50,3,360,,Porto Alegre
3449,08/02/24,,M,Notebook,R$120,2,240,,São Paulo
3450,18-01-2024,Carlos Lima,MASCULINO,Mouse,1200,3,3600,0:04:26,Rio de Janeiro
3451,2024-11-28, Pedro Alves ,MASCULINO,Teclado,R$50,2,,2:41:33,Rio de Janeiro
3452,2024/10/02,Ana Clara,,Mouse,R$800,1,800,0:53:08,Belo Horizonte
3453,2024-09-06,Ana Clara,m,Mouse,120,2,1600,1h 22m,Belo Horizonte
3454,2024/09/03, Pedro Alves ,f,Monitor,3500,3,,,São Paulo
3455,27-08-2023, Pedro Alves ,,Teclado,R$50,2,240,157m,Belo Horizonte
3456,2024-12-04,,Masculino,Cadeira,R$800,3,150,2h 36m,Belo Horizonte
3457,2023-09-05, Pedro Alves ,m,Mouse,"R$ 1.200,00",3,150,43m,Porto Alegre
3458,03/03/23,Maria Souza,Masculino,Monitor,"R$ 120,00",3,10500,93m,São Paulo
3459,24/09/24, Pedro Alves ,M,Monitor,R$50,2,1600,2h 31m,Rio de Janeiro
3460,07-12-2024,Carlos Lima,MASCULINO,Mouse,"R$ 50,00",3,,0:27:01,Belo Horizonte
3461,2024/12/14, João Silva ,m,Teclado,"R$ 50,00",2,240,0h 1m,Rio de Janeiro
3462,01/08/24,Maria Souza,F,Teclado,"R$ 50,00",1,,25m,São Paulo
3463,2024/11/07, João Silva ,Feminino,Mouse,800,2,,,São Paulo
3464,2023-05-01, João Silva ,MASCULINO,Teclado,"R$ 1.200,00",1,750,,Belo Horizonte
3465,2023/10/22,Carlos Lima,,Teclado,"R$ 800,00",2,1600,52m,Curitiba
3466,24/12/24,Maria Souza,m,Mouse,"R$ 3.500,00",1,39,0:57:55,Belo Horizonte
3467,2024-02-06,Ana Clara,Feminino,Monitor,"R$ 120,00",2,240,178m,Porto Alegre
3468,05/05/23, João Silva ,MASCULINO,Teclado,"R$ 800,00",2,,1:04:24,São Paulo
3469,2023-03-23, João Silva ,M,Monitor,"R$ 120,00",2,2400,116m,Porto Alegre
3470,2024/11/01, João Silva ,M,Teclado,"R$ 1.200,00",3,,0h 11m,São Paulo
3471,2024/01/10,Maria Souza,Feminino,Notebook,1200,1,,136m,Belo Horizonte
3472,15-01-2024,Carlos Lima,MASCULINO,Notebook,120,1,120,2h 0m,São Paulo
3473,2023/04/21,Maria Souza,MASCULINO,Teclado,50,1,800,2h 26m,São Paulo
3474,21-12-2023, Pedro Alves ,f,Notebook,"R$ 3.500,00",1,120,180m,Belo Horizonte
3475,11/07/24, Pedro Alves ,Masculino,Mouse,"R$ 800,00",3,3600,24m,Porto Alegre
3476,23-05-2024,Maria Souza,f,Monitor,"R$ 800,00",3,3600,3h 48m,Belo Horizonte
3477,2023-06-03,,MASCULINO,Teclado,"R$ 800,00",3,3600,3h 14m,Curitiba
3478,2024/05/03,Carlos Lima,F,Mouse,120,3,10500,2:04:49,Porto Alegre
3479,2024/12/27, João Silva ,M,Mouse,"R$ 50,00",2,240,,Rio de Janeiro
3480,2023-02-25,Maria Souza,M,Cadeira,3500,1,,138m,Belo Horizonte
3481,06/02/24,Maria Souza,m,Monitor,"R$ 800,00",2,1600,0h 2m,Curitiba
3482,23-01-2024, Pedro Alves ,F,Mouse,"R$ 120,00",2,7000,21m,Porto Alegre
3483,03-01-2024,Carlos Lima,,Cadeira,"R$ 50,00",2,100,,Porto Alegre
3484,04/04/23, João Silva ,,Monitor,"R$ 50,00",3,2400,1:45:00,Rio de Janeiro
3485,18/05/24,Ana Clara,,Notebook,800,2,7000,3h 5m,Curitiba
3486,25/10/24,Maria Souza,M,Monitor,R$50,2,62,1h 32m,São Paulo
3487,12/11/24,Ana Clara,M,Mouse,R$50,1,800,102m,Porto Alegre
3488,2024-04-27,Carlos Lima,M,Mouse,R$3500,3,150,,Porto Alegre
3489,2023-04-01, João Silva ,f,Monitor,R$3500,2,100,0h 17m,Curitiba
3490,2023-02-04, Pedro Alves ,Masculino,Teclado,"R$ 1.200,00",1,3500,,Curitiba
3491,18-05-2024, Pedro Alves ,MASCULINO,Cadeira,"R$ 3.500,00",3,,0:41:17,Belo Horizonte
3492,2024/08/27,Maria Souza,m,Teclado,"R$ 120,00",3,150,124m,Curitiba
3493,2023/02/28, Pedro Alves ,F,Cadeira,"R$ 3.500,00",3,150,1:08:02,Curitiba
3494,2024-09-06, Pedro Alves ,,Notebook,"R$ 120,00",1,,,Belo Horizonte
3495,08/08/23, João Silva ,F,Mouse,"R$ 1.200,00",2,7000,3h 38m,Belo Horizonte
3496,2023-10-03,Maria Souza,F,Teclado,R$3500,1,3500,121m,Belo Horizonte
3497,2024-03-17,Ana Clara,f,Mouse,3500,2,1600,0h 41m,São Paulo
3498,2024/09/08, João Silva ,Feminino,Monitor,R$1200,1,,,Rio de Janeiro
3499,2024-10-05,,F,Cadeira,"R$ 3.500,00",1,50,90m,São Paulo
3500,2024/12/02, Pedro Alves ,Masculino,Cadeira,"R$ 1.200,00",3,3601,159m,Belo Horizonte
3501,2023-02-18,,,Monitor,"R$ 50,00",3,150,0h 6m,Curitiba
3502,2023/12/14,Carlos Lima,,Cadeira,R$120,2,2400,2:43:41,Curitiba
3503,07/04/23,Ana Clara,m,Monitor,1200,1,50,,Curitiba
3504,2024-11-03,Carlos Lima,Masculino,Cadeira,R$3500,1,120,86m,Porto Alegre
3505,04/08/23,,F,Teclado,"R$ 3.500,00",1,800,2:45:24,Porto Alegre
3506,14-09-2024, João Silva ,f,Teclado,R$1200,3,2400,,Curitiba
3507,19-03-2024,Ana Clara,Masculino,Mouse,50,1,800,148m,Belo Horizonte
3508,2023/11/16,,m,Mouse,1200,1,3520,,Belo Horizonte
3509,2024-12-05, Pedro Alves ,M,Cadeira,R$120,2,,108m,São Paulo
3510,2023-07-16,Maria Souza,m,Mouse,1200,2,2422,159m,Rio de Janeiro
3511,07/02/23,,Feminino,Mouse,R$120,2,7000,,São Paulo
3512,09/07/24,Ana Clara,f,Teclado,"R$ 50,00",1,120,0:04:41,Rio de Janeiro
3513,2024-12-24,Maria Souza,f,Notebook,"R$ 800,00",3,342,0h 8m,Rio de Janeiro
3514,16/12/23,Maria Souza,,Monitor,"R$ 800,00",3,150,,Belo Horizonte
3515,07-08-2024,Carlos Lima,MASCULINO,Notebook,"R$ 50,00",2,1600,96m,Curitiba
3516,2024/12/09,,f,Notebook,"R$ 3.500,00",2,,2h 28m,Curitiba
3517,20/03/23,Carlos Lima,Feminino,Teclado,R$800,1,120,1:27:13,Porto Alegre
3518,28-08-2024,Ana Clara,f,Cadeira,"R$ 800,00",3,,0:55:48,São Paulo
3519,2024-01-28,,f,Cadeira,1200,2,7000,2:13:31,Rio de Janeiro
3520,2023/06/14,Carlos Lima,M,Notebook,R$3500,2,254,0:56:37,Curitiba
3521,2024/12/16, João Silva ,F,Mouse,"R$ 120,00",3,,2:48:16,Rio de Janeiro
3522,23/11/23,,f,Teclado,120,2,2400,1:53:05,Porto Alegre
3523,27/02/24,Maria Souza,MASCULINO,Mouse,"R$ 1.200,00",3,10500,3h 2m,São Paulo
3524,2024-09-05, Pedro Alves ,,Monitor,R$3500,2,2400,138m,Rio de Janeiro
3525,2024/05/01, Pedro Alves ,,Teclado,R$800,1,,0:23:06,São Paulo
3526,13/04/23,Ana Clara,MASCULINO,Cadeira,800,3,3600,2:41:09,São Paulo
3527,2023/08/25, Pedro Alves ,MASCULINO,Teclado,R$3500,2,2400,0:49:03,Rio de Janeiro
3528,2023/05/01,,m,Monitor,1200,3,360,180m,Belo Horizonte
3529,2023/01/25,Carlos Lima,M,Cadeira,R$3500,1,1217,2:23:37,Belo Horizonte
3530,23/08/23,Maria Souza,f,Monitor,"R$ 120,00",3,150,,Rio de Janeiro
3531,2024-10-02,Ana Clara,F,Monitor,800,2,2400,,São Paulo
3532,2024-07-01, Pedro Alves ,MASCULINO,Notebook,R$3500,2,1612,,Rio de Janeiro
3533,2024-12-15,Carlos Lima,F,Mouse,"R$ 3.500,00",3,150,2:26:38,Porto Alegre
3534,2024-06-03, Pedro Alves ,MASCULINO,Cadeira,R$800,2,2400,,Belo Horizonte
3535,04-12-2023, Pedro Alves ,MASCULINO,Cadeira,R$3500,1,,0:28:36,Rio de Janeiro
3536,2024/01/01,Ana Clara,MASCULINO,Mouse,50,2,1600,2:29:32,Porto Alegre
3537,2023-03-12,,MASCULINO,Teclado,"R$ 3.500,00",3,,3h 35m,São Paulo
3538,2023/06/10,Carlos Lima,,Notebook,120,1,,1:40:20,Belo Horizonte
3539,25/09/24,Ana Clara,m,Cadeira,"R$ 50,00",1,800,1:04:36,São Paulo
3540,10/06/23,Carlos Lima,,Teclado,3500,2,,2:26:33,São Paulo
3541,2023-09-05, Pedro Alves ,f,Mouse,"R$ 1.200,00",1,,1h 38m,Porto Alegre
3542,2024/04/19,Carlos Lima,F,Mouse,R$800,3,,144m,Porto Alegre
3543,2024/09/23,,F,Cadeira,1200,2,7000,3h 45m,Belo Horizonte
3544,2024/08/06,Maria Souza,M,Notebook,"R$ 3.500,00",2,100,3h 58m,São Paulo
3545,2023-08-01,Ana Clara,f,Notebook,800,1,50,2:10:26,Curitiba
3546,07/10/23,Maria Souza,M,Teclado,R$1200,1,800,,Curitiba
3547,2023-06-07,Carlos Lima,m,Monitor,R$50,3,150,,Curitiba
3548,2024-02-08,,F,Teclado,R$800,1,,,Rio de Janeiro
3549,27/05/23,Ana Clara,F,Teclado,"R$ 3.500,00",3,117,,São Paulo
3550,2023-05-04, Pedro Alves ,,Mouse,"R$ 1.200,00",3,360,2h 49m,Belo Horizonte
3551,2024-09-01,Carlos Lima,m,Teclado,50,1,1200,3h 9m,Porto Alegre
3552,11-07-2023,Carlos Lima,f,Teclado,800,3,360,,São Paulo
3553,2024/08/15,Ana Clara,MASCULINO,Teclado,R$3500,2,2400,,Curitiba
3554,12-11-2023,Ana Clara,F,Teclado,R$800,3,2400,102m,Rio de Janeiro
3555,2024/09/04,Carlos Lima,f,Monitor,"R$ 1.200,00",2,,,Rio de Janeiro
3556,2023/02/27,,F,Cadeira,"R$ 1.200,00",1,1224,,Rio de Janeiro
3557,2023-12-13,Maria Souza,f,Notebook,120,1,,,São Paulo
3558,2023-12-11,Maria Souza,MASCULINO,Notebook,"R$ 120,00",2,,0h 14m,Curitiba
3559,13/12/24,Carlos Lima,f,Monitor,"R$ 3.500,00",2,7000,2:11:28,São Paulo
3560,11/08/24, Pedro Alves ,F,Mouse,"R$ 120,00",3,360,84m,Curitiba
3561,27/05/23, João Silva ,,Monitor,"R$ 800,00",3,2400,67m,Belo Horizonte
3562,2023-03-05,Carlos Lima,Feminino,Cadeira,"R$ 50,00",3,,2:40:26,Porto Alegre
3563,2024-08-19,Carlos Lima,Feminino,Notebook,50,1,50,112m,Curitiba
3564,13/07/23,Maria Souza,MASCULINO,Monitor,"R$ 1.200,00",1,800,2:06:15,Porto Alegre
3565,12-01-2024,,,Teclado,R$50,3,2400,0h 6m,Rio de Janeiro
3566,28-06-2023, Pedro Alves ,Masculino,Mouse,"R$ 800,00",1,,1h 47m,Belo Horizonte
3567,2023-04-16,,Masculino,Monitor,50,2,2400,2h 36m,Belo Horizonte
3568,16/04/24,Ana Clara,F,Teclado,120,2,7000,0:11:18,Belo Horizonte
3569,06/04/24, João Silva ,,Teclado,3500,2,100,,São Paulo
3570,12-08-2024,Maria Souza,F,Monitor,"R$ 50,00",3,360,134m,São Paulo
3571,13-03-2023,Maria Souza,Feminino,Cadeira,3500,2,,,Belo Horizonte
3572,06/08/24,,MASCULINO,Teclado,R$1200,1,1200,2:17:33,São Paulo
3573,2024/11/10, Pedro Alves ,f,Cadeira,R$800,2,,3h 8m,Rio de Janeiro
3574,2024-02-08,,MASCULINO,Teclado,R$50,3,150,99m,São Paulo
3575,20-04-2024,Ana Clara,M,Teclado,R$120,2,7000,16m,São Paulo
3576,17-10-2024,,,Mouse,120,2,60,2:28:13,Rio de Janeiro
3577,22-12-2023,Carlos Lima,MASCULINO,Notebook,"R$ 3.500,00",2,2400,0h 18m,Rio de Janeiro
3578,2024-02-27,Ana Clara,Masculino,Cadeira,800,1,,,Belo Horizonte
3579,2024-09-26,,Feminino,Monitor,R$120,3,3600,,Curitiba
3580,2023/08/07,Maria Souza,MASCULINO,Mouse,"R$ 800,00",1,50,,Belo Horizonte
3581,2023/02/25, João Silva ,Feminino,Monitor,R$1200,2,7000,2h 20m,Curitiba
3582,2023/10/07, João Silva ,f,Cadeira,"R$ 1.200,00",3,2400,1:27:29,Rio de Janeiro
3583,2024/11/04, Pedro Alves ,,Teclado,R$1200,1,120,1:26:09,Belo Horizonte
3584,26-02-2023, João Silva ,m,Mouse,R$3500,1,800,125m,Curitiba
3585,10/12/23,,,Cadeira,800,2,2400,2:05:26,Belo Horizonte
3586,2024-12-20, João Silva ,MASCULINO,Mouse,R$3500,3,150,148m,Curitiba
3587,2024-08-04, João Silva ,,Teclado,"R$ 3.500,00",2,100,55m,Belo Horizonte
3588,22/03/24,Maria Souza,,Mouse,3500,1,120,169m,São Paulo
3589,2023/10/21, João Silva ,f,Notebook,R$3500,3,,0:14:14,Belo Horizonte
3590,11-12-2023, Pedro Alves ,M,Notebook,1200,3,,0:04:01,São Paulo
3591,2023/11/08,Ana Clara,,Cadeira,R$800,2,100,,Curitiba
3592,15-02-2024, Pedro Alves ,,Mouse,R$50,2,2400,,Curitiba
3593,05-11-2024, Pedro Alves ,MASCULINO,Monitor,"R$ 1.200,00",1,,61m,Curitiba
3594,2024-04-18,Carlos Lima,MASCULINO,Cadeira,R$3500,2,7048,,Curitiba
3595,18/10/24,Carlos Lima,Feminino,Mouse,"R$ 800,00",2,,2:37:36,Porto Alegre
3596,27-04-2024,Carlos Lima,f,Notebook,R$800,2,100,2:28:50,Rio de Janeiro
3597,24/07/23, João Silva ,Masculino,Notebook,50,3,360,1h 7m,Curitiba
3598,08-08-2023,Ana Clara,MASCULINO,Mouse,"R$ 3.500,00",3,360,1:16:41,Rio de Janeiro
3599,2023-03-05,Carlos Lima,M,Teclado,R$3500,1,,1h 44m,São Paulo
3600,2023/04/27,Ana Clara,Feminino,Cadeira,"R$ 120,00",2,1600,1:16:53,Rio de Janeiro
3601,08-09-2023,Ana Clara,m,Teclado,R$120,3,10500,,Curitiba
3602,2024-01-18,Ana Clara,Masculino,Monitor,"R$ 800,00",3,,1h 1m,Porto Alegre
3603,18-08-2023,,Feminino,Mouse,R$1200,3,3600,0:44:33,Rio de Janeiro
3604,2023-11-15,,Masculino,Mouse,"R$ 50,00",1,120,0:42:50,Porto Alegre
3605,2024/11/04, Pedro Alves ,f,Mouse,R$800,1,1200,2h 53m,Rio de Janeiro
3606,2024/05/11,Maria Souza,Feminino,Notebook,"R$ 50,00",1,4,1:04:42,Porto Alegre
3607,08/04/24,Ana Clara,Masculino,Notebook,R$1200,3,357,2:14:41,Belo Horizonte
3608,2023/02/20,Ana Clara,M,Mouse,R$1200,2,100,0h 7m,Belo Horizonte
3609,07/02/24,Carlos Lima,F,Notebook,3500,1,3500,0:52:27,Rio de Janeiro
3610,2024-10-25,,Masculino,Monitor,1200,1,50,1:21:59,Porto Alegre
3611,2023-10-23, Pedro Alves ,MASCULINO,Teclado,"R$ 50,00",3,,0:53:45,Belo Horizonte
3612,19/11/24,Maria Souza,F,Mouse,"R$ 50,00",2,87,,Rio de Janeiro
3613,2023/12/07,Maria Souza,Feminino,Teclado,"R$ 800,00",3,,,São Paulo
3614,2023/05/21,Carlos Lima,Masculino,Cadeira,"R$ 800,00",1,1168,,Porto Alegre
3615,16-06-2023, João Silva ,,Teclado,800,3,360,3h 46m,Curitiba
3616,2024-09-17,Maria Souza,MASCULINO,Teclado,"R$ 50,00",3,10484,,Belo Horizonte
3617,2024-09-16,Maria Souza,Feminino,Teclado,120,1,1200,0:07:46,São Paulo
3618,07-07-2024,Carlos Lima,MASCULINO,Cadeira,800,1,3485,0:59:51,Belo Horizonte
3619,26-04-2024,Carlos Lima,Feminino,Mouse,R$800,3,,0:59:57,Rio de Janeiro
3620,27/09/23,Ana Clara,f,Monitor,"R$ 50,00",2,240,,Rio de Janeiro
3621,19-04-2024,Carlos Lima,m,Mouse,"R$ 120,00",2,240,2:09:57,Rio de Janeiro
3622,23/03/24,,Masculino,Notebook,"R$ 800,00",3,10500,0:51:37,Porto Alegre
3623,25/01/24, João Silva ,F,Teclado,"R$ 1.200,00",2,1600,1h 13m,São Paulo
3624,2023/10/07,,MASCULINO,Monitor,"R$ 50,00",3,360,121m,Porto Alegre
3625,24-09-2024, Pedro Alves ,f,Mouse,"R$ 1.200,00",2,240,0h 44m,Belo Horizonte
3626,04/06/23, João Silva ,f,Cadeira,R$800,2,,2h 33m,Belo Horizonte
3627,06/07/23,Ana Clara,Feminino,Teclado,R$50,1,800,1h 28m,Porto Alegre
3628,2023/10/27,Carlos Lima,Masculino,Monitor,R$50,3,2400,0:02:23,Belo Horizonte
3629,11/05/24, Pedro Alves ,MASCULINO,Cadeira,1200,3,360,,Belo Horizonte
3630,2023/10/01, João Silva ,m,Cadeira,"R$ 1.200,00",3,3600,1:53:22,Rio de Janeiro
3631,2024-05-03,Ana Clara,Feminino,Monitor,R$3500,1,120,160m,São Paulo
3632,2024-07-28, João Silva ,Feminino,Teclado,R$3500,1,1200,80m,Porto Alegre
3633,2023/03/04, João Silva ,Feminino,Teclado,"R$ 1.200,00",2,7000,0h 31m,Curitiba
3634,2023-03-07,Carlos Lima,Masculino,Notebook,3500,3,360,0:50:05,Curitiba
3635,2023/12/18,Maria Souza,MASCULINO,Cadeira,"R$ 800,00",2,249,,Porto Alegre
3636,10/08/23,Ana Clara,M,Cadeira,R$3500,2,1600,30m,São Paulo
3637,2024-10-04, João Silva ,M,Teclado,R$120,1,120,82m,Curitiba
3638,2024/03/25,Ana Clara,,Cadeira,R$1200,1,1200,0h 44m,Rio de Janeiro
3639,26-10-2023, João Silva ,Feminino,Teclado,"R$ 1.200,00",3,3586,1:50:35,Rio de Janeiro
3640,04-02-2023,Maria Souza,MASCULINO,Teclado,50,3,150,1:50:22,Curitiba
3641,28-10-2024,Ana Clara,MASCULINO,Cadeira,"R$ 800,00",3,150,134m,São Paulo
3642,2024/06/12,Ana Clara,m,Monitor,R$800,1,1179,1:04:31,Belo Horizonte
3643,03-02-2024,Maria Souza,Feminino,Notebook,"R$ 50,00",1,120,1:24:58,Porto Alegre
3644,16-05-2023,Maria Souza,M,Monitor,R$120,3,360,1h 49m,Porto Alegre
3645,03/02/24, João Silva ,f,Mouse,R$800,3,,126m,Belo Horizonte
3646,2023-12-01,,Feminino,Teclado,"R$ 50,00",2,,2:53:33,Porto Alegre
3647,2023-02-14,Carlos Lima,Feminino,Mouse,"R$ 3.500,00",2,1600,,Porto Alegre
3648,2023-07-19, João Silva ,MASCULINO,Monitor,50,2,240,,Porto Alegre
3649,03/10/24, Pedro Alves ,Masculino,Notebook,R$3500,1,50,2h 38m,Belo Horizonte
3650,02-09-2023, João Silva ,MASCULINO,Cadeira,1200,3,3600,2h 25m,Rio de Janeiro
3651,19/10/24, Pedro Alves ,MASCULINO,Teclado,"R$ 50,00",3,10500,2:17:43,São Paulo
3652,2024-06-02,Ana Clara,M,Teclado,"R$ 800,00",3,10500,2h 53m,Rio de Janeiro
3653,02-01-2023,Maria Souza,MASCULINO,Teclado,R$3500,2,240,2h 27m,Rio de Janeiro
3654,21/09/23,Maria Souza,f,Notebook,R$1200,2,1600,1:47:42,Rio de Janeiro
3655,27/09/23, João Silva ,m,Mouse,R$120,2,1600,0h 20m,Porto Alegre
3656,2024-03-02,Maria Souza,Masculino,Cadeira,"R$ 800,00",2,1600,3h 38m,Curitiba
3657,06/10/23, Pedro Alves ,MASCULINO,Notebook,R$800,3,,0h 55m,Belo Horizonte
3658,06/01/24,Ana Clara,,Mouse,"R$ 120,00",3,3595,0h 47m,Rio de Janeiro
3659,08/12/24,Maria Souza,m,Teclado,R$3500,3,,1h 43m,Belo Horizonte
3660,2023-09-19,Ana Clara,f,Cadeira,3500,1,1200,0:29:25,Belo Horizonte
3661,2024/08/26,Ana Clara,MASCULINO,Mouse,"R$ 120,00",1,48,174m,Rio de Janeiro
3662,05-07-2023,,,Cadeira,R$120,2,7000,59m,São Paulo
3663,2024/08/04,Carlos Lima,m,Monitor,800,2,1553,118m,São Paulo
3664,04-02-2024,,MASCULINO,Teclado,800,2,2400,,Curitiba
3665,2024/07/26, Pedro Alves ,Masculino,Notebook,1200,2,240,1h 29m,São Paulo
3666,01/04/23, João Silva ,f,Mouse,50,3,,,Rio de Janeiro
3667,11-10-2024,Ana Clara,f,Monitor,1200,1,,0h 19m,Belo Horizonte
3668,2023-03-20,Carlos Lima,F,Teclado,"R$ 800,00",3,2400,1:49:21,Belo Horizonte
3669,2024-08-04,Carlos Lima,F,Teclado,R$120,2,100,171m,Curitiba
3670,12/07/23, Pedro Alves ,MASCULINO,Teclado,"R$ 50,00",2,235,60m,Rio de Janeiro
3671,2024/10/12,Maria Souza,Feminino,Cadeira,"R$ 1.200,00",1,,149m,Porto Alegre
3672,09/10/23, Pedro Alves ,,Mouse,R$1200,2,2400,2:45:26,Porto Alegre
3673,10-03-2024, Pedro Alves ,Masculino,Monitor,"R$ 120,00",3,150,2:05:57,São Paulo
3674,2023-07-27, João Silva ,MASCULINO,Mouse,120,3,3600,,Belo Horizonte
3675,09/12/24,Maria Souza,MASCULINO,Mouse,120,3,150,75m,Belo Horizonte
3676,2024/11/05, Pedro Alves ,,Notebook,R$800,1,,,Porto Alegre
3677,22/10/23,Carlos Lima,,Monitor,"R$ 800,00",3,360,,Curitiba
3678,2023/09/02, Pedro Alves ,m,Mouse,R$50,2,2400,0h 4m,Porto Alegre
3679,2024/07/03,,m,Cadeira,R$3500,1,50,36m,Belo Horizonte
3680,16/10/23,Ana Clara,Feminino,Notebook,50,1,55,1:28:37,Porto Alegre
3681,26/01/23, João Silva ,Masculino,Notebook,"R$ 120,00",3,,0h 25m,Rio de Janeiro
3682,23-10-2024, João Silva ,MASCULINO,Cadeira,50,3,10500,,Porto Alegre
3683,11/05/24, Pedro Alves ,F,Notebook,"R$ 1.200,00",1,800,1h 20m,Belo Horizonte
3684,2023/04/08,Ana Clara,Feminino,Notebook,120,1,,1:18:22,São Paulo
3685,2023/08/08, João Silva ,,Mouse,R$800,2,1600,0h 7m,Rio de Janeiro
3686,2023/03/15,Ana Clara,m,Mouse,"R$ 800,00",1,3500,,Porto Alegre
3687,10-10-2023, Pedro Alves ,M,Notebook,R$120,2,,2:03:31,São Paulo
3688,2023/03/05,Carlos Lima,F,Teclado,R$1200,3,,2:15:30,São Paulo
3689,13-09-2024,Maria Souza,Masculino,Monitor,"R$ 800,00",1,757,1:50:18,Curitiba
3690,2023-03-07,Maria Souza,Masculino,Mouse,1200,2,2400,1:33:44,São Paulo
3691,2024/08/04,Maria Souza,MASCULINO,Notebook,R$1200,3,,,Curitiba
3692,09/11/24,Carlos Lima,,Monitor,"R$ 50,00",2,1600,0:35:38,Belo Horizonte
3693,2023-06-02,Carlos Lima,f,Teclado,120,2,1600,144m,Belo Horizonte
3694,03-09-2024,Ana Clara,Masculino,Monitor,"R$ 50,00",2,,29m,Rio de Janeiro
3695,2024/10/05,Maria Souza,F,Cadeira,3500,3,10500,,Rio de Janeiro
3696,23/10/23, Pedro Alves ,MASCULINO,Teclado,"R$ 800,00",3,360,1h 57m,São Paulo
3697,2024-04-20, João Silva ,MASCULINO,Cadeira,"R$ 800,00",2,7000,3h 17m,Porto Alegre
3698,16/05/23,,f,Mouse,"R$ 50,00",2,,63m,Porto Alegre
3699,17-04-2024,Ana Clara,f,Notebook,"R$ 120,00",3,10500,94m,Belo Horizonte
3700,25/10/24,,Masculino,Cadeira,"R$ 3.500,00",1,50,1:49:49,Porto Alegre
3701,09-12-2023,Carlos Lima,Masculino,Mouse,"R$ 120,00",3,150,156m,São Paulo
3702,2024-08-16,Carlos Lima,M,Monitor,"R$ 50,00",3,3612,1:05:28,Curitiba
3703,05-05-2024,,Feminino,Monitor,"R$ 50,00",1,,2:01:08,São Paulo
3704,27/03/23,,MASCULINO,Monitor,50,2,240,2h 59m,São Paulo
3705,2023-04-08,Carlos Lima,Feminino,Notebook,"R$ 800,00",1,,,Belo Horizonte
3706,01-09-2023, Pedro Alves ,Masculino,Monitor,R$120,1,124,3h 27m,Rio de Janeiro
3707,12/09/24,Ana Clara,Feminino,Mouse,R$1200,1,3500,,Belo Horizonte
3708,2023-10-09, Pedro Alves ,Feminino,Cadeira,"R$ 3.500,00",3,,93m,Rio de Janeiro
3709,2024-03-21,,m,Monitor,R$120,3,,22m,Curitiba
3710,2024/11/14,Carlos Lima,F,Cadeira,R$3500,2,86,0:56:57,Curitiba
3711,2023-12-24,Carlos Lima,Masculino,Notebook,"R$ 1.200,00",3,150,0h 29m,Rio de Janeiro
3712,27/09/23,Carlos Lima,f,Teclado,"R$ 800,00",1,50,,São Paulo
3713,2024/03/03,,Masculino,Cadeira,50,3,3600,,Porto Alegre
3714,20/08/23, Pedro Alves ,,Cadeira,R$800,3,360,1:24:31,São Paulo
3715,2023/09/12,Carlos Lima,f,Teclado,"R$ 1.200,00",3,10500,,Rio de Janeiro
3716,13/10/23,Maria Souza,Masculino,Notebook,"R$ 3.500,00",1,800,,Curitiba
3717,21/01/24,Ana Clara,,Monitor,3500,3,3600,,São Paulo
3718,18-09-2023, João Silva ,Masculino,Cadeira,"R$ 3.500,00",1,3500,57m,São Paulo
3719,2024/04/27,,F,Cadeira,1200,1,158,0:21:44,Rio de Janeiro
3720,2024/06/08,Maria Souza,MASCULINO,Monitor,R$800,1,120,162m,São Paulo
3721,03/04/24,,f,Monitor,R$3500,3,2400,2:45:26,São Paulo
3722,28-03-2024,Carlos Lima,Feminino,Notebook,"R$ 800,00",1,,2:21:14,Belo Horizonte
3723,01/01/23,,m,Cadeira,R$50,3,2401,,Porto Alegre
3724,26/06/24,Maria Souza,m,Cadeira,1200,3,10500,2h 2m,Curitiba
3725,2023/06/18,Carlos Lima,m,Cadeira,R$50,2,,,Porto Alegre
3726,24/09/24,Maria Souza,f,Notebook,800,3,150,0:00:58,Belo Horizonte
3727,2024-01-24,Carlos Lima,,Teclado,R$120,2,2384,167m,Curitiba
3728,20/07/24, João Silva ,f,Notebook,R$3500,1,50,3h 19m,São Paulo
3729,28/05/23, João Silva ,m,Cadeira,"R$ 50,00",1,3500,0h 30m,Porto Alegre
3730,2024-11-11, Pedro Alves ,m,Monitor,"R$ 1.200,00",3,3600,180m,Belo Horizonte
3731,2023-10-05,Ana Clara,Feminino,Mouse,R$800,3,,,Belo Horizonte
3732,2024-12-27,Carlos Lima,Feminino,Notebook,50,3,10500,,Belo Horizonte
3733,27/08/23,Maria Souza,f,Notebook,"R$ 3.500,00",2,216,2h 38m,São Paulo
3734,15-09-2024, João Silva ,Masculino,Mouse,3500,3,360,,São Paulo
3735,2023-03-13, Pedro Alves ,Feminino,Mouse,R$50,1,3500,2h 27m,Rio de Janeiro
3736,23/05/23, Pedro Alves ,Feminino,Notebook,"R$ 3.500,00",1,3504,1h 57m,Rio de Janeiro
3737,27/06/23,Ana Clara,Feminino,Notebook,800,2,2400,3h 46m,Belo Horizonte
3738,2024/06/14,Carlos Lima,F,Teclado,"R$ 120,00",3,360,107m,Rio de Janeiro
3739,03/11/23, Pedro Alves ,m,Teclado,"R$ 120,00",3,,97m,Belo Horizonte
3740,24/02/24,Ana Clara,Feminino,Mouse,R$3500,2,,2h 2m,Rio de Janeiro
3741,11/10/24, Pedro Alves ,M,Monitor,"R$ 3.500,00",1,,0:35:13,Belo Horizonte
3742,18/11/23,Carlos Lima,m,Teclado,"R$ 50,00",3,150,,Belo Horizonte
3743,2024/09/18, João Silva ,F,Monitor,"R$ 1.200,00",2,6977,3h 6m,Rio de Janeiro
3744,2023/05/21,Carlos Lima,F,Notebook,50,2,1561,0:06:07,Belo Horizonte
3745,2024/02/08,Ana Clara,f,Notebook,"R$ 120,00",2,55,67m,Curitiba
3746,17-07-2023,Maria Souza,M,Notebook,R$1200,1,120,,Porto Alegre
3747,20-02-2024,Maria Souza,f,Monitor,R$3500,3,10500,3h 14m,Porto Alegre
3748,27-07-2024, João Silva ,Masculino,Mouse,50,2,2428,104m,Belo Horizonte
3749,26/06/24, João Silva ,F,Mouse,R$50,3,2367,,São Paulo
3750,2024/09/18,,f,Cadeira,"R$ 3.500,00",2,7000,,Curitiba
3751,22/04/24,,f,Teclado,R$50,3,10500,1:30:07,São Paulo
3752,13-05-2023, Pedro Alves ,Masculino,Teclado,R$50,1,1188,,Belo Horizonte
3753,06-11-2024,,M,Notebook,800,3,,39m,Curitiba
3754,25/01/24,Maria Souza,m,Monitor,120,1,50,,São Paulo
3755,19/11/24, João Silva ,F,Cadeira,"R$ 800,00",2,1600,,Rio de Janeiro
3756,18/02/23, João Silva ,M,Mouse,"R$ 1.200,00",2,7000,,Rio de Janeiro
3757,2024-01-11, Pedro Alves ,MASCULINO,Cadeira,"R$ 3.500,00",3,10500,0h 7m,Porto Alegre
3758,2024/06/27, João Silva ,m,Monitor,"R$ 120,00",1,1200,,São Paulo
3759,18/12/24,Maria Souza,,Teclado,50,1,,,Rio de Janeiro
3760,04/01/23, João Silva ,Masculino,Teclado,3500,3,,,São Paulo
3761,2024-12-22,,Masculino,Teclado,"R$ 50,00",1,800,1:38:51,Curitiba
3762,12/10/23,,Masculino,Notebook,R$3500,2,6980,1h 37m,São Paulo
3763,03-03-2024, João Silva ,,Teclado,1200,1,3500,0h 10m,Porto Alegre
3764,2024-10-16, João Silva ,,Cadeira,R$120,2,2400,0:27:59,Belo Horizonte
3765,21/01/23,Maria Souza,M,Cadeira,R$50,2,2400,0h 42m,Curitiba
3766,08-02-2023,Ana Clara,M,Mouse,R$3500,3,150,0:34:00,Porto Alegre
3767,23-10-2024,Ana Clara,Masculino,Cadeira,R$50,2,1600,,São Paulo
3768,2023-10-02,,M,Cadeira,1200,3,360,1:15:21,Rio de Janeiro
3769,2023-05-11,,M,Notebook,"R$ 50,00",3,150,166m,Rio de Janeiro
3770,2023-09-22, João Silva ,f,Mouse,R$3500,3,2400,,Rio de Janeiro
3771,2023/09/27,,MASCULINO,Mouse,R$800,1,3500,,Curitiba
3772,09-05-2023, Pedro Alves ,Feminino,Monitor,R$1200,3,,,São Paulo
3773,2023/01/23,,m,Cadeira,50,2,240,23m,Belo Horizonte
3774,16-02-2024,Maria Souza,MASCULINO,Teclado,"R$ 800,00",3,,0h 41m,Porto Alegre
3775,2023-12-08, João Silva ,MASCULINO,Notebook,800,2,2400,0:17:00,São Paulo
3776,2024/08/23,,M,Monitor,800,3,360,0h 35m,Porto Alegre
3777,2023-10-10,,M,Notebook,120,2,240,176m,Belo Horizonte
3778,2023/07/19,,F,Mouse,R$50,2,7000,1:33:24,Rio de Janeiro
3779,2023/09/03, João Silva ,Masculino,Cadeira,R$50,3,10500,13m,Porto Alegre
3780,13-04-2023, João Silva ,m,Monitor,R$800,3,3600,2:26:25,São Paulo
3781,20-08-2023, João Silva ,Feminino,Monitor,1200,2,7000,1:34:42,São Paulo
3782,25/12/23,,f,Monitor,800,3,10500,,Curitiba
3783,2024/03/04,Ana Clara,F,Teclado,800,2,100,2:37:46,Rio de Janeiro
3784,01/01/23,Carlos Lima,m,Teclado,120,3,150,0h 15m,Rio de Janeiro
3785,06-11-2024,,m,Teclado,"R$ 120,00",2,240,175m,Curitiba
3786,06-04-2024,,F,Teclado,1200,1,800,1h 6m,São Paulo
3787,2023/06/26, João Silva ,F,Cadeira,"R$ 3.500,00",2,,3h 36m,Curitiba
3788,27/05/24, Pedro Alves ,F,Mouse,"R$ 800,00",3,2400,28m,Belo Horizonte
3789,2024-08-08, João Silva ,m,Notebook,"R$ 800,00",1,791,0:32:26,Porto Alegre
3790,2024/03/27, João Silva ,F,Monitor,R$800,1,800,1:01:47,Rio de Janeiro
3791,25/06/23,,Feminino,Notebook,"R$ 1.200,00",2,6954,0:11:46,São Paulo
3792,2024/05/21,Ana Clara,,Teclado,3500,2,100,2:26:57,Rio de Janeiro
3793,10/11/23,,F,Cadeira,50,3,,,São Paulo
3794,08/10/23, Pedro Alves ,f,Notebook,3500,2,1600,120m,Curitiba
3795,17/07/24,Ana Clara,Feminino,Notebook,"R$ 3.500,00",3,3600,,Rio de Janeiro
3796,24/02/24, Pedro Alves ,Masculino,Notebook,120,3,360,0:59:31,Curitiba
3797,03/02/24,Carlos Lima,m,Notebook,"R$ 1.200,00",1,120,0:00:27,Rio de Janeiro
3798,2023-10-15,Maria Souza,,Teclado,50,2,114,1:37:16,São Paulo
3799,2024/09/14,,MASCULINO,Mouse,50,1,50,63m,Rio de Janeiro
3800,24-12-2024,,,Teclado,R$1200,3,2400,0h 53m,São Paulo
3801,14-03-2023, João Silva ,MASCULINO,Mouse,120,1,3500,,Rio de Janeiro
3802,06-01-2023, Pedro Alves ,Feminino,Cadeira,"R$ 120,00",3,,,Curitiba
3803,22-07-2023,Maria Souza,M,Monitor,R$3500,1,50,113m,Rio de Janeiro
3804,20/09/24, João Silva ,F,Monitor,"R$ 1.200,00",3,,0:46:11,Curitiba
3805,04-06-2023,,m,Mouse,"R$ 120,00",1,50,3h 49m,Curitiba
3806,2023/06/07,Carlos Lima,,Mouse,1200,1,120,,São Paulo
3807,2024/12/27,Carlos Lima,,Notebook,R$3500,2,1600,,Belo Horizonte
3808,16-07-2023, João Silva ,m,Mouse,"R$ 120,00",1,120,22m,Belo Horizonte
3809,2023/03/07, João Silva ,m,Mouse,"R$ 120,00",3,10500,3h 50m,Belo Horizonte
3810,2024-06-14,Maria Souza,m,Monitor,R$3500,1,120,0:32:14,Rio de Janeiro
3811,2023/01/24,Maria Souza,F,Cadeira,"R$ 120,00",3,3600,3h 15m,Porto Alegre
3812,2024/11/20,Carlos Lima,M,Cadeira,R$3500,2,7026,0:08:19,Curitiba
3813,14/08/24,Maria Souza,Feminino,Cadeira,R$800,3,10514,3h 19m,Rio de Janeiro
3814,23-07-2023, Pedro Alves ,m,Monitor,"R$ 800,00",1,800,,Curitiba
3815,2023-10-23, João Silva ,M,Cadeira,120,3,3600,1:06:52,Curitiba
3816,20-11-2024,Maria Souza,Feminino,Cadeira,"R$ 50,00",3,,0:02:19,Porto Alegre
3817,06/07/23,Maria Souza,F,Cadeira,R$1200,3,10500,1h 32m,Rio de Janeiro
3818,2024/05/24,,Feminino,Cadeira,"R$ 1.200,00",3,,2:44:49,Belo Horizonte
3819,2023-08-25,,,Mouse,3500,3,360,,Belo Horizonte
3820,2024/09/18,Maria Souza,Feminino,Mouse,50,2,100,,Porto Alegre
3821,04/06/23,Carlos Lima,,Cadeira,"R$ 800,00",3,2400,0:39:48,São Paulo
3822,04-08-2023, João Silva ,M,Notebook,3500,1,93,0h 15m,Belo Horizonte
3823,11-09-2023,,F,Teclado,R$50,1,,0h 42m,Porto Alegre
3824,16/05/23,,,Notebook,"R$ 120,00",2,,0:44:41,Porto Alegre
3825,2024/10/08,Ana Clara,,Cadeira,3500,1,,0:27:31,Rio de Janeiro
3826,2024/05/09, Pedro Alves ,f,Teclado,"R$ 50,00",1,1157,2h 10m,São Paulo
3827,08/05/23, Pedro Alves ,Feminino,Cadeira,"R$ 50,00",1,120,0:20:59,Rio de Janeiro
3828,2024/11/13,Carlos Lima,MASCULINO,Cadeira,50,3,3559,,Belo Horizonte
3829,03-07-2023, João Silva ,m,Mouse,1200,3,360,3h 1m,São Paulo
3830,2024-12-27,,Masculino,Monitor,"R$ 120,00",2,6983,65m,Porto Alegre
3831,2023-05-09, Pedro Alves ,,Teclado,R$3500,3,150,2h 14m,Rio de Janeiro
3832,05-04-2024,Maria Souza,F,Mouse,R$50,2,100,16m,Curitiba
3833,03/02/24,,F,Cadeira,R$120,3,3600,1h 40m,Curitiba
3834,27/09/23,,Masculino,Teclado,R$50,1,,108m,Belo Horizonte
3835,2024-07-24,,Masculino,Teclado,R$120,2,100,,Curitiba
3836,21/04/23, João Silva ,Feminino,Cadeira,50,2,100,,São Paulo
3837,25-12-2023, Pedro Alves ,Masculino,Monitor,"R$ 3.500,00",3,2400,,Belo Horizonte
3838,24/02/23,Ana Clara,f,Mouse,"R$ 800,00",1,1200,88m,São Paulo
3839,09-08-2024, João Silva ,M,Teclado,120,3,3566,,São Paulo
3840,2024-02-10,Carlos Lima,Masculino,Monitor,3500,1,1160,,Curitiba
3841,2024-04-25,,Masculino,Notebook,"R$ 50,00",2,7000,,Curitiba
3842,02/11/23,,Feminino,Notebook,R$50,1,800,95m,Rio de Janeiro
3843,2024/05/05,Carlos Lima,MASCULINO,Mouse,120,3,10460,1h 46m,Porto Alegre
3844,28-01-2023,Maria Souza,Feminino,Mouse,"R$ 3.500,00",3,360,12m,Belo Horizonte
3845,2024/09/22,,m,Teclado,800,2,100,1:12:10,Porto Alegre
3846,2024-11-03,Carlos Lima,f,Monitor,800,1,120,1:56:59,Rio de Janeiro
3847,18/07/24,Maria Souza,m,Mouse,120,1,,151m,Porto Alegre
3848,2024/01/16,,M,Mouse,R$50,2,1600,2h 28m,São Paulo
3849,17-09-2023,Maria Souza,Feminino,Cadeira,R$120,1,,79m,São Paulo
3850,24/08/23, Pedro Alves ,,Monitor,"R$ 3.500,00",2,1600,171m,Belo Horizonte
3851,09/06/23, Pedro Alves ,Feminino,Teclado,"R$ 800,00",2,,,Rio de Janeiro
3852,28-01-2024,Maria Souza,,Notebook,"R$ 3.500,00",2,239,139m,São Paulo
3853,2024-05-28,Ana Clara,Masculino,Cadeira,R$3500,3,3600,1:29:09,Rio de Janeiro
3854,2023/10/24,Carlos Lima,Feminino,Cadeira,R$3500,3,10512,1h 8m,Porto Alegre
3855,11-04-2023, João Silva ,F,Teclado,1200,3,2400,1:53:39,Rio de Janeiro
3856,2023-10-11,Ana Clara,M,Teclado,R$800,1,133,167m,Porto Alegre
3857,2023-05-02, Pedro Alves ,,Mouse,120,3,,96m,Porto Alegre
3858,26/06/24, Pedro Alves ,F,Mouse,"R$ 120,00",2,2400,0:22:31,Rio de Janeiro
3859,2023-03-26, João Silva ,F,Mouse,R$120,1,800,2h 10m,Belo Horizonte
3860,01-10-2023,Carlos Lima,MASCULINO,Notebook,R$800,1,836,,São Paulo
3861,11/07/23,Maria Souza,MASCULINO,Cadeira,R$50,3,2400,37m,Rio de Janeiro
3862,2024/12/16,Maria Souza,Masculino,Notebook,800,3,360,,Porto Alegre
3863,2023-10-07, João Silva ,,Notebook,R$3500,1,,,São Paulo
3864,07/01/24, João Silva ,Masculino,Notebook,R$120,3,2400,1:12:26,Porto Alegre
3865,18-10-2024,Maria Souza,F,Notebook,"R$ 50,00",1,120,,Belo Horizonte
3866,2023/12/27,Maria Souza,Masculino,Notebook,"R$ 120,00",3,10509,133m,Curitiba
3867,2023-11-11, Pedro Alves ,Feminino,Monitor,120,3,3600,0h 15m,Belo Horizonte
3868,10/08/24,Maria Souza,,Notebook,50,3,10500,1h 53m,Porto Alegre
3869,2024/07/05,Ana Clara,f,Cadeira,R$3500,3,2400,2:40:01,São Paulo
3870,27/08/23, Pedro Alves ,Masculino,Notebook,"R$ 120,00",3,2400,,Rio de Janeiro
3871,01/07/24, João Silva ,F,Monitor,"R$ 800,00",2,1600,2:40:33,São Paulo
3872,2023/05/15, Pedro Alves ,M,Cadeira,"R$ 3.500,00",2,2400,1:42:30,Curitiba
3873,06/06/24,Carlos Lima,MASCULINO,Mouse,R$800,3,360,100m,Belo Horizonte
3874,28-09-2023, Pedro Alves ,Feminino,Monitor,"R$ 120,00",3,10500,1:12:31,Rio de Janeiro
3875,22-07-2024,Ana Clara,MASCULINO,Monitor,800,1,1200,,Curitiba
3876,2023/03/26, Pedro Alves ,M,Monitor,R$1200,2,100,125m,Porto Alegre
3877,2023-07-28, Pedro Alves ,Masculino,Teclado,"R$ 1.200,00",2,100,0:56:12,Curitiba
3878,10-05-2023,,F,Cadeira,"R$ 800,00",2,240,2h 1m,Rio de Janeiro
3879,02/11/23,Maria Souza,M,Monitor,R$800,2,6958,0h 4m,Curitiba
3880,25-10-2023,Carlos Lima,Masculino,Teclado,"R$ 800,00",3,360,1h 58m,Rio de Janeiro
3881,2023/06/01,Carlos Lima,Masculino,Teclado,"R$ 50,00",1,,2:32:27,São Paulo
3882,20-07-2023,,f,Cadeira,R$3500,1,,1h 53m,São Paulo
3883,2023/01/03,Maria Souza,m,Monitor,"R$ 50,00",3,2400,0:54:39,Rio de Janeiro
3884,2024/12/27, Pedro Alves ,M,Teclado,"R$ 800,00",2,1600,2:19:29,Belo Horizonte
3885,2023/06/22,Carlos Lima,m,Mouse,R$3500,3,2400,10m,Curitiba
3886,13/11/24,Maria Souza,MASCULINO,Notebook,R$50,1,3500,1h 43m,Belo Horizonte
3887,2023/02/06, Pedro Alves ,Feminino,Mouse,"R$ 120,00",2,1600,,Curitiba
3888,06-10-2024,Carlos Lima,F,Cadeira,"R$ 1.200,00",1,,39m,Rio de Janeiro
3889,28-03-2024,Maria Souza,M,Teclado,R$1200,2,223,1h 0m,Porto Alegre
3890,05/05/23, Pedro Alves ,M,Teclado,3500,2,1600,,Belo Horizonte
3891,2024/02/19, João Silva ,m,Notebook,R$50,3,,168m,Porto Alegre
3892,2024/10/09,,M,Notebook,"R$ 800,00",2,7000,,São Paulo
3893,25/04/24,Maria Souza,m,Cadeira,R$1200,3,360,2:16:46,Curitiba
3894,2023-02-26, Pedro Alves ,m,Notebook,"R$ 800,00",3,,2:41:01,São Paulo
3895,03-10-2023,Ana Clara,,Monitor,"R$ 1.200,00",1,,1:57:47,Porto Alegre
3896,2024/01/21, João Silva ,F,Notebook,"R$ 3.500,00",1,1200,0:49:39,Porto Alegre
3897,23/04/24, João Silva ,Masculino,Notebook,"R$ 1.200,00",3,2400,175m,Curitiba
3898,2023/07/15,,Masculino,Notebook,1200,1,790,1:59:50,São Paulo
3899,2023-03-19,,MASCULINO,Teclado,"R$ 50,00",3,,,Porto Alegre
3900,02-03-2024,Carlos Lima,Feminino,Notebook,50,3,10500,,Belo Horizonte
3901,22/09/24,,MASCULINO,Mouse,1200,1,800,,Porto Alegre
3902,2023/04/20, Pedro Alves ,MASCULINO,Monitor,R$3500,1,1222,1h 4m,São Paulo
3903,22/09/23,Ana Clara,,Teclado,50,3,3600,1:23:45,São Paulo
3904,21-09-2024,Carlos Lima,M,Cadeira,"R$ 1.200,00",2,2400,0:52:13,Rio de Janeiro
3905,01/12/24,Maria Souza,F,Monitor,"R$ 120,00",3,2400,,Porto Alegre
3906,2024/07/07,Maria Souza,Masculino,Cadeira,800,2,2400,,Belo Horizonte
3907,09/05/24, Pedro Alves ,M,Monitor,"R$ 3.500,00",3,10500,163m,São Paulo
3908,01/04/23,Carlos Lima,F,Cadeira,R$3500,2,100,,Porto Alegre
3909,20/07/24, João Silva ,F,Cadeira,"R$ 800,00",1,3500,,Porto Alegre
3910,2024/09/04, João Silva ,F,Monitor,120,1,120,,São Paulo
3911,15/09/23,Carlos Lima,Feminino,Notebook,R$1200,2,103,1:53:47,Belo Horizonte
3912,2024/11/18,Ana Clara,Masculino,Teclado,"R$ 50,00",2,233,1h 42m,Curitiba
3913,26-10-2023,Carlos Lima,f,Teclado,R$120,1,1200,139m,São Paulo
3914,2024/05/03, Pedro Alves ,MASCULINO,Teclado,R$120,1,120,0:58:47,Rio de Janeiro
3915,27-08-2024,,,Teclado,"R$ 50,00",3,2400,43m,São Paulo
3916,2024-11-14,Carlos Lima,f,Cadeira,R$800,2,240,175m,Porto Alegre
3917,18-08-2024,Ana Clara,,Cadeira,"R$ 120,00",1,800,118m,Rio de Janeiro
3918,22-02-2024,Ana Clara,MASCULINO,Cadeira,120,2,7000,2h 34m,Curitiba
3919,22-10-2024,Ana Clara,Feminino,Teclado,R$50,2,100,154m,São Paulo
3920,2023/07/14,,M,Monitor,1200,1,159,0:16:45,Rio de Janeiro
3921,2023/10/13, Pedro Alves ,f,Monitor,R$3500,1,800,,Rio de Janeiro
3922,2023/09/05, João Silva ,Masculino,Notebook,120,2,,1h 22m,Rio de Janeiro
3923,2023-10-23,Carlos Lima,MASCULINO,Monitor,50,3,166,2:02:25,São Paulo
3924,06/12/24,Carlos Lima,Masculino,Teclado,R$50,1,50,,São Paulo
3925,2023/10/18,Maria Souza,Masculino,Mouse,3500,3,,,São Paulo
3926,18/06/24, João Silva ,f,Mouse,"R$ 50,00",3,150,83m,Belo Horizonte
3927,2024-05-18, Pedro Alves ,,Cadeira,1200,1,3500,152m,São Paulo
3928,2024-12-12, João Silva ,Feminino,Monitor,R$800,3,,,Porto Alegre
3929,21/08/23,Maria Souza,F,Monitor,R$800,3,360,,Belo Horizonte
3930,03/09/24,Ana Clara,MASCULINO,Cadeira,120,3,3600,0h 0m,Rio de Janeiro
3931,21/02/23,Ana Clara,M,Cadeira,R$120,1,1200,2h 26m,Curitiba
3932,13-02-2023,,Feminino,Cadeira,"R$ 120,00",1,1200,,Curitiba
3933,2023-08-10, João Silva ,F,Cadeira,"R$ 50,00",1,,85m,Rio de Janeiro
3934,27-02-2023, João Silva ,f,Mouse,R$3500,2,100,,Curitiba
3935,14/08/23,,MASCULINO,Mouse,120,3,,144m,São Paulo
3936,22-06-2023,Maria Souza,,Cadeira,"R$ 120,00",1,800,,Curitiba
3937,20/07/24,Carlos Lima,m,Teclado,"R$ 3.500,00",2,2356,3h 33m,Rio de Janeiro
3938,20-01-2023,Ana Clara,Masculino,Teclado,R$50,2,240,2h 10m,Porto Alegre
3939,03/04/23,,Feminino,Teclado,3500,2,1600,177m,Porto Alegre
3940,2024-08-02, João Silva ,Feminino,Mouse,3500,3,3598,1h 1m,Belo Horizonte
3941,2023/04/01, João Silva ,MASCULINO,Cadeira,"R$ 50,00",3,,176m,Rio de Janeiro
3942,14-09-2023, João Silva ,m,Teclado,R$120,3,2400,172m,São Paulo
3943,2023-10-11,,F,Monitor,R$800,2,223,1:11:55,Belo Horizonte
3944,02-04-2023,Carlos Lima,Masculino,Notebook,50,2,,127m,Rio de Janeiro
3945,01-08-2024,Carlos Lima,m,Mouse,R$50,1,,1h 40m,Belo Horizonte
3946,18/03/24,Carlos Lima,,Mouse,R$3500,2,1628,2:26:27,São Paulo
3947,10/11/23,Carlos Lima,,Mouse,"R$ 800,00",1,3500,2:22:50,São Paulo
3948,17/04/23,Maria Souza,MASCULINO,Notebook,3500,3,10500,3h 5m,Belo Horizonte
3949,26/10/24,Ana Clara,F,Monitor,"R$ 50,00",3,3600,78m,Rio de Janeiro
3950,09/02/24,Carlos Lima,MASCULINO,Monitor,"R$ 800,00",2,,13m,Belo Horizonte
3951,01/12/23,Carlos Lima,m,Monitor,R$1200,3,,2:05:05,Porto Alegre
3952,2024-03-15,Carlos Lima,MASCULINO,Cadeira,"R$ 120,00",3,150,159m,São Paulo
3953,2023/01/16,Carlos Lima,F,Teclado,50,1,3500,0:50:17,Porto Alegre
3954,07/11/23, João Silva ,Masculino,Mouse,800,3,10500,3h 31m,Porto Alegre
3955,03-01-2024,Maria Souza,MASCULINO,Monitor,120,2,240,1:34:26,Curitiba
3956,2023/03/06,,F,Mouse,R$50,2,,2h 5m,Curitiba
3957,28/03/24,,M,Notebook,3500,2,,0h 30m,Belo Horizonte
3958,07-11-2024, Pedro Alves ,f,Teclado,"R$ 120,00",1,1200,,Curitiba
3959,2024/08/16, Pedro Alves ,MASCULINO,Teclado,800,3,3600,,Curitiba
3960,27-11-2023,Maria Souza,m,Cadeira,"R$ 3.500,00",1,800,1:00:20,Rio de Janeiro
3961,16/12/24,Maria Souza,m,Cadeira,120,2,240,,Curitiba
3962,21/07/23,Ana Clara,M,Cadeira,"R$ 800,00",3,400,,Porto Alegre
3963,2023/06/03, João Silva ,f,Monitor,R$50,3,360,2:56:08,Belo Horizonte
3964,22/06/24, Pedro Alves ,f,Cadeira,800,3,123,143m,Porto Alegre
3965,2024/12/14, João Silva ,M,Teclado,50,1,800,1h 33m,Porto Alegre
3966,2023/07/16,Maria Souza,,Monitor,R$50,3,3600,,Rio de Janeiro
3967,24/10/23,Ana Clara,m,Notebook,"R$ 120,00",1,800,0:57:31,São Paulo
3968,2023-12-25,Carlos Lima,,Mouse,R$120,2,,105m,Rio de Janeiro
3969,2024/02/23,Ana Clara,M,Cadeira,"R$ 3.500,00",3,3600,92m,Rio de Janeiro
3970,05-09-2023,Maria Souza,F,Cadeira,800,3,360,2h 40m,Porto Alegre
3971,11/01/23,,Feminino,Cadeira,R$1200,1,3500,16m,Porto Alegre
3972,13-07-2023, João Silva ,M,Notebook,120,1,800,169m,Belo Horizonte
3973,2024/08/21, João Silva ,Feminino,Teclado,R$3500,2,240,100m,Curitiba
3974,13-03-2023,Maria Souza,m,Monitor,800,2,100,87m,Rio de Janeiro
3975,2024-12-23,Maria Souza,M,Mouse,"R$ 800,00",1,33,2:06:35,Belo Horizonte
3976,06-07-2024,Maria Souza,Feminino,Cadeira,120,2,1600,0:52:07,Porto Alegre
3977,01/07/24,Ana Clara,,Notebook,120,1,1200,2h 59m,Belo Horizonte
3978,2023-01-24,Maria Souza,f,Monitor,R$3500,2,2400,2h 4m,Belo Horizonte
3979,2023/02/17,Carlos Lima,Masculino,Mouse,120,3,3600,,São Paulo
3980,2023/11/26,,MASCULINO,Notebook,"R$ 3.500,00",3,374,0:02:07,Belo Horizonte
3981,14-07-2023,Carlos Lima,,Monitor,"R$ 3.500,00",3,2400,81m,Curitiba
3982,18-03-2024, João Silva ,Feminino,Monitor,"R$ 3.500,00",2,2400,,Curitiba
3983,2024-10-11, João Silva ,M,Notebook,R$1200,1,,1:21:00,Rio de Janeiro
3984,04/12/23,,Masculino,Monitor,R$3500,3,,0:07:10,Curitiba
3985,19-09-2024,,Masculino,Cadeira,R$800,1,,92m,Belo Horizonte
3986,16-08-2024,Ana Clara,Masculino,Notebook,"R$ 120,00",3,360,1:54:07,Belo Horizonte
3987,2023/06/04, Pedro Alves ,m,Cadeira,"R$ 120,00",3,2363,,Belo Horizonte
3988,26-12-2023, João Silva ,m,Notebook,R$1200,2,,24m,Rio de Janeiro
3989,2023/08/19,Maria Souza,M,Cadeira,120,3,2415,,Porto Alegre
3990,10/11/24,,MASCULINO,Notebook,"R$ 50,00",1,,168m,Curitiba
3991,28/11/24,Carlos Lima,F,Teclado,50,3,,0:13:51,Belo Horizonte
3992,20/08/23,Maria Souza,Feminino,Monitor,50,1,50,,Belo Horizonte
3993,07-09-2024,Maria Souza,m,Monitor,R$800,1,,2h 17m,São Paulo
3994,2024/05/22,Maria Souza,,Teclado,"R$ 50,00",3,,3h 15m,Rio de Janeiro
3995,2023-01-22,Ana Clara,,Monitor,"R$ 800,00",2,7000,18m,Curitiba
3996,2024/02/16,Ana Clara,,Monitor,1200,1,50,,Porto Alegre
3997,19-02-2023, Pedro Alves ,Masculino,Cadeira,R$120,2,240,1:55:03,Porto Alegre
3998,2024-07-17,,M,Notebook,R$1200,2,7000,,São Paulo
3999,20/07/23, Pedro Alves ,M,Mouse,R$800,2,240,1:40:33,São Paulo
4000,2024-08-15,Maria Souza,MASCULINO,Mouse,"R$ 3.500,00",2,,1:23:22,Porto Alegre
4001,23-08-2023, João Silva ,F,Mouse,R$3500,1,3500,,Porto Alegre
4002,05-04-2023,,Masculino,Mouse,"R$ 1.200,00",1,120,0:04:44,Belo Horizonte
4003,28/07/23, Pedro Alves ,f,Monitor,"R$ 50,00",3,2400,,Belo Horizonte
4004,06/10/23,,M,Notebook,"R$ 1.200,00",1,1212,145m,Rio de Janeiro
4005,2024/03/08,Maria Souza,F,Notebook,R$3500,3,150,0:05:34,Rio de Janeiro
4006,15-06-2024,Carlos Lima,Masculino,Teclado,50,2,2400,1h 4m,Belo Horizonte
4007,15-10-2023,,m,Monitor,R$120,2,,1h 24m,Porto Alegre
4008,2023-12-11,Carlos Lima,F,Cadeira,50,3,360,,Rio de Janeiro
4009,2023/04/24,,f,Notebook,"R$ 50,00",1,1200,2h 54m,Belo Horizonte
4010,2023-06-17,,MASCULINO,Notebook,1200,1,,1:32:54,Porto Alegre
4011,2024-07-20, Pedro Alves ,Feminino,Teclado,R$1200,1,3500,,Rio de Janeiro
4012,17-09-2024,Carlos Lima,f,Notebook,"R$ 1.200,00",3,2400,101m,Porto Alegre
4013,2023-10-06,Ana Clara,F,Notebook,"R$ 1.200,00",1,120,155m,Porto Alegre
4014,2023-09-28, João Silva ,MASCULINO,Mouse,120,1,3500,121m,Rio de Janeiro
4015,2024/11/15,Carlos Lima,Masculino,Teclado,50,2,7000,2h 18m,Curitiba
4016,2023-10-14,Maria Souza,,Notebook,"R$ 800,00",2,1600,,São Paulo
4017,01/09/24, João Silva ,M,Monitor,"R$ 50,00",2,,1h 20m,Porto Alegre
4018,23/11/23, Pedro Alves ,f,Teclado,R$800,3,2400,39m,Curitiba
4019,2024-03-06,Carlos Lima,f,Cadeira,3500,2,2447,1:34:45,Belo Horizonte
4020,2023-04-19,,Feminino,Mouse,R$1200,1,1200,,Curitiba
4021,2023-10-06,,Feminino,Cadeira,3500,1,3500,,São Paulo
4022,2024/04/11,Maria Souza,M,Cadeira,R$1200,1,3500,0h 39m,Curitiba
4023,18-06-2023,Carlos Lima,F,Teclado,"R$ 1.200,00",2,240,0:45:31,Rio de Janeiro
4024,14/06/24, João Silva ,F,Cadeira,R$3500,2,,1:59:46,Porto Alegre
4025,2023-06-18, Pedro Alves ,MASCULINO,Notebook,"R$ 3.500,00",2,,0:39:52,Curitiba
4026,2023/03/10,Maria Souza,f,Notebook,R$3500,2,240,0:47:19,Curitiba
4027,10/03/24,Ana Clara,,Notebook,800,2,,,São Paulo
4028,17-05-2024, Pedro Alves ,Masculino,Mouse,120,2,7000,1h 30m,Porto Alegre
4029,2024-06-23,,F,Teclado,1200,3,10515,0:23:31,Porto Alegre
4030,2024-11-12,,,Monitor,R$50,2,240,1:07:52,Belo Horizonte
4031,2023-06-08, João Silva ,F,Teclado,120,1,120,49m,Curitiba
4032,10/01/24,Ana Clara,MASCULINO,Notebook,R$50,1,1200,1:24:51,São Paulo
4033,2024-11-22,Carlos Lima,Feminino,Mouse,"R$ 800,00",3,2395,0:29:30,Porto Alegre
4034,2024/06/01,Ana Clara,M,Teclado,800,2,100,3h 36m,Curitiba
4035,2023-01-10, Pedro Alves ,,Notebook,"R$ 1.200,00",2,7000,,Belo Horizonte
4036,2023/06/11,Ana Clara,F,Monitor,R$800,2,,2:53:03,Curitiba
4037,09-10-2024,Maria Souza,,Mouse,800,1,50,1h 40m,Curitiba
4038,03/01/23,Carlos Lima,F,Monitor,50,2,7000,108m,Curitiba
4039,2023-06-24, Pedro Alves ,Masculino,Mouse,800,1,1200,43m,São Paulo
4040,2024-12-15,,F,Mouse,120,2,,178m,Rio de Janeiro
4041,18/10/24, João Silva ,MASCULINO,Mouse,R$120,2,287,1h 53m,Porto Alegre
4042,2023-05-15,Maria Souza,M,Teclado,R$50,3,,0:05:37,Curitiba
4043,24/04/23, Pedro Alves ,,Monitor,"R$ 50,00",1,1176,108m,Rio de Janeiro
4044,2023/04/12, Pedro Alves ,M,Monitor,"R$ 120,00",2,1600,107m,Curitiba
4045,06/08/23,,MASCULINO,Teclado,R$1200,1,50,,Curitiba
4046,2024/10/20,Ana Clara,m,Teclado,R$50,2,,,Rio de Janeiro
4047,09/06/24, João Silva ,F,Notebook,"R$ 1.200,00",3,3600,1:56:14,Rio de Janeiro
4048,2023-03-27,Carlos Lima,M,Monitor,"R$ 1.200,00",1,800,1:34:44,Porto Alegre
4049,13/08/23, João Silva ,,Monitor,"R$ 50,00",1,,174m,Rio de Janeiro
4050,2023/10/14,,M,Cadeira,"R$ 50,00",3,150,1h 48m,São Paulo
4051,2023/04/20,Carlos Lima,M,Monitor,"R$ 120,00",1,821,,São Paulo
4052,24-09-2024, Pedro Alves ,m,Monitor,"R$ 50,00",3,10500,0:46:07,Rio de Janeiro
4053,02/11/23, Pedro Alves ,m,Mouse,50,3,2400,1:50:00,Porto Alegre
4054,02-11-2023,Carlos Lima,F,Mouse,"R$ 800,00",1,50,90m,Belo Horizonte
4055,03/04/24,Maria Souza,Masculino,Monitor,50,3,2400,174m,Belo Horizonte
4056,2024/09/13,Carlos Lima,MASCULINO,Cadeira,"R$ 800,00",1,120,1h 20m,Porto Alegre
4057,07/02/24,Ana Clara,f,Mouse,R$120,2,7000,1:07:48,Rio de Janeiro
4058,23-11-2023,Ana Clara,F,Teclado,R$50,2,,88m,Rio de Janeiro
4059,2024/09/02,,Masculino,Monitor,R$50,2,7000,,Rio de Janeiro
4060,2023-02-19,Ana Clara,Masculino,Teclado,120,2,1600,154m,Porto Alegre
4061,2024-12-11, Pedro Alves ,Feminino,Cadeira,"R$ 120,00",3,360,1:39:19,Porto Alegre
4062,03-01-2023,Carlos Lima,f,Cadeira,"R$ 1.200,00",1,801,113m,São Paulo
4063,27-05-2024,Maria Souza,F,Teclado,1200,2,,161m,Belo Horizonte
4064,12/03/24, Pedro Alves ,F,Teclado,800,2,7000,,Belo Horizonte
4065,14-05-2024,Carlos Lima,M,Mouse,"R$ 1.200,00",2,7000,43m,Curitiba
4066,2024/10/06,Ana Clara,m,Cadeira,1200,3,150,167m,Porto Alegre
4067,2024-03-21,Carlos Lima,MASCULINO,Teclado,120,3,,0:50:20,Curitiba
4068,20-07-2023,Maria Souza,f,Mouse,"R$ 50,00",1,119,2:19:33,Belo Horizonte
4069,2024-07-10,Maria Souza,Masculino,Teclado,800,3,2400,0:50:25,São Paulo
4070,20/11/24,,M,Cadeira,"R$ 3.500,00",3,,,Curitiba
4071,2023-09-11, João Silva ,M,Monitor,"R$ 120,00",3,2400,91m,Rio de Janeiro
4072,2023-11-20,,Feminino,Mouse,"R$ 120,00",1,800,138m,Porto Alegre
4073,23-01-2024,Maria Souza,Feminino,Monitor,"R$ 800,00",3,2400,,São Paulo
4074,2023-11-12,Carlos Lima,m,Teclado,R$800,3,2400,154m,Belo Horizonte
4075,02-10-2023,Carlos Lima,M,Teclado,3500,2,240,1h 39m,Curitiba
4076,2023/09/07, Pedro Alves ,m,Cadeira,R$1200,3,379,3h 48m,São Paulo
4077,23-07-2024, Pedro Alves ,Masculino,Mouse,"R$ 50,00",2,1600,1h 30m,São Paulo
4078,21-08-2023,Carlos Lima,M,Cadeira,1200,3,102,2h 30m,Porto Alegre
4079,2023-09-02,Ana Clara,,Teclado,R$3500,2,2400,150m,São Paulo
4080,2024/08/24, João Silva ,f,Notebook,R$1200,3,3611,0:09:02,Curitiba
4081,2023/09/05, Pedro Alves ,MASCULINO,Monitor,R$3500,1,62,,Belo Horizonte
4082,05/11/24,Carlos Lima,F,Mouse,"R$ 1.200,00",2,1600,131m,Belo Horizonte
4083,2023-04-13,Carlos Lima,m,Notebook,1200,2,270,,Rio de Janeiro
4084,2023-03-13,Carlos Lima,m,Mouse,120,2,100,3h 25m,Belo Horizonte
4085,13/12/24,,F,Cadeira,"R$ 800,00",3,,10m,Belo Horizonte
4086,2024/08/13,,F,Notebook,R$1200,1,1200,133m,Porto Alegre
4087,2023-12-06, Pedro Alves ,MASCULINO,Monitor,R$1200,1,120,3h 20m,Curitiba
4088,17-09-2024,Maria Souza,,Mouse,3500,1,800,28m,Rio de Janeiro
4089,2023/09/13,Maria Souza,Masculino,Monitor,R$3500,1,800,142m,Curitiba
4090,14/06/23,Maria Souza,f,Teclado,120,1,3500,3h 11m,Curitiba
4091,2023/07/08,,M,Teclado,"R$ 3.500,00",3,2400,23m,Curitiba
4092,2024-02-03,Carlos Lima,,Notebook,R$120,3,360,0:45:40,Rio de Janeiro
4093,24-08-2024,Carlos Lima,MASCULINO,Teclado,"R$ 50,00",1,1200,84m,Belo Horizonte
4094,21/07/24, Pedro Alves ,f,Notebook,R$3500,1,50,1h 39m,Belo Horizonte
4095,2023/04/05, Pedro Alves ,Masculino,Mouse,"R$ 3.500,00",1,3470,,Belo Horizonte
4096,24-01-2023,Carlos Lima,Masculino,Mouse,R$800,1,96,0:42:17,Porto Alegre
4097,2023-02-07, João Silva ,MASCULINO,Teclado,R$800,1,3500,158m,São Paulo
4098,24-09-2023,Maria Souza,f,Notebook,50,1,800,98m,Curitiba
4099,2023-05-20,Maria Souza,f,Mouse,R$800,3,360,1h 19m,Belo Horizonte
4100,2024-02-01, Pedro Alves ,Feminino,Monitor,R$120,2,57,60m,Belo Horizonte
4101,01-11-2023,Carlos Lima,F,Teclado,120,3,10540,141m,São Paulo
4102,2024/03/14,,f,Cadeira,800,1,120,169m,Rio de Janeiro
4103,2024-10-12,,M,Cadeira,"R$ 50,00",1,,61m,Rio de Janeiro
4104,05/12/23, João Silva ,Masculino,Teclado,"R$ 50,00",2,100,3h 16m,Belo Horizonte
4105,2024-10-25,Ana Clara,f,Mouse,R$800,3,2400,0:07:50,Rio de Janeiro
4106,2024-01-15,Maria Souza,m,Cadeira,"R$ 800,00",3,10529,,Curitiba
4107,2023/12/27,Ana Clara,Feminino,Mouse,"R$ 3.500,00",1,11,1h 2m,Porto Alegre
4108,2023-01-02,Maria Souza,f,Cadeira,120,3,2400,144m,Rio de Janeiro
4109,2024/08/19,,m,Mouse,800,2,240,2:58:14,São Paulo
4110,23-03-2024,Carlos Lima,m,Notebook,R$50,3,3600,2:14:55,Porto Alegre
4111,24-04-2024,Ana Clara,MASCULINO,Teclado,50,2,100,2:13:08,São Paulo
4112,2023/07/07, João Silva ,f,Mouse,"R$ 50,00",2,,1h 17m,Curitiba
4113,2023-06-11,,,Monitor,"R$ 50,00",1,120,3h 48m,Belo Horizonte
4114,15/05/24,Maria Souza,M,Cadeira,3500,3,3600,1h 40m,Porto Alegre
4115,2023-03-28,Maria Souza,MASCULINO,Monitor,R$120,1,50,156m,Porto Alegre
4116,2023/08/23,,f,Mouse,3500,1,3500,56m,Rio de Janeiro
4117,2024-08-25, Pedro Alves ,Feminino,Monitor,R$50,2,,0:58:25,Rio de Janeiro
4118,2024/09/16,Maria Souza,f,Mouse,3500,1,800,,Curitiba
4119,25/03/23, Pedro Alves ,f,Teclado,R$3500,2,145,3h 25m,São Paulo
4120,16/01/23,Maria Souza,F,Monitor,"R$ 50,00",1,800,110m,Curitiba
4121,14-11-2024,Maria Souza,F,Cadeira,R$120,1,800,0:17:01,São Paulo
4122,2023/06/03, João Silva ,F,Notebook,"R$ 3.500,00",3,,,Porto Alegre
4123,10-09-2023,Maria Souza,Feminino,Teclado,R$1200,3,150,177m,Rio de Janeiro
4124,16/08/23,Maria Souza,f,Monitor,50,1,,,São Paulo
4125,18-12-2024,,,Notebook,"R$ 3.500,00",1,1216,,Belo Horizonte
4126,2023-07-17, Pedro Alves ,F,Mouse,"R$ 50,00",2,1600,2:45:11,Belo Horizonte
4127,15-06-2024,Maria Souza,f,Monitor,R$3500,2,,,Curitiba
4128,02/12/24, Pedro Alves ,Feminino,Monitor,"R$ 3.500,00",1,,0:21:59,Rio de Janeiro
4129,08-09-2024,Ana Clara,Masculino,Teclado,R$1200,2,100,1:59:30,Curitiba
4130,2024-11-21,Maria Souza,F,Monitor,50,1,800,0h 20m,Porto Alegre
4131,2024-11-16,Ana Clara,M,Teclado,R$3500,3,150,,Belo Horizonte
4132,2023-09-10,,,Teclado,50,1,1200,,Belo Horizonte
4133,19-07-2024,Carlos Lima,Masculino,Mouse,120,1,,1:01:12,São Paulo
4134,19/07/23,,,Mouse,120,2,1585,23m,Belo Horizonte
4135,2023-05-08, Pedro Alves ,,Teclado,120,3,,,São Paulo
4136,02-03-2023, Pedro Alves ,MASCULINO,Mouse,"R$ 800,00",1,,62m,Belo Horizonte
4137,25-05-2024,Carlos Lima,f,Notebook,800,2,2416,2h 58m,Porto Alegre
4138,02-06-2024, João Silva ,Masculino,Teclado,R$50,2,1600,170m,Belo Horizonte
4139,2024/07/07,Maria Souza,M,Mouse,120,3,365,3h 28m,Rio de Janeiro
4140,2023-04-19,Maria Souza,Feminino,Mouse,3500,1,800,158m,Rio de Janeiro
4141,2023-02-06,Ana Clara,MASCULINO,Cadeira,R$3500,2,1600,,Belo Horizonte
4142,2023-04-10,Carlos Lima,Masculino,Cadeira,800,3,10500,23m,Rio de Janeiro
4143,15/10/24, Pedro Alves ,MASCULINO,Teclado,50,3,,2:14:10,São Paulo
4144,19/11/23,Maria Souza,MASCULINO,Cadeira,R$50,1,,103m,Belo Horizonte
4145,08/02/24, Pedro Alves ,Feminino,Mouse,"R$ 1.200,00",1,,2h 27m,São Paulo
4146,2023-11-26,,F,Mouse,1200,2,,0:36:43,Porto Alegre
4147,2023/05/24,Maria Souza,F,Notebook,50,1,800,,Porto Alegre
4148,23/08/24,Ana Clara,F,Cadeira,"R$ 1.200,00",3,,147m,Rio de Janeiro
4149,2023/01/11,Maria Souza,M,Mouse,R$800,1,50,3h 35m,Curitiba
4150,2023/06/28,,M,Teclado,R$1200,3,2400,62m,Rio de Janeiro
4151,22/04/23,,m,Mouse,"R$ 50,00",2,7000,0:03:17,Belo Horizonte
4152,16/10/24,Carlos Lima,MASCULINO,Monitor,"R$ 50,00",3,,,Curitiba
4153,23-06-2024,,F,Notebook,"R$ 800,00",3,150,131m,Belo Horizonte
4154,2024/10/07,Ana Clara,MASCULINO,Teclado,120,3,360,2:37:07,Rio de Janeiro
4155,06-05-2023, João Silva ,M,Mouse,800,2,100,1h 12m,Rio de Janeiro
4156,2024-10-24, João Silva ,,Cadeira,R$3500,1,74,1:15:33,Curitiba
4157,2023/02/06, João Silva ,m,Cadeira,"R$ 3.500,00",2,7000,1:22:31,Porto Alegre
4158,16/03/24, João Silva ,Masculino,Teclado,1200,3,360,0h 38m,Belo Horizonte
4159,2024-03-13,Carlos Lima,,Mouse,50,2,,1:04:37,São Paulo
4160,2024-03-25,Carlos Lima,f,Cadeira,120,2,1600,3h 50m,Rio de Janeiro
4161,2024-04-15,Maria Souza,Feminino,Cadeira,800,3,360,3h 33m,Porto Alegre
4162,14-09-2024, Pedro Alves ,M,Notebook,1200,1,3500,135m,Rio de Janeiro
4163,19/04/24,Ana Clara,Feminino,Notebook,1200,2,7000,115m,Curitiba
4164,2023/06/19,Maria Souza,F,Teclado,R$800,1,1200,99m,Porto Alegre
4165,04-09-2023, Pedro Alves ,M,Monitor,800,3,360,,Belo Horizonte
4166,10/08/24, João Silva ,Masculino,Notebook,1200,1,120,0:35:41,Curitiba
4167,2023/04/08,Ana Clara,MASCULINO,Monitor,120,2,240,,São Paulo
4168,2024-12-01,Ana Clara,M,Teclado,800,1,120,0:21:38,Porto Alegre
4169,2024-09-25, Pedro Alves ,F,Cadeira,R$50,2,2400,77m,Porto Alegre
4170,2024/04/10,Maria Souza,f,Notebook,120,1,800,0h 45m,São Paulo
4171,2023/07/16, Pedro Alves ,F,Notebook,50,3,,1h 40m,São Paulo
4172,2023/12/22, João Silva ,f,Mouse,3500,3,10500,,Belo Horizonte
4173,2024/04/10, João Silva ,m,Notebook,"R$ 120,00",2,1575,19m,Rio de Janeiro
4174,2024/11/18,Maria Souza,F,Cadeira,120,3,360,1:52:31,Curitiba
4175,01/07/23,Ana Clara,F,Mouse,3500,2,,,Rio de Janeiro
4176,11/12/24, Pedro Alves ,,Cadeira,1200,2,1600,2h 52m,Belo Horizonte
4177,2024/12/02,Maria Souza,Masculino,Cadeira,1200,1,1200,2:16:56,São Paulo
4178,2024-11-26,Carlos Lima,,Notebook,R$50,1,800,2h 0m,Rio de Janeiro
4179,2024/08/08,Carlos Lima,F,Notebook,50,3,353,2:15:03,Rio de Janeiro
4180,2023-10-06,Carlos Lima,Masculino,Teclado,R$800,1,3450,1:30:27,Porto Alegre
4181,2024-01-20,Ana Clara,,Cadeira,1200,2,1600,1h 34m,São Paulo
4182,28/08/24, Pedro Alves ,M,Notebook,120,2,233,,São Paulo
4183,2023/08/24, Pedro Alves ,M,Cadeira,R$800,1,,0:00:13,Porto Alegre
4184,2023/01/13,Ana Clara,,Cadeira,120,3,10547,1:39:19,Porto Alegre
4185,2024/10/16,Maria Souza,F,Cadeira,R$1200,2,2400,1h 28m,Rio de Janeiro
4186,02-04-2023, Pedro Alves ,f,Notebook,R$3500,1,50,1:23:27,Curitiba
4187,03/11/23,Ana Clara,MASCULINO,Mouse,800,1,800,3h 40m,Rio de Janeiro
4188,03-01-2024,Maria Souza,m,Notebook,"R$ 50,00",1,3500,,Belo Horizonte
4189,2024-04-15, João Silva ,Masculino,Notebook,R$800,3,150,,Rio de Janeiro
4190,2024/09/16,Ana Clara,Masculino,Cadeira,"R$ 1.200,00",1,1158,1h 19m,Rio de Janeiro
4191,22/08/24, Pedro Alves ,f,Mouse,"R$ 50,00",2,101,0:33:04,Curitiba
4192,22/07/24,,M,Teclado,1200,3,150,1:08:20,Belo Horizonte
4193,11-03-2024,Carlos Lima,f,Notebook,R$120,2,7000,,Belo Horizonte
4194,03/05/24,Ana Clara,M,Monitor,50,3,,1h 58m,Curitiba
4195,2024-02-16,,m,Notebook,R$120,2,235,112m,Rio de Janeiro
4196,03/07/23,,Masculino,Monitor,50,2,150,55m,Curitiba
4197,12/03/24,Maria Souza,Masculino,Teclado,R$3500,1,120,1:11:54,São Paulo
4198,07/10/23,Carlos Lima,,Cadeira,R$50,2,2400,3h 44m,Curitiba
4199,2023/02/12,,m,Teclado,50,2,,2h 42m,Porto Alegre
4200,2023/03/16,,Masculino,Monitor,"R$ 1.200,00",1,3500,,Rio de Janeiro
4201,07-02-2024,,,Notebook,120,1,1216,109m,Curitiba
4202,22/10/24,Ana Clara,,Mouse,"R$ 120,00",3,10500,,São Paulo
4203,2023-02-19, João Silva ,Feminino,Teclado,800,2,1607,,Curitiba
4204,2023-05-15, Pedro Alves ,f,Mouse,R$120,3,2400,3h 47m,Porto Alegre
4205,2023-02-16,Ana Clara,,Mouse,"R$ 1.200,00",1,3500,3h 24m,São Paulo
4206,16-02-2024,Carlos Lima,,Cadeira,50,3,150,1h 35m,Rio de Janeiro
4207,07/02/24,,M,Monitor,R$3500,2,7000,31m,Belo Horizonte
4208,2023-09-26, João Silva ,F,Monitor,1200,2,,134m,Rio de Janeiro
4209,2024-02-27,Ana Clara,M,Monitor,"R$ 120,00",3,3600,,Porto Alegre
4210,04/06/24, Pedro Alves ,Feminino,Monitor,"R$ 120,00",2,100,1h 5m,Curitiba
4211,05-07-2023,Carlos Lima,Feminino,Notebook,R$50,2,100,37m,Belo Horizonte
4212,16/12/23,Carlos Lima,Feminino,Notebook,800,3,,,Curitiba
4213,2024-02-23, João Silva ,,Mouse,"R$ 1.200,00",3,2423,0h 17m,Belo Horizonte
4214,22/11/24,,m,Cadeira,"R$ 1.200,00",2,7000,,São Paulo
4215,09-06-2024,Maria Souza,f,Monitor,R$120,1,3500,0:50:32,Curitiba
4216,2023/03/06, Pedro Alves ,F,Teclado,"R$ 120,00",2,7000,0:21:14,Porto Alegre
4217,28/02/24,,M,Mouse,"R$ 50,00",2,240,1h 55m,Belo Horizonte
4218,25-07-2023,,M,Cadeira,R$3500,3,150,0h 35m,Curitiba
4219,24-01-2023,,m,Cadeira,"R$ 1.200,00",2,100,,Porto Alegre
4220,2024/08/27, João Silva ,Masculino,Monitor,R$3500,1,3500,2:54:22,Belo Horizonte
4221,2024/02/07, Pedro Alves ,m,Notebook,800,1,50,0:53:25,Curitiba
4222,26-01-2024, João Silva ,F,Monitor,3500,1,800,11m,São Paulo
4223,15-04-2024,Maria Souza,f,Monitor,R$1200,1,3500,,São Paulo
4224,2024/03/18,Carlos Lima,F,Teclado,R$800,2,,14m,São Paulo
4225,16-04-2024, João Silva ,f,Monitor,R$1200,1,1200,1h 21m,Curitiba
4226,21-06-2023,Maria Souza,MASCULINO,Monitor,"R$ 1.200,00",1,1205,68m,Curitiba
4227,26-02-2024,,m,Cadeira,800,1,3500,3h 11m,Porto Alegre
4228,2024/06/27,,F,Cadeira,120,3,,2h 45m,Porto Alegre
4229,2024/01/05, Pedro Alves ,Masculino,Cadeira,"R$ 3.500,00",1,120,2:05:26,São Paulo
4230,2023/11/28,,,Notebook,"R$ 50,00",3,119,,Curitiba
4231,04/05/23,Ana Clara,f,Cadeira,R$120,3,,0h 32m,Curitiba
4232,2024-06-17,Carlos Lima,Masculino,Teclado,R$800,2,,,Curitiba
4233,2023/07/26, Pedro Alves ,M,Mouse,120,3,360,2:36:08,Curitiba
4234,17-06-2024, João Silva ,,Notebook,R$50,1,800,2:53:44,Rio de Janeiro
4235,05/05/23, João Silva ,Feminino,Mouse,"R$ 3.500,00",1,1200,0h 32m,Belo Horizonte
4236,13/01/24, Pedro Alves ,MASCULINO,Mouse,R$800,2,7000,3h 7m,São Paulo
4237,26-05-2023,,m,Mouse,R$1200,1,120,,Belo Horizonte
4238,2024-12-10, João Silva ,M,Notebook,R$120,3,,2h 22m,Curitiba
4239,2023-09-12, João Silva ,Masculino,Monitor,1200,2,,1:20:48,Rio de Janeiro
4240,28/07/23, João Silva ,f,Notebook,R$1200,1,,128m,Porto Alegre
4241,21-05-2024,Carlos Lima,F,Mouse,120,2,,,Porto Alegre
4242,2024-09-22,Carlos Lima,m,Teclado,"R$ 120,00",3,124,,Belo Horizonte
4243,2024-11-16,Ana Clara,,Monitor,"R$ 1.200,00",3,10500,154m,Porto Alegre
4244,23/11/23,Carlos Lima,MASCULINO,Notebook,R$120,2,,2:57:00,Porto Alegre
4245,06-10-2023, Pedro Alves ,MASCULINO,Cadeira,120,3,150,1:57:39,Curitiba
4246,2023-11-26,Carlos Lima,F,Monitor,50,2,255,1:29:27,Belo Horizonte
4247,2024-10-19, João Silva ,M,Mouse,120,1,3500,146m,São Paulo
4248,08-10-2024, João Silva ,M,Teclado,120,1,800,1:13:20,São Paulo
4249,17/12/23,,Feminino,Mouse,3500,1,120,,Porto Alegre
4250,20/03/23,,F,Teclado,"R$ 3.500,00",1,120,1h 34m,São Paulo
4251,01/04/24,Carlos Lima,Masculino,Monitor,R$50,3,360,1:26:43,Curitiba
4252,2024/11/05,Maria Souza,,Notebook,"R$ 120,00",3,2400,2:10:03,São Paulo
4253,2023/06/21, João Silva ,F,Notebook,R$120,1,120,0h 22m,Porto Alegre
4254,2024/12/05,Carlos Lima,MASCULINO,Notebook,50,3,3600,30m,Belo Horizonte
4255,2024-12-10,Carlos Lima,F,Mouse,"R$ 120,00",3,360,3h 28m,Porto Alegre
4256,12-08-2024,Ana Clara,m,Notebook,800,1,800,104m,Belo Horizonte
4257,27/07/23,Maria Souza,,Teclado,R$1200,1,1200,177m,Rio de Janeiro
4258,2024-10-04, Pedro Alves ,Feminino,Monitor,3500,1,800,,São Paulo
4259,2024/08/04,Maria Souza,m,Monitor,3500,2,1600,,Belo Horizonte
4260,2024-05-28, Pedro Alves ,MASCULINO,Monitor,"R$ 50,00",1,1200,0h 40m,Curitiba
4261,06/08/24,Maria Souza,f,Cadeira,800,3,10500,3h 5m,São Paulo
4262,2023-12-10,Ana Clara,f,Cadeira,R$1200,3,360,75m,Belo Horizonte
4263,24/02/23,Ana Clara,M,Monitor,"R$ 1.200,00",2,7000,2h 56m,Curitiba
4264,15/07/23, João Silva ,M,Mouse,"R$ 120,00",1,1200,,Curitiba
4265,26-12-2024,Maria Souza,M,Cadeira,R$120,1,50,2:10:51,Rio de Janeiro
4266,10/12/24, Pedro Alves ,,Monitor,R$50,1,3500,,Belo Horizonte
4267,2024/04/10,Ana Clara,Feminino,Teclado,R$1200,3,360,,São Paulo
4268,12/02/24, João Silva ,M,Notebook,120,3,360,108m,Rio de Janeiro
4269,2023/10/27, João Silva ,m,Teclado,120,1,,,Belo Horizonte
4270,19-04-2023, João Silva ,,Cadeira,1200,2,,131m,São Paulo
4271,2023-01-18,Ana Clara,f,Monitor,3500,2,,94m,Rio de Janeiro
4272,01-07-2023,,f,Monitor,R$3500,2,,2h 42m,Porto Alegre
4273,21-06-2023,Ana Clara,m,Mouse,"R$ 1.200,00",1,1162,,Rio de Janeiro
4274,25/01/23, Pedro Alves ,Masculino,Mouse,"R$ 50,00",3,,2:51:49,Porto Alegre
4275,2024/06/06,Ana Clara,m,Cadeira,"R$ 120,00",2,7000,0:39:50,Belo Horizonte
4276,2024/10/18, Pedro Alves ,M,Monitor,R$50,2,7000,0:39:34,Rio de Janeiro
4277,2024-03-14,Ana Clara,Feminino,Teclado,R$3500,2,240,170m,Porto Alegre
4278,03/01/24,Ana Clara,,Monitor,R$50,3,2400,2h 7m,Belo Horizonte
4279,10/08/23, Pedro Alves ,Masculino,Mouse,R$800,3,2400,3h 32m,São Paulo
4280,2023-08-08, Pedro Alves ,f,Teclado,3500,2,100,,São Paulo
4281,2023/04/02,,f,Monitor,R$800,2,7000,37m,Porto Alegre
4282,2024-08-07,Carlos Lima,m,Mouse,50,1,120,0:22:10,Curitiba
4283,2024/02/24, Pedro Alves ,Masculino,Cadeira,"R$ 3.500,00",1,3500,2:12:32,São Paulo
4284,2023/02/08,Ana Clara,m,Cadeira,50,2,2400,91m,Porto Alegre
4285,2024/11/10,,Feminino,Notebook,R$120,2,7000,3h 32m,São Paulo
4286,24/05/24,,Masculino,Cadeira,800,1,800,13m,São Paulo
4287,27/08/24,Maria Souza,MASCULINO,Cadeira,R$800,1,63,,São Paulo
4288,11/10/24, João Silva ,M,Monitor,R$50,3,360,121m,Porto Alegre
4289,2024-09-10,,,Mouse,R$3500,3,360,2h 39m,São Paulo
4290,2024/12/13,Ana Clara,f,Cadeira,800,3,150,59m,Porto Alegre
4291,2023/06/08, João Silva ,m,Teclado,"R$ 3.500,00",1,800,117m,Belo Horizonte
4292,2023-01-16,Ana Clara,Masculino,Mouse,"R$ 1.200,00",2,7000,153m,Porto Alegre
4293,2024-06-09,Ana Clara,F,Notebook,800,3,10500,116m,Curitiba
4294,23-03-2024,Ana Clara,F,Teclado,"R$ 1.200,00",3,,111m,Porto Alegre
4295,01-07-2023,Maria Souza,F,Notebook,"R$ 120,00",2,1600,47m,Curitiba
4296,07/08/24, Pedro Alves ,f,Monitor,"R$ 3.500,00",2,1628,0h 44m,São Paulo
4297,2023-10-22,,Masculino,Teclado,"R$ 120,00",3,150,3h 45m,Porto Alegre
4298,22-10-2024, João Silva ,,Mouse,R$50,3,150,3h 46m,Belo Horizonte
4299,2023/08/21,Ana Clara,,Notebook,1200,3,3627,1:09:07,Porto Alegre
4300,2023-11-20,Carlos Lima,M,Cadeira,"R$ 800,00",3,150,85m,Porto Alegre
4301,2024/02/07,Maria Souza,Feminino,Notebook,800,3,150,120m,Rio de Janeiro
4302,2023-10-08, João Silva ,F,Teclado,50,2,,2h 6m,Porto Alegre
4303,2024/04/01,,Feminino,Teclado,R$1200,2,,1h 16m,São Paulo
4304,2023/05/28,,,Cadeira,50,3,2400,,Belo Horizonte
4305,23/01/23, João Silva ,Feminino,Cadeira,R$120,3,3600,120m,Rio de Janeiro
4306,2023-05-26, Pedro Alves ,Masculino,Monitor,800,3,10509,136m,Curitiba
4307,2023-08-09,Carlos Lima,,Monitor,1200,2,100,,Belo Horizonte
4308,2023/08/06,Carlos Lima,M,Mouse,800,3,2392,,Rio de Janeiro
4309,18/05/24,,f,Monitor,R$50,3,3600,1h 2m,Belo Horizonte
4310,2024-12-08,Ana Clara,F,Teclado,120,2,255,,Belo Horizonte
4311,08-05-2024,Carlos Lima,,Notebook,R$50,2,,1h 39m,Rio de Janeiro
4312,2023-10-11, João Silva ,Masculino,Notebook,R$800,2,,,Curitiba
4313,2023/11/08,Ana Clara,f,Teclado,50,2,1600,98m,São Paulo
4314,2023-06-22,Maria Souza,M,Notebook,R$800,3,3600,1:30:12,Porto Alegre
4315,2024-04-07,Ana Clara,m,Cadeira,"R$ 1.200,00",1,120,1:53:48,São Paulo
4316,2024/03/08,Carlos Lima,m,Mouse,800,2,,0:19:51,Porto Alegre
4317,06-09-2024, João Silva ,F,Teclado,R$50,2,,2h 43m,São Paulo
4318,2023-02-12,,MASCULINO,Mouse,3500,3,360,,Rio de Janeiro
4319,04-12-2024, Pedro Alves ,MASCULINO,Monitor,R$3500,1,3500,,Rio de Janeiro
4320,17-09-2023, João Silva ,Feminino,Monitor,R$1200,1,813,,Curitiba
4321,2024-05-21, Pedro Alves ,,Cadeira,1200,1,800,1h 58m,Belo Horizonte
4322,2024/11/20,Maria Souza,m,Notebook,800,3,150,,São Paulo
4323,20/02/23,Ana Clara,Masculino,Mouse,50,2,7000,2h 29m,Rio de Janeiro
4324,21-06-2024,,F,Monitor,R$800,3,,33m,Porto Alegre
4325,2023-10-01,,m,Teclado,50,2,,,São Paulo
4326,03-04-2024,Ana Clara,F,Mouse,"R$ 3.500,00",3,10500,1h 14m,Curitiba
4327,2023/09/04,Carlos Lima,Masculino,Cadeira,"R$ 50,00",3,360,,Porto Alegre
4328,2023-01-12, Pedro Alves ,M,Mouse,R$120,3,,2h 39m,Curitiba
4329,2023-02-20,Maria Souza,M,Cadeira,R$800,3,3600,1:09:28,Porto Alegre
4330,28/12/23,Ana Clara,MASCULINO,Notebook,"R$ 120,00",1,120,3h 39m,Curitiba
4331,2024/04/18, João Silva ,Feminino,Cadeira,120,1,800,171m,Belo Horizonte
4332,2024-04-03,Carlos Lima,Masculino,Notebook,"R$ 120,00",3,10547,,Rio de Janeiro
4333,2024-09-12,Carlos Lima,f,Notebook,R$800,1,161,3h 57m,Curitiba
4334,10/01/24,,m,Mouse,50,1,50,117m,São Paulo
4335,19-05-2023,,f,Teclado,R$120,3,3598,82m,Rio de Janeiro
4336,04-10-2023,Maria Souza,M,Cadeira,800,1,1200,1:06:50,Belo Horizonte
4337,08-08-2023,Carlos Lima,f,Notebook,"R$ 3.500,00",1,1200,,Rio de Janeiro
4338,2024-06-17,Maria Souza,Masculino,Teclado,"R$ 800,00",1,50,0:44:26,Porto Alegre
4339,21-08-2023, João Silva ,F,Teclado,R$120,1,120,180m,Belo Horizonte
4340,2023-04-14,Maria Souza,Masculino,Mouse,R$3500,2,2400,2:23:29,Porto Alegre
4341,2024-02-11,,,Cadeira,R$3500,3,2400,3h 35m,Rio de Janeiro
4342,2023/08/04, João Silva ,MASCULINO,Monitor,50,3,3600,28m,Belo Horizonte
4343,01-12-2024,Maria Souza,,Monitor,R$3500,1,,,Porto Alegre
4344,28/08/23,Maria Souza,F,Monitor,120,2,,,Belo Horizonte
4345,01-03-2023, João Silva ,Masculino,Mouse,"R$ 120,00",1,3500,,São Paulo
4346,10-03-2023, João Silva ,Masculino,Teclado,"R$ 120,00",3,360,0:23:47,Rio de Janeiro
4347,2024-09-21, Pedro Alves ,Masculino,Notebook,"R$ 120,00",3,360,2:57:29,Curitiba
4348,12-04-2023,Carlos Lima,MASCULINO,Teclado,3500,3,360,1:42:27,Curitiba
4349,2023-02-25,Ana Clara,Masculino,Teclado,50,1,3481,2:47:57,São Paulo
4350,18/07/24,Ana Clara,,Mouse,"R$ 120,00",3,3600,0h 58m,Rio de Janeiro
4351,20/03/24,Maria Souza,f,Notebook,R$1200,1,3500,,Rio de Janeiro
4352,2024-07-14,,m,Teclado,"R$ 120,00",2,240,2:34:14,Curitiba
4353,12-11-2023,,MASCULINO,Notebook,"R$ 50,00",2,,1h 22m,São Paulo
4354,2024-04-28,Carlos Lima,F,Notebook,R$50,2,2400,2:21:33,São Paulo
4355,2023/03/10,Carlos Lima,Masculino,Mouse,R$50,1,791,64m,Porto Alegre
4356,28/08/24, João Silva ,M,Notebook,R$800,3,10500,2h 37m,Belo Horizonte
4357,27/03/24,Carlos Lima,M,Notebook,R$120,2,1600,,Porto Alegre
4358,2023/03/16,Ana Clara,F,Teclado,R$800,1,50,0h 20m,São Paulo
4359,2024-06-23, João Silva ,Masculino,Teclado,1200,2,100,0:40:39,Rio de Janeiro
4360,28/09/24,Ana Clara,M,Cadeira,R$3500,2,1600,0:20:40,Curitiba
4361,28-02-2024, Pedro Alves ,f,Monitor,R$50,3,10500,110m,Curitiba
4362,10-04-2023,Ana Clara,f,Cadeira,"R$ 1.200,00",3,150,,Porto Alegre
4363,2024-04-10, João Silva ,m,Teclado,R$3500,2,289,0h 33m,Curitiba
4364,2024-01-16, Pedro Alves ,,Teclado,"R$ 50,00",2,76,0:07:40,São Paulo
4365,2024-12-23,Maria Souza,M,Monitor,R$50,2,7000,92m,Belo Horizonte
4366,2023-03-14,,Feminino,Mouse,1200,1,1200,,Porto Alegre
4367,2023-02-23,Ana Clara,,Mouse,R$800,1,3500,1:08:43,Curitiba
4368,14-12-2024,Maria Souza,Feminino,Monitor,1200,3,360,,São Paulo
4369,05-12-2023, João Silva ,MASCULINO,Teclado,"R$ 120,00",2,281,3h 5m,Belo Horizonte
4370,2023/03/05,,f,Cadeira,R$50,1,81,1:12:36,Rio de Janeiro
4371,17-08-2023, Pedro Alves ,MASCULINO,Mouse,"R$ 3.500,00",2,240,99m,Belo Horizonte
4372,04-06-2023,Carlos Lima,MASCULINO,Mouse,R$1200,3,,84m,Rio de Janeiro
4373,2024/01/22,,,Notebook,"R$ 120,00",3,150,2:13:57,São Paulo
4374,28-04-2024,,Masculino,Teclado,R$3500,1,120,2:39:38,Belo Horizonte
4375,07-01-2023, Pedro Alves ,,Mouse,"R$ 800,00",3,,0:30:19,Curitiba
4376,22/04/24,Maria Souza,f,Monitor,"R$ 1.200,00",1,120,45m,Rio de Janeiro
4377,21-03-2024,Carlos Lima,Feminino,Monitor,"R$ 3.500,00",1,120,1:25:12,Belo Horizonte
4378,2024-08-20,Ana Clara,M,Notebook,R$120,3,360,,Curitiba
4379,09/08/23,,MASCULINO,Mouse,"R$ 120,00",1,3514,0h 15m,Curitiba
4380,23-07-2024,Ana Clara,f,Cadeira,R$50,3,150,0:41:34,Porto Alegre
4381,23/12/24, Pedro Alves ,,Teclado,"R$ 1.200,00",1,800,,Rio de Janeiro
4382,18/11/24,,m,Cadeira,800,2,,1:48:44,Belo Horizonte
4383,2024/09/03, Pedro Alves ,Feminino,Cadeira,1200,1,3500,2h 46m,Porto Alegre
4384,2023-02-08,Maria Souza,,Monitor,R$800,1,120,,São Paulo
4385,07-04-2024, João Silva ,MASCULINO,Notebook,R$800,1,50,92m,Rio de Janeiro
4386,12-05-2023, Pedro Alves ,Masculino,Notebook,3500,2,,2:04:32,Rio de Janeiro
4387,2024/05/02,Carlos Lima,,Teclado,R$50,2,2400,0:45:05,Porto Alegre
4388,2024/02/03, Pedro Alves ,F,Mouse,800,3,315,1:20:23,Belo Horizonte
4389,12/06/24,,f,Cadeira,R$120,3,405,,São Paulo
4390,2023-06-18,,M,Cadeira,"R$ 120,00",2,1579,98m,Belo Horizonte
4391,15-07-2023,Maria Souza,f,Monitor,50,2,1600,0h 9m,Porto Alegre
4392,2024-05-01,Ana Clara,F,Mouse,R$120,2,100,3h 11m,Porto Alegre
4393,06/05/23, Pedro Alves ,Feminino,Teclado,R$50,2,7000,148m,Rio de Janeiro
4394,15/10/23,Ana Clara,m,Cadeira,R$120,1,,3h 15m,Rio de Janeiro
4395,2023-11-09,,,Notebook,"R$ 800,00",2,1600,93m,Porto Alegre
4396,2024-12-05,Carlos Lima,MASCULINO,Notebook,50,1,50,0:51:18,Curitiba
4397,2023-09-20, Pedro Alves ,m,Mouse,R$120,1,1200,0:10:21,São Paulo
4398,2024/06/28,Ana Clara,Feminino,Cadeira,50,1,3500,2h 45m,São Paulo
4399,2024/03/08,Ana Clara,Masculino,Monitor,R$800,2,1600,,Belo Horizonte
4400,2023/01/08, Pedro Alves ,,Notebook,R$120,2,2400,89m,São Paulo
4401,19/12/24,Carlos Lima,M,Monitor,1200,2,58,1:06:48,Belo Horizonte
4402,06/01/24,Carlos Lima,Feminino,Notebook,3500,2,,1:16:06,Curitiba
4403,12/10/24, João Silva ,M,Cadeira,R$1200,2,7000,,Porto Alegre
4404,2024-08-21,Carlos Lima,MASCULINO,Monitor,R$120,3,360,0:35:04,São Paulo
4405,24-10-2024, João Silva ,Feminino,Monitor,800,3,360,1:05:20,Rio de Janeiro
4406,2023-06-16,Ana Clara,MASCULINO,Monitor,800,2,2400,,Belo Horizonte
4407,2024-04-12,Maria Souza,Feminino,Cadeira,800,1,1200,25m,Curitiba
4408,2023-03-08, Pedro Alves ,MASCULINO,Mouse,R$50,3,3566,1h 7m,São Paulo
4409,2023-02-15,Maria Souza,Masculino,Teclado,3500,2,2400,92m,Curitiba
4410,03/03/24,Maria Souza,m,Mouse,R$800,3,2400,51m,São Paulo
4411,2023-11-13,Ana Clara,,Notebook,"R$ 3.500,00",2,1645,0:50:50,Curitiba
4412,12-02-2023, João Silva ,M,Notebook,"R$ 50,00",3,3600,3h 52m,Rio de Janeiro
4413,06/05/23,,Masculino,Cadeira,120,1,50,,São Paulo
4414,2023-09-11,Carlos Lima,MASCULINO,Cadeira,R$50,3,360,,Curitiba
4415,2024/07/23,Maria Souza,F,Notebook,R$1200,1,800,2:10:49,São Paulo
4416,17/05/23, João Silva ,f,Notebook,120,1,800,,Belo Horizonte
4417,2023/02/05, João Silva ,Masculino,Mouse,R$50,2,1593,,Curitiba
4418,06/07/24, Pedro Alves ,MASCULINO,Monitor,1200,3,360,15m,Porto Alegre
4419,2023/10/14, João Silva ,m,Mouse,"R$ 50,00",1,,,Porto Alegre
4420,12-11-2023,Carlos Lima,M,Teclado,R$120,2,,2:19:04,São Paulo
4421,2023-10-23, João Silva ,Masculino,Mouse,"R$ 50,00",1,3500,162m,Porto Alegre
4422,2023-05-06, João Silva ,m,Teclado,"R$ 3.500,00",1,3500,1h 0m,Rio de Janeiro
4423,2024/02/17, Pedro Alves ,M,Teclado,120,3,10500,170m,São Paulo
4424,2023/06/04, João Silva ,M,Mouse,1200,3,150,,São Paulo
4425,01-05-2023,Carlos Lima,f,Cadeira,R$120,1,3500,2:45:50,Belo Horizonte
4426,2023-10-04, João Silva ,F,Monitor,3500,3,10500,,Porto Alegre
4427,2023/03/18,,MASCULINO,Monitor,800,3,150,,Curitiba
4428,17/06/23, João Silva ,Feminino,Cadeira,R$120,2,,120m,Rio de Janeiro
4429,2024-07-22, Pedro Alves ,F,Mouse,R$1200,3,2401,81m,Curitiba
4430,2023-06-16, Pedro Alves ,,Notebook,"R$ 3.500,00",1,120,2h 35m,São Paulo
4431,18-01-2024,,Feminino,Cadeira,"R$ 800,00",2,,36m,São Paulo
4432,2023-08-16,Ana Clara,Masculino,Notebook,"R$ 800,00",3,,1:37:16,Rio de Janeiro
4433,05/03/24, João Silva ,m,Notebook,3500,1,120,0:30:15,Belo Horizonte
4434,2024/02/25,,F,Notebook,1200,2,7048,99m,Belo Horizonte
4435,18-03-2023,Carlos Lima,Masculino,Monitor,R$120,2,1600,2h 30m,Curitiba
4436,21/05/23,Carlos Lima,Masculino,Teclado,120,2,100,1h 54m,Belo Horizonte
4437,04-04-2024,Carlos Lima,m,Teclado,800,3,3600,,Belo Horizonte
4438,07/09/24, Pedro Alves ,f,Cadeira,R$1200,1,800,65m,São Paulo
4439,2023-01-06, João Silva ,Feminino,Notebook,120,2,2400,111m,Porto Alegre
4440,03-04-2024,Maria Souza,M,Cadeira,"R$ 1.200,00",2,100,,Rio de Janeiro
4441,09-02-2024, João Silva ,F,Teclado,R$50,3,179,41m,Curitiba
4442,2024-01-21,Carlos Lima,F,Mouse,"R$ 800,00",1,120,0:48:15,São Paulo
4443,2024-08-22, João Silva ,,Monitor,800,3,360,78m,Curitiba
4444,04-02-2024,Ana Clara,M,Cadeira,1200,2,100,0:21:15,Belo Horizonte
4445,2023/01/05,Maria Souza,Masculino,Teclado,R$800,2,100,78m,Rio de Janeiro
4446,21/04/23,Ana Clara,Feminino,Notebook,R$50,1,3490,,Curitiba
4447,2023/10/25,,,Cadeira,3500,3,2400,,Curitiba
4448,05-05-2024, Pedro Alves ,F,Monitor,R$120,3,,74m,Belo Horizonte
4449,2023/12/06,Carlos Lima,m,Cadeira,R$800,1,1200,1h 46m,Curitiba
4450,2023/12/05, Pedro Alves ,Feminino,Notebook,R$1200,3,356,3h 22m,Rio de Janeiro
4451,2023/02/02,Ana Clara,Feminino,Mouse,"R$ 120,00",3,150,1:14:45,Belo Horizonte
4452,2024/02/09,,m,Teclado,R$800,3,10500,,Belo Horizonte
4453,2023-11-01,Carlos Lima,M,Mouse,50,2,1600,0h 12m,Rio de Janeiro
4454,08/06/24, João Silva ,Feminino,Notebook,3500,3,2400,2:44:21,São Paulo
4455,2023-10-10,Maria Souza,MASCULINO,Notebook,"R$ 50,00",3,2400,1h 38m,Rio de Janeiro
4456,27-11-2023,,F,Cadeira,R$1200,1,800,0:22:33,Curitiba
4457,2024-07-04,,,Notebook,"R$ 800,00",3,2363,2:09:33,Belo Horizonte
4458,2023-02-28, João Silva ,F,Notebook,R$3500,3,360,179m,Belo Horizonte
4459,06/11/23,,F,Notebook,R$50,2,1644,,Porto Alegre
4460,2023/05/11,Carlos Lima,MASCULINO,Monitor,"R$ 1.200,00",1,3500,1:00:29,Rio de Janeiro
4461,11-05-2023,Carlos Lima,,Notebook,"R$ 1.200,00",2,2400,,Curitiba
4462,09/01/24,Maria Souza,M,Teclado,R$50,1,3456,2:00:07,Porto Alegre
4463,2023/05/13,,,Teclado,3500,3,2400,0:53:28,Rio de Janeiro
4464,2024/05/14,Maria Souza,,Cadeira,"R$ 3.500,00",3,10500,,São Paulo
4465,10-05-2024, João Silva ,,Cadeira,R$120,1,849,0:52:11,Curitiba
4466,19/12/23,,m,Teclado,"R$ 800,00",1,120,3h 50m,Belo Horizonte
4467,2024-11-04, João Silva ,,Teclado,1200,2,7000,0:42:25,São Paulo
4468,2023/11/27, João Silva ,,Cadeira,1200,1,50,,São Paulo
4469,17-06-2023, João Silva ,MASCULINO,Cadeira,"R$ 800,00",3,150,1:23:06,São Paulo
4470,25-03-2024,Ana Clara,m,Mouse,R$3500,3,3600,0:04:00,Curitiba
4471,2023/03/21, Pedro Alves ,m,Monitor,"R$ 1.200,00",1,14,,Curitiba
4472,2024-04-07,Maria Souza,F,Cadeira,R$50,3,2400,,São Paulo
4473,05/01/24,Carlos Lima,M,Mouse,800,3,3600,1:42:22,Belo Horizonte
4474,2024-06-13, Pedro Alves ,F,Monitor,R$3500,2,7000,0:16:10,Rio de Janeiro
4475,2023/02/26, João Silva ,F,Teclado,50,2,240,2h 20m,Curitiba
4476,2023-12-04,Carlos Lima,Masculino,Teclado,3500,2,100,2:03:57,Belo Horizonte
4477,23-01-2024,Maria Souza,Feminino,Mouse,R$3500,1,50,,São Paulo
4478,20/01/23,Ana Clara,f,Notebook,R$120,1,,,Porto Alegre
4479,2023/05/01, Pedro Alves ,M,Monitor,50,3,2400,,Rio de Janeiro
4480,2024-03-13,Maria Souza,M,Monitor,800,2,240,0:48:10,Rio de Janeiro
4481,26-06-2023, Pedro Alves ,F,Monitor,1200,1,,,Curitiba
4482,09/07/24,Maria Souza,m,Cadeira,"R$ 3.500,00",2,1600,2h 46m,Porto Alegre
4483,21-01-2023,Maria Souza,M,Mouse,1200,1,800,,Porto Alegre
4484,2024-06-08,,F,Cadeira,1200,2,7000,0:34:47,São Paulo
4485,27-07-2023,Carlos Lima,,Teclado,"R$ 3.500,00",1,50,150m,Porto Alegre
4486,2023/04/15,Ana Clara,,Notebook,"R$ 1.200,00",1,120,,Porto Alegre
4487,06-05-2024,,F,Mouse,R$50,2,,0h 8m,São Paulo
4488,2023-06-19, João Silva ,Feminino,Monitor,R$1200,1,,150m,Belo Horizonte
4489,19/09/24,Maria Souza,,Mouse,R$120,2,240,,São Paulo
4490,26-01-2023, Pedro Alves ,Masculino,Cadeira,3500,2,100,,Porto Alegre
4491,20-04-2024,Ana Clara,MASCULINO,Notebook,120,2,2400,3h 10m,Belo Horizonte
4492,14-03-2023,,F,Monitor,R$50,1,,,São Paulo
4493,04/12/23,,MASCULINO,Monitor,1200,2,,,Belo Horizonte
4494,25/08/24,Maria Souza,Masculino,Teclado,R$1200,3,150,0h 51m,Rio de Janeiro
4495,19/03/24, Pedro Alves ,f,Notebook,120,3,,117m,Curitiba
4496,2023-06-13, Pedro Alves ,MASCULINO,Notebook,120,1,,,Belo Horizonte
4497,04-05-2023, Pedro Alves ,F,Cadeira,"R$ 50,00",2,1600,,Curitiba
4498,23/08/24,Carlos Lima,,Monitor,"R$ 800,00",1,3500,1:45:21,São Paulo
4499,28/02/24,,f,Monitor,"R$ 50,00",2,7000,3h 50m,Rio de Janeiro
4500,24-12-2024,,,Cadeira,"R$ 3.500,00",2,1600,2h 4m,Rio de Janeiro
4501,2023-04-17, João Silva ,MASCULINO,Monitor,R$1200,2,1600,,Porto Alegre
4502,2023-06-09, Pedro Alves ,,Monitor,R$3500,2,2400,61m,Curitiba
4503,2023-04-28,Carlos Lima,F,Cadeira,1200,3,,2h 39m,Belo Horizonte
4504,22-12-2023, Pedro Alves ,,Teclado,3500,3,10500,,Belo Horizonte
4505,2023-07-19, Pedro Alves ,f,Cadeira,"R$ 50,00",3,,0h 17m,Curitiba
4506,21-11-2023, João Silva ,MASCULINO,Notebook,R$800,1,1200,106m,Belo Horizonte
4507,26-11-2024,Carlos Lima,m,Mouse,1200,2,,,Porto Alegre
4508,2023/12/28,Ana Clara,Feminino,Cadeira,"R$ 800,00",1,1200,151m,Belo Horizonte
4509,2023-01-23,Carlos Lima,MASCULINO,Teclado,800,3,150,,São Paulo
4510,12-02-2024, Pedro Alves ,F,Monitor,R$3500,3,,,Belo Horizonte
4511,2023/09/01,Carlos Lima,f,Cadeira,800,3,329,,Belo Horizonte
4512,2023-03-15,Maria Souza,m,Teclado,R$120,2,,0h 55m,Porto Alegre
4513,2024-04-14, Pedro Alves ,Feminino,Monitor,R$50,3,3600,0h 9m,Rio de Janeiro
4514,17-12-2024,Maria Souza,Feminino,Cadeira,"R$ 120,00",1,3500,0:14:00,Porto Alegre
4515,26-03-2023, João Silva ,Feminino,Notebook,"R$ 120,00",1,1200,107m,Rio de Janeiro
4516,11-04-2024,Carlos Lima,M,Cadeira,3500,2,1592,,Porto Alegre
4517,11-02-2024,,Feminino,Monitor,1200,2,7044,1:27:20,Belo Horizonte
4518,2024/02/06, Pedro Alves ,MASCULINO,Notebook,"R$ 3.500,00",1,50,0h 49m,São Paulo
4519,2024-03-28,Ana Clara,Masculino,Cadeira,3500,2,,166m,Porto Alegre
4520,2024-01-28, Pedro Alves ,f,Teclado,3500,1,1209,63m,Curitiba
4521,2023-09-23,Ana Clara,Masculino,Cadeira,1200,3,378,118m,São Paulo
4522,13-08-2023,Ana Clara,F,Teclado,R$50,3,2400,2h 39m,Porto Alegre
4523,15-08-2023,Ana Clara,m,Notebook,R$800,1,1200,3h 44m,Belo Horizonte
4524,26-01-2023,Ana Clara,m,Notebook,50,1,,0:25:53,Belo Horizonte
4525,2023/02/19,Ana Clara,F,Notebook,"R$ 800,00",2,1600,48m,Porto Alegre
4526,2024/09/24,Ana Clara,MASCULINO,Cadeira,1200,2,,1:57:56,São Paulo
4527,11/07/23, Pedro Alves ,f,Notebook,3500,2,1600,1:02:33,Rio de Janeiro
4528,20/07/24, Pedro Alves ,Feminino,Mouse,3500,2,,81m,Curitiba
4529,2024-05-26, Pedro Alves ,F,Mouse,R$1200,2,81,3h 20m,São Paulo
4530,01-05-2024,,MASCULINO,Cadeira,50,2,1556,1h 47m,Belo Horizonte
4531,10-12-2023,Ana Clara,MASCULINO,Monitor,R$50,3,3600,1:37:15,São Paulo
4532,09-10-2023,Ana Clara,Feminino,Notebook,"R$ 800,00",2,,,Porto Alegre
4533,2023/01/09, João Silva ,,Notebook,"R$ 1.200,00",2,240,1h 15m,Rio de Janeiro
4534,2024/04/22,Ana Clara,F,Teclado,R$800,2,2400,134m,Belo Horizonte
4535,2024/03/08,Maria Souza,MASCULINO,Monitor,"R$ 3.500,00",2,100,55m,Porto Alegre
4536,19-02-2024,,M,Mouse,R$3500,1,800,11m,Rio de Janeiro
4537,2024-12-11, Pedro Alves ,Masculino,Monitor,"R$ 800,00",3,3600,1h 29m,Porto Alegre
4538,2023/01/15, Pedro Alves ,F,Notebook,120,3,,1h 14m,Porto Alegre
4539,2023/12/17,Carlos Lima,Masculino,Mouse,"R$ 3.500,00",1,19,50m,São Paulo
4540,2023-03-10, Pedro Alves ,Feminino,Teclado,800,2,7000,92m,Belo Horizonte
4541,08/12/23, Pedro Alves ,F,Monitor,50,3,10529,97m,Rio de Janeiro
4542,07/10/24,,Feminino,Cadeira,"R$ 3.500,00",2,1600,,São Paulo
4543,2023/08/09, Pedro Alves ,f,Cadeira,R$3500,3,10500,0h 58m,Rio de Janeiro
4544,2024-12-07, Pedro Alves ,,Notebook,R$3500,3,,1h 28m,Belo Horizonte
4545,16/02/23,Maria Souza,Feminino,Monitor,R$1200,1,3500,1h 28m,Rio de Janeiro
4546,2024-09-27,Maria Souza,m,Cadeira,"R$ 800,00",3,360,3h 52m,São Paulo
4547,25-08-2024, Pedro Alves ,MASCULINO,Teclado,"R$ 1.200,00",3,10500,,Porto Alegre
4548,24/02/23, Pedro Alves ,,Cadeira,"R$ 800,00",1,,0:43:31,Porto Alegre
4549,2023/12/05,Ana Clara,F,Teclado,R$120,1,50,3h 14m,Porto Alegre
4550,2023-08-25,,Feminino,Notebook,R$3500,1,1200,,Rio de Janeiro
4551,2024-10-20, Pedro Alves ,Feminino,Notebook,R$50,2,,60m,Curitiba
4552,28-12-2023,Maria Souza,f,Monitor,R$1200,1,120,1:22:47,Rio de Janeiro
4553,2024/07/27,Ana Clara,m,Cadeira,"R$ 120,00",1,50,1:16:41,Rio de Janeiro
4554,2024/06/24,Ana Clara,Feminino,Teclado,120,1,,2:40:11,Porto Alegre
4555,19/04/24, Pedro Alves ,MASCULINO,Teclado,"R$ 50,00",1,3500,,Belo Horizonte
4556,2024/01/01,,,Teclado,R$120,3,10525,,São Paulo
4557,2023-06-06, Pedro Alves ,F,Cadeira,R$1200,2,100,1h 48m,Belo Horizonte
4558,2023/03/04, Pedro Alves ,MASCULINO,Notebook,"R$ 3.500,00",1,120,1:08:37,São Paulo
4559,03-10-2024, Pedro Alves ,F,Notebook,R$800,3,360,2:23:10,Rio de Janeiro
4560,2023/06/25, Pedro Alves ,f,Cadeira,R$1200,2,7000,1:31:22,Curitiba
4561,15/06/23,Ana Clara,M,Notebook,R$1200,1,3500,140m,Rio de Janeiro
4562,2024-12-19,Carlos Lima,Feminino,Monitor,R$1200,3,150,92m,Porto Alegre
4563,2024/03/12,Ana Clara,F,Mouse,800,1,50,0:14:12,Porto Alegre
4564,2023-08-10,,Masculino,Mouse,3500,3,2400,56m,Rio de Janeiro
4565,12-10-2024,Ana Clara,Masculino,Monitor,120,3,150,,Belo Horizonte
4566,2023/05/08,Maria Souza,f,Monitor,120,1,3500,,Porto Alegre
4567,2023/01/21,Maria Souza,MASCULINO,Cadeira,"R$ 800,00",1,50,11m,São Paulo
4568,10/06/23,,Feminino,Monitor,1200,2,240,0:25:53,Belo Horizonte
4569,23/06/23, João Silva ,m,Teclado,R$800,3,3597,,Belo Horizonte
4570,10-05-2023,,,Teclado,120,1,1200,22m,Curitiba
4571,27/10/23,Carlos Lima,Masculino,Monitor,R$3500,3,2432,1:46:45,Belo Horizonte
4572,11/01/24,Ana Clara,Feminino,Notebook,R$800,1,800,83m,Belo Horizonte
4573,2024-02-07,Ana Clara,m,Mouse,3500,1,80,79m,Rio de Janeiro
4574,20-09-2023,Maria Souza,F,Mouse,"R$ 50,00",3,10500,3h 54m,Rio de Janeiro
4575,2023-08-25, Pedro Alves ,f,Cadeira,800,2,100,143m,Rio de Janeiro
4576,03/09/23, João Silva ,Masculino,Cadeira,R$3500,1,800,3h 8m,Rio de Janeiro
4577,27-02-2024,,F,Notebook,"R$ 1.200,00",1,50,,Rio de Janeiro
4578,2024-10-19,Carlos Lima,MASCULINO,Mouse,50,3,10500,1:53:47,Curitiba
4579,07-12-2024, João Silva ,f,Monitor,R$1200,3,360,136m,São Paulo
4580,2023-03-09,Maria Souza,M,Mouse,"R$ 50,00",3,360,0:45:26,Belo Horizonte
4581,13/10/23, João Silva ,MASCULINO,Teclado,"R$ 50,00",3,150,35m,Porto Alegre
4582,2024-12-16,Carlos Lima,,Mouse,"R$ 3.500,00",3,,2h 38m,São Paulo
4583,27/01/24,Ana Clara,f,Monitor,"R$ 1.200,00",3,3600,1:14:41,Curitiba
4584,2023-07-20,Ana Clara,m,Mouse,"R$ 800,00",2,100,0h 15m,Porto Alegre
4585,2024-03-08, Pedro Alves ,m,Monitor,"R$ 50,00",2,7000,,São Paulo
4586,2024-10-22,Maria Souza,,Monitor,120,3,,,Rio de Janeiro
4587,2023/04/08,Maria Souza,m,Notebook,"R$ 800,00",2,,3h 8m,Porto Alegre
4588,02/05/24, Pedro Alves ,Feminino,Notebook,R$50,1,,2:48:49,Belo Horizonte
4589,05-05-2024,Maria Souza,MASCULINO,Cadeira,3500,1,789,1:38:41,Rio de Janeiro
4590,2023/02/19, João Silva ,m,Mouse,R$1200,1,1200,,Rio de Janeiro
4591,26-02-2024,Carlos Lima,Masculino,Mouse,"R$ 3.500,00",3,337,,São Paulo
4592,17-11-2024,Carlos Lima,,Monitor,"R$ 800,00",2,,2:26:18,Belo Horizonte
4593,20-02-2024, João Silva ,f,Cadeira,"R$ 3.500,00",3,3600,1:00:42,Porto Alegre
4594,13-12-2024,Ana Clara,Feminino,Cadeira,1200,3,2365,,Rio de Janeiro
4595,26-10-2023,Ana Clara,Feminino,Notebook,R$3500,2,100,55m,Belo Horizonte
4596,2024-09-01,Ana Clara,M,Cadeira,"R$ 120,00",1,800,0:16:47,Rio de Janeiro
4597,08-04-2023,,M,Cadeira,3500,3,3600,1:29:03,Rio de Janeiro
4598,25/11/24, Pedro Alves ,m,Cadeira,R$50,1,120,135m,São Paulo
4599,2024-05-28,,MASCULINO,Notebook,"R$ 3.500,00",3,10500,,Belo Horizonte
4600,2023/03/09, Pedro Alves ,F,Notebook,120,2,7000,129m,Porto Alegre
4601,05/05/23,,Masculino,Teclado,R$3500,3,,79m,Rio de Janeiro
4602,10-02-2023,Maria Souza,m,Mouse,120,1,800,1:55:51,Porto Alegre
4603,2024/03/12,Ana Clara,Feminino,Mouse,"R$ 120,00",1,73,,São Paulo
4604,2023-12-27, João Silva ,f,Monitor,50,3,360,15m,São Paulo
4605,25-02-2024,Maria Souza,,Teclado,"R$ 800,00",3,3600,,Belo Horizonte
4606,2024-07-05,Maria Souza,M,Mouse,3500,1,1154,,Curitiba
4607,2023-12-10,Ana Clara,,Notebook,1200,1,120,0h 38m,São Paulo
4608,13-03-2024, João Silva ,Feminino,Mouse,R$50,2,,0:39:58,Porto Alegre
4609,2024/11/24, João Silva ,MASCULINO,Cadeira,R$50,3,2400,0:23:10,São Paulo
4610,09-12-2024,Ana Clara,f,Cadeira,"R$ 120,00",2,100,,São Paulo
4611,13-09-2024,Carlos Lima,Feminino,Notebook,R$1200,2,2390,158m,Curitiba
4612,2024/04/11,Maria Souza,f,Cadeira,"R$ 800,00",1,120,132m,São Paulo
4613,09-10-2023, João Silva ,Masculino,Notebook,50,1,3500,,Porto Alegre
4614,2024-03-26,Maria Souza,Masculino,Notebook,120,3,10500,0:05:53,Belo Horizonte
4615,2023/10/08,Ana Clara,Masculino,Teclado,"R$ 3.500,00",2,1600,,São Paulo
4616,2023/06/05, Pedro Alves ,F,Teclado,120,2,,3h 58m,Rio de Janeiro
4617,20-09-2024,Ana Clara,F,Mouse,120,2,7008,1h 14m,São Paulo
4618,2024-06-04, João Silva ,Masculino,Notebook,120,3,3600,,Porto Alegre
4619,08-10-2024,Carlos Lima,F,Cadeira,R$3500,1,3500,1:05:51,São Paulo
4620,2023-11-15,Carlos Lima,Masculino,Teclado,R$120,2,100,0:21:18,Belo Horizonte
4621,2024-04-05, Pedro Alves ,Feminino,Teclado,"R$ 800,00",2,1600,39m,Belo Horizonte
4622,2023/09/15,Ana Clara,MASCULINO,Monitor,120,2,,2:12:01,Rio de Janeiro
4623,2024/09/05,,,Notebook,3500,1,46,2h 4m,Rio de Janeiro
4624,2024-07-20,Carlos Lima,,Monitor,1200,1,,20m,Belo Horizonte
4625,25-02-2024,Ana Clara,m,Teclado,R$3500,2,,1:46:35,São Paulo
4626,2023/05/19,Carlos Lima,M,Cadeira,"R$ 1.200,00",3,10500,,Porto Alegre
4627,2023-12-02, Pedro Alves ,Feminino,Mouse,R$120,2,57,,Rio de Janeiro
4628,24/09/24,Maria Souza,M,Cadeira,"R$ 50,00",2,240,,Rio de Janeiro
4629,23-01-2024, Pedro Alves ,Feminino,Notebook,R$120,2,240,126m,Rio de Janeiro
4630,01/08/24,Maria Souza,Feminino,Notebook,120,3,3600,38m,São Paulo
4631,2024/05/22,Maria Souza,M,Notebook,"R$ 800,00",2,2400,0:51:58,Curitiba
4632,03/06/23,Maria Souza,f,Mouse,"R$ 50,00",3,3600,2:07:40,Porto Alegre
4633,2024/11/14,Carlos Lima,Feminino,Notebook,50,3,2400,1:27:36,Belo Horizonte
4634,22-04-2023,Carlos Lima,f,Notebook,R$120,3,10500,1:46:36,Belo Horizonte
4635,04/12/24,,M,Monitor,"R$ 50,00",2,7000,2:56:01,Belo Horizonte
4636,03-05-2024,,m,Notebook,3500,1,50,,Rio de Janeiro
4637,2023/01/05, João Silva ,f,Monitor,"R$ 800,00",1,,29m,São Paulo
4638,27/09/24, João Silva ,Feminino,Cadeira,"R$ 120,00",1,800,99m,Porto Alegre
4639,21/06/23, Pedro Alves ,M,Notebook,"R$ 1.200,00",3,10468,0h 15m,Rio de Janeiro
4640,04-04-2023,Carlos Lima,f,Mouse,"R$ 120,00",1,1200,,Curitiba
4641,12/10/23,Ana Clara,F,Teclado,"R$ 1.200,00",1,800,3h 24m,São Paulo
4642,27-10-2024, Pedro Alves ,,Teclado,"R$ 50,00",3,360,3h 22m,Curitiba
4643,2023-08-09, João Silva ,Feminino,Notebook,R$3500,3,,1:56:43,São Paulo
4644,2023/12/01,Maria Souza,M,Cadeira,R$1200,2,2422,1:52:32,São Paulo
4645,2023-06-04,Ana Clara,Masculino,Mouse,"R$ 3.500,00",2,7038,,Porto Alegre
4646,07/05/23, João Silva ,M,Cadeira,"R$ 1.200,00",1,50,,Curitiba
4647,2024-06-12,,f,Cadeira,R$3500,1,1200,2h 14m,Belo Horizonte
4648,2023-01-21, Pedro Alves ,M,Cadeira,1200,3,10500,2:28:34,São Paulo
4649,2024/03/18,,MASCULINO,Notebook,R$120,2,2400,0:21:48,Belo Horizonte
4650,2023-09-20, João Silva ,M,Notebook,120,2,,,Porto Alegre
4651,04-09-2023, Pedro Alves ,Masculino,Cadeira,120,1,1200,,Curitiba
4652,24-05-2023,Carlos Lima,f,Mouse,1200,2,,2:47:51,Porto Alegre
4653,15-06-2024,,Masculino,Mouse,120,3,2354,1:31:17,Rio de Janeiro
4654,2024-05-09, João Silva ,f,Mouse,"R$ 800,00",3,,0:50:56,Belo Horizonte
4655,23-10-2023, Pedro Alves ,m,Mouse,"R$ 50,00",1,3500,1h 41m,Porto Alegre
4656,26-05-2024,Ana Clara,f,Cadeira,R$1200,3,2400,,São Paulo
4657,2023/05/15,Carlos Lima,Masculino,Monitor,R$3500,1,3500,56m,Curitiba
4658,2024-11-17,Maria Souza,F,Mouse,"R$ 1.200,00",3,150,,Belo Horizonte
4659,02/11/23,Carlos Lima,Feminino,Teclado,"R$ 120,00",2,100,145m,Porto Alegre
4660,2024-04-17,Maria Souza,Feminino,Mouse,R$800,3,,,Rio de Janeiro
4661,2023/02/21,,Masculino,Monitor,3500,3,360,3h 15m,Porto Alegre
4662,2024/09/01,,f,Cadeira,R$50,3,3600,103m,Curitiba
4663,23-01-2023, João Silva ,Masculino,Notebook,R$50,1,1202,,Rio de Janeiro
4664,26-02-2023,,,Notebook,R$1200,1,120,153m,Rio de Janeiro
4665,19/03/23,Carlos Lima,Masculino,Cadeira,50,2,100,1:29:10,Porto Alegre
4666,2024-03-01,Carlos Lima,f,Notebook,50,1,,1:38:33,São Paulo
4667,2023-11-15, João Silva ,M,Cadeira,"R$ 50,00",3,3584,,Rio de Janeiro
4668,08/11/23, João Silva ,Masculino,Mouse,"R$ 1.200,00",3,,14m,São Paulo
4669,2023-03-22, Pedro Alves ,MASCULINO,Mouse,1200,3,150,119m,Porto Alegre
4670,01/06/24, Pedro Alves ,MASCULINO,Teclado,"R$ 1.200,00",2,,1h 22m,Belo Horizonte
4671,04/04/24, João Silva ,F,Mouse,50,2,2400,0h 12m,Rio de Janeiro
4672,2024-07-03,,Feminino,Mouse,50,2,239,1:02:49,Curitiba
4673,2024/10/19,,f,Monitor,50,1,800,169m,Rio de Janeiro
4674,09-05-2024,Ana Clara,M,Monitor,R$800,2,240,2:00:46,Rio de Janeiro
4675,27/09/23,Ana Clara,,Monitor,"R$ 50,00",1,811,0h 8m,Rio de Janeiro
4676,22/09/24,,Masculino,Teclado,120,1,,54m,Belo Horizonte
4677,2023/01/15,,,Notebook,3500,2,1550,,São Paulo
4678,2024/05/01,Carlos Lima,f,Cadeira,R$50,3,360,0:00:45,Porto Alegre
4679,19-07-2023, João Silva ,F,Cadeira,800,3,374,107m,Porto Alegre
4680,27-07-2023, João Silva ,MASCULINO,Cadeira,800,1,,,Porto Alegre
4681,24-10-2023,Ana Clara,Masculino,Teclado,"R$ 1.200,00",1,3500,,Curitiba
4682,13-04-2023,Ana Clara,F,Teclado,"R$ 50,00",3,2400,0h 27m,Rio de Janeiro
4683,01-05-2023, Pedro Alves ,M,Mouse,"R$ 800,00",3,10500,0h 19m,São Paulo
4684,2024-03-25,Carlos Lima,m,Monitor,"R$ 1.200,00",1,1200,0:24:36,Belo Horizonte
4685,24/01/23, João Silva ,F,Monitor,R$3500,3,,,São Paulo
4686,2023-09-17,Carlos Lima,M,Mouse,R$1200,2,,93m,Porto Alegre
4687,20/01/23, Pedro Alves ,m,Cadeira,R$800,2,,0:30:33,Curitiba
4688,2024/07/12,Ana Clara,,Mouse,3500,1,,0:28:21,Curitiba
4689,06-08-2024,Maria Souza,f,Mouse,R$120,3,10496,0h 23m,Porto Alegre
4690,2023-07-19, Pedro Alves ,,Monitor,"R$ 120,00",2,2400,,Curitiba
4691,08/12/24, João Silva ,M,Teclado,"R$ 800,00",1,50,,Curitiba
4692,08-09-2024,,F,Cadeira,120,3,3600,3h 34m,Porto Alegre
4693,08/01/24, João Silva ,M,Notebook,1200,2,1576,3h 55m,São Paulo
4694,23/01/23, Pedro Alves ,f,Cadeira,"R$ 800,00",2,6983,0:14:57,Curitiba
4695,21-11-2024,Maria Souza,M,Mouse,R$3500,1,,1h 37m,Porto Alegre
4696,2023-07-12,Carlos Lima,f,Mouse,"R$ 800,00",2,240,,Curitiba
4697,09-06-2024,Carlos Lima,m,Mouse,"R$ 120,00",1,,2h 12m,São Paulo
4698,2024-05-06, João Silva ,f,Mouse,800,1,50,178m,Belo Horizonte
4699,2024-01-11,,Masculino,Mouse,3500,1,50,145m,Curitiba
4700,03/01/24,Carlos Lima,F,Notebook,R$800,2,100,2:30:03,Curitiba
4701,11-12-2023,Maria Souza,m,Notebook,R$1200,1,17,,Belo Horizonte
4702,22/02/24,,MASCULINO,Cadeira,800,2,206,98m,Belo Horizonte
4703,2023/09/12,Carlos Lima,m,Cadeira,R$50,2,,1:02:26,Curitiba
4704,03-09-2024,,M,Notebook,3500,3,360,1:09:57,Belo Horizonte
4705,21-04-2023,Ana Clara,M,Mouse,"R$ 50,00",1,1200,,Curitiba
4706,19/02/23,Ana Clara,F,Monitor,R$120,1,3500,76m,Porto Alegre
4707,09/05/24, Pedro Alves ,M,Teclado,R$1200,1,3500,179m,Rio de Janeiro
4708,2024/05/23,Carlos Lima,,Mouse,R$800,1,800,149m,São Paulo
4709,19/12/23,,F,Mouse,3500,2,,3h 29m,Curitiba
4710,20/04/23,Maria Souza,Feminino,Monitor,"R$ 50,00",3,,,Rio de Janeiro
4711,17-04-2023, João Silva ,m,Notebook,"R$ 120,00",2,1600,,São Paulo
4712,2023/08/25, João Silva ,Masculino,Teclado,R$800,3,10500,,Belo Horizonte
4713,2024-05-17, Pedro Alves ,Masculino,Monitor,R$1200,2,100,1:15:51,Belo Horizonte
4714,15-04-2024,,M,Monitor,50,2,143,,São Paulo
4715,06/03/24,Carlos Lima,M,Mouse,R$3500,2,2419,0:45:38,São Paulo
4716,2023-11-10,Maria Souza,m,Notebook,1200,3,,,Belo Horizonte
4717,2023/12/24,Maria Souza,Feminino,Mouse,R$50,2,1600,1:47:40,Rio de Janeiro
4718,23-07-2023, Pedro Alves ,M,Cadeira,800,1,800,2:18:33,São Paulo
4719,09-02-2023,Maria Souza,,Teclado,50,3,360,2h 30m,Porto Alegre
4720,02/02/23,Ana Clara,F,Notebook,R$50,3,360,28m,Porto Alegre
4721,24-10-2024,Maria Souza,f,Monitor,"R$ 50,00",2,,,Rio de Janeiro
4722,2024-09-14,Ana Clara,MASCULINO,Monitor,"R$ 3.500,00",3,150,2h 46m,Rio de Janeiro
4723,2023/01/03,Maria Souza,f,Teclado,"R$ 3.500,00",1,800,1:31:27,São Paulo
4724,2024-06-10,Maria Souza,Masculino,Teclado,R$120,3,,2h 33m,Porto Alegre
4725,2023/01/07, Pedro Alves ,F,Teclado,3500,3,178,2h 8m,Curitiba
4726,26/01/24,Maria Souza,Masculino,Notebook,R$800,2,240,,Curitiba
4727,2023/12/14,Carlos Lima,f,Cadeira,R$1200,2,,1:36:17,Curitiba
4728,2024-10-02,Ana Clara,M,Teclado,R$1200,3,10549,2:51:34,Porto Alegre
4729,2023/11/18, João Silva ,,Monitor,"R$ 50,00",3,335,1:31:03,Porto Alegre
4730,2023-08-20, João Silva ,Masculino,Notebook,50,2,7000,,São Paulo
4731,2024/08/20,Carlos Lima,F,Cadeira,3500,1,3500,,Belo Horizonte
4732,2024/06/02, João Silva ,Feminino,Mouse,"R$ 1.200,00",1,50,2:58:30,Rio de Janeiro
4733,14-04-2023,Maria Souza,Feminino,Notebook,R$3500,2,100,2:38:12,Curitiba
4734,2024-03-11, João Silva ,M,Notebook,"R$ 120,00",2,1632,,Rio de Janeiro
4735,2023/09/17,Maria Souza,,Monitor,R$800,1,84,75m,Porto Alegre
4736,2023/05/21,Ana Clara,Masculino,Cadeira,120,1,50,3h 41m,Porto Alegre
4737,06/08/23,,MASCULINO,Teclado,"R$ 1.200,00",2,2439,0h 21m,Rio de Janeiro
4738,2023-09-17,Carlos Lima,F,Mouse,1200,1,800,2h 3m,São Paulo
4739,2024-10-18, Pedro Alves ,Feminino,Mouse,3500,3,,,Rio de Janeiro
4740,2024-09-28,Maria Souza,M,Cadeira,R$800,2,100,62m,Belo Horizonte
4741,20-01-2024,Ana Clara,,Monitor,"R$ 800,00",2,61,,Porto Alegre
4742,2024/10/23, Pedro Alves ,F,Mouse,R$3500,3,3600,,Curitiba
4743,18/09/23, Pedro Alves ,Feminino,Monitor,R$50,3,10500,2:34:14,São Paulo
4744,2023/12/23,,m,Notebook,1200,1,800,2:24:39,Belo Horizonte
4745,2023-11-12,Maria Souza,m,Cadeira,"R$ 3.500,00",3,2400,61m,São Paulo
4746,14/01/23,Carlos Lima,m,Monitor,R$800,1,1200,155m,São Paulo
4747,05/07/23,Carlos Lima,,Monitor,50,3,3600,,Rio de Janeiro
4748,2024/02/11,Maria Souza,,Monitor,R$50,3,360,0:48:09,Belo Horizonte
4749,2024/05/19,Carlos Lima,f,Notebook,1200,3,10500,72m,São Paulo
4750,2024/04/26,Carlos Lima,F,Notebook,"R$ 1.200,00",2,7000,2:47:10,Porto Alegre
4751,2024/03/28,Maria Souza,MASCULINO,Mouse,1200,2,100,32m,São Paulo
4752,15/03/24,Maria Souza,MASCULINO,Cadeira,"R$ 50,00",3,10501,,Porto Alegre
4753,12/10/23, Pedro Alves ,Feminino,Mouse,1200,2,100,0:53:00,Porto Alegre
4754,2023-01-10,Ana Clara,MASCULINO,Teclado,800,3,10500,2h 12m,Curitiba
4755,03/08/24,Maria Souza,MASCULINO,Teclado,120,1,50,55m,Curitiba
4756,17-02-2024,Maria Souza,F,Mouse,R$50,2,1600,,Rio de Janeiro
4757,2023/10/26, João Silva ,MASCULINO,Cadeira,800,2,,31m,Rio de Janeiro
4758,19-10-2023,Carlos Lima,Feminino,Teclado,R$3500,3,10500,0h 32m,São Paulo
4759,2024-07-13,Maria Souza,M,Cadeira,R$3500,3,360,1:40:15,Curitiba
4760,2024/07/08,Carlos Lima,M,Teclado,"R$ 120,00",1,50,3h 43m,Belo Horizonte
4761,09/09/23,Maria Souza,F,Teclado,"R$ 50,00",1,,3h 49m,Porto Alegre
4762,17/07/24, João Silva ,Feminino,Mouse,R$120,3,10500,1:57:16,São Paulo
4763,06-01-2024, Pedro Alves ,f,Mouse,1200,2,1571,0:41:34,São Paulo
4764,2024/09/04, Pedro Alves ,F,Mouse,R$3500,2,,,Porto Alegre
4765,01/08/24,Ana Clara,Feminino,Monitor,R$120,2,1600,1:20:10,Porto Alegre
4766,2023-08-06,Carlos Lima,F,Mouse,"R$ 800,00",3,10500,59m,São Paulo
4767,2023/06/17,Maria Souza,Masculino,Mouse,50,3,3600,0:19:38,São Paulo
4768,17/06/24,,MASCULINO,Mouse,50,1,115,2h 14m,Curitiba
4769,19/01/23,Maria Souza,F,Notebook,800,1,3500,127m,Curitiba
4770,2024/02/11, Pedro Alves ,f,Monitor,R$800,3,150,180m,Curitiba
4771,18/03/24, João Silva ,m,Monitor,120,3,2400,60m,Belo Horizonte
4772,2023/05/02, Pedro Alves ,M,Cadeira,R$3500,2,100,,Curitiba
4773,2023-07-12,,F,Monitor,R$120,3,181,123m,Belo Horizonte
4774,20-12-2023, Pedro Alves ,f,Cadeira,"R$ 120,00",3,360,1:53:27,Belo Horizonte
4775,17-12-2024, João Silva ,M,Cadeira,"R$ 1.200,00",2,100,1:32:26,São Paulo
4776,2024/06/15,Maria Souza,Masculino,Cadeira,R$50,1,800,0h 17m,Curitiba
4777,02/09/24,Ana Clara,,Notebook,"R$ 1.200,00",1,120,117m,São Paulo
4778,2024-06-15, João Silva ,f,Teclado,R$1200,3,10500,58m,Belo Horizonte
4779,18-02-2023,Maria Souza,MASCULINO,Teclado,"R$ 50,00",2,,1h 41m,Porto Alegre
4780,2024-02-14, João Silva ,Feminino,Cadeira,120,3,3639,2h 29m,Curitiba
4781,13-12-2023,Maria Souza,f,Mouse,"R$ 800,00",1,120,,Porto Alegre
4782,12-09-2024,Ana Clara,m,Notebook,1200,2,1600,3h 28m,Rio de Janeiro
4783,12-02-2024,Ana Clara,m,Teclado,50,3,360,,Belo Horizonte
4784,02-12-2024, João Silva ,Masculino,Mouse,"R$ 3.500,00",3,10515,,Rio de Janeiro
4785,17-11-2023, Pedro Alves ,M,Teclado,R$1200,1,120,,São Paulo
4786,18-09-2023,Carlos Lima,Masculino,Notebook,R$50,2,240,3h 0m,Rio de Janeiro
4787,19-09-2024,Ana Clara,Masculino,Mouse,800,3,360,,Belo Horizonte
4788,06-11-2024, Pedro Alves ,M,Notebook,50,3,3600,2:51:26,Curitiba
4789,28-02-2024, Pedro Alves ,Feminino,Notebook,50,3,3600,3h 24m,Curitiba
4790,01/01/23,Maria Souza,m,Teclado,R$800,3,360,158m,São Paulo
4791,2023/09/08, João Silva ,m,Monitor,800,3,,80m,São Paulo
4792,07/06/23,,Feminino,Cadeira,"R$ 1.200,00",1,1200,3h 2m,São Paulo
4793,2023/01/08, Pedro Alves ,Masculino,Notebook,3500,1,800,99m,Porto Alegre
4794,2024/08/18,Carlos Lima,,Teclado,3500,2,1566,0h 27m,Rio de Janeiro
4795,2023/05/24, João Silva ,Masculino,Teclado,R$120,1,50,1h 33m,Belo Horizonte
4796,18-07-2023, Pedro Alves ,,Teclado,R$50,3,150,119m,Rio de Janeiro
4797,05/01/24, Pedro Alves ,F,Mouse,R$800,3,10500,,Belo Horizonte
4798,11-11-2023,Maria Souza,Masculino,Mouse,800,1,3500,1:53:06,Curitiba
4799,26-02-2023,Ana Clara,m,Monitor,R$3500,2,100,,São Paulo
4800,15-08-2023,Maria Souza,M,Mouse,"R$ 120,00",1,,,Curitiba
4801,2024-08-17,Maria Souza,,Cadeira,R$120,2,,2h 1m,Porto Alegre
4802,22-03-2024,Carlos Lima,M,Mouse,"R$ 1.200,00",1,50,,Belo Horizonte
4803,2024/09/13,Maria Souza,MASCULINO,Cadeira,"R$ 50,00",1,800,1h 6m,Belo Horizonte
4804,02/03/23,Carlos Lima,MASCULINO,Cadeira,R$3500,1,,,Rio de Janeiro
4805,2024-10-12, Pedro Alves ,,Notebook,120,2,7000,0:22:15,Curitiba
4806,2024/06/02,Ana Clara,MASCULINO,Mouse,3500,1,120,,Curitiba
4807,06-11-2023,Ana Clara,m,Teclado,R$3500,3,10479,1:17:44,Belo Horizonte
4808,2024/06/07,Ana Clara,m,Cadeira,R$800,3,10500,79m,Belo Horizonte
4809,06/09/24, Pedro Alves ,f,Cadeira,"R$ 3.500,00",1,,1:22:01,Rio de Janeiro
4810,25-08-2024, João Silva ,Masculino,Cadeira,50,3,10500,,São Paulo
4811,01/03/23,Maria Souza,M,Cadeira,3500,3,2400,,Porto Alegre
4812,11-03-2024,Maria Souza,m,Mouse,50,1,1200,,Belo Horizonte
4813,13/11/23, João Silva ,MASCULINO,Teclado,50,2,2400,80m,Rio de Janeiro
4814,2024/07/10, João Silva ,m,Notebook,"R$ 120,00",1,50,,Belo Horizonte
4815,2024-08-26, João Silva ,Feminino,Notebook,"R$ 50,00",2,240,164m,Belo Horizonte
4816,2023-02-15,Maria Souza,F,Teclado,800,3,150,2h 32m,Porto Alegre
4817,04-01-2024,Maria Souza,M,Teclado,"R$ 3.500,00",2,100,,Curitiba
4818,27-03-2023, Pedro Alves ,MASCULINO,Monitor,50,2,7000,20m,Belo Horizonte
4819,2023/02/20,Maria Souza,M,Cadeira,3500,1,120,33m,Rio de Janeiro
4820,2023/11/26,,m,Monitor,R$1200,3,155,,Curitiba
4821,2023/10/05,Carlos Lima,MASCULINO,Notebook,R$50,2,,108m,Porto Alegre
4822,24-08-2023,Carlos Lima,,Notebook,R$800,2,240,1:29:14,Curitiba
4823,07/10/24,Carlos Lima,m,Cadeira,"R$ 50,00",2,7000,138m,Porto Alegre
4824,25/05/24,Maria Souza,Feminino,Cadeira,120,2,100,1:42:17,Curitiba
4825,01/05/23,Ana Clara,MASCULINO,Cadeira,800,1,,,Curitiba
4826,15-10-2023,Maria Souza,Masculino,Cadeira,R$120,1,1198,,Rio de Janeiro
4827,2024/05/22, Pedro Alves ,Masculino,Teclado,R$50,2,240,1:30:29,Rio de Janeiro
4828,2023-07-03, Pedro Alves ,M,Teclado,"R$ 800,00",1,50,0h 14m,Rio de Janeiro
4829,2024-10-22,Carlos Lima,M,Mouse,3500,1,,1h 3m,Rio de Janeiro
4830,20/06/24,,m,Teclado,"R$ 120,00",2,240,,Rio de Janeiro
4831,24-10-2024, João Silva ,Masculino,Mouse,R$1200,1,1200,3h 3m,Belo Horizonte
4832,2023-12-14, João Silva ,MASCULINO,Teclado,800,2,240,89m,Belo Horizonte
4833,2024-08-23, Pedro Alves ,,Notebook,"R$ 3.500,00",2,1600,,Rio de Janeiro
4834,2024/08/24,Maria Souza,MASCULINO,Teclado,"R$ 1.200,00",2,2400,2:43:18,Porto Alegre
4835,2024-07-07,Ana Clara,m,Mouse,"R$ 50,00",3,10500,156m,Curitiba
4836,2023-11-24, João Silva ,Masculino,Monitor,"R$ 120,00",2,2400,,Porto Alegre
4837,14/04/23, Pedro Alves ,MASCULINO,Mouse,R$120,2,240,3h 12m,Curitiba
4838,05-07-2023,Maria Souza,M,Notebook,R$1200,2,240,42m,Curitiba
4839,19-12-2024,Carlos Lima,Feminino,Mouse,R$3500,1,50,55m,Rio de Janeiro
4840,01-07-2024,Ana Clara,,Monitor,"R$ 120,00",2,2400,3h 27m,Curitiba
4841,10/12/23,,f,Notebook,"R$ 120,00",2,272,1h 15m,Curitiba
4842,2023/11/02,Ana Clara,Feminino,Monitor,R$50,2,7000,2h 26m,Porto Alegre
4843,2023/05/26, Pedro Alves ,M,Monitor,R$120,3,150,2:31:05,Rio de Janeiro
4844,26-02-2024,Carlos Lima,m,Mouse,800,2,2400,,São Paulo
4845,2024-07-15, João Silva ,,Notebook,1200,2,240,2:03:15,São Paulo
4846,2023-07-07,Carlos Lima,M,Monitor,R$800,1,50,,Curitiba
4847,28-07-2023,,f,Monitor,R$50,1,50,3h 47m,Rio de Janeiro
4848,2024/07/22, João Silva ,Masculino,Cadeira,1200,1,1200,1:32:25,Rio de Janeiro
4849,11-11-2024, Pedro Alves ,M,Notebook,1200,2,2400,93m,Rio de Janeiro
4850,2024/02/18, João Silva ,F,Notebook,800,2,2438,2:10:37,Porto Alegre
4851,2024-12-02, Pedro Alves ,F,Cadeira,800,3,3600,0h 17m,Curitiba
4852,25-02-2023,Ana Clara,MASCULINO,Notebook,"R$ 50,00",1,,1:38:55,Rio de Janeiro
4853,2023-03-11, Pedro Alves ,Feminino,Cadeira,R$50,1,,,São Paulo
4854,05-06-2023,Carlos Lima,M,Teclado,1200,3,106,141m,São Paulo
4855,28/01/24,Carlos Lima,m,Teclado,R$3500,3,,3h 11m,São Paulo
4856,2023-02-26,Maria Souza,,Monitor,"R$ 3.500,00",2,7043,0h 35m,Curitiba
4857,19/06/24, João Silva ,F,Notebook,R$120,1,,,Porto Alegre
4858,2024-05-25, Pedro Alves ,m,Notebook,"R$ 50,00",2,,108m,São Paulo
4859,12/02/23,,MASCULINO,Notebook,"R$ 800,00",3,2400,2:11:50,Rio de Janeiro
4860,18/03/23, João Silva ,m,Cadeira,"R$ 1.200,00",3,10500,44m,Curitiba
4861,2024-05-20, Pedro Alves ,f,Teclado,"R$ 50,00",2,,142m,São Paulo
4862,2024/06/11, João Silva ,Feminino,Teclado,"R$ 1.200,00",2,,2:52:52,Belo Horizonte
4863,2024-07-16,Ana Clara,M,Cadeira,"R$ 120,00",2,,1:03:26,Belo Horizonte
4864,2024-03-24,Maria Souza,M,Mouse,R$800,2,1600,1h 33m,Porto Alegre
4865,17/04/23,Maria Souza,Masculino,Cadeira,800,2,1600,,Rio de Janeiro
4866,27/01/23,Carlos Lima,F,Cadeira,120,3,10500,2h 38m,Curitiba
4867,2023-03-19, Pedro Alves ,Feminino,Monitor,R$3500,3,3600,,Curitiba
4868,2024-02-15,Carlos Lima,F,Teclado,"R$ 3.500,00",3,3640,64m,Porto Alegre
4869,16-05-2023,Carlos Lima,,Monitor,"R$ 1.200,00",3,,1h 56m,Rio de Janeiro
4870,14/04/24, João Silva ,,Teclado,R$1200,1,84,2h 31m,Rio de Janeiro
4871,01-10-2023,Maria Souza,MASCULINO,Mouse,"R$ 800,00",2,240,0:55:03,Porto Alegre
4872,11-12-2024,Ana Clara,Masculino,Teclado,"R$ 120,00",1,800,0:04:39,Curitiba
4873,13/06/23,Carlos Lima,f,Teclado,R$800,1,800,2h 14m,Rio de Janeiro
4874,2023/10/23, Pedro Alves ,f,Cadeira,800,2,100,1h 48m,Curitiba
4875,2024-02-03,,M,Notebook,R$800,2,,0:27:43,Rio de Janeiro
4876,16/07/24,Maria Souza,Feminino,Teclado,800,2,240,,Porto Alegre
4877,28-05-2024,,F,Monitor,"R$ 800,00",3,150,,Curitiba
4878,2023-12-13,Carlos Lima,F,Notebook,"R$ 1.200,00",1,92,0h 46m,Porto Alegre
4879,22-05-2023, João Silva ,F,Mouse,"R$ 3.500,00",3,360,128m,Rio de Janeiro
4880,2023/12/04,Ana Clara,Masculino,Mouse,R$3500,2,,0:28:37,São Paulo
4881,23-07-2024, Pedro Alves ,F,Notebook,R$3500,1,,1h 12m,Porto Alegre
4882,2024-09-14,Ana Clara,Masculino,Mouse,800,2,1600,3h 35m,São Paulo
4883,2023-10-19, João Silva ,Feminino,Notebook,1200,3,3600,2:32:09,São Paulo
4884,21-12-2023,Maria Souza,,Notebook,"R$ 50,00",3,3600,,São Paulo
4885,20-06-2023, João Silva ,m,Teclado,R$1200,3,3600,155m,Curitiba
4886,2023-12-09, Pedro Alves ,,Cadeira,800,1,50,1h 43m,Curitiba
4887,2024/03/08, Pedro Alves ,f,Monitor,"R$ 800,00",2,1608,,Rio de Janeiro
4888,2023/02/25, João Silva ,F,Mouse,"R$ 50,00",2,2390,,Porto Alegre
4889,01-07-2023,,M,Cadeira,R$3500,3,3600,1:07:55,Porto Alegre
4890,15/06/24, João Silva ,Masculino,Teclado,"R$ 120,00",3,3600,,Curitiba
4891,09-09-2023,Ana Clara,m,Monitor,R$120,3,360,,Curitiba
4892,2024/02/16, Pedro Alves ,F,Cadeira,R$1200,3,2400,1:02:57,Curitiba
4893,04/08/23,Maria Souza,f,Mouse,"R$ 3.500,00",1,,0h 23m,Rio de Janeiro
4894,2024-02-15,Carlos Lima,m,Cadeira,"R$ 1.200,00",2,7000,0h 10m,Rio de Janeiro
4895,18/02/24,,,Mouse,1200,3,10500,116m,São Paulo
4896,2024/01/14,Ana Clara,f,Cadeira,R$800,3,3600,,São Paulo
4897,02/05/24,,F,Mouse,1200,3,150,126m,Porto Alegre
4898,17-04-2023, Pedro Alves ,MASCULINO,Cadeira,"R$ 50,00",1,,,Curitiba
4899,03-11-2023,Ana Clara,Masculino,Mouse,R$50,2,7000,2:23:01,Belo Horizonte
4900,15-04-2023,Carlos Lima,MASCULINO,Monitor,"R$ 50,00",2,,170m,Curitiba
4901,17-02-2024,Carlos Lima,MASCULINO,Mouse,800,2,,,São Paulo
4902,26-02-2023, João Silva ,f,Teclado,R$3500,1,3500,0h 10m,Rio de Janeiro
4903,2024-12-06,,M,Monitor,R$800,1,120,2h 24m,Rio de Janeiro
4904,2024-01-26,Carlos Lima,f,Mouse,120,1,800,135m,São Paulo
4905,25-11-2023, Pedro Alves ,M,Cadeira,"R$ 800,00",3,,64m,Curitiba
4906,2023-10-19, Pedro Alves ,Masculino,Mouse,R$120,2,100,,Belo Horizonte
4907,28/01/24,Maria Souza,M,Cadeira,R$800,3,150,0h 23m,São Paulo
4908,2024/09/09,Carlos Lima,Masculino,Monitor,1200,2,2400,97m,Curitiba
4909,22-12-2023,Carlos Lima,Masculino,Mouse,3500,1,3500,3h 14m,Curitiba
4910,03-07-2023,,F,Mouse,R$3500,2,1600,0:20:07,Porto Alegre
4911,15-08-2023,Carlos Lima,M,Mouse,R$120,1,50,,Curitiba
4912,2024-03-07, Pedro Alves ,Masculino,Monitor,120,1,800,,São Paulo
4913,2023/02/07,Ana Clara,MASCULINO,Mouse,R$1200,3,3600,,São Paulo
4914,20/11/23,Maria Souza,m,Cadeira,R$50,1,50,2h 56m,Belo Horizonte
4915,2023-12-07,Ana Clara,M,Cadeira,800,2,2434,,Belo Horizonte
4916,15-01-2023,Carlos Lima,Masculino,Mouse,R$3500,1,3500,108m,Belo Horizonte
4917,2024/08/05,,Masculino,Teclado,120,3,10500,2:41:29,Belo Horizonte
4918,04/04/24,Carlos Lima,f,Notebook,R$800,2,2432,50m,Curitiba
4919,2023-05-28,Maria Souza,f,Teclado,120,1,50,2:08:07,Rio de Janeiro
4920,22/04/24,Carlos Lima,M,Monitor,R$50,3,,147m,São Paulo
4921,18-04-2024,Ana Clara,F,Monitor,"R$ 120,00",1,800,2:20:53,Curitiba
4922,24/11/23,Maria Souza,MASCULINO,Cadeira,"R$ 50,00",3,360,1:20:44,Rio de Janeiro
4923,2023-09-21, Pedro Alves ,,Monitor,R$1200,3,10505,,Rio de Janeiro
4924,14/06/24,Maria Souza,m,Teclado,800,1,3500,,São Paulo
4925,20-03-2023,Carlos Lima,Masculino,Monitor,"R$ 1.200,00",2,201,60m,Belo Horizonte
4926,2023-02-11,,,Teclado,"R$ 3.500,00",3,360,112m,São Paulo
4927,2024-11-06,,m,Teclado,3500,2,7000,,Rio de Janeiro
4928,2023/03/17,Maria Souza,,Mouse,R$800,3,150,1h 38m,Curitiba
4929,21-11-2024,Carlos Lima,m,Notebook,"R$ 50,00",3,,3h 20m,Curitiba
4930,2023/04/09,Ana Clara,F,Monitor,R$50,2,240,,Rio de Janeiro
4931,2024-09-24,Maria Souza,MASCULINO,Notebook,"R$ 800,00",1,,11m,Rio de Janeiro
4932,2024-06-11,Ana Clara,Feminino,Mouse,R$120,1,1200,,Rio de Janeiro
4933,2023/11/08,Carlos Lima,m,Monitor,"R$ 120,00",2,240,3h 41m,Porto Alegre
4934,2023-01-23, João Silva ,M,Teclado,R$3500,3,3600,2:39:21,Belo Horizonte
4935,18/08/24,Maria Souza,f,Notebook,R$120,1,120,130m,São Paulo
4936,13/09/23, Pedro Alves ,M,Notebook,1200,1,3500,1h 11m,Porto Alegre
4937,02-07-2023,,,Mouse,R$800,1,120,2h 2m,Porto Alegre
4938,23-12-2024, João Silva ,Masculino,Mouse,"R$ 800,00",2,133,175m,Curitiba
4939,18-10-2023,Ana Clara,M,Mouse,R$1200,3,2383,1:23:10,Rio de Janeiro
4940,27-11-2023,Maria Souza,Feminino,Cadeira,"R$ 3.500,00",2,2400,1h 46m,São Paulo
4941,28-07-2024, João Silva ,MASCULINO,Cadeira,800,1,3484,3h 51m,Porto Alegre
4942,28-01-2023, João Silva ,m,Notebook,R$120,1,,129m,Porto Alegre
4943,2023/08/12, João Silva ,Masculino,Monitor,R$50,3,360,47m,Belo Horizonte
4944,25/10/23,Maria Souza,m,Mouse,"R$ 50,00",2,100,117m,Porto Alegre
4945,16/04/24,,Masculino,Cadeira,"R$ 1.200,00",1,50,,Porto Alegre
4946,2024/09/26, Pedro Alves ,M,Monitor,"R$ 800,00",3,2400,,Belo Horizonte
4947,2024/02/08,,F,Monitor,3500,1,120,2h 47m,Rio de Janeiro
4948,03-01-2024, João Silva ,,Cadeira,R$800,1,800,2:34:23,Curitiba
4949,04-10-2024,,Feminino,Cadeira,"R$ 50,00",3,360,1h 25m,São Paulo
4950,2023/01/01,,,Notebook,800,3,,1:04:16,Rio de Janeiro
4951,2023/12/01,,F,Notebook,R$120,3,3600,,Porto Alegre
4952,02/12/24,Carlos Lima,m,Cadeira,R$120,2,7000,3h 31m,Belo Horizonte
4953,27/03/23, João Silva ,M,Monitor,R$120,3,10500,12m,Curitiba
4954,2023-10-16, Pedro Alves ,F,Mouse,R$800,1,1200,,São Paulo
4955,2023/09/19, João Silva ,Feminino,Mouse,1200,3,150,1:22:03,Rio de Janeiro
4956,2024-04-05,Maria Souza,M,Monitor,1200,2,7026,166m,Curitiba
4957,19/07/23,Carlos Lima,MASCULINO,Monitor,1200,3,,65m,Curitiba
4958,2023-04-25, Pedro Alves ,M,Notebook,1200,3,2400,104m,Curitiba
4959,2024-12-16,Maria Souza,Masculino,Cadeira,"R$ 1.200,00",1,120,0h 40m,São Paulo
4960,2023-02-14,Carlos Lima,M,Cadeira,1200,2,,,Curitiba
4961,2024/12/19,,MASCULINO,Teclado,R$120,2,240,119m,Rio de Janeiro
4962,2023-04-06,,Masculino,Cadeira,R$1200,2,2400,0h 52m,Rio de Janeiro
4963,16/02/23, Pedro Alves ,f,Cadeira,3500,3,2400,,Porto Alegre
4964,2023-05-25, João Silva ,Masculino,Notebook,R$1200,1,3500,1:57:39,Belo Horizonte
4965,14-11-2023,Carlos Lima,F,Notebook,1200,3,2400,0:46:39,Curitiba
4966,2024-09-17, João Silva ,F,Mouse,50,2,240,70m,Rio de Janeiro
4967,04/11/23,,Masculino,Teclado,R$120,1,3500,3h 1m,Curitiba
4968,2024/06/17, Pedro Alves ,m,Cadeira,"R$ 3.500,00",1,50,0h 40m,Porto Alegre
4969,20/05/23, Pedro Alves ,Masculino,Mouse,"R$ 1.200,00",3,,114m,São Paulo
4970,07/02/23,Maria Souza,Masculino,Mouse,"R$ 120,00",3,10500,,São Paulo
4971,12-10-2023,Carlos Lima,,Mouse,R$50,2,2400,102m,Belo Horizonte
4972,14/08/24,Carlos Lima,MASCULINO,Mouse,R$1200,3,2400,,Porto Alegre
4973,21/07/23,Ana Clara,m,Cadeira,R$800,2,,0:32:08,Porto Alegre
4974,07-10-2023,Maria Souza,f,Teclado,R$3500,1,3500,,Porto Alegre
4975,15/04/24, Pedro Alves ,,Monitor,1200,1,50,117m,São Paulo
4976,28/08/23, João Silva ,f,Teclado,R$1200,3,150,,Belo Horizonte
4977,14-03-2024,Maria Souza,M,Monitor,R$120,2,,,Rio de Janeiro
4978,05/06/24,Ana Clara,m,Notebook,800,1,,13m,São Paulo
4979,15/09/24,Ana Clara,,Monitor,R$120,2,2400,,São Paulo
4980,27-04-2024,Carlos Lima,m,Cadeira,"R$ 50,00",2,2400,,Belo Horizonte
4981,03/01/23, João Silva ,,Notebook,1200,1,800,72m,Rio de Janeiro
4982,2024-09-20,Maria Souza,MASCULINO,Cadeira,R$120,2,,116m,São Paulo
4983,2023/12/06,Carlos Lima,m,Teclado,3500,2,240,0:52:18,Porto Alegre
4984,25/03/24, Pedro Alves ,F,Monitor,"R$ 120,00",1,800,,Porto Alegre
4985,23/12/23, Pedro Alves ,M,Mouse,50,3,,,São Paulo
4986,2023/09/13, João Silva ,f,Teclado,"R$ 800,00",1,50,20m,Curitiba
4987,2024-02-18,,Masculino,Notebook,R$800,1,50,148m,Curitiba
4988,24-07-2024,Maria Souza,,Cadeira,R$800,1,50,0h 47m,Curitiba
4989,2024-12-06,Carlos Lima,F,Cadeira,"R$ 50,00",2,2400,1:19:00,Porto Alegre
4990,08/01/23, Pedro Alves ,Masculino,Notebook,"R$ 1.200,00",1,118,,Rio de Janeiro
4991,10-02-2023,Ana Clara,MASCULINO,Mouse,"R$ 50,00",3,10500,0h 34m,Curitiba
4992,2024-09-27,Carlos Lima,M,Teclado,120,2,7000,97m,São Paulo
4993,2023-05-09, Pedro Alves ,f,Monitor,50,1,,18m,São Paulo
4994,2024/05/04, João Silva ,MASCULINO,Cadeira,"R$ 3.500,00",1,3500,135m,Belo Horizonte
4995,2024/04/12,Maria Souza,f,Notebook,R$120,3,360,104m,Curitiba
4996,16-02-2024, João Silva ,m,Notebook,120,1,,,São Paulo
4997,2023/01/23,Carlos Lima,,Monitor,R$800,2,1600,38m,Belo Horizonte
4998,05/01/23,,MASCULINO,Monitor,R$120,2,240,169m,Belo Horizonte
4999,2024/04/13, João Silva ,MASCULINO,Monitor,R$800,1,90,0:52:01,Curitiba
5000,2024-11-20, João Silva ,Masculino,Monitor,"R$ 800,00",2,7000,0h 56m,São Paulo
5001,26-09-2023,Maria Souza,Feminino,Cadeira,R$1200,2,,176m,Belo Horizonte
5002,2023-04-13, João Silva ,Feminino,Notebook,"R$ 3.500,00",2,7000,173m,São Paulo
5003,21/07/24, João Silva ,,Mouse,"R$ 3.500,00",1,50,0:30:51,Rio de Janeiro
5004,2024/06/24,Ana Clara,f,Teclado,1200,1,50,,Curitiba
5005,2024-03-04,Maria Souza,Feminino,Notebook,3500,3,10479,,Rio de Janeiro
5006,2024-06-18, João Silva ,m,Notebook,R$3500,3,150,0h 44m,Curitiba
5007,08-02-2023,Carlos Lima,F,Teclado,"R$ 120,00",1,120,157m,Porto Alegre
5008,2023/10/18, João Silva ,m,Cadeira,R$120,2,7000,173m,Curitiba
5009,19-11-2023, Pedro Alves ,M,Monitor,"R$ 800,00",2,100,2:12:46,São Paulo
5010,2024/07/04, João Silva ,MASCULINO,Mouse,1200,2,7000,22m,Curitiba
5011,2023-11-13,Maria Souza,,Cadeira,R$1200,2,7018,175m,Porto Alegre
5012,08/11/23, Pedro Alves ,M,Teclado,"R$ 50,00",2,,80m,Belo Horizonte
5013,23-03-2023,Carlos Lima,m,Monitor,"R$ 1.200,00",3,2363,156m,Curitiba
5014,15-07-2023,Maria Souza,Feminino,Cadeira,R$120,3,3627,174m,Curitiba
5015,16-10-2023,Maria Souza,Masculino,Monitor,R$1200,3,150,,Curitiba
5016,2024/12/04, João Silva ,,Mouse,3500,2,240,,São Paulo
5017,2024/10/22,Carlos Lima,Masculino,Notebook,"R$ 3.500,00",3,10460,,Porto Alegre
5018,17-11-2023,,MASCULINO,Monitor,R$800,2,,1:52:31,Rio de Janeiro
5019,2024/04/22, Pedro Alves ,M,Mouse,50,3,150,,Belo Horizonte
5020,2023/12/02,,F,Mouse,800,3,2400,10m,Belo Horizonte
5021,2023-11-18,Maria Souza,,Cadeira,R$800,2,2400,177m,São Paulo
5022,06-10-2024,Maria Souza,M,Cadeira,"R$ 3.500,00",2,1600,0:55:00,Porto Alegre
5023,20/01/24,Maria Souza,F,Mouse,"R$ 120,00",3,10500,0:10:04,Belo Horizonte
5024,18/07/24,,m,Teclado,"R$ 3.500,00",1,3500,1:55:56,São Paulo
5025,2023/10/01, Pedro Alves ,MASCULINO,Monitor,R$120,1,800,1:28:53,Rio de Janeiro
5026,26/12/24,Ana Clara,m,Mouse,R$120,1,166,0h 10m,Belo Horizonte
5027,2024/04/08, João Silva ,Feminino,Notebook,"R$ 120,00",3,10500,,São Paulo
5028,2023-09-15,Maria Souza,Feminino,Cadeira,R$1200,1,,2h 37m,Rio de Janeiro
5029,2024-12-28,Carlos Lima,M,Notebook,"R$ 120,00",2,240,,Curitiba
5030,2023/11/09,Carlos Lima,f,Cadeira,"R$ 800,00",2,,144m,São Paulo
5031,26/05/23,Ana Clara,m,Mouse,"R$ 120,00",3,10500,,Rio de Janeiro
5032,2023-10-18, Pedro Alves ,Masculino,Cadeira,R$1200,2,2400,3h 19m,Porto Alegre
5033,03-12-2024,Maria Souza,F,Teclado,"R$ 120,00",2,,,São Paulo
5034,2024-02-15,Maria Souza,,Cadeira,R$50,1,1235,,Belo Horizonte
5035,23/07/23,,Masculino,Monitor,1200,3,182,152m,Curitiba
5036,2024-09-02,Maria Souza,MASCULINO,Teclado,3500,3,,1:56:58,Porto Alegre
5037,2023-11-25, Pedro Alves ,Masculino,Teclado,R$3500,1,800,2h 4m,Curitiba
5038,2024-03-08,,Feminino,Cadeira,"R$ 3.500,00",2,1600,,Belo Horizonte
5039,2023/03/11,Ana Clara,Feminino,Notebook,800,1,3491,0h 37m,Porto Alegre
5040,2024-06-05, João Silva ,Feminino,Teclado,R$3500,1,,2h 6m,Porto Alegre
5041,04-07-2024, João Silva ,f,Monitor,"R$ 50,00",1,,147m,Belo Horizonte
5042,2023/08/06, João Silva ,MASCULINO,Mouse,R$120,3,2400,0h 55m,Belo Horizonte
5043,2023-12-04,Maria Souza,m,Mouse,"R$ 3.500,00",2,240,1:47:28,Rio de Janeiro
5044,14-11-2023,Ana Clara,m,Mouse,"R$ 1.200,00",2,1564,180m,Rio de Janeiro
5045,28/06/23, João Silva ,,Teclado,R$1200,3,3600,156m,Rio de Janeiro
5046,2024-08-16,,F,Teclado,R$50,1,3500,3h 22m,Rio de Janeiro
5047,22/11/24, João Silva ,Masculino,Cadeira,"R$ 3.500,00",3,2400,1:39:58,Porto Alegre
5048,22-12-2024,Maria Souza,M,Mouse,R$120,3,,2h 10m,Curitiba
5049,06-09-2024,Maria Souza,F,Teclado,R$120,3,,1:57:36,Belo Horizonte
5050,2023-10-24, Pedro Alves ,Masculino,Teclado,"R$ 120,00",3,3600,,Curitiba
5051,06-01-2024,Maria Souza,m,Notebook,R$50,2,7000,170m,São Paulo
5052,05/09/24, Pedro Alves ,M,Notebook,3500,1,3500,,São Paulo
5053,06-01-2023,Ana Clara,m,Monitor,R$50,2,1600,99m,Rio de Janeiro
5054,20/02/23, João Silva ,F,Notebook,120,3,2400,3h 38m,Rio de Janeiro
5055,2023/08/24,,Masculino,Teclado,"R$ 800,00",3,,2:37:18,Belo Horizonte
5056,27-09-2024, Pedro Alves ,Feminino,Mouse,3500,3,10500,1:36:23,Belo Horizonte
5057,2023/02/19,Ana Clara,Masculino,Monitor,R$3500,3,360,0h 26m,Belo Horizonte
5058,21/11/23, Pedro Alves ,f,Monitor,"R$ 50,00",2,100,1:21:47,Rio de Janeiro
5059,27/02/23,Maria Souza,f,Monitor,"R$ 800,00",2,129,1h 6m,Curitiba
5060,2023/05/15, João Silva ,f,Monitor,800,2,203,,Rio de Janeiro
5061,25/12/23,Maria Souza,F,Notebook,R$3500,3,3600,,Rio de Janeiro
5062,12-05-2023,Maria Souza,m,Monitor,"R$ 120,00",2,2400,0:11:07,São Paulo
5063,18/07/23,,,Notebook,"R$ 3.500,00",2,240,,Curitiba
5064,2023-11-06, João Silva ,F,Notebook,120,3,10500,0h 55m,Rio de Janeiro
5065,25-08-2023,Maria Souza,F,Cadeira,50,1,50,3h 7m,Porto Alegre
5066,27/01/23,Carlos Lima,F,Cadeira,"R$ 800,00",3,10500,,Curitiba
5067,2023/10/07, Pedro Alves ,M,Teclado,R$800,2,100,,Belo Horizonte
5068,24-01-2023,Carlos Lima,Masculino,Cadeira,R$120,1,120,0h 54m,Belo Horizonte
5069,24-12-2023, João Silva ,f,Cadeira,3500,1,800,3h 22m,São Paulo
5070,2023-09-07,Ana Clara,,Teclado,R$50,1,1200,,São Paulo
5071,2024/04/23, João Silva ,Masculino,Notebook,R$1200,1,3454,,Rio de Janeiro
5072,2024/07/18, João Silva ,M,Monitor,R$120,3,2400,,Porto Alegre
5073,11-09-2023, Pedro Alves ,Masculino,Cadeira,R$120,1,50,1:44:31,Belo Horizonte
5074,2024-12-17,Maria Souza,Feminino,Mouse,R$800,2,1550,1h 17m,Curitiba
5075,12-05-2023,Maria Souza,Feminino,Monitor,"R$ 50,00",3,150,40m,Belo Horizonte
5076,11/08/23,Ana Clara,M,Mouse,R$800,2,2400,40m,São Paulo
5077,2023/11/06,,M,Notebook,"R$ 1.200,00",2,98,,Belo Horizonte
5078,2023/09/19,Carlos Lima,Feminino,Cadeira,R$1200,3,2400,,Curitiba
5079,2024-05-01,Maria Souza,Feminino,Teclado,1200,3,,2h 25m,Belo Horizonte
5080,2024/10/03,Maria Souza,Feminino,Monitor,800,2,,85m,Rio de Janeiro
5081,06/05/24, João Silva ,Feminino,Teclado,800,1,120,,Curitiba
5082,2024/04/13,Ana Clara,MASCULINO,Notebook,120,1,120,,São Paulo
5083,2024-11-13,,Feminino,Notebook,50,1,120,1h 7m,Porto Alegre
5084,2024/11/05,Ana Clara,Masculino,Mouse,3500,2,2400,2h 0m,São Paulo
5085,2023-11-10,Ana Clara,Masculino,Cadeira,R$120,3,,134m,Porto Alegre
5086,06-06-2023, Pedro Alves ,,Notebook,800,2,1600,,Porto Alegre
5087,2023-07-16, Pedro Alves ,M,Teclado,"R$ 3.500,00",1,1200,0h 40m,Belo Horizonte
5088,21/04/23,,m,Monitor,"R$ 50,00",1,120,0:37:54,Porto Alegre
5089,14/03/24,Carlos Lima,m,Cadeira,R$800,1,1200,1:27:47,Rio de Janeiro
5090,17/09/24,Carlos Lima,f,Notebook,"R$ 800,00",1,,42m,Curitiba
5091,16/07/23, João Silva ,M,Notebook,"R$ 50,00",2,6989,1:13:33,Curitiba
5092,2023-01-11,,M,Monitor,R$3500,1,,1h 22m,Curitiba
5093,2023/08/27,Maria Souza,MASCULINO,Mouse,"R$ 50,00",1,,2:04:32,Belo Horizonte
5094,2023/07/20,,Masculino,Notebook,"R$ 120,00",3,3600,,Belo Horizonte
5095,2023/03/02,Ana Clara,f,Cadeira,R$800,3,2400,173m,Rio de Janeiro
5096,2024-05-09, João Silva ,m,Mouse,"R$ 50,00",2,240,0h 49m,Belo Horizonte
5097,28-01-2023,Ana Clara,,Mouse,50,3,10500,0:08:05,Curitiba
5098,2024/05/19,,Feminino,Notebook,"R$ 50,00",1,1200,2:16:39,Porto Alegre
5099,2024-03-02,,MASCULINO,Notebook,"R$ 50,00",3,10500,115m,Curitiba
5100,22-06-2024,Carlos Lima,Feminino,Mouse,"R$ 1.200,00",1,,120m,Curitiba
5101,10/12/24,Maria Souza,Masculino,Monitor,R$120,3,10500,44m,Belo Horizonte
5102,2023/11/15,,m,Teclado,3500,3,150,1h 50m,Belo Horizonte
5103,16-05-2023,Carlos Lima,,Mouse,3500,1,120,,Belo Horizonte
5104,13-05-2024,Maria Souza,MASCULINO,Mouse,R$50,1,1200,0:23:46,Belo Horizonte
5105,2024-01-14, Pedro Alves ,MASCULINO,Teclado,R$120,1,50,,Belo Horizonte
5106,21-10-2024,Carlos Lima,m,Mouse,"R$ 800,00",2,1600,31m,São Paulo
5107,10/11/23,Ana Clara,f,Cadeira,3500,2,240,1:05:53,Porto Alegre
5108,21/10/24, Pedro Alves ,M,Notebook,"R$ 3.500,00",2,105,,Porto Alegre
5109,2024/03/05,Carlos Lima,Feminino,Notebook,1200,2,100,2h 6m,São Paulo
5110,2023-10-17,Carlos Lima,MASCULINO,Notebook,120,2,100,,Porto Alegre
5111,27/03/23,Carlos Lima,Masculino,Notebook,R$1200,3,3600,,Belo Horizonte
5112,01/05/24, Pedro Alves ,F,Mouse,"R$ 800,00",3,,,Curitiba
5113,2023/09/15, João Silva ,M,Notebook,R$1200,3,100,2:24:26,Porto Alegre
5114,22-06-2023,Carlos Lima,,Mouse,"R$ 120,00",3,150,55m,Porto Alegre
5115,2023-05-01,Ana Clara,M,Notebook,800,3,3600,2h 44m,Curitiba
5116,28/06/24, Pedro Alves ,M,Monitor,"R$ 800,00",2,,1:58:17,Curitiba
5117,2023-02-03,Carlos Lima,Masculino,Mouse,3500,1,,,Rio de Janeiro
5118,2024-09-08, João Silva ,Feminino,Teclado,R$120,3,10500,0:32:56,São Paulo
5119,2023-03-23,Carlos Lima,F,Teclado,3500,1,1200,,Belo Horizonte
5120,26/09/24,Carlos Lima,Masculino,Notebook,"R$ 800,00",2,2372,2h 1m,São Paulo
5121,12-03-2023, João Silva ,M,Mouse,R$3500,1,756,,Belo Horizonte
5122,2024-11-14, João Silva ,MASCULINO,Teclado,R$3500,3,10500,,São Paulo
5123,2023-03-01, Pedro Alves ,,Notebook,120,1,800,3h 21m,Belo Horizonte
5124,2024/10/23, João Silva ,,Teclado,"R$ 120,00",2,240,157m,Curitiba
5125,2023/07/13,,Feminino,Teclado,"R$ 120,00",3,360,,São Paulo
5126,22-10-2024,,MASCULINO,Notebook,R$50,2,1600,2h 19m,Belo Horizonte
5127,22-09-2023,Maria Souza,M,Notebook,"R$ 800,00",3,10500,104m,Rio de Janeiro
5128,2024/10/19,,,Notebook,50,2,,,São Paulo
5129,12/04/24, Pedro Alves ,MASCULINO,Cadeira,"R$ 3.500,00",1,800,0:48:59,Rio de Janeiro
5130,10-03-2023,,F,Teclado,R$800,3,2400,162m,Belo Horizonte
5131,2023-03-21,Carlos Lima,MASCULINO,Notebook,120,1,1200,127m,São Paulo
5132,2024/01/10, Pedro Alves ,m,Teclado,"R$ 800,00",3,10507,11m,Rio de Janeiro
5133,27/05/24,Maria Souza,Feminino,Teclado,"R$ 50,00",2,,2h 49m,Porto Alegre
5134,2023/03/14,Ana Clara,MASCULINO,Monitor,50,2,,1:18:28,Rio de Janeiro
5135,2023-10-02, João Silva ,m,Teclado,R$800,2,7000,2h 6m,Porto Alegre
5136,21-03-2023,Maria Souza,m,Teclado,R$50,2,7000,135m,São Paulo
5137,2023-06-22,Carlos Lima,MASCULINO,Notebook,"R$ 1.200,00",2,1624,117m,São Paulo
5138,2024/10/03,Maria Souza,MASCULINO,Teclado,R$120,1,800,,Porto Alegre
5139,2024-03-14,Maria Souza,m,Monitor,"R$ 120,00",1,120,1h 37m,Porto Alegre
5140,2024-04-22, João Silva ,MASCULINO,Notebook,"R$ 50,00",2,1600,,São Paulo
5141,2023-06-21,Maria Souza,M,Cadeira,1200,3,348,,Porto Alegre
5142,11/08/24,Maria Souza,f,Mouse,"R$ 800,00",1,,2:27:17,Rio de Janeiro
5143,2024-11-25,Ana Clara,,Mouse,R$800,1,800,3h 28m,São Paulo
5144,2023/11/04,Ana Clara,F,Mouse,800,1,1243,1:16:04,Belo Horizonte
5145,18-11-2023,Maria Souza,F,Mouse,"R$ 50,00",1,0,124m,São Paulo
5146,2024/02/10,,Masculino,Cadeira,R$120,3,,1:52:03,Porto Alegre
5147,25-10-2023, João Silva ,F,Notebook,"R$ 800,00",1,1200,0:58:56,Rio de Janeiro
5148,2024-09-25,Carlos Lima,Feminino,Monitor,R$50,3,10528,,Curitiba
5149,14/10/24, João Silva ,M,Mouse,"R$ 800,00",1,800,,Rio de Janeiro
5150,2023/01/19, Pedro Alves ,,Cadeira,R$120,2,100,0:57:51,Curitiba
5151,01/04/24, João Silva ,M,Monitor,1200,3,3571,0h 40m,Porto Alegre
5152,28/08/23, João Silva ,,Cadeira,R$50,3,360,0h 16m,Porto Alegre
5153,12-05-2023,Maria Souza,,Notebook,"R$ 3.500,00",1,,,Curitiba
5154,07/04/23,Carlos Lima,Feminino,Monitor,R$3500,2,2379,15m,Porto Alegre
5155,15/03/23,,,Cadeira,"R$ 120,00",1,120,,Porto Alegre
5156,2023-02-03,Carlos Lima,Masculino,Notebook,50,2,240,1h 52m,São Paulo
5157,24/04/24,Maria Souza,f,Mouse,1200,2,2400,,Curitiba
5158,2023-01-16,Ana Clara,m,Notebook,120,1,3533,1:10:57,Rio de Janeiro
5159,2023-04-21, Pedro Alves ,F,Notebook,R$50,3,,,Curitiba
5160,2024-07-02,Carlos Lima,Feminino,Notebook,800,2,2400,76m,Porto Alegre
5161,05-07-2023,,M,Monitor,50,1,3500,,Porto Alegre
5162,13/06/23,,M,Mouse,R$3500,1,,25m,Rio de Janeiro
5163,2023-02-19, João Silva ,MASCULINO,Monitor,"R$ 800,00",2,7000,72m,Porto Alegre
5164,03/10/24,Ana Clara,Masculino,Mouse,"R$ 50,00",1,1200,0h 31m,Porto Alegre
5165,23/01/23,Carlos Lima,f,Mouse,"R$ 800,00",3,2400,,Belo Horizonte
5166,2023-03-09, João Silva ,Masculino,Mouse,50,1,800,3h 18m,São Paulo
5167,2023-08-18, João Silva ,MASCULINO,Cadeira,R$120,3,10484,77m,Rio de Janeiro
5168,04/09/24,Ana Clara,M,Notebook,1200,3,10500,2:30:17,São Paulo
5169,26-11-2023,,m,Teclado,R$1200,2,100,2h 48m,São Paulo
5170,27/11/23, João Silva ,f,Notebook,R$50,2,1600,86m,Belo Horizonte
5171,2024-12-24,,Feminino,Notebook,R$50,1,800,2:36:19,Curitiba
5172,15-05-2023,,MASCULINO,Teclado,800,1,50,2:58:11,Porto Alegre
5173,2024/11/02, Pedro Alves ,m,Monitor,1200,1,1200,3h 51m,Belo Horizonte
5174,2024-01-04,Ana Clara,Masculino,Notebook,"R$ 50,00",3,,170m,São Paulo
5175,2024-05-10,Carlos Lima,f,Notebook,"R$ 120,00",1,1200,1h 6m,Rio de Janeiro
5176,25-06-2023,Carlos Lima,f,Monitor,R$50,1,800,123m,Belo Horizonte
5177,2024-08-04,Carlos Lima,Masculino,Monitor,R$50,3,,2:10:36,São Paulo
5178,2024/11/18,Carlos Lima,Feminino,Teclado,50,2,1600,,Belo Horizonte
5179,2023-08-24,Carlos Lima,F,Monitor,R$50,2,224,12m,Rio de Janeiro
5180,2024-09-11,Carlos Lima,MASCULINO,Monitor,50,1,,0h 36m,Belo Horizonte
5181,2023-06-02,Carlos Lima,f,Teclado,50,1,3500,34m,Rio de Janeiro
5182,06/03/23,,,Mouse,3500,1,800,2h 43m,São Paulo
5183,2024/01/10,Maria Souza,f,Cadeira,R$3500,3,10500,,Curitiba
5184,16-03-2024,Carlos Lima,Masculino,Monitor,1200,2,87,1:49:13,Curitiba
5185,11/09/24,Ana Clara,f,Mouse,50,1,50,2h 54m,Porto Alegre
5186,2023-07-17, Pedro Alves ,f,Monitor,"R$ 800,00",2,240,1:11:43,Belo Horizonte
5187,2023/08/17, Pedro Alves ,Masculino,Mouse,"R$ 800,00",1,800,,Porto Alegre
5188,2024/12/17,,Masculino,Monitor,3500,3,3628,,Belo Horizonte
5189,2024-03-21,Ana Clara,M,Teclado,800,2,1600,3h 26m,Porto Alegre
5190,2024/03/24,Ana Clara,f,Teclado,R$3500,3,10500,0:30:54,Rio de Janeiro
5191,2024/02/07,Maria Souza,m,Cadeira,R$800,2,,1h 28m,São Paulo
5192,18-02-2023, João Silva ,m,Mouse,3500,2,2400,0h 0m,Porto Alegre
5193,2024-09-27,Ana Clara,Masculino,Notebook,"R$ 50,00",3,3600,0h 10m,Curitiba
5194,22-06-2024,Maria Souza,Feminino,Monitor,"R$ 120,00",1,50,0:54:11,São Paulo
5195,2024-09-10,Carlos Lima,Feminino,Monitor,"R$ 800,00",2,2400,3h 11m,Belo Horizonte
5196,16/06/23,Carlos Lima,M,Mouse,"R$ 3.500,00",3,,96m,Belo Horizonte
5197,17/06/24,Carlos Lima,,Notebook,"R$ 3.500,00",2,7000,2:12:57,São Paulo
5198,2024/05/01,Maria Souza,Feminino,Mouse,"R$ 1.200,00",2,,117m,São Paulo
5199,2023/09/28, João Silva ,MASCULINO,Cadeira,3500,1,50,3h 22m,Porto Alegre
5200,2023/12/01,Ana Clara,F,Cadeira,1200,2,1600,2h 15m,Porto Alegre
5201,15/07/24,,MASCULINO,Notebook,"R$ 800,00",1,,2h 9m,São Paulo
5202,2023/08/15, Pedro Alves ,,Teclado,"R$ 50,00",1,91,,Porto Alegre
5203,04-07-2024, Pedro Alves ,m,Mouse,R$120,2,,0:44:57,Rio de Janeiro
5204,2023/06/15, João Silva ,Masculino,Mouse,"R$ 3.500,00",2,2400,,Rio de Janeiro
5205,25/03/23, João Silva ,M,Cadeira,"R$ 3.500,00",1,1200,3h 15m,Belo Horizonte
5206,2024-12-01,,Masculino,Notebook,50,3,150,133m,Belo Horizonte
5207,2024/08/20,Ana Clara,Feminino,Monitor,R$120,3,,1:39:18,São Paulo
5208,19/10/24,,MASCULINO,Monitor,3500,1,,89m,Curitiba
5209,23/05/24,Maria Souza,f,Teclado,"R$ 120,00",2,7000,2h 55m,Rio de Janeiro
5210,2024/10/20, João Silva ,M,Monitor,R$1200,3,,0h 18m,Belo Horizonte
5211,2023/03/02,,Masculino,Monitor,R$800,2,,2:16:53,Belo Horizonte
5212,2023/02/14, Pedro Alves ,MASCULINO,Teclado,"R$ 800,00",3,3600,2h 16m,Rio de Janeiro
5213,2023/02/26,Ana Clara,F,Cadeira,"R$ 120,00",2,6962,1h 15m,Belo Horizonte
5214,11/04/23,Carlos Lima,M,Monitor,800,3,,,Belo Horizonte
5215,03-10-2024,Carlos Lima,MASCULINO,Monitor,"R$ 1.200,00",3,2400,1h 9m,Porto Alegre
5216,2023/11/18, João Silva ,Feminino,Teclado,3500,3,3600,3h 26m,Curitiba
5217,03/09/24,Carlos Lima,,Notebook,"R$ 800,00",1,800,1:58:50,Curitiba
5218,02/07/23,Maria Souza,Masculino,Cadeira,120,3,150,173m,Porto Alegre
5219,2024/07/09, Pedro Alves ,Masculino,Cadeira,R$1200,2,7000,,Porto Alegre
5220,25/07/23, João Silva ,Masculino,Teclado,1200,1,800,1:58:30,São Paulo
5221,02-10-2024,Carlos Lima,f,Notebook,800,1,1200,0h 4m,Curitiba
5222,2024/03/11,Maria Souza,f,Cadeira,50,3,3583,118m,Curitiba
5223,21-06-2023,Carlos Lima,Masculino,Notebook,R$1200,3,2400,,Rio de Janeiro
5224,2023/07/16,,M,Teclado,3500,1,3500,1:38:53,Porto Alegre
5225,20/01/24,,m,Cadeira,R$800,1,1200,160m,Belo Horizonte
5226,26/06/23, Pedro Alves ,Masculino,Teclado,50,3,10500,1h 10m,Belo Horizonte
5227,2023-06-21, João Silva ,F,Mouse,1200,1,1200,2:44:24,Belo Horizonte
5228,2023-10-22,Carlos Lima,f,Cadeira,R$3500,3,150,,Curitiba
5229,2024-07-15,,Masculino,Monitor,R$3500,1,,,Belo Horizonte
5230,10/07/23,Maria Souza,Masculino,Cadeira,"R$ 120,00",2,1600,,Belo Horizonte
5231,2023/07/05,,,Cadeira,"R$ 50,00",1,,0:56:30,Belo Horizonte
5232,2023/06/10,Ana Clara,m,Notebook,R$800,2,2400,50m,Belo Horizonte
5233,2024-02-26,Carlos Lima,m,Notebook,800,2,2400,,Belo Horizonte
5234,2023-03-12, Pedro Alves ,Feminino,Teclado,"R$ 3.500,00",2,7006,178m,Rio de Janeiro
5235,2023/03/05,Ana Clara,f,Mouse,R$1200,3,3600,,São Paulo
5236,15/11/24,Maria Souza,MASCULINO,Notebook,"R$ 120,00",1,3500,152m,Belo Horizonte
5237,10/10/23, João Silva ,m,Mouse,120,2,279,,Rio de Janeiro
5238,24/07/24, João Silva ,f,Cadeira,"R$ 1.200,00",3,123,0:24:12,Belo Horizonte
5239,2023/08/12,Maria Souza,,Notebook,120,2,100,,Belo Horizonte
5240,2024-03-28,,MASCULINO,Mouse,"R$ 50,00",1,50,3h 45m,Belo Horizonte
5241,20-09-2024, Pedro Alves ,MASCULINO,Monitor,R$50,2,,,Rio de Janeiro
5242,20/12/24, Pedro Alves ,Feminino,Teclado,"R$ 800,00",1,120,,Belo Horizonte
5243,2024/06/07,Maria Souza,MASCULINO,Mouse,"R$ 800,00",1,,,Belo Horizonte
5244,07/09/24,Maria Souza,Feminino,Cadeira,800,3,10500,,Rio de Janeiro
5245,25-11-2023,Carlos Lima,,Mouse,120,3,,2:36:50,Belo Horizonte
5246,13-04-2024,Carlos Lima,f,Monitor,R$1200,3,,,Belo Horizonte
5247,07-12-2024,,Masculino,Teclado,120,3,,,São Paulo
5248,27-11-2024, Pedro Alves ,M,Mouse,120,1,50,3h 1m,Porto Alegre
5249,16-10-2024,Carlos Lima,F,Teclado,R$3500,3,,0h 33m,Curitiba
5250,12-09-2024,Carlos Lima,F,Monitor,800,3,150,2h 16m,Belo Horizonte
5251,2023/01/24,Maria Souza,M,Cadeira,"R$ 3.500,00",1,,1:53:39,Porto Alegre
5252,25/01/23, João Silva ,F,Notebook,R$50,2,100,,Rio de Janeiro
5253,2023-08-08,Maria Souza,,Monitor,50,1,120,,Rio de Janeiro
5254,2023/08/14, João Silva ,f,Cadeira,"R$ 50,00",3,2400,0h 11m,São Paulo
5255,2024/07/21,Ana Clara,Masculino,Teclado,"R$ 800,00",1,,,São Paulo
5256,2023/06/15,,Masculino,Notebook,R$120,3,,,Porto Alegre
5257,2024/01/16,,f,Mouse,"R$ 120,00",1,800,0:23:04,São Paulo
5258,2023/10/25,,Feminino,Cadeira,"R$ 800,00",3,150,2:05:02,Porto Alegre
5259,2023/10/17,Carlos Lima,F,Mouse,800,1,3550,,Rio de Janeiro
5260,2023/05/08,Ana Clara,,Mouse,3500,3,10500,2:16:39,Curitiba
5261,2024-11-03,Carlos Lima,MASCULINO,Teclado,R$3500,2,240,1:26:13,Porto Alegre
5262,05/10/23, Pedro Alves ,Masculino,Teclado,"R$ 800,00",3,,88m,Porto Alegre
5263,16-08-2023,Ana Clara,M,Teclado,"R$ 50,00",3,,107m,Porto Alegre
5264,2024/06/08, João Silva ,Masculino,Monitor,1200,3,,0:23:14,São Paulo
5265,2024/05/18, Pedro Alves ,MASCULINO,Cadeira,"R$ 50,00",3,150,1:35:26,Rio de Janeiro
5266,01-09-2023, Pedro Alves ,,Teclado,1200,2,,0h 39m,Porto Alegre
5267,2023/02/13, João Silva ,Feminino,Notebook,3500,1,3500,3h 49m,Curitiba
5268,13-09-2024, João Silva ,Masculino,Cadeira,"R$ 50,00",1,3502,0:46:15,Curitiba
5269,01-07-2024,Maria Souza,M,Cadeira,"R$ 3.500,00",1,800,1h 12m,Curitiba
5270,2024/10/01,Ana Clara,,Mouse,"R$ 800,00",1,50,,Porto Alegre
5271,2023-05-23,Ana Clara,F,Notebook,3500,3,2400,1h 13m,Belo Horizonte
5272,2023/03/16,Maria Souza,MASCULINO,Monitor,120,3,410,,Curitiba
5273,23/08/23,Carlos Lima,F,Monitor,"R$ 800,00",1,3500,1:10:38,São Paulo
5274,12-05-2024, João Silva ,MASCULINO,Monitor,R$3500,3,2400,,Porto Alegre
5275,25/01/24,Ana Clara,,Notebook,R$1200,2,6977,,Porto Alegre
5276,2024/08/11, João Silva ,F,Monitor,1200,2,139,,Rio de Janeiro
5277,13/11/23, João Silva ,M,Notebook,"R$ 1.200,00",2,1600,2h 36m,Belo Horizonte
5278,14-07-2023,Ana Clara,Feminino,Monitor,"R$ 800,00",3,10500,2:41:10,Porto Alegre
5279,2023-02-27,Maria Souza,,Cadeira,800,1,3500,2h 24m,Porto Alegre
5280,23-05-2023,,F,Mouse,R$50,3,10500,,Curitiba
5281,18-10-2024, João Silva ,,Notebook,"R$ 120,00",3,10454,,Belo Horizonte
5282,2024/06/24,Carlos Lima,Masculino,Teclado,"R$ 50,00",1,,,Rio de Janeiro
5283,2023-06-17,Ana Clara,Masculino,Mouse,R$800,1,,,São Paulo
5284,2023/01/25,Ana Clara,f,Teclado,"R$ 800,00",3,3565,0h 28m,Curitiba
5285,2023-08-28, Pedro Alves ,,Monitor,"R$ 3.500,00",3,2409,,Porto Alegre
5286,2023-11-16,Ana Clara,F,Monitor,800,2,1600,1h 22m,Curitiba
5287,19-07-2023,,m,Notebook,"R$ 3.500,00",1,120,1:10:52,Porto Alegre
5288,20/07/23, João Silva ,,Cadeira,R$50,1,50,3h 43m,Rio de Janeiro
5289,2024/01/10, Pedro Alves ,M,Teclado,R$800,1,50,,Belo Horizonte
5290,2023/02/23, Pedro Alves ,f,Cadeira,800,2,100,,Porto Alegre
5291,2023/12/01,Carlos Lima,Masculino,Notebook,R$800,2,2400,170m,Rio de Janeiro
5292,2023-05-05,Ana Clara,,Notebook,"R$ 800,00",3,10500,103m,Porto Alegre
5293,2023-09-17, João Silva ,M,Notebook,1200,3,2400,34m,Porto Alegre
5294,04/04/23,Ana Clara,Feminino,Monitor,"R$ 1.200,00",3,123,0:52:06,Porto Alegre
5295,2024/03/07,Carlos Lima,f,Cadeira,"R$ 1.200,00",3,,,São Paulo
5296,2024-11-02,Carlos Lima,Masculino,Monitor,R$3500,1,,99m,Rio de Janeiro
5297,2024/07/17, Pedro Alves ,Feminino,Teclado,R$1200,1,3500,2:33:56,Rio de Janeiro
5298,12/09/23,Ana Clara,Feminino,Notebook,R$1200,3,,,Porto Alegre
5299,05/03/24,Maria Souza,MASCULINO,Cadeira,800,3,2400,47m,Rio de Janeiro
5300,20-10-2024, Pedro Alves ,f,Mouse,1200,3,3602,,Belo Horizonte
5301,2024-02-11,Maria Souza,f,Monitor,R$800,2,1600,2:38:52,Rio de Janeiro
5302,14-05-2023, João Silva ,Feminino,Teclado,"R$ 3.500,00",3,2404,2h 40m,Belo Horizonte
5303,28-07-2024,Ana Clara,f,Notebook,R$1200,3,150,,Curitiba
5304,2024/05/20,,F,Notebook,R$3500,3,,2h 51m,Rio de Janeiro
5305,09/10/23,Carlos Lima,Feminino,Monitor,"R$ 3.500,00",2,240,3h 51m,Belo Horizonte
5306,2024-08-13,,Masculino,Cadeira,R$800,3,3600,2:08:54,Curitiba
5307,14-02-2024,Ana Clara,,Teclado,1200,2,,36m,Rio de Janeiro
5308,20/02/24, Pedro Alves ,m,Cadeira,R$1200,2,240,1h 9m,São Paulo
5309,03-02-2024, Pedro Alves ,m,Notebook,R$3500,1,21,108m,São Paulo
5310,2023-12-02,Carlos Lima,Feminino,Mouse,R$800,2,,,Belo Horizonte
5311,2023/05/11,Carlos Lima,F,Monitor,R$120,1,1200,2h 33m,Rio de Janeiro
5312,06/10/23,,Feminino,Teclado,"R$ 1.200,00",1,800,122m,Belo Horizonte
5313,2023-05-02, João Silva ,,Monitor,R$800,1,50,1h 36m,Belo Horizonte
5314,17-06-2023, João Silva ,Feminino,Teclado,50,2,2400,0:31:40,Curitiba
5315,2023-11-03, Pedro Alves ,,Teclado,R$800,1,1200,1:40:29,Belo Horizonte
5316,2023/10/09, Pedro Alves ,Masculino,Notebook,"R$ 3.500,00",2,,1h 49m,Curitiba
5317,02-09-2024,,M,Teclado,"R$ 1.200,00",1,3525,142m,Curitiba
5318,2023/09/01,Carlos Lima,,Cadeira,R$50,2,1600,,Belo Horizonte
5319,22-05-2023,Ana Clara,Masculino,Monitor,"R$ 800,00",2,7038,2h 46m,Curitiba
5320,13/07/24, João Silva ,f,Mouse,"R$ 800,00",1,1200,0:48:11,Belo Horizonte
5321,04/01/24, João Silva ,Masculino,Mouse,R$800,2,290,,Belo Horizonte
5322,18-03-2024, Pedro Alves ,f,Mouse,120,1,50,,Belo Horizonte
5323,2023-01-14,,MASCULINO,Cadeira,R$120,2,240,149m,Belo Horizonte
5324,04/06/24,,f,Mouse,"R$ 3.500,00",1,796,2h 22m,Belo Horizonte
5325,2024/01/08,Maria Souza,m,Cadeira,"R$ 3.500,00",1,,3h 12m,São Paulo
5326,2023-03-02, João Silva ,Feminino,Mouse,"R$ 800,00",2,,0:19:01,São Paulo
5327,11-02-2023, Pedro Alves ,,Notebook,R$1200,2,86,90m,Belo Horizonte
5328,11-10-2024, Pedro Alves ,,Notebook,"R$ 800,00",3,360,121m,Belo Horizonte
5329,26-08-2024,,M,Monitor,"R$ 3.500,00",2,,116m,São Paulo
5330,2024-09-08,Carlos Lima,f,Mouse,800,1,120,,Curitiba
5331,12/01/24,Ana Clara,M,Teclado,R$120,3,,2:24:06,Porto Alegre
5332,09/02/24,,F,Mouse,"R$ 1.200,00",1,120,,Porto Alegre
5333,22-01-2024,,Masculino,Monitor,800,1,1200,,São Paulo
5334,2024-03-01, João Silva ,f,Notebook,1200,2,1600,0:11:06,Belo Horizonte
5335,18/01/23, Pedro Alves ,m,Mouse,"R$ 120,00",3,,,Curitiba
5336,05-03-2023,Ana Clara,f,Cadeira,R$50,3,150,91m,Rio de Janeiro
5337,04/09/23,Carlos Lima,m,Notebook,1200,3,2400,1h 30m,Curitiba
5338,2024-04-16,Carlos Lima,MASCULINO,Notebook,120,2,,1h 28m,São Paulo
5339,2024/10/15, Pedro Alves ,,Mouse,50,1,120,1h 34m,São Paulo
5340,11-03-2023,,F,Notebook,"R$ 120,00",2,,100m,Belo Horizonte
5341,2023/06/04,Carlos Lima,m,Monitor,3500,2,2400,2:31:52,Belo Horizonte
5342,13-06-2023,Maria Souza,MASCULINO,Monitor,R$800,3,,1:28:28,Rio de Janeiro
5343,27/08/24, Pedro Alves ,MASCULINO,Mouse,"R$ 50,00",2,240,1:04:38,Curitiba
5344,20-07-2023,Ana Clara,Feminino,Notebook,800,2,2393,91m,Curitiba
5345,04-02-2023, João Silva ,F,Teclado,120,1,1200,2:31:26,Rio de Janeiro
5346,11/02/24, João Silva ,M,Mouse,R$1200,3,2439,0h 54m,Rio de Janeiro
5347,03-06-2024,,Feminino,Mouse,50,2,2400,2h 36m,Belo Horizonte
5348,2023/10/05,Maria Souza,m,Teclado,"R$ 800,00",2,233,115m,Porto Alegre
5349,19/05/23, Pedro Alves ,F,Cadeira,"R$ 3.500,00",1,800,0:21:45,Porto Alegre
5350,15-04-2024,Carlos Lima,MASCULINO,Monitor,120,2,240,,Porto Alegre
5351,2023/03/01, João Silva ,F,Notebook,"R$ 1.200,00",3,150,10m,São Paulo
5352,2023/02/18, João Silva ,Masculino,Notebook,"R$ 50,00",1,120,2:53:14,Curitiba
5353,21-03-2024,Ana Clara,F,Notebook,R$1200,3,140,,São Paulo
5354,2023/07/08, João Silva ,f,Mouse,"R$ 800,00",1,,174m,São Paulo
5355,17-02-2024,Maria Souza,F,Monitor,R$50,1,,,Rio de Janeiro
5356,2024-03-13,Ana Clara,MASCULINO,Monitor,R$800,2,240,1:06:05,Curitiba
5357,2023-02-09,,,Cadeira,"R$ 50,00",1,,2h 44m,Porto Alegre
5358,2024-01-27,Maria Souza,Masculino,Teclado,120,2,2400,3h 41m,Rio de Janeiro
5359,2024-07-04,Ana Clara,f,Notebook,R$50,3,2400,0h 25m,Rio de Janeiro
5360,2024-10-28,Maria Souza,Masculino,Teclado,"R$ 3.500,00",2,100,1:05:10,Porto Alegre
5361,2024/07/19,Maria Souza,F,Teclado,R$120,3,10500,,São Paulo
5362,2024/07/23,Carlos Lima,f,Notebook,"R$ 3.500,00",2,100,,São Paulo
5363,2023-10-16, Pedro Alves ,F,Cadeira,R$1200,1,93,3h 53m,São Paulo
5364,02-01-2023,,MASCULINO,Teclado,R$50,1,50,47m,Curitiba
5365,08/04/24, Pedro Alves ,f,Monitor,"R$ 800,00",2,2368,,São Paulo
5366,01-02-2024,Ana Clara,F,Mouse,3500,1,800,2h 37m,Rio de Janeiro
5367,26/01/24,Carlos Lima,Masculino,Monitor,1200,2,240,,Curitiba
5368,26-11-2023,Carlos Lima,m,Teclado,R$50,2,2368,,Rio de Janeiro
5369,2024-05-24, João Silva ,MASCULINO,Mouse,R$120,2,1600,0h 5m,São Paulo
5370,2024/05/22,Maria Souza,m,Monitor,R$800,1,800,,Rio de Janeiro
5371,2023/04/28,Carlos Lima,f,Teclado,R$800,2,1600,154m,Rio de Janeiro
5372,2024/06/22,Carlos Lima,M,Cadeira,R$800,3,3600,0:44:49,São Paulo
5373,06-06-2023, João Silva ,m,Teclado,1200,3,360,0:14:29,Belo Horizonte
5374,2024/07/25,Ana Clara,Feminino,Notebook,R$50,1,3500,0:21:31,Belo Horizonte
5375,2023-09-09, João Silva ,Feminino,Teclado,"R$ 50,00",2,240,1:58:20,São Paulo
5376,2024-09-27,Carlos Lima,f,Cadeira,"R$ 120,00",3,,148m,Curitiba
5377,11/11/23,Maria Souza,,Teclado,1200,3,10500,36m,Curitiba
5378,2024/01/04, Pedro Alves ,f,Teclado,"R$ 50,00",3,182,164m,Curitiba
5379,09/04/24,Maria Souza,F,Cadeira,3500,1,1200,1h 17m,São Paulo
5380,24/04/23, João Silva ,MASCULINO,Teclado,"R$ 1.200,00",2,7000,1:14:32,Curitiba
5381,2023/01/08,,Masculino,Cadeira,"R$ 120,00",2,240,2:37:37,Rio de Janeiro
5382,2024/04/10,Carlos Lima,f,Notebook,"R$ 120,00",3,360,,Belo Horizonte
5383,2024/12/11,,F,Notebook,800,1,1200,,Belo Horizonte
5384,2023/06/18, Pedro Alves ,Feminino,Monitor,"R$ 50,00",1,50,11m,Porto Alegre
5385,04-11-2024, Pedro Alves ,F,Mouse,1200,2,,89m,Porto Alegre
5386,2024-07-27,Carlos Lima,,Notebook,"R$ 800,00",3,360,116m,São Paulo
5387,2024-04-25,Ana Clara,,Teclado,1200,3,3563,,Rio de Janeiro
5388,06-03-2024,,f,Notebook,50,3,150,1h 32m,Belo Horizonte
5389,2023/09/03,Carlos Lima,Masculino,Monitor,"R$ 120,00",1,3500,52m,Rio de Janeiro
5390,10/08/23,,F,Teclado,"R$ 1.200,00",3,3600,154m,Rio de Janeiro
5391,2024-12-02,Ana Clara,F,Mouse,800,1,3500,0:02:07,Curitiba
5392,25-12-2023,Ana Clara,Feminino,Notebook,"R$ 50,00",2,1600,,Rio de Janeiro
5393,2023/11/23,Maria Souza,M,Mouse,120,3,2400,56m,Belo Horizonte
5394,2024-10-05,Carlos Lima,m,Monitor,R$1200,2,240,179m,Belo Horizonte
5395,28-11-2023,Carlos Lima,MASCULINO,Monitor,"R$ 50,00",2,2400,3h 56m,Curitiba
5396,03/05/23,,M,Cadeira,"R$ 120,00",1,1200,2h 14m,Porto Alegre
5397,04/01/24,Ana Clara,Feminino,Notebook,800,3,176,,Belo Horizonte
5398,2024-11-20,Maria Souza,M,Teclado,"R$ 50,00",2,,0h 11m,Rio de Janeiro
5399,2023-09-28,Maria Souza,m,Notebook,50,3,3600,23m,Porto Alegre
5400,2023/04/12, João Silva ,F,Monitor,R$50,3,10500,,Rio de Janeiro
5401,28/09/23,Maria Souza,M,Mouse,50,1,120,,Porto Alegre
5402,2024-08-13,,MASCULINO,Teclado,R$50,3,10500,2h 11m,Belo Horizonte
5403,2023/12/12,Carlos Lima,m,Teclado,"R$ 3.500,00",1,1200,3h 28m,São Paulo
5404,11/03/23,Carlos Lima,MASCULINO,Monitor,R$3500,1,,37m,São Paulo
5405,2023-04-09,Ana Clara,Feminino,Mouse,R$3500,2,240,,Belo Horizonte
5406,27-09-2024, Pedro Alves ,MASCULINO,Teclado,R$50,1,,0h 23m,Curitiba
5407,05/03/24,Maria Souza,f,Cadeira,"R$ 50,00",3,,,Porto Alegre
5408,19/12/23,Ana Clara,Masculino,Monitor,"R$ 3.500,00",2,1600,2:03:06,São Paulo
5409,28/09/24,Carlos Lima,F,Notebook,R$3500,3,2400,,Belo Horizonte
5410,2023/10/09,Ana Clara,M,Mouse,800,3,,3h 34m,Belo Horizonte
5411,26-07-2024,,Feminino,Notebook,120,2,199,0:47:33,Curitiba
5412,2023/05/26, Pedro Alves ,m,Monitor,3500,3,150,32m,São Paulo
5413,06-01-2024, João Silva ,Feminino,Notebook,"R$ 800,00",2,1600,0:06:07,Rio de Janeiro
5414,08/09/24, João Silva ,Feminino,Teclado,"R$ 1.200,00",1,120,1:30:42,São Paulo
5415,2023-02-22,,M,Monitor,R$50,1,800,,Curitiba
5416,03-10-2023,Maria Souza,m,Cadeira,R$3500,2,,,Curitiba
5417,27/03/23,Maria Souza,F,Teclado,R$50,1,3500,3h 30m,Porto Alegre
5418,10-12-2024,Ana Clara,,Teclado,R$50,3,10500,1:21:27,Curitiba
5419,01-11-2023,Ana Clara,Masculino,Notebook,R$1200,2,7000,0:22:24,São Paulo
5420,2024/03/08,Maria Souza,M,Notebook,1200,3,3600,2:29:19,Curitiba
5421,2024-08-07,,MASCULINO,Mouse,R$1200,2,2400,1:24:07,Rio de Janeiro
5422,2024-08-09,Ana Clara,M,Notebook,"R$ 120,00",1,3500,2:06:08,Belo Horizonte
5423,2023-07-27,Ana Clara,Feminino,Monitor,R$800,1,50,1h 45m,Belo Horizonte
5424,27/09/23, João Silva ,m,Mouse,R$1200,2,240,14m,Belo Horizonte
5425,2023-07-23,Maria Souza,F,Cadeira,"R$ 800,00",3,10500,2:50:47,Curitiba
5426,2023-01-08,Ana Clara,m,Cadeira,1200,1,1200,,Curitiba
5427,18/11/23, Pedro Alves ,MASCULINO,Teclado,"R$ 3.500,00",2,,1:22:22,Curitiba
5428,10/04/24, João Silva ,,Monitor,R$3500,3,10477,48m,São Paulo
5429,2024-04-11,,Feminino,Mouse,R$1200,2,,2:30:54,Belo Horizonte
5430,13-05-2023, Pedro Alves ,f,Notebook,"R$ 120,00",1,782,0h 47m,Porto Alegre
5431,2023-07-28, João Silva ,Masculino,Teclado,"R$ 50,00",3,2400,25m,Porto Alegre
5432,2024/10/20,Maria Souza,f,Cadeira,"R$ 3.500,00",3,2400,2:11:46,São Paulo
5433,2024-12-23,,f,Teclado,"R$ 120,00",1,1200,,Porto Alegre
5434,2024-10-05,,,Teclado,R$1200,1,800,3h 29m,São Paulo
5435,2023-06-20,Ana Clara,M,Cadeira,"R$ 50,00",3,150,0h 22m,Curitiba
5436,25/06/24, João Silva ,m,Teclado,800,2,7000,,Belo Horizonte
5437,2023/07/18,Maria Souza,m,Notebook,120,1,7,173m,São Paulo
5438,12-03-2024, João Silva ,m,Notebook,R$800,1,1207,,Curitiba
5439,2024/03/24, Pedro Alves ,M,Mouse,800,1,3500,0:19:26,Rio de Janeiro
5440,04-01-2024,Carlos Lima,f,Cadeira,"R$ 120,00",1,800,,Belo Horizonte
5441,2023/10/08,Maria Souza,,Teclado,"R$ 120,00",2,7000,0:27:49,Rio de Janeiro
5442,18-01-2023,Carlos Lima,m,Cadeira,3500,3,,2h 39m,São Paulo
5443,2024/12/28,,Masculino,Notebook,"R$ 50,00",3,10500,2h 45m,Rio de Janeiro
5444,2023/04/06, João Silva ,F,Cadeira,120,3,,2:26:28,Porto Alegre
5445,2023-10-21, João Silva ,Feminino,Mouse,120,3,406,0h 48m,Belo Horizonte
5446,2023-01-24,Ana Clara,Masculino,Cadeira,R$800,2,7000,0:36:55,São Paulo
5447,13-05-2024,Maria Souza,Feminino,Mouse,R$3500,3,150,2h 30m,São Paulo
5448,12-12-2023,Maria Souza,,Notebook,"R$ 50,00",1,3500,,Rio de Janeiro
5449,2023-08-22, Pedro Alves ,MASCULINO,Cadeira,"R$ 1.200,00",2,2400,0:38:52,São Paulo
5450,2023/08/19, Pedro Alves ,MASCULINO,Cadeira,1200,2,100,,Curitiba
5451,2024-09-17, Pedro Alves ,m,Cadeira,120,1,800,,Rio de Janeiro
5452,2024/03/28, Pedro Alves ,F,Mouse,R$120,3,,0:09:23,Porto Alegre
5453,22/12/24,,f,Cadeira,"R$ 1.200,00",2,100,2h 2m,São Paulo
5454,06/09/23, João Silva ,M,Cadeira,"R$ 1.200,00",2,240,2h 38m,Belo Horizonte
5455,2024/07/14, João Silva ,Feminino,Mouse,3500,1,135,,São Paulo
5456,25-05-2023, João Silva ,Masculino,Mouse,"R$ 1.200,00",1,90,0:14:16,Curitiba
5457,12-12-2023,Ana Clara,f,Teclado,"R$ 120,00",2,,1:06:25,Belo Horizonte
5458,2023-02-15, João Silva ,F,Cadeira,R$120,1,3500,,Rio de Janeiro
5459,2023/12/26,Ana Clara,m,Notebook,"R$ 50,00",2,100,1:58:00,São Paulo
5460,12/11/23, Pedro Alves ,MASCULINO,Cadeira,"R$ 120,00",2,1600,1:43:15,São Paulo
5461,2024-08-20,Ana Clara,M,Cadeira,"R$ 1.200,00",2,7000,1:10:13,Rio de Janeiro
5462,2023/07/06, João Silva ,M,Cadeira,"R$ 50,00",3,,,Porto Alegre
5463,03/11/23,Ana Clara,m,Teclado,3500,2,1600,2:04:47,Rio de Janeiro
5464,2024/07/16,Maria Souza,F,Monitor,"R$ 50,00",3,,2h 49m,São Paulo
5465,2023-11-24,,f,Teclado,50,2,1600,0:22:57,Belo Horizonte
5466,2024/02/19,Maria Souza,,Teclado,"R$ 120,00",3,10461,116m,Belo Horizonte
5467,2023/11/28, João Silva ,Feminino,Teclado,3500,1,3500,,São Paulo
5468,07-03-2023, João Silva ,M,Notebook,"R$ 800,00",2,2400,14m,Rio de Janeiro
5469,14-06-2024, Pedro Alves ,MASCULINO,Notebook,R$50,2,240,52m,Rio de Janeiro
5470,14-03-2024, Pedro Alves ,m,Notebook,"R$ 50,00",3,,,Curitiba
5471,04/04/24,,Masculino,Teclado,120,1,1230,3h 7m,Rio de Janeiro
5472,2023-06-17,Carlos Lima,m,Cadeira,800,3,10500,1h 30m,Porto Alegre
5473,07/02/23,Carlos Lima,Masculino,Mouse,"R$ 50,00",1,3485,3h 23m,Belo Horizonte
5474,03-05-2023, João Silva ,F,Notebook,120,3,360,0:32:20,Belo Horizonte
5475,05/06/23, Pedro Alves ,F,Cadeira,1200,1,1200,,Porto Alegre
5476,2023/03/06,Ana Clara,F,Notebook,"R$ 1.200,00",3,3600,2:08:06,Porto Alegre
5477,2023-12-22,Carlos Lima,MASCULINO,Notebook,R$1200,3,150,0h 19m,Porto Alegre
5478,2024/10/05, João Silva ,m,Notebook,R$50,3,3600,2:21:26,Belo Horizonte
5479,01/04/24,Maria Souza,Feminino,Notebook,R$1200,2,,51m,Rio de Janeiro
5480,10/04/24,Ana Clara,F,Cadeira,R$800,3,10500,100m,Rio de Janeiro
5481,28/06/24, Pedro Alves ,f,Teclado,"R$ 50,00",3,150,3h 59m,Porto Alegre
5482,22/07/23,,Masculino,Mouse,"R$ 1.200,00",1,3500,,Porto Alegre
5483,19/06/24, Pedro Alves ,M,Notebook,R$800,2,100,75m,São Paulo
5484,2024-12-10,Ana Clara,m,Notebook,R$120,2,7000,1:18:22,Porto Alegre
5485,2024/10/01,,,Notebook,"R$ 50,00",1,127,2:00:46,Belo Horizonte
5486,23/10/23,Carlos Lima,M,Teclado,120,1,,3h 50m,Rio de Janeiro
5487,2023-04-01,Carlos Lima,m,Monitor,R$3500,3,,,Rio de Janeiro
5488,2023/04/20, João Silva ,f,Monitor,R$3500,2,230,0:13:37,Rio de Janeiro
5489,2023-11-16,Carlos Lima,,Notebook,800,1,1200,0h 6m,Porto Alegre
5490,08/07/23, João Silva ,,Notebook,50,3,,126m,Rio de Janeiro
5491,2023-04-28, Pedro Alves ,MASCULINO,Notebook,3500,2,7000,153m,Rio de Janeiro
5492,01-09-2023,Carlos Lima,Masculino,Teclado,800,3,3600,86m,Porto Alegre
5493,22-07-2023,Maria Souza,Masculino,Teclado,3500,1,800,0h 23m,Belo Horizonte
5494,03/02/24,Maria Souza,,Monitor,"R$ 1.200,00",3,10500,,Belo Horizonte
5495,15/03/24, João Silva ,F,Mouse,3500,2,240,2h 10m,Curitiba
5496,04/04/24, João Silva ,MASCULINO,Cadeira,50,2,2400,,Rio de Janeiro
5497,2023-09-28,Carlos Lima,M,Mouse,R$800,3,360,127m,Porto Alegre
5498,27/06/24, Pedro Alves ,m,Teclado,800,3,,,Curitiba
5499,2024/01/17, Pedro Alves ,MASCULINO,Mouse,R$120,3,3600,,Curitiba
5500,04/01/23,Ana Clara,Feminino,Mouse,R$120,1,,177m,São Paulo
5501,17-07-2023, João Silva ,MASCULINO,Mouse,3500,3,,161m,Curitiba
5502,10/11/24, Pedro Alves ,Masculino,Cadeira,120,3,150,,Curitiba
5503,2024-04-08,Carlos Lima,M,Mouse,R$50,3,10500,1:04:07,Rio de Janeiro
5504,08/03/23,Carlos Lima,Masculino,Cadeira,3500,2,1600,109m,Curitiba
5505,27-11-2024,Ana Clara,Feminino,Monitor,"R$ 800,00",2,100,0:40:17,Belo Horizonte
5506,2024-04-26,,Masculino,Cadeira,"R$ 800,00",3,,0:40:32,Belo Horizonte
5507,2023-08-09,Carlos Lima,MASCULINO,Monitor,"R$ 800,00",2,2400,,Belo Horizonte
5508,22/03/23, João Silva ,m,Cadeira,"R$ 3.500,00",2,2400,,Curitiba
5509,2023-03-09,Maria Souza,f,Cadeira,R$3500,2,2400,0:23:58,Porto Alegre
5510,04-03-2024, Pedro Alves ,M,Cadeira,"R$ 50,00",1,3500,1:19:39,São Paulo
5511,03/11/24,,MASCULINO,Cadeira,"R$ 800,00",3,3600,3h 11m,São Paulo
5512,2024-06-28, Pedro Alves ,f,Monitor,R$3500,2,,,São Paulo
5513,25/01/24, Pedro Alves ,Masculino,Notebook,"R$ 3.500,00",2,100,87m,Curitiba
5514,19-06-2023, João Silva ,MASCULINO,Cadeira,R$3500,2,7000,3h 19m,Rio de Janeiro
5515,04/09/24, João Silva ,f,Teclado,R$3500,3,360,98m,Porto Alegre
5516,2023/09/22,Maria Souza,Feminino,Cadeira,R$120,1,3500,0:52:28,Belo Horizonte
5517,2024-10-20,Maria Souza,MASCULINO,Notebook,R$50,3,360,,Rio de Janeiro
5518,2023/04/14,Maria Souza,,Notebook,R$120,3,2400,,Porto Alegre
5519,06-05-2024,Ana Clara,Feminino,Teclado,"R$ 120,00",2,146,,Belo Horizonte
5520,23-04-2023,Ana Clara,F,Teclado,R$120,3,3600,2h 9m,Porto Alegre
5521,26/10/23,Maria Souza,M,Cadeira,"R$ 1.200,00",2,240,0:01:22,Belo Horizonte
5522,23/11/23,Ana Clara,m,Notebook,"R$ 120,00",3,,0:34:36,Curitiba
5523,2024/11/28,,Masculino,Notebook,"R$ 1.200,00",1,,1h 5m,Porto Alegre
5524,2024-02-17, João Silva ,F,Teclado,"R$ 800,00",2,7000,110m,Belo Horizonte
5525,16/12/23,Carlos Lima,M,Monitor,R$120,3,,0:44:46,Rio de Janeiro
5526,2023-04-06,Ana Clara,M,Monitor,3500,3,2400,2h 2m,Belo Horizonte
5527,23/07/23, Pedro Alves ,Masculino,Teclado,"R$ 3.500,00",2,,,Rio de Janeiro
5528,08/04/24,Ana Clara,,Mouse,R$50,1,3500,0:23:31,Porto Alegre
5529,02-03-2023, Pedro Alves ,M,Cadeira,800,3,360,1:37:48,Rio de Janeiro
5530,2023/03/15,Maria Souza,Feminino,Notebook,"R$ 50,00",1,120,0:36:09,Belo Horizonte
5531,02/09/24, João Silva ,Masculino,Notebook,R$800,3,,0:27:31,Curitiba
5532,2024/11/09,Carlos Lima,Feminino,Mouse,1200,2,,,Rio de Janeiro
5533,23/11/23, João Silva ,MASCULINO,Mouse,R$3500,1,800,34m,Porto Alegre
5534,14-05-2023,Ana Clara,Feminino,Mouse,"R$ 800,00",2,,2h 13m,Rio de Janeiro
5535,2023-09-25,Ana Clara,f,Notebook,R$50,2,7000,,Rio de Janeiro
5536,2023/09/21,Maria Souza,MASCULINO,Notebook,R$120,2,7000,48m,Curitiba
5537,13/12/23,Ana Clara,M,Teclado,R$120,1,76,0h 21m,Curitiba
5538,03/02/23, João Silva ,Masculino,Monitor,800,2,240,1:26:23,Belo Horizonte
5539,09-09-2023,Carlos Lima,Feminino,Monitor,R$50,3,150,136m,Belo Horizonte
5540,2023-01-21, João Silva ,Feminino,Notebook,R$50,1,120,0:25:03,Rio de Janeiro
5541,04/05/23,Carlos Lima,Feminino,Teclado,"R$ 120,00",2,2400,101m,Porto Alegre
5542,2024/02/02,Maria Souza,m,Teclado,"R$ 50,00",2,2444,0:07:52,Curitiba
5543,09-12-2024, João Silva ,f,Teclado,R$800,3,3600,,Curitiba
5544,2023-12-14,Carlos Lima,,Cadeira,R$800,1,120,0:47:17,Curitiba
5545,2024-02-03,Maria Souza,m,Cadeira,120,3,,,Belo Horizonte
5546,04/08/23, João Silva ,f,Teclado,"R$ 3.500,00",1,3500,1:57:15,Rio de Janeiro
5547,2023/12/19, Pedro Alves ,Feminino,Notebook,R$3500,3,150,2h 9m,Belo Horizonte
5548,2024/08/09,Carlos Lima,MASCULINO,Mouse,3500,1,1200,,Curitiba
5549,2024/01/26, João Silva ,f,Mouse,R$1200,1,,113m,São Paulo
5550,12-05-2023, João Silva ,Masculino,Mouse,120,1,120,,Rio de Janeiro
5551,2024-07-06,Ana Clara,MASCULINO,Notebook,R$800,2,,1h 16m,Curitiba
5552,2024/09/05,,,Cadeira,800,2,271,2h 38m,São Paulo
5553,2023-02-11,Ana Clara,m,Mouse,50,1,,109m,Curitiba
5554,14-04-2024,Ana Clara,F,Notebook,R$3500,2,,1h 30m,Curitiba
5555,2023-04-24,Ana Clara,,Monitor,"R$ 50,00",3,,1h 19m,Belo Horizonte
5556,2024-11-22,Maria Souza,F,Cadeira,"R$ 120,00",2,100,0:25:34,Porto Alegre
5557,09/05/23, Pedro Alves ,f,Notebook,"R$ 800,00",3,10500,1h 50m,Curitiba
5558,14/02/23,,f,Monitor,R$800,1,50,1h 36m,Belo Horizonte
5559,2023-06-21,,,Mouse,120,1,3500,0h 14m,Porto Alegre
5560,03/06/23,Ana Clara,M,Notebook,R$3500,1,50,2:46:28,Belo Horizonte
5561,04/04/23,,M,Teclado,"R$ 1.200,00",2,2400,,Curitiba
5562,07-10-2023, João Silva ,m,Mouse,R$800,2,1600,,Belo Horizonte
5563,2024-03-26,Maria Souza,Feminino,Mouse,50,2,2400,23m,Porto Alegre
5564,2024/12/23,,MASCULINO,Notebook,R$120,2,2400,108m,Curitiba
5565,2023-11-12, João Silva ,F,Monitor,R$120,3,10532,0:47:39,São Paulo
5566,25-07-2023,,M,Teclado,R$1200,1,50,,Porto Alegre
5567,23-04-2023,Ana Clara,,Mouse,"R$ 50,00",3,150,0:58:20,Porto Alegre
5568,22-06-2023,Carlos Lima,m,Notebook,R$3500,3,150,1h 11m,São Paulo
5569,19-12-2023,Carlos Lima,Masculino,Notebook,1200,1,50,2:29:29,Porto Alegre
5570,2024/11/13,Maria Souza,Masculino,Monitor,R$50,1,50,2:03:30,Porto Alegre
5571,24/03/24,Maria Souza,MASCULINO,Notebook,R$120,2,7000,,Rio de Janeiro
5572,2023/10/12, Pedro Alves ,,Mouse,1200,3,360,1h 50m,São Paulo
5573,2024/07/03,Ana Clara,f,Teclado,R$3500,3,,2h 21m,São Paulo
5574,25/06/23,Maria Souza,Masculino,Cadeira,50,3,,,Curitiba
5575,2023/04/14,,,Mouse,3500,3,3600,,Porto Alegre
5576,2023-11-27,Carlos Lima,Feminino,Monitor,"R$ 800,00",2,,3h 37m,São Paulo
5577,2024-06-05,Ana Clara,Masculino,Notebook,R$1200,3,360,,São Paulo
5578,14/04/24, Pedro Alves ,MASCULINO,Notebook,"R$ 50,00",2,,40m,Porto Alegre
5579,13/06/24,Ana Clara,F,Teclado,R$3500,1,1200,1:29:43,Belo Horizonte
5580,2023-11-15,,m,Teclado,"R$ 50,00",3,,,São Paulo
5581,14-04-2024,,m,Notebook,"R$ 120,00",3,3600,,Belo Horizonte
5582,08/04/24,Maria Souza,,Cadeira,R$120,3,3600,,Porto Alegre
5583,09-08-2024, João Silva ,Masculino,Cadeira,"R$ 3.500,00",1,800,,Belo Horizonte
5584,19/03/24,Ana Clara,,Teclado,R$120,2,1600,58m,Curitiba
5585,17-08-2023,Carlos Lima,F,Teclado,"R$ 3.500,00",2,7000,1h 50m,Porto Alegre
5586,2023/11/26, João Silva ,F,Cadeira,120,3,2400,,Porto Alegre
5587,26/01/23,Maria Souza,Masculino,Mouse,R$1200,3,10500,1h 22m,São Paulo
5588,2023/07/15,Maria Souza,m,Mouse,"R$ 1.200,00",3,,28m,Porto Alegre
5589,23/04/24, Pedro Alves ,,Teclado,50,2,100,,Rio de Janeiro
5590,2023/10/25,,m,Monitor,R$800,1,120,,Belo Horizonte
5591,27/03/24,Maria Souza,f,Monitor,R$1200,2,7000,176m,Porto Alegre
5592,02/12/23, João Silva ,Feminino,Teclado,"R$ 1.200,00",1,1168,2:01:14,Belo Horizonte
5593,2024/02/20,Maria Souza,f,Monitor,"R$ 120,00",1,763,,Porto Alegre
5594,2023/11/03, João Silva ,F,Notebook,50,2,7000,,Porto Alegre
5595,27/06/24,Ana Clara,Masculino,Notebook,"R$ 120,00",2,124,115m,Porto Alegre
5596,2024/08/17, João Silva ,M,Notebook,3500,2,7000,,São Paulo
5597,10/09/24, João Silva ,M,Teclado,"R$ 120,00",2,240,13m,São Paulo
5598,2024-06-18,Maria Souza,M,Teclado,3500,2,,3h 37m,Curitiba
5599,2023/12/06, Pedro Alves ,Feminino,Mouse,R$800,1,800,,Curitiba
5600,2024-09-12, João Silva ,F,Teclado,"R$ 120,00",1,50,,São Paulo
5601,2023-01-15,Carlos Lima,Feminino,Cadeira,"R$ 800,00",3,2400,89m,Porto Alegre
5602,2024/12/24,,MASCULINO,Teclado,"R$ 3.500,00",1,800,3h 29m,São Paulo
5603,2023-12-17,Ana Clara,F,Cadeira,3500,1,3500,,Curitiba
5604,2023-06-24,Ana Clara,Feminino,Mouse,R$120,3,360,1:11:57,Belo Horizonte
5605,2023/06/23,Carlos Lima,F,Cadeira,"R$ 800,00",3,3600,,Rio de Janeiro
5606,2023/08/20,Maria Souza,MASCULINO,Teclado,800,2,1600,115m,Porto Alegre
5607,2023/12/26, João Silva ,M,Notebook,"R$ 1.200,00",1,800,0:28:39,Curitiba
5608,2023/05/15,Maria Souza,,Mouse,"R$ 120,00",1,1208,3h 58m,Rio de Janeiro
5609,21-04-2023,,M,Monitor,120,1,,,Porto Alegre
5610,15-09-2023,,Masculino,Monitor,1200,1,800,1:18:36,São Paulo
5611,2023/04/14,Maria Souza,MASCULINO,Teclado,"R$ 120,00",3,,0h 58m,Curitiba
5612,26/04/24,Carlos Lima,,Notebook,120,1,1200,116m,Belo Horizonte
5613,06/03/23, Pedro Alves ,Feminino,Monitor,R$120,1,,2h 48m,Porto Alegre
5614,22/11/24,,Feminino,Monitor,R$120,1,50,31m,Curitiba
5615,14/05/24,Maria Souza,F,Teclado,"R$ 50,00",3,360,1h 15m,Porto Alegre
5616,2023-08-24, Pedro Alves ,Feminino,Notebook,800,2,,0h 21m,Rio de Janeiro
5617,06-12-2024,,MASCULINO,Monitor,R$3500,1,120,3h 54m,Curitiba
5618,01/11/24,,Feminino,Mouse,R$3500,3,10500,141m,São Paulo
5619,2024/04/04, Pedro Alves ,,Monitor,50,2,1600,0:41:28,Belo Horizonte
5620,2023/04/06,Ana Clara,MASCULINO,Teclado,"R$ 800,00",2,7000,,São Paulo
5621,23/05/23,Carlos Lima,MASCULINO,Monitor,120,2,2400,2:05:52,Curitiba
5622,16/06/24, João Silva ,,Mouse,R$800,3,10500,2h 18m,Curitiba
5623,2023-04-10,Carlos Lima,,Cadeira,1200,1,,,Rio de Janeiro
5624,24-03-2023, Pedro Alves ,m,Notebook,120,1,50,156m,Rio de Janeiro
5625,25/02/23,Maria Souza,f,Teclado,R$50,3,3600,178m,Rio de Janeiro
5626,22-09-2023, Pedro Alves ,Masculino,Cadeira,3500,1,1200,173m,Belo Horizonte
5627,13-08-2023,Ana Clara,f,Notebook,3500,2,1600,,Curitiba
5628,2024-12-08, João Silva ,,Teclado,"R$ 50,00",3,3600,1h 22m,Belo Horizonte
5629,23/04/23,Maria Souza,Feminino,Mouse,R$800,2,,178m,Rio de Janeiro
5630,10/06/24, João Silva ,M,Monitor,1200,3,3600,3h 43m,Rio de Janeiro
5631,11/10/23,,Feminino,Teclado,R$800,2,240,,Belo Horizonte
5632,14/08/23,Ana Clara,Masculino,Notebook,"R$ 120,00",1,3500,169m,Porto Alegre
5633,2023/07/14,Carlos Lima,m,Notebook,"R$ 1.200,00",2,7000,64m,Belo Horizonte
5634,2024-05-18, Pedro Alves ,,Notebook,3500,1,,179m,Curitiba
5635,06/01/24, João Silva ,,Mouse,R$50,1,,0:38:37,Rio de Janeiro
5636,14/10/24, João Silva ,M,Mouse,R$50,2,1600,3h 38m,São Paulo
5637,2023/08/12,Carlos Lima,,Cadeira,1200,1,81,0h 25m,Rio de Janeiro
5638,2024-07-26,Carlos Lima,Masculino,Notebook,R$800,1,1200,132m,Curitiba
5639,2023-08-17,Carlos Lima,,Cadeira,"R$ 3.500,00",2,2400,81m,São Paulo
5640,22-01-2024, Pedro Alves ,Masculino,Cadeira,3500,2,100,,Porto Alegre
5641,23-02-2024,Ana Clara,,Mouse,800,2,240,2h 58m,Rio de Janeiro
5642,2024/05/14,Carlos Lima,F,Cadeira,R$800,2,100,2:16:26,Belo Horizonte
5643,03/10/23,Carlos Lima,m,Monitor,"R$ 1.200,00",3,3600,0:45:34,Curitiba
5644,27-11-2023,Ana Clara,Feminino,Mouse,R$50,3,2400,,Belo Horizonte
5645,2023/07/04,Ana Clara,f,Mouse,"R$ 50,00",1,50,2:04:39,São Paulo
5646,2023/09/26,Carlos Lima,F,Notebook,800,3,3551,1:00:23,Rio de Janeiro
5647,2024-03-23,,Feminino,Monitor,"R$ 1.200,00",2,,0:39:31,Curitiba
5648,2024-05-07,Maria Souza,m,Mouse,"R$ 120,00",3,360,0h 59m,Curitiba
5649,24/10/23, Pedro Alves ,F,Mouse,1200,2,240,,Curitiba
5650,2024-01-07,,M,Cadeira,800,2,7000,102m,Belo Horizonte
5651,11/02/24, Pedro Alves ,m,Teclado,R$1200,3,396,0:30:45,São Paulo
5652,15-03-2023,Carlos Lima,F,Mouse,R$1200,1,1188,158m,Porto Alegre
5653,01-01-2024, João Silva ,Masculino,Cadeira,R$3500,1,120,128m,Belo Horizonte
5654,2023/01/12,Carlos Lima,f,Teclado,"R$ 800,00",2,2400,1:09:22,Rio de Janeiro
5655,2024/04/10,Carlos Lima,M,Mouse,800,1,1200,49m,São Paulo
5656,10/03/24,Maria Souza,Feminino,Cadeira,120,1,,144m,Porto Alegre
5657,16-12-2023,,,Monitor,"R$ 800,00",3,2400,2h 53m,São Paulo
5658,2023-09-03, Pedro Alves ,Feminino,Mouse,R$800,2,,0h 2m,Porto Alegre
5659,2023/07/09,Carlos Lima,MASCULINO,Teclado,"R$ 120,00",1,1200,0h 54m,Curitiba
5660,2023/02/15,Carlos Lima,M,Teclado,"R$ 800,00",1,145,2h 18m,Porto Alegre
5661,18-06-2024, Pedro Alves ,m,Teclado,"R$ 1.200,00",3,10500,169m,Curitiba
5662,2024/01/25,Maria Souza,M,Notebook,3500,3,,2:46:25,Curitiba
5663,02/03/23,Ana Clara,,Cadeira,"R$ 1.200,00",2,248,168m,Belo Horizonte
5664,23-11-2023, João Silva ,M,Teclado,"R$ 1.200,00",2,2400,35m,Curitiba
5665,2024/08/23,Maria Souza,f,Mouse,"R$ 1.200,00",2,1600,0h 5m,Rio de Janeiro
5666,2024-11-01,Maria Souza,,Mouse,3500,1,,,Porto Alegre
5667,27/12/24,Carlos Lima,f,Notebook,"R$ 800,00",1,50,,Curitiba
5668,2023/07/12,Ana Clara,m,Notebook,"R$ 800,00",3,2400,,São Paulo
5669,04/12/23, João Silva ,m,Teclado,R$120,3,150,141m,Porto Alegre
5670,10/01/23,Maria Souza,Feminino,Cadeira,R$800,3,,2:25:22,Porto Alegre
5671,06-02-2024,,F,Mouse,1200,3,,107m,São Paulo
5672,07/09/23,Maria Souza,F,Notebook,50,3,2400,1h 24m,Rio de Janeiro
5673,2023/01/23,,f,Cadeira,R$800,2,240,0h 18m,São Paulo
5674,14-02-2024,Maria Souza,F,Mouse,R$50,2,1600,1h 26m,Porto Alegre
5675,08-09-2023,Carlos Lima,Feminino,Mouse,"R$ 800,00",1,1200,1:48:35,Porto Alegre
5676,22/12/24, Pedro Alves ,f,Notebook,"R$ 1.200,00",3,,3h 56m,Porto Alegre
5677,2023-11-06,,MASCULINO,Teclado,"R$ 120,00",2,1600,,Porto Alegre
5678,18-06-2024,Carlos Lima,m,Monitor,R$3500,2,240,,Belo Horizonte
5679,20/10/23,Ana Clara,Masculino,Teclado,3500,1,50,1:57:48,Rio de Janeiro
5680,09/12/24,Carlos Lima,Masculino,Mouse,"R$ 1.200,00",1,120,0h 13m,Belo Horizonte
5681,04/09/23,Carlos Lima,F,Notebook,3500,1,50,95m,Rio de Janeiro
5682,18-04-2024, João Silva ,M,Notebook,3500,3,2400,1:09:19,Rio de Janeiro
5683,09/06/24,Ana Clara,M,Mouse,R$1200,1,120,,Rio de Janeiro
5684,13/11/24,Carlos Lima,Feminino,Mouse,"R$ 3.500,00",3,10500,0:21:46,São Paulo
5685,24-04-2023,Carlos Lima,M,Mouse,3500,3,2400,92m,Belo Horizonte
5686,2023-12-28, Pedro Alves ,Masculino,Teclado,R$800,2,1600,,São Paulo
5687,2023/05/25,Carlos Lima,f,Notebook,"R$ 50,00",3,2400,28m,São Paulo
5688,03-06-2024,Ana Clara,,Notebook,R$120,1,,3h 50m,São Paulo
5689,2024/09/25,,f,Cadeira,R$120,3,360,,Belo Horizonte
5690,2023/06/24,Ana Clara,,Notebook,"R$ 800,00",3,,2h 4m,Porto Alegre
5691,2024-07-27,Carlos Lima,m,Mouse,"R$ 1.200,00",3,10500,,São Paulo
5692,08-01-2023,Maria Souza,M,Notebook,R$120,3,2400,0h 59m,Belo Horizonte
5693,2023/05/19,Carlos Lima,m,Teclado,1200,1,1200,0:32:33,Porto Alegre
5694,27-12-2024,Maria Souza,f,Mouse,"R$ 50,00",3,,,Curitiba
5695,2024/10/03, Pedro Alves ,,Cadeira,R$3500,1,3500,0h 6m,Curitiba
5696,2023-05-10,Carlos Lima,F,Monitor,R$800,1,120,1:43:38,Rio de Janeiro
5697,16-10-2023,Carlos Lima,m,Monitor,R$50,2,1600,1h 45m,Porto Alegre
5698,2023-11-02,,MASCULINO,Notebook,R$120,1,3500,,Curitiba
5699,16-04-2024,Carlos Lima,Masculino,Notebook,3500,2,2448,0h 12m,Curitiba
5700,2023/08/04,,f,Teclado,3500,1,120,,Curitiba
5701,24/11/23,,MASCULINO,Cadeira,R$800,1,50,1h 55m,Curitiba
5702,2024-10-25,Ana Clara,,Notebook,"R$ 1.200,00",3,2400,1:00:11,Porto Alegre
5703,26/04/23, Pedro Alves ,Masculino,Mouse,"R$ 50,00",1,,81m,Rio de Janeiro
5704,22-12-2024,Maria Souza,Masculino,Notebook,"R$ 800,00",2,,,Rio de Janeiro
5705,2024/02/11,Maria Souza,Feminino,Notebook,R$1200,1,,,Curitiba
5706,08-05-2024, Pedro Alves ,Masculino,Notebook,"R$ 3.500,00",3,,0:12:04,Belo Horizonte
5707,2023/01/13, Pedro Alves ,,Monitor,120,1,120,2:26:48,Rio de Janeiro
5708,2023/12/26, João Silva ,m,Notebook,50,3,2386,2h 43m,Belo Horizonte
5709,04/12/24,Ana Clara,F,Notebook,1200,1,1200,1h 8m,Rio de Janeiro
5710,2023/06/09,Carlos Lima,f,Monitor,R$50,1,800,124m,Porto Alegre
5711,2024/08/12, João Silva ,M,Cadeira,50,3,360,2:30:33,Porto Alegre
5712,20-03-2024,,m,Mouse,120,3,10500,150m,Porto Alegre
5713,28/01/24,Ana Clara,Feminino,Monitor,800,1,120,,Rio de Janeiro
5714,2024/03/20,Carlos Lima,Masculino,Monitor,"R$ 800,00",2,1600,0h 3m,Rio de Janeiro
5715,2023/04/11, Pedro Alves ,F,Mouse,R$1200,3,139,0:33:30,Porto Alegre
5716,2024-10-08, Pedro Alves ,,Monitor,3500,2,1600,80m,Curitiba
5717,27/02/24, Pedro Alves ,M,Notebook,"R$ 800,00",1,3476,2:23:00,Curitiba
5718,09/11/23,Ana Clara,m,Teclado,800,3,150,14m,Porto Alegre
5719,2024/12/15,Maria Souza,f,Cadeira,"R$ 120,00",1,,98m,Curitiba
5720,2023-05-06,Ana Clara,f,Teclado,800,3,360,,Belo Horizonte
5721,2024-07-16, João Silva ,,Monitor,R$3500,1,,,Belo Horizonte
5722,06-02-2024,Ana Clara,M,Cadeira,"R$ 800,00",3,360,,Belo Horizonte
5723,21/12/23,Ana Clara,MASCULINO,Teclado,50,3,3600,2h 39m,Rio de Janeiro
5724,2024-10-05,,M,Teclado,R$1200,1,,,Rio de Janeiro
5725,07-01-2024,,,Cadeira,"R$ 800,00",3,150,1h 55m,São Paulo
5726,2023-10-02, João Silva ,Feminino,Cadeira,3500,2,100,1h 41m,São Paulo
5727,23-05-2023,,f,Cadeira,R$3500,1,780,42m,Curitiba
5728,2024-01-02,,MASCULINO,Cadeira,R$1200,2,240,0h 30m,Porto Alegre
5729,05-12-2023,Ana Clara,,Monitor,3500,3,150,113m,Porto Alegre
5730,16-01-2023,Carlos Lima,,Monitor,"R$ 800,00",3,3600,2h 57m,Rio de Janeiro
5731,2024/06/07,,f,Monitor,"R$ 50,00",1,120,25m,Rio de Janeiro
5732,20-05-2024,Maria Souza,M,Teclado,"R$ 3.500,00",2,214,132m,Curitiba
5733,07/01/23,Maria Souza,M,Teclado,120,2,100,,Porto Alegre
5734,2023/05/14, Pedro Alves ,Masculino,Teclado,R$50,3,360,1:14:50,Rio de Janeiro
5735,11/09/24, João Silva ,M,Mouse,3500,1,800,,Belo Horizonte
5736,2023-11-20,Carlos Lima,F,Mouse,120,2,2440,127m,Rio de Janeiro
5737,26-03-2023,Ana Clara,f,Teclado,R$120,3,,0:07:05,Belo Horizonte
5738,01/07/24, João Silva ,,Teclado,R$3500,2,240,0h 44m,Curitiba
5739,06/09/24,Maria Souza,f,Monitor,"R$ 120,00",3,150,1h 0m,Rio de Janeiro
5740,11-12-2024, João Silva ,m,Monitor,50,3,361,0h 49m,Belo Horizonte
5741,20-05-2023, Pedro Alves ,m,Notebook,"R$ 120,00",2,7000,37m,Porto Alegre
5742,2023-10-15,Carlos Lima,,Teclado,R$1200,1,800,64m,Porto Alegre
5743,2024-01-14,Maria Souza,M,Mouse,R$800,1,120,2h 25m,Belo Horizonte
5744,28/10/24,Maria Souza,,Notebook,"R$ 800,00",1,1200,1:04:33,Porto Alegre
5745,14-03-2024,,Masculino,Cadeira,R$3500,3,,1:44:44,Belo Horizonte
5746,2024-02-01, Pedro Alves ,Feminino,Mouse,R$50,3,360,2:22:45,Rio de Janeiro
5747,16/08/24, Pedro Alves ,,Cadeira,"R$ 1.200,00",1,120,163m,Rio de Janeiro
5748,09-04-2024,Carlos Lima,M,Teclado,R$50,3,10473,1:38:56,Porto Alegre
5749,15-02-2024,Ana Clara,m,Mouse,120,1,1200,,São Paulo
5750,20/09/23,Maria Souza,Feminino,Monitor,"R$ 800,00",1,3500,0:00:04,Porto Alegre
5751,21/02/24,,F,Monitor,R$1200,1,50,1h 21m,Curitiba
5752,23/11/24,Ana Clara,M,Teclado,800,2,100,2:16:38,Rio de Janeiro
5753,2024-05-02,,Feminino,Cadeira,R$3500,1,1200,2:10:45,Curitiba
5754,2023/04/09,,F,Teclado,R$120,1,9,55m,Curitiba
5755,2023-09-20,Ana Clara,f,Mouse,"R$ 800,00",3,360,2:24:42,Curitiba
5756,26-08-2023, Pedro Alves ,M,Teclado,R$1200,2,,2h 33m,Curitiba
5757,18/10/23, Pedro Alves ,Feminino,Notebook,R$120,1,1200,,Porto Alegre
5758,2024/08/08,Carlos Lima,M,Teclado,3500,2,1600,76m,Belo Horizonte
5759,22/07/24,,m,Mouse,1200,1,120,0:32:50,Porto Alegre
5760,11/05/23, Pedro Alves ,MASCULINO,Teclado,R$3500,2,1600,0h 13m,Belo Horizonte
5761,2023-01-23,,Feminino,Teclado,"R$ 800,00",1,120,3h 40m,Curitiba
5762,23/11/23,Carlos Lima,m,Cadeira,"R$ 50,00",2,285,,Rio de Janeiro
5763,25/09/24,Carlos Lima,f,Mouse,R$120,1,50,,São Paulo
5764,2023-03-16, Pedro Alves ,F,Cadeira,120,2,240,0:34:52,Curitiba
5765,2023-08-22, João Silva ,M,Mouse,120,3,10500,1h 50m,Rio de Janeiro
5766,02-10-2024, João Silva ,M,Monitor,"R$ 3.500,00",1,,118m,Curitiba
5767,22/07/24, Pedro Alves ,m,Cadeira,R$1200,3,10505,21m,Curitiba
5768,2024/01/26,Ana Clara,Feminino,Monitor,800,3,,1:15:51,Curitiba
5769,14-10-2023, Pedro Alves ,f,Notebook,800,2,56,,Porto Alegre
5770,2023-02-07, João Silva ,Feminino,Mouse,"R$ 3.500,00",2,,1:31:38,Curitiba
5771,2023/09/13,,M,Monitor,800,3,2400,2:56:46,Belo Horizonte
5772,13/04/24,Carlos Lima,Feminino,Cadeira,120,2,100,0h 16m,São Paulo
5773,2023-08-23,,,Teclado,R$800,2,,0h 2m,Belo Horizonte
5774,2023/04/10, João Silva ,MASCULINO,Monitor,R$50,1,1200,47m,Rio de Janeiro
5775,2024/08/19,Maria Souza,F,Monitor,800,3,360,,Rio de Janeiro
5776,25/05/23,Carlos Lima,,Mouse,50,1,800,,Belo Horizonte
5777,16/07/23,Carlos Lima,m,Cadeira,3500,2,2400,0:38:03,Belo Horizonte
5778,17-04-2024,,M,Teclado,3500,2,,2h 17m,Rio de Janeiro
5779,2024/07/25, Pedro Alves ,F,Teclado,800,2,100,2:59:46,Rio de Janeiro
5780,2024-04-15, Pedro Alves ,M,Teclado,R$50,3,3600,,Curitiba
5781,2024-11-28,Carlos Lima,F,Cadeira,R$120,2,1600,,São Paulo
5782,05/12/23,Carlos Lima,m,Notebook,R$1200,3,,47m,Porto Alegre
5783,2023-02-21, João Silva ,Masculino,Notebook,800,2,,0:46:47,São Paulo
5784,19-02-2023,Maria Souza,MASCULINO,Monitor,"R$ 50,00",3,10539,1:08:31,Porto Alegre
5785,22-10-2024,,m,Mouse,50,3,2399,1:23:28,Belo Horizonte
5786,03-04-2024, Pedro Alves ,F,Notebook,120,1,120,0:18:58,Porto Alegre
5787,2023-06-28, Pedro Alves ,Feminino,Mouse,3500,3,3600,,Curitiba
5788,2024/03/25, Pedro Alves ,f,Teclado,800,2,7000,,Porto Alegre
5789,2024-08-25,,M,Monitor,"R$ 800,00",1,3500,44m,Porto Alegre
5790,2024/08/19,Maria Souza,m,Monitor,120,2,240,155m,Rio de Janeiro
5791,2024-06-24,,Masculino,Monitor,R$800,3,,82m,Curitiba
5792,2024-06-17, João Silva ,f,Cadeira,120,3,100,46m,Rio de Janeiro
5793,23-04-2024,Ana Clara,Masculino,Notebook,800,3,,1h 34m,Rio de Janeiro
5794,2023/10/10,Ana Clara,Masculino,Monitor,R$3500,1,3500,29m,Porto Alegre
5795,2023/05/10,,f,Notebook,R$3500,2,7000,147m,Rio de Janeiro
5796,01/03/23,Carlos Lima,Masculino,Notebook,1200,3,2400,106m,Porto Alegre
5797,08-12-2023,Maria Souza,,Teclado,1200,2,100,154m,Porto Alegre
5798,2023-05-04,Maria Souza,Feminino,Mouse,120,2,240,0:31:50,Curitiba
5799,07/11/24,Carlos Lima,Feminino,Cadeira,R$1200,3,2400,2h 49m,São Paulo
5800,2023-06-01, Pedro Alves ,M,Teclado,1200,3,150,,Curitiba
5801,21-09-2024,,,Monitor,R$120,3,,38m,Curitiba
5802,24-06-2023, Pedro Alves ,Feminino,Cadeira,"R$ 3.500,00",2,100,3h 22m,Rio de Janeiro
5803,2024/03/08,Maria Souza,Feminino,Monitor,1200,1,33,32m,Porto Alegre
5804,28-01-2024,Ana Clara,,Mouse,"R$ 1.200,00",1,,2:05:01,Belo Horizonte
5805,05-09-2023,Ana Clara,,Cadeira,R$1200,1,1200,,Curitiba
5806,2024-03-24,Ana Clara,M,Notebook,"R$ 800,00",2,100,34m,Rio de Janeiro
5807,2024-06-07, Pedro Alves ,Feminino,Monitor,R$50,3,,0:52:09,Rio de Janeiro
5808,2024-06-08,,M,Mouse,"R$ 50,00",3,3600,97m,Curitiba
5809,10-08-2023,Carlos Lima,M,Teclado,1200,1,,,Rio de Janeiro
5810,2024-02-24, João Silva ,,Notebook,R$800,3,,2h 4m,São Paulo
5811,2023/01/27, Pedro Alves ,F,Monitor,50,2,2400,2:42:12,Rio de Janeiro
5812,08-07-2023, João Silva ,F,Teclado,1200,2,7000,,Rio de Janeiro
5813,2024-09-25, Pedro Alves ,Masculino,Mouse,120,1,1200,0:25:43,São Paulo
5814,28/09/24, Pedro Alves ,M,Teclado,120,1,1200,0:24:09,Belo Horizonte
5815,2023/05/06,Ana Clara,m,Notebook,120,2,1600,0:10:37,Rio de Janeiro
5816,10/10/23, Pedro Alves ,f,Cadeira,"R$ 3.500,00",1,5,,São Paulo
5817,2023-07-28,,m,Mouse,R$800,2,2400,2:15:40,Porto Alegre
5818,2024-10-21,Ana Clara,Feminino,Teclado,800,1,50,15m,Curitiba
5819,20/08/24, Pedro Alves ,,Notebook,"R$ 120,00",1,,2:01:29,Rio de Janeiro
5820,2024/01/11,Ana Clara,Feminino,Teclado,800,2,7000,67m,Belo Horizonte
5821,04-10-2024,Ana Clara,F,Teclado,120,2,105,0h 35m,Curitiba
5822,2023/02/07, João Silva ,F,Mouse,1200,2,,3h 48m,Curitiba
5823,2023-02-28,Maria Souza,m,Teclado,R$120,2,240,2:41:33,Belo Horizonte
5824,08-06-2023,Carlos Lima,,Monitor,"R$ 120,00",2,,3h 44m,São Paulo
5825,2024/05/14,,m,Monitor,1200,2,1601,0:15:03,São Paulo
5826,2024/02/21,Maria Souza,M,Mouse,"R$ 120,00",2,2400,1h 59m,Rio de Janeiro
5827,21-03-2024,,F,Mouse,1200,2,256,0h 35m,Curitiba
5828,04-06-2023, João Silva ,M,Mouse,50,1,1200,27m,Porto Alegre
5829,2024/03/13, Pedro Alves ,M,Teclado,50,3,360,,Curitiba
5830,2023/10/05,Maria Souza,F,Teclado,R$50,3,3600,3h 1m,Rio de Janeiro
5831,12-05-2023,Maria Souza,Feminino,Cadeira,R$120,3,,2:59:58,Rio de Janeiro
5832,2023-06-12,,M,Notebook,"R$ 50,00",2,240,3h 50m,Curitiba
5833,2023-05-24,Carlos Lima,,Mouse,R$3500,1,50,0h 52m,Porto Alegre
5834,2024/04/13,Ana Clara,M,Notebook,50,1,800,1:10:24,Rio de Janeiro
5835,26-03-2024, João Silva ,f,Teclado,R$50,1,,1:08:37,Rio de Janeiro
5836,02-05-2024,Carlos Lima,MASCULINO,Cadeira,R$120,1,42,,Porto Alegre
5837,14-08-2023, Pedro Alves ,MASCULINO,Monitor,R$1200,1,3500,39m,Belo Horizonte
5838,2024/01/22,Carlos Lima,MASCULINO,Notebook,1200,2,1634,159m,Curitiba
5839,2024-07-27, João Silva ,Feminino,Notebook,3500,2,240,1:54:46,Porto Alegre
5840,10-07-2023,Maria Souza,F,Teclado,120,2,2400,0h 51m,Porto Alegre
5841,2024-05-07,Ana Clara,Feminino,Cadeira,"R$ 3.500,00",1,800,69m,Porto Alegre
5842,2024/02/01,Maria Souza,f,Cadeira,50,2,240,162m,São Paulo
5843,2023-10-18, Pedro Alves ,F,Notebook,50,2,,2h 7m,Curitiba
5844,05/05/24,Maria Souza,F,Cadeira,1200,3,,91m,Rio de Janeiro
5845,26/05/24,,F,Cadeira,"R$ 1.200,00",3,,,Rio de Janeiro
5846,02/03/24,Carlos Lima,,Teclado,R$50,1,120,,Curitiba
5847,2024/06/18,Carlos Lima,Masculino,Cadeira,120,3,10500,,Porto Alegre
5848,07-05-2024,Carlos Lima,,Cadeira,1200,2,7000,2:33:32,Porto Alegre
5849,2024-08-14, João Silva ,f,Monitor,"R$ 120,00",2,,,Curitiba
5850,2023-01-24, João Silva ,F,Monitor,3500,3,107,109m,Belo Horizonte
5851,2023/11/24,Maria Souza,Feminino,Cadeira,120,1,757,1:13:21,Rio de Janeiro
5852,09/11/24,Maria Souza,Masculino,Notebook,50,1,120,1:21:29,Curitiba
5853,2024-05-25,Ana Clara,,Mouse,R$50,1,44,,São Paulo
5854,25-02-2023,Carlos Lima,Feminino,Teclado,3500,1,120,3h 59m,São Paulo
5855,2023-09-03,Maria Souza,,Mouse,R$120,2,7000,2:53:22,Curitiba
5856,12-05-2024,Ana Clara,Feminino,Teclado,800,2,,,São Paulo
5857,03/12/23,,M,Monitor,"R$ 1.200,00",2,2400,,Rio de Janeiro
5858,2024/06/01,,f,Mouse,R$3500,2,2400,0:53:07,Porto Alegre
5859,18-07-2023,Ana Clara,MASCULINO,Monitor,3500,2,1614,1:26:15,Curitiba
5860,2023-11-18,Carlos Lima,f,Mouse,"R$ 50,00",2,1600,87m,Curitiba
5861,01/05/24,Ana Clara,Feminino,Notebook,R$800,3,2400,99m,Belo Horizonte
5862,2024/11/03,Carlos Lima,Feminino,Monitor,50,1,,3h 13m,Curitiba
5863,17/07/23, João Silva ,MASCULINO,Teclado,R$800,2,135,111m,Rio de Janeiro
5864,2023/01/07, Pedro Alves ,Feminino,Notebook,R$1200,2,1600,2:50:52,Belo Horizonte
5865,01/02/23, João Silva ,Masculino,Notebook,800,1,120,,Rio de Janeiro
5866,25/01/23,Ana Clara,F,Mouse,1200,2,100,113m,Belo Horizonte
5867,10-11-2024, João Silva ,Masculino,Mouse,R$50,3,360,,Belo Horizonte
5868,02-10-2023, João Silva ,,Teclado,R$800,1,3500,0:57:05,Curitiba
5869,2023-01-14,Maria Souza,F,Teclado,"R$ 120,00",1,,1h 59m,São Paulo
5870,2023-03-13, Pedro Alves ,MASCULINO,Monitor,"R$ 800,00",1,800,51m,São Paulo
5871,2023-02-27,Carlos Lima,Feminino,Monitor,120,3,10500,119m,Curitiba
5872,2023/12/10,Ana Clara,Feminino,Monitor,120,3,,20m,Curitiba
5873,17-05-2024,,m,Monitor,1200,3,3557,0:44:08,Rio de Janeiro
5874,2024-10-20,Ana Clara,Masculino,Teclado,800,2,1600,,Belo Horizonte
5875,27/05/24,Maria Souza,,Cadeira,"R$ 1.200,00",1,50,152m,Rio de Janeiro
5876,02/11/24, Pedro Alves ,,Teclado,"R$ 1.200,00",3,2400,3h 2m,Curitiba
5877,2023-07-25,Ana Clara,M,Teclado,R$3500,2,231,1:23:48,Rio de Janeiro
5878,2024/09/07, João Silva ,Feminino,Mouse,R$3500,1,800,1:41:39,Curitiba
5879,2023-09-25,,Masculino,Notebook,"R$ 3.500,00",3,150,1:00:11,Rio de Janeiro
5880,2024/09/27, Pedro Alves ,F,Mouse,R$800,1,86,,São Paulo
5881,12-11-2023, Pedro Alves ,f,Notebook,800,1,3538,1h 12m,Belo Horizonte
5882,2023-06-21,Carlos Lima,Feminino,Cadeira,800,1,102,55m,Rio de Janeiro
5883,2024-07-04, João Silva ,f,Mouse,3500,3,3600,,Curitiba
5884,2023/11/07,Ana Clara,Feminino,Monitor,R$800,3,2449,0h 30m,Rio de Janeiro
5885,2023-08-21, Pedro Alves ,,Cadeira,50,1,3500,3h 50m,São Paulo
5886,2024-10-15,Ana Clara,,Monitor,R$120,1,3508,45m,Porto Alegre
5887,08/11/23,Ana Clara,F,Monitor,1200,1,,95m,Rio de Janeiro
5888,18/07/23, João Silva ,f,Cadeira,"R$ 120,00",3,,,São Paulo
5889,2023-12-16,,,Mouse,50,1,800,1:01:13,Porto Alegre
5890,2024-01-28, Pedro Alves ,M,Mouse,R$3500,1,3474,,Porto Alegre
5891,03/04/24, João Silva ,,Cadeira,50,2,2400,1:26:44,São Paulo
5892,2023/10/14, Pedro Alves ,Feminino,Notebook,R$3500,2,,0:48:19,São Paulo
5893,17/02/24,Ana Clara,m,Monitor,50,3,10500,77m,Porto Alegre
5894,2023/05/28,Ana Clara,F,Teclado,R$1200,2,,1:38:30,Porto Alegre
5895,18-09-2023,Maria Souza,,Monitor,120,1,50,1:07:26,São Paulo
5896,07-05-2023,Maria Souza,m,Monitor,R$3500,3,360,0:32:44,São Paulo
5897,06/08/23, Pedro Alves ,m,Mouse,R$1200,1,,92m,Curitiba
5898,2024/08/07,Carlos Lima,,Cadeira,3500,1,120,179m,Curitiba
5899,06/09/23,Maria Souza,m,Monitor,"R$ 1.200,00",3,2400,,Curitiba
5900,04-07-2024, João Silva ,m,Cadeira,R$1200,1,1200,3h 8m,São Paulo
5901,25-03-2023,Ana Clara,Masculino,Cadeira,50,3,2400,1:21:03,Belo Horizonte
5902,24-11-2023,Maria Souza,m,Cadeira,3500,2,78,165m,Rio de Janeiro
5903,02-06-2024,Carlos Lima,M,Mouse,"R$ 50,00",2,100,2:15:44,Curitiba
5904,2024/07/07,Maria Souza,m,Monitor,R$50,3,360,,São Paulo
5905,17-09-2024,Carlos Lima,f,Monitor,120,1,1200,0h 19m,Rio de Janeiro
5906,2024/05/15, Pedro Alves ,,Cadeira,800,2,250,0h 28m,Porto Alegre
5907,28/08/24, João Silva ,MASCULINO,Monitor,"R$ 3.500,00",2,1643,2:38:24,Belo Horizonte
5908,2023/03/21,Carlos Lima,MASCULINO,Cadeira,R$1200,2,100,27m,Rio de Janeiro
5909,18/04/23,Ana Clara,Masculino,Mouse,R$3500,1,50,0h 50m,Rio de Janeiro
5910,28-06-2024,Ana Clara,MASCULINO,Cadeira,R$800,3,,1h 38m,São Paulo
5911,2024-10-02,Maria Souza,Feminino,Mouse,"R$ 1.200,00",2,1600,26m,Rio de Janeiro
5912,2024-09-28,Carlos Lima,,Mouse,R$50,3,2400,58m,São Paulo
5913,2024/05/20,Carlos Lima,MASCULINO,Teclado,"R$ 800,00",3,360,,Porto Alegre
5914,2024/05/06,Carlos Lima,Masculino,Notebook,800,1,3500,0:58:34,São Paulo
5915,24/03/24,,f,Teclado,"R$ 50,00",3,10500,68m,Belo Horizonte
5916,01-01-2024,,f,Cadeira,1200,2,7000,,Belo Horizonte
5917,02-02-2023, Pedro Alves ,F,Notebook,R$1200,3,360,,Belo Horizonte
5918,03/08/24,Carlos Lima,,Teclado,R$1200,2,91,,Belo Horizonte
5919,2024-01-18, Pedro Alves ,Masculino,Monitor,1200,1,765,2:01:28,Rio de Janeiro
5920,19-11-2024,,m,Cadeira,R$50,1,50,,Porto Alegre
5921,2024-06-25,Carlos Lima,M,Monitor,R$3500,3,360,,Porto Alegre
5922,2024/09/07, João Silva ,F,Monitor,"R$ 800,00",3,360,,Rio de Janeiro
5923,2023-07-05, João Silva ,M,Cadeira,"R$ 3.500,00",2,1600,0:16:21,Belo Horizonte
5924,2023-09-09, João Silva ,F,Monitor,"R$ 1.200,00",3,360,1h 12m,Belo Horizonte
5925,10/10/24,Maria Souza,,Teclado,"R$ 1.200,00",2,7000,,Belo Horizonte
5926,26-07-2023, João Silva ,M,Mouse,R$800,2,7000,116m,São Paulo
5927,2023-02-12,Ana Clara,M,Teclado,R$3500,1,120,10m,Belo Horizonte
5928,14/12/23,Carlos Lima,f,Cadeira,800,1,50,,Curitiba
5929,2023/12/22,Carlos Lima,F,Notebook,R$1200,3,360,3h 37m,São Paulo
5930,03/07/24,Carlos Lima,F,Teclado,R$120,3,,1:49:17,Belo Horizonte
5931,2024-01-11, Pedro Alves ,MASCULINO,Mouse,"R$ 800,00",3,2359,64m,Curitiba
5932,02-09-2023, João Silva ,m,Mouse,"R$ 120,00",3,2361,27m,Porto Alegre
5933,14/10/23, João Silva ,Masculino,Teclado,R$50,1,50,15m,Curitiba
5934,02/07/24, Pedro Alves ,M,Monitor,"R$ 3.500,00",3,3600,0:41:32,Porto Alegre
5935,15-05-2023,Carlos Lima,m,Teclado,120,2,7000,179m,Porto Alegre
5936,14/09/23, João Silva ,m,Teclado,"R$ 1.200,00",3,3600,2:02:29,Curitiba
5937,2024-09-04, Pedro Alves ,,Monitor,R$120,2,7000,0h 29m,Curitiba
5938,13-08-2024,Maria Souza,Masculino,Notebook,800,2,,1h 3m,Curitiba
5939,2023/05/05,Carlos Lima,m,Monitor,1200,2,,168m,São Paulo
5940,2024/06/06,Maria Souza,m,Monitor,"R$ 800,00",1,50,2:08:43,Rio de Janeiro
5941,09-12-2024,Ana Clara,Masculino,Teclado,R$800,2,2400,0:06:03,Belo Horizonte
5942,13/10/23,,F,Monitor,"R$ 1.200,00",1,1201,2:57:23,São Paulo
5943,2023/05/21,Carlos Lima,Feminino,Mouse,"R$ 800,00",1,,,Curitiba
5944,26-05-2024,,F,Mouse,120,3,150,1:23:27,Porto Alegre
5945,2024-10-16,Maria Souza,m,Notebook,R$3500,3,,0:16:22,São Paulo
5946,2024/05/20,Ana Clara,F,Cadeira,800,2,,146m,Curitiba
5947,26-03-2023, Pedro Alves ,Feminino,Mouse,"R$ 50,00",3,360,0:55:24,Curitiba
5948,2024/07/04, João Silva ,,Monitor,R$1200,2,100,,Belo Horizonte
5949,2023-12-19,Maria Souza,,Cadeira,"R$ 3.500,00",2,100,0:02:08,São Paulo
5950,2024/08/27,Maria Souza,f,Notebook,3500,3,3600,2h 47m,Curitiba
5951,08/04/24,,F,Monitor,3500,1,800,1:30:01,Curitiba
5952,2024-10-24,Ana Clara,Masculino,Notebook,120,3,360,123m,Rio de Janeiro
5953,2023/03/18,Maria Souza,F,Mouse,50,3,150,3h 26m,Porto Alegre
5954,03-04-2023,,m,Mouse,"R$ 120,00",2,1600,1:16:04,Porto Alegre
5955,2023-05-20,Ana Clara,,Mouse,R$800,2,240,3h 31m,São Paulo
5956,23/03/23,,,Monitor,R$50,2,,,Curitiba
5957,2023-07-09,,,Teclado,50,3,360,,Belo Horizonte
5958,2023-01-25,Maria Souza,MASCULINO,Mouse,R$3500,2,240,3h 24m,São Paulo
5959,04/01/24,Maria Souza,,Mouse,R$50,1,1200,2:04:28,Curitiba
5960,06/08/23,,f,Notebook,"R$ 800,00",2,2400,3h 40m,Porto Alegre
5961,17-09-2023, João Silva ,MASCULINO,Teclado,R$50,2,240,3h 54m,Curitiba
5962,15/04/24,Ana Clara,Masculino,Monitor,800,2,,,Curitiba
5963,13-07-2023, Pedro Alves ,Feminino,Monitor,R$1200,1,800,178m,São Paulo
5964,28-10-2024,Maria Souza,M,Mouse,"R$ 120,00",3,,127m,Rio de Janeiro
5965,2023-08-24,,f,Cadeira,1200,2,1600,,Curitiba
5966,2023/11/25,Maria Souza,MASCULINO,Mouse,R$120,1,50,,Belo Horizonte
5967,2023/11/28,Carlos Lima,F,Teclado,R$3500,2,7000,130m,Curitiba
5968,10-09-2024,Carlos Lima,M,Notebook,R$3500,3,3600,0:41:33,Belo Horizonte
5969,2024/02/23, Pedro Alves ,m,Mouse,"R$ 800,00",1,,0:42:56,Porto Alegre
5970,2023/10/16,Ana Clara,M,Monitor,"R$ 120,00",2,240,65m,Belo Horizonte
5971,2024/02/15,Carlos Lima,Feminino,Cadeira,R$50,3,10452,96m,Curitiba
5972,23/01/24,Maria Souza,F,Monitor,"R$ 50,00",1,3500,1:29:12,Belo Horizonte
5973,19-03-2023,Carlos Lima,Masculino,Notebook,"R$ 120,00",1,50,,São Paulo
5974,2024-07-04,Ana Clara,M,Cadeira,"R$ 50,00",1,800,32m,Porto Alegre
5975,2024-10-05,Ana Clara,Feminino,Notebook,R$50,1,800,2:46:10,Rio de Janeiro
5976,2023/08/21, Pedro Alves ,M,Teclado,800,3,150,104m,Curitiba
5977,09-07-2024,Maria Souza,,Mouse,R$1200,2,7041,169m,Curitiba
5978,25-06-2023, Pedro Alves ,Masculino,Cadeira,1200,2,2400,2:38:24,Rio de Janeiro
5979,2023-02-22,,MASCULINO,Notebook,R$1200,2,240,155m,Belo Horizonte
5980,06/07/23, Pedro Alves ,Feminino,Notebook,R$1200,2,,46m,São Paulo
5981,10/02/23,Carlos Lima,Feminino,Mouse,"R$ 120,00",2,,1h 50m,Curitiba
5982,2023-08-26,,Masculino,Mouse,R$800,3,10501,55m,Belo Horizonte
5983,14-07-2024, Pedro Alves ,,Notebook,"R$ 800,00",3,,,Porto Alegre
5984,23-10-2024,,M,Mouse,"R$ 120,00",1,800,1h 15m,São Paulo
5985,2024/10/14, João Silva ,Masculino,Teclado,3500,2,7000,2:02:13,São Paulo
5986,2023/05/01,Maria Souza,Feminino,Mouse,"R$ 50,00",1,92,,Belo Horizonte
5987,2024-07-20, João Silva ,F,Teclado,"R$ 3.500,00",1,120,2:57:58,Curitiba
5988,15/08/23, Pedro Alves ,f,Cadeira,R$1200,2,100,,Belo Horizonte
5989,11/04/23,,m,Notebook,120,2,1600,,Porto Alegre
5990,2024-01-11,Ana Clara,M,Mouse,"R$ 3.500,00",2,240,18m,Rio de Janeiro
5991,2024-07-24,Maria Souza,m,Teclado,"R$ 800,00",2,2400,104m,São Paulo
5992,2024-07-06,Carlos Lima,,Cadeira,R$120,2,2400,3h 33m,Rio de Janeiro
5993,22/01/24, Pedro Alves ,F,Notebook,R$3500,2,,105m,Curitiba
5994,16-05-2024,Carlos Lima,F,Teclado,R$3500,2,,2h 51m,Curitiba
5995,2023-01-09, Pedro Alves ,M,Monitor,"R$ 3.500,00",1,3500,0:39:56,São Paulo
5996,04-05-2024,Carlos Lima,m,Monitor,1200,3,150,0h 1m,Curitiba
5997,10-09-2024, Pedro Alves ,MASCULINO,Monitor,R$120,1,120,,Belo Horizonte
5998,2023/08/17,Carlos Lima,MASCULINO,Mouse,1200,3,10500,1:12:04,Porto Alegre
5999,20-12-2023,Ana Clara,Masculino,Teclado,R$1200,2,,85m,Belo Horizonte
6000,19/11/24,,Masculino,Teclado,"R$ 3.500,00",1,3500,3h 58m,Rio de Janeiro
6001,06/01/23,Maria Souza,M,Cadeira,1200,3,,0:26:09,Curitiba
6002,2024-05-22,,Feminino,Mouse,"R$ 3.500,00",2,7000,,Belo Horizonte
6003,2024-04-10,,M,Mouse,"R$ 1.200,00",1,3500,21m,Porto Alegre
6004,2023-07-27,Maria Souza,M,Mouse,800,1,120,1h 24m,Belo Horizonte
6005,23/06/24,Carlos Lima,,Cadeira,"R$ 800,00",1,1200,0h 6m,São Paulo
6006,2023/01/09,Maria Souza,F,Notebook,R$1200,2,1600,1:36:41,Rio de Janeiro
6007,01-07-2023,Ana Clara,M,Notebook,R$800,3,2400,,Belo Horizonte
6008,13/12/24,Ana Clara,M,Monitor,50,1,120,0:48:04,Rio de Janeiro
6009,03/09/23,Maria Souza,Feminino,Cadeira,"R$ 50,00",3,360,88m,Porto Alegre
6010,24-09-2023, João Silva ,Feminino,Cadeira,120,3,150,1h 2m,Belo Horizonte
6011,2024/01/20,Maria Souza,Feminino,Mouse,"R$ 3.500,00",1,,165m,Curitiba
6012,18-12-2024,Carlos Lima,F,Notebook,"R$ 800,00",2,6961,0:20:40,Belo Horizonte
6013,26-07-2024,,Feminino,Teclado,"R$ 50,00",1,3500,78m,Porto Alegre
6014,2023-10-13,Maria Souza,Feminino,Cadeira,"R$ 1.200,00",1,1203,52m,São Paulo
6015,2023-11-12, Pedro Alves ,Feminino,Cadeira,"R$ 3.500,00",2,7000,,Curitiba
6016,2024/12/14,,,Monitor,"R$ 3.500,00",2,,3h 47m,Belo Horizonte
6017,06/10/23, Pedro Alves ,M,Teclado,50,1,1200,,São Paulo
6018,13-09-2024,Ana Clara,Masculino,Notebook,R$120,3,360,0h 27m,Porto Alegre
6019,04-05-2024, João Silva ,,Notebook,"R$ 120,00",1,120,,Porto Alegre
6020,2024-05-07, Pedro Alves ,F,Monitor,"R$ 1.200,00",3,2369,24m,Curitiba
6021,23/10/23, João Silva ,F,Mouse,R$3500,3,3600,3h 11m,Porto Alegre
6022,18/07/23,,MASCULINO,Teclado,R$120,2,7000,15m,Curitiba
6023,2024/05/01, João Silva ,f,Monitor,R$50,2,2400,,Belo Horizonte
6024,25-07-2023,,Masculino,Monitor,R$1200,2,240,180m,Porto Alegre
6025,14/12/23, João Silva ,Masculino,Monitor,3500,2,250,0:13:09,Rio de Janeiro
6026,25/01/23,,MASCULINO,Mouse,R$50,3,360,1h 36m,Curitiba
6027,10-10-2023,Maria Souza,Masculino,Notebook,1200,2,1600,1:35:52,Rio de Janeiro
6028,15/05/23,,,Mouse,R$50,3,2400,,Curitiba
6029,2024-01-17, Pedro Alves ,Feminino,Mouse,R$1200,3,360,2h 6m,Rio de Janeiro
6030,02/12/23,Maria Souza,F,Monitor,R$50,1,120,1h 8m,Porto Alegre
6031,07-12-2023,Ana Clara,MASCULINO,Notebook,"R$ 120,00",1,3461,0h 42m,Curitiba
6032,21/11/24, João Silva ,,Notebook,R$3500,2,2400,,Porto Alegre
6033,12/04/24, Pedro Alves ,f,Monitor,120,1,1200,2:46:03,Belo Horizonte
6034,2024/04/25,,f,Cadeira,"R$ 3.500,00",1,87,0:06:26,Curitiba
6035,2024/08/15,Carlos Lima,,Mouse,R$3500,2,,,Rio de Janeiro
6036,08/06/23,Maria Souza,F,Teclado,R$800,2,1624,2h 19m,Belo Horizonte
6037,08/08/24, João Silva ,m,Cadeira,R$3500,3,150,0h 30m,Rio de Janeiro
6038,2024/01/19,Ana Clara,m,Monitor,"R$ 800,00",3,,,São Paulo
6039,11/02/23, Pedro Alves ,Feminino,Cadeira,"R$ 1.200,00",3,360,54m,Porto Alegre
6040,19/02/23, Pedro Alves ,m,Cadeira,120,3,,2:26:09,Porto Alegre
6041,02/09/23,,,Mouse,3500,3,150,48m,Rio de Janeiro
6042,2024/08/14,,F,Mouse,"R$ 3.500,00",2,240,2:25:40,Curitiba
6043,08/04/23,Carlos Lima,m,Mouse,R$800,2,,1:24:43,Porto Alegre
6044,26/06/23, Pedro Alves ,MASCULINO,Cadeira,800,3,2400,,Belo Horizonte
6045,20/06/24, Pedro Alves ,Masculino,Monitor,"R$ 120,00",2,7030,,Belo Horizonte
6046,07-05-2023,,f,Cadeira,50,3,150,24m,Curitiba
6047,2023/08/16, João Silva ,Masculino,Cadeira,R$3500,2,,,Belo Horizonte
6048,03/06/24, Pedro Alves ,Feminino,Mouse,120,3,2400,1h 8m,Rio de Janeiro
6049,25/03/23,Maria Souza,f,Monitor,R$120,2,100,0h 20m,Rio de Janeiro
6050,22/08/23, Pedro Alves ,F,Cadeira,1200,2,7000,0h 30m,Porto Alegre
6051,11/05/23,,MASCULINO,Cadeira,1200,1,800,2h 15m,São Paulo
6052,18/08/24,Ana Clara,Masculino,Mouse,R$1200,2,1600,0:49:09,Curitiba
6053,2024-09-04,,Masculino,Mouse,800,1,50,1h 14m,Curitiba
6054,2023-11-16, João Silva ,,Cadeira,120,2,2400,1:34:53,Porto Alegre
6055,16/05/23, João Silva ,,Cadeira,"R$ 50,00",1,,105m,Porto Alegre
6056,26-08-2023, Pedro Alves ,F,Mouse,3500,3,,,Rio de Janeiro
6057,25-11-2023,Maria Souza,Feminino,Monitor,800,3,,2h 3m,Belo Horizonte
6058,2024-04-26, Pedro Alves ,Feminino,Cadeira,"R$ 120,00",2,1600,2h 19m,Belo Horizonte
6059,2023/04/14, João Silva ,F,Monitor,120,2,100,,Curitiba
6060,2024/01/22,Carlos Lima,m,Notebook,R$800,1,3500,171m,Rio de Janeiro
6061,20-01-2024,Maria Souza,,Monitor,"R$ 3.500,00",2,1600,0h 53m,Rio de Janeiro
6062,18/04/23, Pedro Alves ,M,Notebook,"R$ 1.200,00",3,360,3h 11m,Belo Horizonte
6063,2024-01-26,Carlos Lima,MASCULINO,Teclado,R$800,2,240,1h 40m,Curitiba
6064,2024-02-04, Pedro Alves ,m,Monitor,R$120,1,1200,93m,Belo Horizonte
6065,24-04-2024, João Silva ,Feminino,Notebook,800,3,,0:51:18,Belo Horizonte
6066,25-07-2023, João Silva ,MASCULINO,Teclado,R$800,1,,1:26:46,Porto Alegre
6067,12-12-2023,Maria Souza,F,Monitor,800,1,120,23m,Rio de Janeiro
6068,2024-05-07,,f,Teclado,"R$ 800,00",2,240,84m,Rio de Janeiro
6069,2023/02/05, João Silva ,f,Notebook,1200,3,,3h 34m,Rio de Janeiro
6070,2023-04-08,Maria Souza,m,Mouse,R$1200,2,7000,87m,São Paulo
6071,27/08/24,,m,Notebook,3500,2,2400,,São Paulo
6072,02/03/23,Ana Clara,F,Cadeira,R$800,3,360,2h 8m,Rio de Janeiro
6073,01/03/23,,Masculino,Notebook,3500,1,50,3h 18m,São Paulo
6074,10/02/24,Ana Clara,f,Mouse,R$800,1,3500,0h 56m,São Paulo
6075,2023-05-18, Pedro Alves ,M,Teclado,R$50,1,50,1:28:19,Porto Alegre
6076,16/11/23,Ana Clara,MASCULINO,Teclado,3500,2,2400,100m,Porto Alegre
6077,24/02/23,Maria Souza,f,Notebook,R$3500,3,3622,88m,Porto Alegre
6078,22/09/24,Maria Souza,Masculino,Mouse,120,2,100,108m,São Paulo
6079,2024/09/13, João Silva ,m,Teclado,R$3500,3,3600,2h 1m,Rio de Janeiro
6080,2024/01/06,Ana Clara,,Teclado,R$800,1,146,,Porto Alegre
6081,01-10-2024,Carlos Lima,F,Cadeira,R$1200,1,120,0:22:02,Curitiba
6082,04/03/23,Maria Souza,F,Notebook,R$1200,1,50,2:19:20,Curitiba
6083,2024-06-24, João Silva ,M,Cadeira,"R$ 800,00",3,10500,,São Paulo
6084,2023/09/08,Ana Clara,f,Mouse,R$800,1,120,1:33:44,Curitiba
6085,22/10/24,Ana Clara,M,Teclado,50,1,1200,0:57:46,Rio de Janeiro
6086,2024/01/28, João Silva ,f,Cadeira,"R$ 1.200,00",1,,94m,Porto Alegre
6087,2024-05-13,Carlos Lima,Masculino,Teclado,"R$ 120,00",1,,1h 7m,São Paulo
6088,2024/12/02, João Silva ,,Monitor,R$50,1,,1h 46m,São Paulo
6089,2023/10/23, Pedro Alves ,Masculino,Mouse,"R$ 3.500,00",3,150,1:29:49,Porto Alegre
6090,05-06-2024,Carlos Lima,M,Teclado,R$3500,2,240,0:29:54,Curitiba
6091,02-08-2024,Ana Clara,,Mouse,800,1,3500,36m,Curitiba
6092,2024-05-27,Ana Clara,MASCULINO,Notebook,R$800,1,1200,0:22:53,Belo Horizonte
6093,04-04-2024,Maria Souza,m,Notebook,R$1200,3,10490,2:29:12,Rio de Janeiro
6094,2024-03-09,Ana Clara,f,Teclado,"R$ 3.500,00",3,150,1:11:12,Rio de Janeiro
6095,2024/10/18,,F,Cadeira,R$3500,2,,1:41:08,Rio de Janeiro
6096,2024-11-14,,Masculino,Teclado,R$120,2,,3h 47m,Curitiba
6097,05/10/24, Pedro Alves ,F,Notebook,"R$ 800,00",1,760,,Belo Horizonte
6098,15/04/23,Carlos Lima,,Notebook,800,2,7000,3h 23m,Curitiba
6099,22/06/23,Carlos Lima,Masculino,Monitor,"R$ 3.500,00",2,2400,111m,Rio de Janeiro
6100,03-09-2023,Maria Souza,f,Teclado,800,2,2400,1:34:05,Porto Alegre
6101,2024/07/26,Carlos Lima,F,Teclado,120,3,,0:01:06,Curitiba
6102,23/09/24,Carlos Lima,MASCULINO,Notebook,120,1,50,0h 41m,São Paulo
6103,24-12-2024, João Silva ,F,Teclado,1200,3,,,Belo Horizonte
6104,2023/12/05,Carlos Lima,m,Teclado,"R$ 3.500,00",2,100,1:49:32,Belo Horizonte
6105,07-10-2024,Carlos Lima,MASCULINO,Monitor,"R$ 800,00",1,800,,Curitiba
6106,2023/03/21,,MASCULINO,Notebook,"R$ 120,00",3,10500,,Rio de Janeiro
6107,16-07-2023,Maria Souza,M,Notebook,R$120,3,2400,3h 0m,Curitiba
6108,10-07-2024,Carlos Lima,Feminino,Mouse,50,1,3500,2:53:34,Curitiba
6109,06-10-2024,Carlos Lima,MASCULINO,Mouse,50,2,240,86m,Porto Alegre
6110,2023/08/27,Carlos Lima,MASCULINO,Notebook,120,3,355,,Belo Horizonte
6111,2023-11-23,Ana Clara,f,Mouse,"R$ 120,00",3,,,São Paulo
6112,2024/01/13, João Silva ,M,Cadeira,"R$ 1.200,00",3,10508,2:40:03,Belo Horizonte
6113,16/04/23,Maria Souza,,Notebook,800,1,800,,Curitiba
6114,2023/05/19,Ana Clara,MASCULINO,Cadeira,"R$ 120,00",3,10500,1h 48m,Curitiba
6115,2024/04/07,Ana Clara,f,Cadeira,R$800,2,,3h 41m,Curitiba
6116,08-11-2023,,M,Cadeira,1200,1,120,136m,Rio de Janeiro
6117,2023/08/12,Maria Souza,Masculino,Notebook,"R$ 3.500,00",3,150,,Curitiba
6118,23/02/24,,,Notebook,R$120,2,,,São Paulo
6119,2024/10/09,,f,Monitor,R$800,2,240,108m,Curitiba
6120,14/11/24,Ana Clara,MASCULINO,Notebook,3500,1,3500,,Porto Alegre
6121,2024-11-15, João Silva ,f,Notebook,120,2,,0h 33m,Curitiba
6122,2023/04/03,Ana Clara,,Cadeira,R$3500,2,,1h 36m,Rio de Janeiro
6123,2023-12-19, Pedro Alves ,,Notebook,800,1,50,1h 35m,Belo Horizonte
6124,25-09-2023,Maria Souza,M,Teclado,3500,2,7000,25m,Porto Alegre
6125,03-04-2023, João Silva ,m,Mouse,3500,1,91,2:53:16,Curitiba
6126,2024/12/04,Ana Clara,Masculino,Cadeira,"R$ 50,00",2,2400,0h 51m,Curitiba
6127,2023/12/28,Carlos Lima,M,Cadeira,3500,2,,2:09:31,Curitiba
6128,2024-09-09, João Silva ,m,Monitor,R$3500,1,3518,,Curitiba
6129,20-03-2024, Pedro Alves ,Feminino,Monitor,"R$ 800,00",1,800,1:34:15,Rio de Janeiro
6130,16-05-2024, João Silva ,Feminino,Mouse,50,3,150,2:41:07,Rio de Janeiro
6131,2023-03-20, João Silva ,F,Notebook,3500,2,1600,0h 53m,Rio de Janeiro
6132,2024-06-04,Ana Clara,m,Notebook,"R$ 800,00",1,120,3h 5m,São Paulo
6133,11-02-2024,Maria Souza,Feminino,Notebook,3500,3,10500,,Belo Horizonte
6134,2024-08-16,,Feminino,Notebook,3500,1,27,,Rio de Janeiro
6135,2023-12-03,Maria Souza,Masculino,Cadeira,R$120,2,2400,3h 52m,Porto Alegre
6136,2024-10-03,Ana Clara,F,Mouse,R$1200,1,3500,174m,Rio de Janeiro
6137,19-07-2024,Carlos Lima,F,Notebook,"R$ 120,00",1,,,Rio de Janeiro
6138,2024-07-02,Maria Souza,Feminino,Notebook,50,2,,25m,Curitiba
6139,2023/04/07, João Silva ,M,Monitor,R$1200,3,10516,2:46:54,Curitiba
6140,22/08/24,Maria Souza,f,Monitor,"R$ 1.200,00",2,1600,3h 0m,Porto Alegre
6141,24-01-2024,Ana Clara,Feminino,Cadeira,R$1200,2,1600,,Porto Alegre
6142,2023/02/27,Carlos Lima,,Notebook,"R$ 120,00",1,1243,114m,Belo Horizonte
6143,20/04/24,Ana Clara,MASCULINO,Cadeira,"R$ 3.500,00",1,1200,0:50:45,Curitiba
6144,2024-02-08,Maria Souza,M,Notebook,R$120,3,2422,122m,Curitiba
6145,06-01-2024, Pedro Alves ,m,Teclado,3500,3,337,,São Paulo
6146,2024-04-20, Pedro Alves ,Feminino,Monitor,R$1200,3,3600,,Belo Horizonte
6147,2023-10-09,Maria Souza,F,Monitor,R$50,3,10500,120m,São Paulo
6148,06/06/24,Ana Clara,F,Monitor,R$3500,1,120,2h 26m,Rio de Janeiro
6149,10-02-2023,Ana Clara,,Monitor,50,2,2400,,Porto Alegre
6150,2024/12/03,Maria Souza,F,Teclado,R$800,3,3600,,São Paulo
6151,01/02/24,Carlos Lima,Feminino,Monitor,"R$ 50,00",1,3500,,Belo Horizonte
6152,19/02/24, João Silva ,f,Mouse,800,2,100,,Curitiba
6153,10/06/23, João Silva ,F,Cadeira,"R$ 120,00",3,,55m,Belo Horizonte
6154,05/04/23, João Silva ,F,Teclado,R$50,2,240,,Curitiba
6155,14-11-2024,,Masculino,Cadeira,"R$ 3.500,00",2,240,3h 29m,Rio de Janeiro
6156,23/01/23, João Silva ,Feminino,Monitor,"R$ 800,00",2,,,Rio de Janeiro
6157,02-11-2024,,F,Mouse,3500,3,3600,2h 19m,Belo Horizonte
6158,06-05-2023,Ana Clara,,Cadeira,R$120,1,64,3h 30m,São Paulo
6159,2023-01-27,Carlos Lima,m,Notebook,120,3,3558,0:53:05,Rio de Janeiro
6160,2023/05/17, Pedro Alves ,Masculino,Notebook,"R$ 120,00",2,237,,Belo Horizonte
6161,2024/06/11,Carlos Lima,F,Cadeira,"R$ 1.200,00",2,100,164m,São Paulo
6162,2023/08/19,Maria Souza,MASCULINO,Monitor,"R$ 3.500,00",2,7000,62m,Rio de Janeiro
6163,2024-07-07, João Silva ,f,Mouse,800,1,,,Rio de Janeiro
6164,07/12/24,Maria Souza,Feminino,Cadeira,R$50,2,100,,Rio de Janeiro
6165,2023/02/06, João Silva ,f,Monitor,"R$ 800,00",1,800,0:30:45,Porto Alegre
6166,2023-06-10,,MASCULINO,Mouse,3500,3,150,0:06:12,Rio de Janeiro
6167,2024/11/02,Carlos Lima,F,Notebook,R$3500,3,3600,2:04:09,Belo Horizonte
6168,2023-04-17,Carlos Lima,f,Mouse,50,3,2416,2:08:15,Rio de Janeiro
6169,2024-05-01,,m,Monitor,800,1,120,38m,Curitiba
6170,02/06/24,Maria Souza,m,Mouse,3500,1,3537,2:28:38,Curitiba
6171,2024-09-04,Carlos Lima,M,Notebook,R$50,3,,95m,Belo Horizonte
6172,14/12/24, João Silva ,m,Teclado,R$1200,2,7000,,São Paulo
6173,08-08-2024,Maria Souza,m,Cadeira,"R$ 50,00",2,6992,62m,Curitiba
6174,12/03/24, Pedro Alves ,Feminino,Monitor,R$800,2,6950,1h 11m,Rio de Janeiro
6175,10-03-2023, João Silva ,MASCULINO,Teclado,R$3500,1,772,168m,Curitiba
6176,27-11-2024,Maria Souza,Masculino,Cadeira,R$800,1,3500,50m,São Paulo
6177,24-08-2023,Carlos Lima,f,Cadeira,800,1,3500,119m,São Paulo
6178,2023-04-08,Ana Clara,Feminino,Cadeira,1200,1,3460,,Porto Alegre
6179,2024-07-08,Ana Clara,Feminino,Cadeira,800,3,150,141m,Curitiba
6180,2024-12-19,Ana Clara,Feminino,Notebook,"R$ 1.200,00",3,150,88m,Belo Horizonte
6181,2024-08-24,Carlos Lima,MASCULINO,Cadeira,50,1,3500,85m,São Paulo
6182,2024/04/22,Maria Souza,M,Notebook,800,2,240,107m,Curitiba
6183,2023-02-08,Ana Clara,M,Notebook,120,3,10500,75m,Rio de Janeiro
6184,2024-10-01,Maria Souza,f,Teclado,"R$ 800,00",2,100,1:01:53,Belo Horizonte
6185,12/10/23,,f,Notebook,50,3,10500,63m,Curitiba
6186,2023-08-18, Pedro Alves ,Masculino,Teclado,R$1200,2,7000,,Curitiba
6187,2023-10-27,,,Cadeira,120,1,1200,0:49:26,Belo Horizonte
6188,24/11/24,Carlos Lima,f,Mouse,R$50,1,3500,149m,Porto Alegre
6189,21/08/24,Ana Clara,,Cadeira,120,2,220,96m,Belo Horizonte
6190,18/12/23,Maria Souza,M,Cadeira,800,1,50,88m,Belo Horizonte
6191,2023/03/27,,,Cadeira,800,1,831,,Curitiba
6192,2024-08-08,Carlos Lima,f,Teclado,"R$ 800,00",2,2420,59m,Belo Horizonte
6193,14/07/23,Carlos Lima,f,Teclado,"R$ 800,00",2,7000,2h 37m,São Paulo
6194,2023-11-05,Carlos Lima,F,Cadeira,"R$ 1.200,00",1,68,2h 4m,Belo Horizonte
6195,27/09/23,Carlos Lima,f,Mouse,50,3,3600,,Belo Horizonte
6196,01-04-2023,Carlos Lima,Masculino,Monitor,"R$ 800,00",3,3600,143m,Porto Alegre
6197,28/01/24, João Silva ,,Teclado,50,3,2444,94m,Belo Horizonte
6198,24-04-2024,,m,Notebook,R$800,1,,0:23:36,Porto Alegre
6199,04/12/23, João Silva ,m,Mouse,50,1,1200,0h 1m,Curitiba
6200,2024/03/05, Pedro Alves ,f,Mouse,R$120,1,3500,46m,Porto Alegre
6201,20/08/24,Maria Souza,m,Teclado,R$800,1,,0:46:17,Belo Horizonte
6202,08-02-2024, Pedro Alves ,,Monitor,R$50,1,93,1:58:47,Belo Horizonte
6203,2023-01-16,Carlos Lima,Masculino,Notebook,R$1200,3,10500,,Curitiba
6204,2023-03-18,Ana Clara,M,Mouse,R$800,3,10500,0h 5m,Rio de Janeiro
6205,2024/06/04, João Silva ,f,Notebook,"R$ 1.200,00",2,100,86m,Rio de Janeiro
6206,16/02/24, Pedro Alves ,F,Teclado,R$3500,3,150,2:50:23,São Paulo
6207,2024/07/25,Carlos Lima,f,Notebook,R$800,3,3600,2:13:05,São Paulo
6208,2024-06-15,Carlos Lima,Masculino,Monitor,R$800,2,7000,,Porto Alegre
6209,21/02/24,Ana Clara,Masculino,Notebook,"R$ 120,00",1,,115m,Curitiba
6210,02/08/23,Maria Souza,MASCULINO,Teclado,50,2,,71m,Curitiba
6211,24/07/24, Pedro Alves ,MASCULINO,Notebook,"R$ 800,00",1,120,0:20:17,Curitiba
6212,2023/06/10,Ana Clara,m,Notebook,"R$ 50,00",3,10500,1:17:26,São Paulo
6213,03-05-2023, Pedro Alves ,F,Mouse,1200,1,120,1h 31m,Porto Alegre
6214,2024/03/15, Pedro Alves ,MASCULINO,Notebook,R$1200,3,360,3h 8m,Belo Horizonte
6215,2024-01-21,Ana Clara,Masculino,Notebook,50,2,110,178m,Porto Alegre
6216,2024/06/23, João Silva ,MASCULINO,Cadeira,R$800,2,277,1:38:05,Rio de Janeiro
6217,05/03/24,Ana Clara,,Cadeira,800,3,3600,2:56:15,Rio de Janeiro
6218,2024-04-26,Carlos Lima,M,Cadeira,R$50,1,1200,3h 2m,Belo Horizonte
6219,05-03-2023,Carlos Lima,M,Teclado,800,3,327,0:47:29,Porto Alegre
6220,08-04-2023, Pedro Alves ,F,Monitor,"R$ 1.200,00",2,1600,50m,São Paulo
6221,07-04-2023, Pedro Alves ,Feminino,Cadeira,R$3500,3,3600,3h 58m,Rio de Janeiro
6222,2023-10-19, Pedro Alves ,F,Cadeira,50,1,3500,0:04:46,Porto Alegre
6223,2024-03-18,Maria Souza,F,Monitor,"R$ 1.200,00",3,150,88m,Belo Horizonte
6224,2023-03-25,,Feminino,Teclado,"R$ 800,00",3,3600,13m,Rio de Janeiro
6225,2023-03-02,Ana Clara,,Teclado,"R$ 1.200,00",3,,11m,Rio de Janeiro
6226,2024/08/19, João Silva ,,Mouse,"R$ 120,00",1,1200,0h 11m,São Paulo
6227,2024-01-14, Pedro Alves ,Masculino,Monitor,800,3,3600,24m,Belo Horizonte
6228,2023/04/08,Maria Souza,M,Monitor,"R$ 120,00",2,240,93m,Belo Horizonte
6229,2024/03/03,Carlos Lima,m,Notebook,R$120,2,,171m,São Paulo
6230,2023/08/08,Ana Clara,F,Cadeira,120,3,3600,2h 2m,São Paulo
6231,2024/03/26,Maria Souza,m,Mouse,R$3500,1,800,144m,Rio de Janeiro
6232,06-01-2024, Pedro Alves ,M,Mouse,800,3,3600,62m,Belo Horizonte
6233,2024-02-12,Carlos Lima,m,Monitor,50,3,3600,3h 28m,Curitiba
6234,24/08/24,,,Monitor,"R$ 120,00",2,2400,,Curitiba
6235,11-11-2023,,Feminino,Cadeira,50,1,1200,0:22:33,Rio de Janeiro
6236,2024-10-12,Carlos Lima,Masculino,Notebook,R$1200,3,2400,2h 7m,Belo Horizonte
6237,04-08-2024, Pedro Alves ,,Teclado,3500,2,7000,1:27:32,Porto Alegre
6238,09/03/24,Maria Souza,,Cadeira,R$120,1,3452,2:47:24,Rio de Janeiro
6239,23/04/23,Maria Souza,f,Teclado,"R$ 3.500,00",1,3500,,Rio de Janeiro
6240,06-11-2024,Carlos Lima,Feminino,Monitor,"R$ 800,00",2,2400,,Belo Horizonte
6241,02-06-2023, João Silva ,f,Mouse,"R$ 120,00",3,2418,,São Paulo
6242,12-05-2023,Carlos Lima,f,Mouse,"R$ 800,00",1,50,0:34:02,Rio de Janeiro
6243,2024/02/16,Ana Clara,F,Monitor,"R$ 50,00",3,373,179m,Curitiba
6244,2024/10/17, Pedro Alves ,Feminino,Cadeira,R$3500,3,,70m,Curitiba
6245,21/06/23, João Silva ,Feminino,Teclado,800,1,157,108m,Curitiba
6246,12/10/24,Carlos Lima,Feminino,Notebook,R$120,3,,3h 1m,São Paulo
6247,2024/01/04,Ana Clara,MASCULINO,Cadeira,50,3,10500,1:48:42,São Paulo
6248,17/03/23,Maria Souza,Feminino,Mouse,"R$ 50,00",3,10500,1h 9m,Curitiba
6249,2023/08/15, Pedro Alves ,MASCULINO,Mouse,50,2,100,3h 51m,Porto Alegre
6250,20/04/24, Pedro Alves ,f,Monitor,R$50,1,1200,,Rio de Janeiro
6251,2023/06/01,,F,Cadeira,R$3500,3,150,2h 46m,Curitiba
6252,26/01/23, João Silva ,M,Mouse,"R$ 120,00",1,1157,2:06:37,São Paulo
6253,10/09/24, Pedro Alves ,m,Notebook,1200,1,120,15m,Curitiba
6254,26-12-2023,Carlos Lima,F,Notebook,3500,1,3500,2h 32m,São Paulo
6255,16-07-2023,Maria Souza,MASCULINO,Monitor,R$3500,3,360,,Curitiba
6256,20/07/23,Carlos Lima,F,Monitor,R$3500,3,360,89m,Curitiba
6257,09-09-2024,Maria Souza,,Cadeira,R$800,3,2400,2h 43m,Rio de Janeiro
6258,2024-07-15, João Silva ,MASCULINO,Monitor,3500,3,10500,,Rio de Janeiro
6259,22/10/23, Pedro Alves ,M,Monitor,50,2,7000,0h 46m,São Paulo
6260,2023/10/13,Carlos Lima,,Mouse,"R$ 50,00",1,117,146m,São Paulo
6261,25/03/24,Carlos Lima,Feminino,Notebook,120,3,2400,,Porto Alegre
6262,27/02/24, João Silva ,MASCULINO,Teclado,"R$ 800,00",1,50,35m,Porto Alegre
6263,2023-02-08,Carlos Lima,MASCULINO,Mouse,R$50,1,3450,162m,Rio de Janeiro
6264,24/09/24, João Silva ,,Notebook,"R$ 50,00",1,,2:12:23,Rio de Janeiro
6265,2024/07/13, João Silva ,f,Monitor,"R$ 800,00",3,3600,1h 59m,Porto Alegre
6266,2023-08-22,Maria Souza,F,Monitor,"R$ 120,00",3,,77m,Belo Horizonte
6267,15-09-2023,Carlos Lima,Masculino,Mouse,3500,2,7000,,Porto Alegre
6268,05/07/23, João Silva ,M,Mouse,"R$ 50,00",3,2383,0:02:24,Belo Horizonte
6269,2023-03-25,Carlos Lima,,Mouse,1200,3,,,Rio de Janeiro
6270,02/09/23,Carlos Lima,m,Monitor,"R$ 1.200,00",1,120,2:44:37,Porto Alegre
6271,05/12/24, João Silva ,m,Teclado,"R$ 50,00",2,,2:00:27,Porto Alegre
6272,05-12-2023,Ana Clara,Masculino,Cadeira,"R$ 800,00",3,150,43m,Curitiba
6273,16-01-2024,Carlos Lima,F,Teclado,"R$ 50,00",1,1200,179m,Curitiba
6274,10/03/24,Carlos Lima,m,Monitor,"R$ 800,00",3,3584,1:21:34,São Paulo
6275,2024-08-18, João Silva ,m,Mouse,50,1,800,,São Paulo
6276,22/12/24,Carlos Lima,,Mouse,1200,2,1600,24m,São Paulo
6277,17-02-2024,Ana Clara,M,Mouse,R$50,2,1600,,Belo Horizonte
6278,2024-06-22,Ana Clara,Masculino,Teclado,120,3,,2:15:20,São Paulo
6279,07/06/24,Carlos Lima,F,Monitor,"R$ 1.200,00",1,,3h 53m,São Paulo
6280,2023-10-04,,F,Teclado,1200,1,3500,,Porto Alegre
6281,2024/05/14,Carlos Lima,f,Monitor,R$120,1,1200,129m,São Paulo
6282,17/07/23,Ana Clara,m,Cadeira,120,2,1600,128m,Porto Alegre
6283,2024-08-20,Maria Souza,Feminino,Cadeira,"R$ 50,00",3,360,0h 51m,Porto Alegre
6284,2023/12/27,Carlos Lima,Feminino,Teclado,"R$ 50,00",1,3500,2:16:13,São Paulo
6285,2023-05-25, João Silva ,f,Cadeira,R$800,1,3454,105m,Porto Alegre
6286,2024/10/05, Pedro Alves ,,Monitor,R$120,1,800,75m,Curitiba
6287,2023-08-20,Maria Souza,F,Notebook,3500,1,800,2h 32m,Belo Horizonte
6288,06-11-2024, Pedro Alves ,Feminino,Teclado,"R$ 800,00",1,,0h 55m,Belo Horizonte
6289,2024-07-07, Pedro Alves ,m,Monitor,R$120,2,1600,,Belo Horizonte
6290,2023/04/14, Pedro Alves ,MASCULINO,Teclado,R$3500,2,240,,Curitiba
6291,2024-02-07,Carlos Lima,m,Mouse,R$800,3,3600,,São Paulo
6292,2023/09/12,,F,Mouse,R$120,2,1573,121m,Rio de Janeiro
6293,2024-05-05, João Silva ,Masculino,Cadeira,1200,2,2400,1h 40m,Rio de Janeiro
6294,2024-05-11,,F,Mouse,3500,1,3500,2:13:40,Curitiba
6295,10/06/24,Maria Souza,,Cadeira,3500,2,100,1h 28m,Porto Alegre
6296,02-09-2023,,,Monitor,50,2,240,0h 33m,São Paulo
6297,19/06/23,Ana Clara,Feminino,Monitor,120,1,29,1:15:25,Curitiba
6298,2024-12-05, Pedro Alves ,m,Mouse,50,3,10500,2h 35m,Porto Alegre
6299,2024/01/24,Ana Clara,f,Teclado,R$120,1,50,154m,São Paulo
6300,2023-11-09,Carlos Lima,f,Cadeira,R$3500,3,,0:41:15,São Paulo
6301,2024/08/25, Pedro Alves ,M,Teclado,120,3,3600,1:09:31,Rio de Janeiro
6302,03-04-2023,,MASCULINO,Cadeira,50,2,2400,13m,Rio de Janeiro
6303,2023-09-25,Carlos Lima,Masculino,Monitor,3500,2,,,São Paulo
6304,21/09/24, João Silva ,F,Mouse,800,1,,,Porto Alegre
6305,08-04-2023,Ana Clara,m,Teclado,120,3,150,3h 34m,Curitiba
6306,14-08-2024, João Silva ,MASCULINO,Teclado,R$120,3,2362,2h 29m,Rio de Janeiro
6307,17/05/23, Pedro Alves ,Feminino,Monitor,"R$ 1.200,00",1,802,163m,Porto Alegre
6308,2024-08-03, Pedro Alves ,m,Monitor,"R$ 50,00",1,159,2:20:44,São Paulo
6309,28-06-2023,Carlos Lima,f,Mouse,R$50,3,10500,,Porto Alegre
6310,17-06-2023, Pedro Alves ,M,Cadeira,R$800,3,360,,São Paulo
6311,24-03-2023, Pedro Alves ,m,Notebook,R$50,3,360,1h 51m,Porto Alegre
6312,2024/10/01,,M,Notebook,R$50,2,7000,,Curitiba
6313,06/07/24,,Feminino,Monitor,3500,1,,1:21:23,Porto Alegre
6314,2024-07-14,Maria Souza,F,Mouse,R$120,1,3500,,Rio de Janeiro
6315,2023/05/05,Ana Clara,Masculino,Mouse,"R$ 120,00",3,10500,2:27:28,Rio de Janeiro
6316,2023/01/03,Ana Clara,Feminino,Mouse,50,3,326,2:47:31,São Paulo
6317,03-10-2024, Pedro Alves ,m,Monitor,120,2,100,2h 53m,Curitiba
6318,14/08/24, João Silva ,m,Teclado,1200,1,,118m,São Paulo
6319,04-05-2024,Carlos Lima,,Teclado,120,3,3600,,Porto Alegre
6320,24/05/23, Pedro Alves ,m,Cadeira,"R$ 800,00",1,800,133m,Rio de Janeiro
6321,2024/09/05,Maria Souza,m,Teclado,"R$ 50,00",1,,,Rio de Janeiro
6322,2024-04-19,,Feminino,Notebook,R$3500,3,150,1h 0m,Belo Horizonte
6323,2024/09/05,Carlos Lima,f,Mouse,"R$ 1.200,00",1,50,,Curitiba
6324,2024-11-24, João Silva ,MASCULINO,Mouse,1200,3,150,,Rio de Janeiro
6325,2024/08/22, Pedro Alves ,f,Cadeira,50,2,,139m,São Paulo
6326,25-03-2023,Ana Clara,Feminino,Monitor,"R$ 1.200,00",3,,,Rio de Janeiro
6327,26/06/24,,Feminino,Teclado,"R$ 800,00",3,150,3h 35m,Rio de Janeiro
6328,20-08-2023,Ana Clara,,Cadeira,"R$ 800,00",2,1600,0h 20m,Belo Horizonte
6329,13/03/23,Carlos Lima,MASCULINO,Cadeira,R$120,1,50,2:27:56,Belo Horizonte
6330,17/10/24, João Silva ,M,Cadeira,50,3,,2h 45m,Belo Horizonte
6331,2023/07/11, Pedro Alves ,M,Monitor,"R$ 120,00",2,240,16m,São Paulo
6332,2024-04-27, João Silva ,M,Notebook,R$800,1,120,,Porto Alegre
6333,2024/01/04, Pedro Alves ,Feminino,Notebook,50,2,2400,,Porto Alegre
6334,24-11-2024, Pedro Alves ,F,Notebook,800,3,2400,,São Paulo
6335,2023-06-14,,F,Cadeira,"R$ 50,00",2,1600,15m,São Paulo
6336,2023/08/13, Pedro Alves ,f,Teclado,120,3,,,Curitiba
6337,2024-08-19, João Silva ,f,Teclado,R$3500,1,120,,Curitiba
6338,05/02/24,Maria Souza,F,Cadeira,R$120,3,165,,Rio de Janeiro
6339,27/08/24,Ana Clara,f,Teclado,"R$ 800,00",2,144,2h 49m,Rio de Janeiro
6340,2023/08/11,Maria Souza,Feminino,Teclado,R$800,3,10500,,Rio de Janeiro
6341,2023/05/03, Pedro Alves ,Feminino,Mouse,R$50,3,150,1h 52m,Belo Horizonte
6342,2023/08/01,,MASCULINO,Mouse,"R$ 800,00",1,3500,3h 12m,São Paulo
6343,2024/08/23, Pedro Alves ,F,Notebook,3500,3,3600,2h 14m,Curitiba
6344,2023/12/25,,Feminino,Notebook,"R$ 1.200,00",1,,133m,São Paulo
6345,2024-12-22,Carlos Lima,Feminino,Notebook,R$800,2,240,1:57:21,Curitiba
6346,15/06/23,Ana Clara,MASCULINO,Teclado,"R$ 3.500,00",2,2400,2:45:43,São Paulo
6347,02/05/24, Pedro Alves ,f,Cadeira,"R$ 120,00",1,,,Belo Horizonte
6348,25/08/23,Ana Clara,MASCULINO,Teclado,3500,2,240,0:52:33,São Paulo
6349,2023-08-04,Carlos Lima,M,Mouse,R$50,2,6957,,São Paulo
6350,2024/04/10,Ana Clara,M,Notebook,"R$ 1.200,00",3,10534,1:08:34,Rio de Janeiro
6351,04-11-2024,Carlos Lima,,Monitor,"R$ 800,00",3,10500,,Rio de Janeiro
6352,2023-03-05,,f,Monitor,120,3,2400,,Belo Horizonte
6353,01/10/24,Carlos Lima,Masculino,Cadeira,R$1200,3,150,17m,Curitiba
6354,20/11/24, João Silva ,Feminino,Notebook,50,1,3500,0:27:32,Rio de Janeiro
6355,2023-08-15,,M,Teclado,800,2,1600,2:44:51,Rio de Janeiro
6356,2023/09/21,Carlos Lima,m,Teclado,R$800,3,10500,1h 51m,Belo Horizonte
6357,10/02/24,Maria Souza,f,Notebook,"R$ 50,00",3,10500,3h 57m,São Paulo
6358,2024/04/04, João Silva ,Feminino,Monitor,R$1200,1,50,,Porto Alegre
6359,2024/12/21,,F,Mouse,R$3500,3,,,São Paulo
6360,27/05/23,Carlos Lima,m,Mouse,1200,1,800,,São Paulo
6361,2023/04/10,,Masculino,Notebook,R$3500,3,360,1:31:33,Belo Horizonte
6362,14/05/24,Carlos Lima,m,Cadeira,"R$ 800,00",1,120,3h 22m,Belo Horizonte
6363,2024-05-25, João Silva ,F,Monitor,R$50,1,,0:03:51,Belo Horizonte
6364,2023-07-10, Pedro Alves ,m,Monitor,R$120,1,50,1h 20m,Porto Alegre
6365,16-12-2024,Maria Souza,,Mouse,800,2,7000,1:50:58,Rio de Janeiro
6366,2023-10-13, Pedro Alves ,Masculino,Notebook,R$1200,1,,22m,São Paulo
6367,2023-04-08,,Masculino,Teclado,1200,2,,0:58:23,Porto Alegre
6368,2023-02-24,,F,Teclado,R$120,2,240,2:14:17,Curitiba
6369,13/05/23, Pedro Alves ,Masculino,Monitor,R$120,1,120,1:00:59,Belo Horizonte
6370,2023-04-15, João Silva ,F,Monitor,120,3,,3h 6m,Curitiba
6371,2023-12-24, João Silva ,,Mouse,120,3,10500,19m,Curitiba
6372,2023/08/10, Pedro Alves ,Feminino,Notebook,"R$ 800,00",2,1600,177m,Porto Alegre
6373,2023/12/10, João Silva ,Masculino,Monitor,120,3,2400,32m,Belo Horizonte
6374,27-07-2024,Maria Souza,MASCULINO,Mouse,R$50,1,1200,,Rio de Janeiro
6375,25-02-2023,Maria Souza,Feminino,Notebook,R$50,3,,0h 2m,São Paulo
6376,2024/10/13, João Silva ,MASCULINO,Monitor,120,3,360,1h 46m,Rio de Janeiro
6377,03/05/23,Maria Souza,M,Mouse,50,2,1600,1:10:32,Rio de Janeiro
6378,2024/07/16,,m,Monitor,R$50,3,10500,,Porto Alegre
6379,2024/06/14,Ana Clara,Masculino,Cadeira,"R$ 800,00",1,,139m,Curitiba
6380,2024-09-01,Ana Clara,F,Mouse,R$1200,3,3600,0h 5m,São Paulo
6381,23-02-2024,Ana Clara,m,Teclado,"R$ 1.200,00",1,1200,2h 15m,Belo Horizonte
6382,2023-11-17, João Silva ,MASCULINO,Teclado,3500,2,,,Porto Alegre
6383,13-12-2023, Pedro Alves ,f,Notebook,"R$ 120,00",3,,59m,Belo Horizonte
6384,06/09/24,Maria Souza,,Cadeira,"R$ 800,00",1,800,,São Paulo
6385,2024/05/14, João Silva ,MASCULINO,Monitor,3500,1,50,0:42:26,Porto Alegre
6386,18-10-2023, Pedro Alves ,MASCULINO,Notebook,50,2,7000,1:44:04,São Paulo
6387,19-06-2023,Maria Souza,M,Mouse,R$800,1,,19m,Rio de Janeiro
6388,2023/10/03, João Silva ,f,Monitor,1200,3,2441,42m,São Paulo
6389,26/06/23,Ana Clara,M,Teclado,3500,2,7000,1:27:43,São Paulo
6390,2024/10/26, João Silva ,m,Cadeira,120,3,,115m,Curitiba
6391,2024-04-15, João Silva ,Masculino,Monitor,"R$ 3.500,00",3,10500,146m,Rio de Janeiro
6392,06/07/24,,,Cadeira,"R$ 800,00",3,3600,2:37:57,Rio de Janeiro
6393,2024-09-28,,,Monitor,"R$ 1.200,00",3,,,Curitiba
6394,2024/10/21, João Silva ,Feminino,Cadeira,50,3,2400,,Curitiba
6395,2024-04-10, João Silva ,Feminino,Teclado,1200,1,71,151m,Rio de Janeiro
6396,2024-04-27,Maria Souza,Feminino,Cadeira,50,3,181,,Curitiba
6397,2024-09-03,Carlos Lima,Masculino,Teclado,R$3500,3,3600,,Porto Alegre
6398,2024/12/07,Carlos Lima,Masculino,Monitor,120,1,120,2:20:33,Curitiba
6399,2024/03/13,,F,Notebook,"R$ 800,00",1,120,1h 42m,Rio de Janeiro
6400,15-08-2024, João Silva ,MASCULINO,Mouse,120,3,,,Curitiba
6401,23/08/23,Carlos Lima,m,Cadeira,R$1200,1,800,39m,Curitiba
6402,07/12/23, Pedro Alves ,Feminino,Notebook,"R$ 3.500,00",2,100,2:48:32,Rio de Janeiro
6403,20-08-2024,Maria Souza,f,Teclado,"R$ 120,00",2,100,0:56:32,Rio de Janeiro
6404,2023/08/02, João Silva ,m,Mouse,3500,2,2400,2:03:51,Rio de Janeiro
6405,2023/09/22,,F,Monitor,R$120,1,50,0h 24m,Belo Horizonte
6406,2023-04-22, Pedro Alves ,MASCULINO,Monitor,R$3500,2,1600,0:53:46,Rio de Janeiro
6407,06-11-2023,Ana Clara,m,Monitor,"R$ 800,00",2,133,151m,Belo Horizonte
6408,2024-01-08,Maria Souza,m,Notebook,R$50,3,,0h 46m,Belo Horizonte
6409,2024-08-02,Maria Souza,Feminino,Mouse,1200,3,3552,,Porto Alegre
6410,23-08-2024,,Masculino,Mouse,50,3,10500,138m,Porto Alegre
6411,2024-06-18, João Silva ,M,Notebook,"R$ 120,00",2,2440,2:48:47,Belo Horizonte
6412,19/12/23,Carlos Lima,,Monitor,"R$ 800,00",1,3500,51m,Porto Alegre
6413,02/10/24,,f,Teclado,R$800,2,7028,14m,Porto Alegre
6414,2024/04/09, João Silva ,f,Mouse,3500,2,7031,,São Paulo
6415,24-04-2024,Maria Souza,Masculino,Mouse,"R$ 120,00",3,150,0h 47m,Porto Alegre
6416,2024/12/10, Pedro Alves ,M,Cadeira,800,2,2393,1:10:27,São Paulo
6417,2024-07-18,Ana Clara,f,Monitor,R$1200,3,3645,151m,Porto Alegre
6418,2024/12/04,Carlos Lima,F,Cadeira,1200,2,7000,1:43:55,Rio de Janeiro
6419,2023-01-12, Pedro Alves ,Masculino,Cadeira,R$50,1,1200,48m,Curitiba
6420,11/12/24,Carlos Lima,MASCULINO,Monitor,800,3,,,São Paulo
6421,2023-12-25,Maria Souza,m,Cadeira,"R$ 120,00",3,,,Porto Alegre
6422,14/12/24, João Silva ,F,Monitor,50,2,7009,1h 31m,Porto Alegre
6423,06/11/24,Ana Clara,Masculino,Cadeira,120,1,800,,Rio de Janeiro
6424,06-06-2023,Maria Souza,m,Monitor,800,1,50,0h 32m,Curitiba
6425,2023/01/21, Pedro Alves ,F,Cadeira,R$800,1,120,,Belo Horizonte
6426,2023/05/12, Pedro Alves ,Feminino,Notebook,R$800,2,240,,Curitiba
6427,18-07-2024,Carlos Lima,F,Notebook,"R$ 1.200,00",1,1200,0h 54m,Curitiba
6428,13-03-2024,Carlos Lima,F,Notebook,R$1200,3,10500,152m,São Paulo
6429,19-11-2023,,F,Teclado,R$120,3,,2:54:35,São Paulo
6430,2023-08-26,,Masculino,Cadeira,"R$ 800,00",3,10500,125m,Rio de Janeiro
6431,2023/08/27, João Silva ,,Notebook,800,1,3500,160m,Belo Horizonte
6432,2023/09/11,Maria Souza,f,Teclado,800,1,800,,Belo Horizonte
6433,28-11-2024,Ana Clara,f,Monitor,120,3,2437,,Porto Alegre
6434,2023-04-20,Ana Clara,,Teclado,120,1,1194,1h 36m,São Paulo
6435,21-09-2024,,M,Notebook,R$50,1,3500,3h 10m,Curitiba
6436,26-07-2024,Maria Souza,F,Notebook,800,3,3600,0h 25m,São Paulo
6437,19-09-2024, Pedro Alves ,M,Cadeira,120,3,3600,2:51:56,São Paulo
6438,2024-04-13, Pedro Alves ,Masculino,Cadeira,"R$ 800,00",2,274,,Curitiba
6439,2024-06-03, Pedro Alves ,Masculino,Notebook,"R$ 800,00",3,2400,0:53:55,São Paulo
6440,21-02-2023,,m,Monitor,"R$ 3.500,00",3,,2:46:29,São Paulo
6441,2023/02/15,Ana Clara,MASCULINO,Cadeira,800,2,7000,0:28:41,Curitiba
6442,25/01/24,,f,Monitor,R$50,1,,1h 34m,Rio de Janeiro
6443,28/06/23,Carlos Lima,F,Notebook,R$50,2,100,1:07:55,São Paulo
6444,05/02/24,Ana Clara,MASCULINO,Notebook,120,1,,2:35:00,São Paulo
6445,08/11/23, Pedro Alves ,M,Cadeira,"R$ 50,00",3,10524,123m,Curitiba
6446,03-06-2024,Ana Clara,Masculino,Mouse,"R$ 50,00",3,,1:03:04,Rio de Janeiro
6447,28/02/24,,Feminino,Teclado,R$3500,1,3539,,Belo Horizonte
6448,17-04-2023,Carlos Lima,Feminino,Mouse,3500,2,282,,Rio de Janeiro
6449,07-04-2023,Carlos Lima,Feminino,Monitor,"R$ 1.200,00",2,,133m,São Paulo
6450,2023/01/28,Maria Souza,Feminino,Teclado,"R$ 1.200,00",3,371,,Curitiba
6451,2024-11-26,Maria Souza,Feminino,Monitor,120,2,7000,2h 26m,Curitiba
6452,08/04/23,Carlos Lima,Masculino,Cadeira,R$120,1,,1:09:11,Curitiba
6453,2024-02-10, Pedro Alves ,,Mouse,50,1,,,Porto Alegre
6454,2024-07-02, Pedro Alves ,M,Notebook,"R$ 3.500,00",1,3472,1:25:25,São Paulo
6455,2024-12-26, João Silva ,Feminino,Cadeira,"R$ 1.200,00",2,,169m,Porto Alegre
6456,08-06-2024,,MASCULINO,Notebook,"R$ 120,00",2,1600,100m,Rio de Janeiro
6457,2024-11-16,Carlos Lima,F,Cadeira,3500,2,2400,113m,Curitiba
6458,05-12-2024,Maria Souza,Masculino,Mouse,800,1,1200,2h 7m,Curitiba
6459,2023/11/11, Pedro Alves ,m,Monitor,"R$ 120,00",3,2400,1:59:40,Curitiba
6460,2024-11-11,Maria Souza,F,Teclado,3500,2,7000,0:13:02,Porto Alegre
6461,2024/04/11,Ana Clara,f,Mouse,R$800,1,,,São Paulo
6462,13/12/23,,M,Monitor,3500,2,240,,Rio de Janeiro
6463,2024/07/23,,F,Teclado,"R$ 800,00",1,50,,São Paulo
6464,02/02/23, Pedro Alves ,Masculino,Notebook,"R$ 120,00",2,216,157m,Belo Horizonte
6465,2024-10-15,,M,Cadeira,R$3500,1,800,,Belo Horizonte
6466,04-03-2023, João Silva ,Masculino,Monitor,120,1,1200,107m,Porto Alegre
6467,2024-12-14,Carlos Lima,,Cadeira,1200,1,,2:47:06,Curitiba
6468,25/07/23,Ana Clara,Feminino,Cadeira,1200,2,7000,1:17:36,São Paulo
6469,2024-01-15,,Feminino,Notebook,120,3,,2:25:53,São Paulo
6470,14/11/24,Carlos Lima,,Mouse,"R$ 50,00",3,360,46m,Curitiba
6471,18-05-2024,,,Cadeira,"R$ 50,00",3,2400,28m,Curitiba
6472,02/11/24,Maria Souza,M,Notebook,"R$ 120,00",1,,,Rio de Janeiro
6473,2024/10/16, João Silva ,Masculino,Notebook,1200,3,2400,1:19:16,Porto Alegre
6474,2023-10-19, Pedro Alves ,Masculino,Cadeira,1200,3,360,59m,Rio de Janeiro
6475,2023-09-09,Maria Souza,f,Mouse,"R$ 800,00",2,7000,2:59:02,São Paulo
6476,2023/12/12,,MASCULINO,Mouse,"R$ 1.200,00",3,,2:47:13,São Paulo
6477,25-11-2024,Maria Souza,f,Monitor,R$120,3,10500,,São Paulo
6478,2023-03-18, Pedro Alves ,f,Cadeira,1200,3,2400,3h 23m,Belo Horizonte
6479,2024-11-05, João Silva ,,Cadeira,"R$ 50,00",2,7000,1:47:39,São Paulo
6480,21/06/23,,Feminino,Notebook,"R$ 1.200,00",3,,,São Paulo
6481,20/12/23,Ana Clara,Masculino,Teclado,800,3,360,2h 43m,Porto Alegre
6482,2024-04-25,Ana Clara,Masculino,Notebook,3500,1,50,,São Paulo
6483,18/06/23,,Feminino,Teclado,R$800,3,10500,1h 51m,São Paulo
6484,2023-05-04, João Silva ,,Teclado,800,1,,61m,Belo Horizonte
6485,18/09/23,Ana Clara,f,Teclado,R$3500,3,2400,,Belo Horizonte
6486,03-01-2023,Ana Clara,,Cadeira,50,1,1200,2:04:25,São Paulo
6487,18-05-2023,Ana Clara,m,Cadeira,"R$ 800,00",2,1600,0:41:30,Curitiba
6488,2024/08/13,Carlos Lima,m,Cadeira,800,2,2400,,Rio de Janeiro
6489,06-10-2023,Carlos Lima,,Notebook,R$120,2,7000,2h 15m,Rio de Janeiro
6490,2023-02-28,Carlos Lima,F,Mouse,50,1,3500,2h 56m,Rio de Janeiro
6491,27/05/23,Carlos Lima,F,Teclado,1200,2,2400,1:29:30,Curitiba
6492,24/06/24, Pedro Alves ,m,Monitor,R$120,2,,1h 4m,Curitiba
6493,12-04-2023,Carlos Lima,MASCULINO,Cadeira,"R$ 3.500,00",3,324,3h 14m,São Paulo
6494,24/03/23,Ana Clara,f,Teclado,"R$ 50,00",3,2420,,Curitiba
6495,2024/05/22,,F,Monitor,R$1200,1,3500,0h 5m,São Paulo
6496,14-11-2024, João Silva ,Masculino,Teclado,"R$ 1.200,00",3,165,,Curitiba
6497,24-04-2023,,Masculino,Mouse,"R$ 120,00",2,6963,0:33:57,Porto Alegre
6498,2024/03/23,,m,Monitor,"R$ 120,00",3,3600,1h 43m,Rio de Janeiro
6499,2023-12-12,Maria Souza,MASCULINO,Mouse,3500,3,3600,37m,Porto Alegre
6500,2023-01-02,,MASCULINO,Notebook,R$1200,2,,0:35:04,Rio de Janeiro
6501,2024-01-22,,Feminino,Notebook,120,2,240,1:38:43,Porto Alegre
6502,2024-03-03, Pedro Alves ,MASCULINO,Monitor,R$1200,2,240,1h 30m,Belo Horizonte
6503,27/06/24,,f,Mouse,"R$ 50,00",3,360,152m,Belo Horizonte
6504,15/02/23,Ana Clara,M,Cadeira,800,3,360,108m,Porto Alegre
6505,04-04-2024,,,Notebook,R$3500,1,10,,Curitiba
6506,2024-11-12,Maria Souza,M,Notebook,800,1,50,,Curitiba
6507,2024/06/01, João Silva ,Feminino,Mouse,1200,1,120,2h 32m,Belo Horizonte
6508,01-12-2023,Maria Souza,m,Monitor,"R$ 120,00",2,,1h 23m,São Paulo
6509,2023/10/12, João Silva ,,Cadeira,120,2,1600,2:46:22,Porto Alegre
6510,11-09-2024,Ana Clara,MASCULINO,Monitor,120,2,1596,2:00:21,Curitiba
6511,02/07/24,Carlos Lima,m,Monitor,800,2,2400,,Rio de Janeiro
6512,2023-10-08, Pedro Alves ,Masculino,Notebook,800,1,3500,,Porto Alegre
6513,14-05-2023,,M,Notebook,"R$ 800,00",2,240,1:57:51,Curitiba
6514,04-12-2024, Pedro Alves ,F,Mouse,"R$ 3.500,00",2,240,,Curitiba
6515,09/09/24,,f,Monitor,R$800,1,50,106m,Belo Horizonte
6516,27/11/24, João Silva ,f,Teclado,50,1,120,80m,Curitiba
6517,2023-06-03,Maria Souza,Masculino,Mouse,R$50,1,120,2:29:28,Rio de Janeiro
6518,15-01-2024, Pedro Alves ,,Teclado,R$800,2,100,,Porto Alegre
6519,2023-11-08,Ana Clara,m,Mouse,120,3,388,2:13:56,Rio de Janeiro
6520,22/10/24, Pedro Alves ,F,Teclado,"R$ 800,00",2,104,,Porto Alegre
6521,2024/08/27,Ana Clara,M,Cadeira,R$800,3,2400,1h 3m,São Paulo
6522,2023-08-09, João Silva ,Masculino,Cadeira,"R$ 3.500,00",3,3600,105m,Curitiba
6523,2024-06-14,Ana Clara,Masculino,Teclado,R$3500,1,50,73m,Rio de Janeiro
6524,2023-10-28,Carlos Lima,,Mouse,3500,3,3600,2:33:23,Porto Alegre
6525,17/10/24,Maria Souza,F,Mouse,"R$ 800,00",1,1200,2:28:33,Porto Alegre
6526,2024/08/06,Ana Clara,Masculino,Cadeira,R$1200,3,10485,0h 2m,Curitiba
6527,14-03-2023,Carlos Lima,M,Notebook,R$1200,2,100,0:37:58,Belo Horizonte
6528,25/03/23, Pedro Alves ,F,Monitor,R$1200,1,78,0:08:27,São Paulo
6529,21-06-2024,,M,Mouse,3500,2,2400,0:43:17,São Paulo
6530,17-11-2023,Ana Clara,Feminino,Mouse,R$50,3,3600,,São Paulo
6531,2023-01-22,Ana Clara,Feminino,Monitor,R$120,3,150,,Curitiba
6532,2023-04-06,Maria Souza,Feminino,Notebook,R$50,3,360,170m,Curitiba
6533,2024/03/01, João Silva ,MASCULINO,Teclado,"R$ 800,00",1,800,1h 32m,Belo Horizonte
6534,2024/01/21,Maria Souza,Masculino,Monitor,1200,1,800,2:32:28,Rio de Janeiro
6535,11/12/23,,F,Mouse,1200,1,120,102m,São Paulo
6536,19/06/23, Pedro Alves ,F,Notebook,120,3,2400,24m,Curitiba
6537,2023-10-05,Ana Clara,Feminino,Notebook,R$1200,3,3627,,Belo Horizonte
6538,13-04-2023, Pedro Alves ,Masculino,Teclado,"R$ 3.500,00",3,360,118m,São Paulo
6539,2023/05/09,Carlos Lima,Feminino,Teclado,1200,2,7000,0:27:06,Belo Horizonte
6540,05-09-2024,Ana Clara,M,Notebook,"R$ 50,00",2,240,1:46:18,São Paulo
6541,10/04/24, Pedro Alves ,M,Notebook,1200,3,150,0:56:08,Rio de Janeiro
6542,20/04/24, João Silva ,MASCULINO,Mouse,"R$ 50,00",2,1597,0:45:16,Curitiba
6543,05/01/23,Maria Souza,MASCULINO,Teclado,"R$ 1.200,00",2,240,120m,São Paulo
6544,2023-12-09,Carlos Lima,MASCULINO,Notebook,"R$ 120,00",1,,,Rio de Janeiro
6545,27-03-2023,Ana Clara,,Teclado,R$120,3,126,0h 6m,Porto Alegre
6546,2023/12/20,Ana Clara,Masculino,Monitor,"R$ 3.500,00",1,3517,,Rio de Janeiro
6547,2024-05-22,Ana Clara,F,Mouse,"R$ 50,00",3,150,2h 48m,Curitiba
6548,2023/06/20, Pedro Alves ,Feminino,Mouse,3500,2,278,0h 38m,Rio de Janeiro
6549,2024/08/22, João Silva ,MASCULINO,Monitor,"R$ 50,00",3,,0h 50m,São Paulo
6550,2024-02-04, Pedro Alves ,Masculino,Cadeira,"R$ 120,00",1,,0:00:28,Porto Alegre
6551,2024-06-19,Carlos Lima,F,Mouse,R$120,1,3500,0:29:28,Rio de Janeiro
6552,19/12/23,Carlos Lima,M,Teclado,1200,2,100,2h 29m,Curitiba
6553,2023-02-06,Ana Clara,f,Cadeira,"R$ 120,00",2,100,1h 30m,São Paulo
6554,2023-05-11,Maria Souza,MASCULINO,Monitor,3500,1,127,1:20:08,Belo Horizonte
6555,2023-08-26,Carlos Lima,Masculino,Monitor,R$1200,2,1554,2h 18m,Belo Horizonte
6556,2023/04/01, João Silva ,F,Monitor,3500,1,120,31m,Rio de Janeiro
6557,23/01/24,,m,Teclado,1200,1,120,,Rio de Janeiro
6558,15/05/23,Ana Clara,Masculino,Monitor,"R$ 1.200,00",1,800,25m,Porto Alegre
6559,21-06-2023,,Feminino,Teclado,120,2,,19m,Porto Alegre
6560,2023-06-28,Ana Clara,F,Notebook,50,2,,3h 40m,São Paulo
6561,2023/01/26,Maria Souza,,Notebook,120,2,7000,0:52:42,Rio de Janeiro
6562,2024/02/16,,M,Monitor,R$120,3,150,3h 56m,Porto Alegre
6563,2023/06/08,,Masculino,Monitor,R$3500,3,,1:03:38,Porto Alegre
6564,17/05/23, João Silva ,F,Mouse,R$50,2,1600,0:50:14,São Paulo
6565,25/08/24, João Silva ,MASCULINO,Notebook,R$3500,1,3500,2h 20m,Curitiba
6566,2024-05-21,Maria Souza,,Mouse,800,2,1605,92m,Curitiba
6567,2023/08/07,Ana Clara,Feminino,Teclado,R$50,1,1200,166m,São Paulo
6568,2023/06/22, João Silva ,,Mouse,"R$ 120,00",3,,0:57:43,Rio de Janeiro
6569,2023/12/10, Pedro Alves ,m,Cadeira,50,1,,,Curitiba
6570,2024-08-03,Carlos Lima,Masculino,Monitor,R$3500,1,3500,,São Paulo
6571,2023/10/28, Pedro Alves ,MASCULINO,Teclado,"R$ 3.500,00",1,3500,45m,Belo Horizonte
6572,2024/11/25,Maria Souza,M,Teclado,120,3,3600,0h 58m,Curitiba
6573,2023-09-22,,F,Teclado,"R$ 800,00",3,360,1:17:58,São Paulo
6574,2023/03/26,Maria Souza,m,Teclado,R$50,1,120,163m,Curitiba
6575,2024/11/02,Ana Clara,M,Notebook,R$800,3,10500,1:23:28,Curitiba
6576,05-06-2024, Pedro Alves ,MASCULINO,Monitor,R$50,3,10519,2h 7m,Rio de Janeiro
6577,2024/04/26,Maria Souza,Masculino,Monitor,"R$ 120,00",2,1600,3h 20m,Rio de Janeiro
6578,2024-06-12, João Silva ,M,Monitor,"R$ 3.500,00",3,360,0:41:57,São Paulo
6579,2023-03-17, João Silva ,,Teclado,R$120,3,174,1h 50m,Rio de Janeiro
6580,2024/03/09,Maria Souza,f,Notebook,R$800,3,10500,,Curitiba
6581,2024/08/23, João Silva ,F,Monitor,3500,2,240,1:03:57,Rio de Janeiro
6582,08/07/23,Carlos Lima,MASCULINO,Cadeira,R$1200,2,2400,103m,Rio de Janeiro
6583,21-09-2024, João Silva ,M,Mouse,"R$ 50,00",1,1200,2:24:17,Belo Horizonte
6584,08/10/24, Pedro Alves ,f,Monitor,"R$ 1.200,00",1,3500,3h 58m,Rio de Janeiro
6585,2023/03/09, Pedro Alves ,F,Mouse,R$3500,3,,2:25:37,Rio de Janeiro
6586,2024/02/17,Maria Souza,,Cadeira,"R$ 800,00",1,50,,Curitiba
6587,2024/03/10,Maria Souza,MASCULINO,Mouse,120,1,800,2h 53m,São Paulo
6588,11-03-2024,Carlos Lima,F,Notebook,"R$ 800,00",3,10547,2h 27m,Rio de Janeiro
6589,20/04/24, Pedro Alves ,m,Cadeira,"R$ 120,00",3,,1h 30m,Rio de Janeiro
6590,2023/10/18,Carlos Lima,Masculino,Mouse,"R$ 800,00",3,150,0:38:09,Porto Alegre
6591,2024/07/03,,Masculino,Cadeira,50,3,173,1:43:47,Belo Horizonte
6592,2024/08/13, Pedro Alves ,MASCULINO,Mouse,120,3,10500,0h 1m,São Paulo
6593,21-11-2024,Carlos Lima,M,Monitor,"R$ 3.500,00",3,164,,Curitiba
6594,2024-12-17, Pedro Alves ,Feminino,Notebook,R$1200,3,150,155m,Rio de Janeiro
6595,2024/01/02, Pedro Alves ,Masculino,Cadeira,"R$ 3.500,00",3,339,116m,Belo Horizonte
6596,07-08-2023,Carlos Lima,M,Notebook,"R$ 800,00",3,2384,0h 11m,São Paulo
6597,2023/07/24,,m,Monitor,50,3,179,51m,Belo Horizonte
6598,01/04/23,,Feminino,Notebook,"R$ 120,00",3,150,151m,Belo Horizonte
6599,26-02-2024,,F,Mouse,800,1,800,1:45:24,Porto Alegre
6600,2024/12/05,Maria Souza,F,Mouse,1200,2,240,,Rio de Janeiro
6601,2023-04-10, João Silva ,MASCULINO,Mouse,"R$ 3.500,00",3,150,0:59:14,Curitiba
6602,2024/11/07,Maria Souza,M,Teclado,3500,2,2400,2:34:40,Curitiba
6603,2024-03-09, Pedro Alves ,Masculino,Monitor,"R$ 800,00",3,,1:39:22,São Paulo
6604,26-04-2023, João Silva ,MASCULINO,Notebook,"R$ 50,00",2,1600,1:59:47,Curitiba
6605,2024/04/06,Carlos Lima,Feminino,Monitor,R$1200,1,50,168m,Porto Alegre
6606,01/12/23,Ana Clara,,Teclado,R$120,2,240,1h 32m,São Paulo
6607,2023/01/27,Ana Clara,f,Mouse,"R$ 120,00",2,7000,,Belo Horizonte
6608,2023/03/17, João Silva ,F,Monitor,1200,2,2426,,Curitiba
6609,20-12-2023,Maria Souza,F,Monitor,"R$ 1.200,00",3,3600,104m,São Paulo
6610,2023-04-24,Ana Clara,MASCULINO,Mouse,3500,3,2400,,Rio de Janeiro
6611,2024-11-18, João Silva ,Feminino,Monitor,"R$ 800,00",2,2400,2h 19m,Belo Horizonte
6612,2024-03-08,Carlos Lima,f,Mouse,"R$ 1.200,00",1,,127m,Belo Horizonte
6613,2024-03-22, João Silva ,m,Notebook,R$50,1,3482,,Curitiba
6614,24-01-2023,,,Cadeira,1200,2,1600,0h 20m,São Paulo
6615,2024/06/09,,f,Cadeira,120,1,,37m,Belo Horizonte
6616,2024-03-07,Carlos Lima,m,Cadeira,R$3500,1,1177,1h 45m,Porto Alegre
6617,14/09/24,Carlos Lima,MASCULINO,Monitor,"R$ 120,00",2,6963,2h 41m,Rio de Janeiro
6618,2024/12/14,Carlos Lima,M,Teclado,120,3,194,,Belo Horizonte
6619,06-02-2024,Ana Clara,Masculino,Mouse,50,3,2400,20m,Belo Horizonte
6620,2024/08/12,Carlos Lima,f,Notebook,"R$ 3.500,00",2,2400,0h 45m,Curitiba
6621,2023/05/24,Ana Clara,Feminino,Notebook,"R$ 1.200,00",1,1200,149m,Rio de Janeiro
6622,2024-11-25,Ana Clara,f,Cadeira,120,3,360,3h 38m,São Paulo
6623,15/11/23,Ana Clara,Masculino,Teclado,800,2,,3h 35m,Rio de Janeiro
6624,14-10-2024,,MASCULINO,Cadeira,"R$ 800,00",1,,0:02:23,Curitiba
6625,2023/02/04, Pedro Alves ,,Teclado,"R$ 800,00",3,10500,2h 7m,Curitiba
6626,2024-01-10,Carlos Lima,MASCULINO,Teclado,R$120,3,2424,0:33:20,São Paulo
6627,07-01-2023,Maria Souza,f,Notebook,800,2,1609,1:45:03,Belo Horizonte
6628,2023-11-17,Maria Souza,f,Monitor,1200,3,,110m,Belo Horizonte
6629,2024-12-04, Pedro Alves ,Feminino,Teclado,3500,3,348,95m,Rio de Janeiro
6630,2024-07-14,Ana Clara,m,Cadeira,50,3,3600,1:47:34,Rio de Janeiro
6631,09/01/24,,f,Notebook,800,1,50,,Belo Horizonte
6632,17/02/24,Maria Souza,Masculino,Teclado,R$50,2,1600,120m,Porto Alegre
6633,2023-04-26, Pedro Alves ,Feminino,Mouse,"R$ 1.200,00",1,120,,Belo Horizonte
6634,2023-06-19, João Silva ,MASCULINO,Teclado,R$50,2,1600,131m,Porto Alegre
6635,2023-04-12, Pedro Alves ,F,Cadeira,R$1200,3,,,Curitiba
6636,2024/05/10, Pedro Alves ,m,Monitor,3500,2,7000,110m,Curitiba
6637,2023/04/08, Pedro Alves ,Masculino,Teclado,"R$ 1.200,00",2,7000,0h 58m,São Paulo
6638,2023/11/09,,MASCULINO,Monitor,"R$ 50,00",3,150,,Belo Horizonte
6639,2023/08/09,Ana Clara,MASCULINO,Teclado,50,2,,1:36:37,Curitiba
6640,10-09-2023,Ana Clara,F,Monitor,"R$ 120,00",2,240,142m,Belo Horizonte
6641,28/01/23, Pedro Alves ,Masculino,Teclado,"R$ 3.500,00",2,100,0:40:44,Belo Horizonte
6642,05/09/24,Maria Souza,F,Monitor,800,3,366,2h 15m,Porto Alegre
6643,2024-02-28,Carlos Lima,f,Teclado,R$3500,1,120,1:28:11,Curitiba
6644,25/03/24,,M,Mouse,800,2,2400,59m,Curitiba
6645,16/03/23,Maria Souza,MASCULINO,Mouse,"R$ 800,00",3,168,,Rio de Janeiro
6646,2024-02-10,,,Notebook,R$50,1,,0:28:37,Porto Alegre
6647,2024/06/24,Maria Souza,M,Cadeira,R$120,3,,3h 48m,Porto Alegre
6648,2023-06-21, João Silva ,Masculino,Notebook,"R$ 50,00",1,50,18m,Porto Alegre
6649,2024-06-04,Carlos Lima,,Monitor,R$120,1,1229,1:34:33,Rio de Janeiro
6650,2023-04-05,,M,Cadeira,"R$ 50,00",1,70,1h 56m,Curitiba
6651,2023-11-16,Carlos Lima,F,Notebook,3500,1,,131m,Porto Alegre
6652,2023-08-07, João Silva ,Masculino,Mouse,120,1,,,São Paulo
6653,11-01-2024,Carlos Lima,,Monitor,R$3500,3,360,108m,Rio de Janeiro
6654,14-01-2023,,f,Teclado,3500,1,3500,1:51:12,Porto Alegre
6655,11/12/24,,Feminino,Monitor,"R$ 120,00",2,240,168m,Rio de Janeiro
6656,2024-05-16, João Silva ,M,Monitor,800,2,,3h 13m,Curitiba
6657,2023-01-22, Pedro Alves ,Feminino,Mouse,800,2,7000,176m,Porto Alegre
6658,03/08/23,Carlos Lima,Feminino,Cadeira,3500,1,50,1h 31m,Rio de Janeiro
6659,2024-09-18,Carlos Lima,,Notebook,"R$ 50,00",3,,2:57:05,Belo Horizonte
6660,04/09/23, João Silva ,,Cadeira,"R$ 800,00",1,,2:03:20,Rio de Janeiro
6661,15/06/23,Ana Clara,M,Teclado,"R$ 1.200,00",1,50,0:42:40,Belo Horizonte
6662,27-05-2024, João Silva ,m,Mouse,R$1200,3,,69m,Rio de Janeiro
6663,27/04/24,Ana Clara,Feminino,Teclado,120,2,2400,3h 22m,Porto Alegre
6664,2023-03-18,,,Monitor,"R$ 120,00",2,100,,São Paulo
6665,14-05-2023,,Masculino,Notebook,R$50,1,,54m,São Paulo
6666,2023/12/25,Carlos Lima,Masculino,Notebook,"R$ 3.500,00",2,62,,Belo Horizonte
6667,15/04/24, Pedro Alves ,,Cadeira,"R$ 50,00",1,,0:21:17,Porto Alegre
6668,2023-04-07, João Silva ,,Teclado,3500,3,3600,3h 4m,Curitiba
6669,2023/08/16, João Silva ,Feminino,Notebook,50,2,229,180m,Curitiba
6670,27/10/23,,,Mouse,R$120,3,180,,Rio de Janeiro
6671,23-01-2024,Carlos Lima,MASCULINO,Monitor,50,3,,112m,Curitiba
6672,03/03/23, João Silva ,f,Mouse,"R$ 120,00",2,240,1h 59m,São Paulo
6673,2024/12/05,,Masculino,Teclado,R$120,1,3500,44m,Curitiba
6674,17/01/24,,MASCULINO,Cadeira,1200,3,360,1:14:51,Curitiba
6675,2023/12/27, João Silva ,Feminino,Monitor,1200,3,360,,Rio de Janeiro
6676,2024-04-09,,m,Notebook,"R$ 800,00",1,,1:20:11,Porto Alegre
6677,2024/08/18, Pedro Alves ,F,Monitor,800,2,100,64m,São Paulo
6678,25/03/23, Pedro Alves ,Feminino,Mouse,"R$ 3.500,00",1,1200,0h 46m,Belo Horizonte
6679,03-10-2023,Maria Souza,,Cadeira,50,2,7000,0:09:21,Belo Horizonte
6680,2023-12-20,Ana Clara,Feminino,Mouse,800,2,7000,109m,Rio de Janeiro
6681,2023-05-05, João Silva ,m,Mouse,R$800,2,7036,,Curitiba
6682,06-07-2024,Maria Souza,m,Notebook,R$3500,3,10451,3h 28m,Porto Alegre
6683,2024-03-12,,,Monitor,R$800,3,360,1:17:30,Rio de Janeiro
6684,22-02-2023,Ana Clara,f,Notebook,R$120,1,3469,1h 7m,Porto Alegre
6685,2023-08-23, João Silva ,M,Notebook,R$800,1,1158,77m,Belo Horizonte
6686,2024-04-27,,Feminino,Notebook,50,2,7000,1:46:52,Belo Horizonte
6687,03-11-2024,Carlos Lima,M,Monitor,800,3,150,3h 11m,Belo Horizonte
6688,2024-09-08,,M,Notebook,R$800,3,,,Curitiba
6689,2023/06/13,Carlos Lima,F,Monitor,R$1200,2,,2:49:14,Belo Horizonte
6690,11/12/24,Carlos Lima,M,Mouse,800,2,1600,1h 36m,Rio de Janeiro
6691,2024-01-26, Pedro Alves ,F,Mouse,"R$ 120,00",2,,,Rio de Janeiro
6692,25-03-2023,Maria Souza,m,Teclado,R$50,2,2400,18m,Rio de Janeiro
6693,26-06-2024,Ana Clara,f,Mouse,R$120,3,10518,123m,São Paulo
6694,2024/04/14,Carlos Lima,MASCULINO,Notebook,R$800,1,800,1h 9m,Curitiba
6695,21/04/23,,Masculino,Teclado,"R$ 800,00",2,2446,,Curitiba
6696,2023/08/18, João Silva ,,Teclado,"R$ 3.500,00",1,3500,,São Paulo
6697,2024/08/22,Maria Souza,MASCULINO,Mouse,800,1,800,,São Paulo
6698,2023/07/13,,MASCULINO,Mouse,50,1,147,1h 11m,Curitiba
6699,04/06/23, Pedro Alves ,m,Notebook,50,2,240,1:21:42,Rio de Janeiro
6700,18/02/23,Ana Clara,M,Monitor,"R$ 1.200,00",3,405,2:07:24,Porto Alegre
6701,01-08-2023,,f,Teclado,"R$ 1.200,00",2,,2:49:54,São Paulo
6702,18-03-2024,,m,Notebook,3500,3,150,1:39:08,São Paulo
6703,24-08-2023, João Silva ,F,Monitor,"R$ 3.500,00",2,,,Porto Alegre
6704,2024-06-16, João Silva ,,Mouse,"R$ 50,00",2,7000,,Rio de Janeiro
6705,11/12/24,Ana Clara,,Monitor,50,1,3500,3h 21m,Belo Horizonte
6706,12/08/24, Pedro Alves ,Masculino,Cadeira,"R$ 50,00",3,3600,,São Paulo
6707,23-05-2023, Pedro Alves ,Masculino,Teclado,1200,3,10500,0:04:37,Porto Alegre
6708,12-06-2024,Ana Clara,f,Monitor,R$3500,1,120,180m,São Paulo
6709,27/07/23,Carlos Lima,,Cadeira,"R$ 1.200,00",1,50,1:22:42,Porto Alegre
6710,12/09/23,,f,Notebook,800,2,240,71m,Curitiba
6711,2023-09-22,,M,Monitor,"R$ 120,00",2,1600,,Belo Horizonte
6712,2024/08/15, João Silva ,m,Monitor,120,3,,37m,Porto Alegre
6713,11-08-2024, Pedro Alves ,Masculino,Notebook,120,3,150,,Porto Alegre
6714,14/09/24,Carlos Lima,F,Mouse,"R$ 1.200,00",3,380,107m,São Paulo
6715,20-02-2023,Maria Souza,Masculino,Notebook,R$50,3,,0h 37m,São Paulo
6716,15-01-2023,Maria Souza,m,Monitor,3500,2,,,São Paulo
6717,2023-01-11,Carlos Lima,Feminino,Cadeira,R$3500,3,360,2:23:34,Curitiba
6718,25-08-2023,,Feminino,Teclado,"R$ 1.200,00",2,2400,50m,Rio de Janeiro
6719,05-09-2023, Pedro Alves ,F,Cadeira,R$1200,2,,147m,Belo Horizonte
6720,2023/11/09, João Silva ,m,Monitor,"R$ 50,00",2,240,135m,Belo Horizonte
6721,05/06/24, João Silva ,F,Cadeira,R$120,2,,126m,Porto Alegre
6722,01-12-2024,Ana Clara,M,Monitor,120,3,3621,1:11:17,Curitiba
6723,2023/11/08,,m,Mouse,R$50,2,2400,2h 21m,Curitiba
6724,2023-02-16,Ana Clara,Feminino,Teclado,R$1200,2,2425,,São Paulo
6725,12-07-2023,,Masculino,Cadeira,"R$ 1.200,00",2,2400,1h 25m,Curitiba
6726,2023/08/15, João Silva ,Feminino,Monitor,R$1200,1,1200,0:57:40,São Paulo
6727,2024-05-14,Carlos Lima,Feminino,Notebook,R$50,2,,3h 42m,Curitiba
6728,11/11/23,Carlos Lima,F,Monitor,"R$ 50,00",2,,12m,Rio de Janeiro
6729,2023/10/28, João Silva ,F,Notebook,R$50,2,100,0:41:09,Rio de Janeiro
6730,16/12/23,Maria Souza,F,Monitor,"R$ 50,00",3,2364,,Rio de Janeiro
6731,2024-06-24, Pedro Alves ,f,Cadeira,"R$ 1.200,00",1,120,17m,Belo Horizonte
6732,2023/06/12,Carlos Lima,Masculino,Cadeira,R$3500,2,100,3h 2m,Rio de Janeiro
6733,2024-01-11,Maria Souza,M,Cadeira,R$3500,2,240,1:54:19,Rio de Janeiro
6734,2023-07-13, Pedro Alves ,,Monitor,"R$ 50,00",3,,0h 46m,Porto Alegre
6735,05/01/24,,m,Monitor,50,1,120,,Rio de Janeiro
6736,2023-03-16, João Silva ,Feminino,Cadeira,"R$ 800,00",1,50,3h 4m,Rio de Janeiro
6737,26-01-2023,Maria Souza,Masculino,Monitor,R$800,2,2400,105m,Curitiba
6738,2023/12/11,Maria Souza,MASCULINO,Mouse,"R$ 3.500,00",1,3500,,Porto Alegre
6739,2024/09/10,,Masculino,Notebook,1200,1,60,1h 55m,São Paulo
6740,2024-02-03,,F,Notebook,"R$ 800,00",2,2400,,Curitiba
6741,19-12-2024, João Silva ,m,Cadeira,R$800,3,10458,2h 28m,Curitiba
6742,2023-08-17, Pedro Alves ,m,Monitor,R$120,3,,3h 44m,Porto Alegre
6743,2023/12/04,Carlos Lima,f,Teclado,R$3500,3,3600,114m,Porto Alegre
6744,25-06-2024, Pedro Alves ,Masculino,Notebook,50,1,120,0:35:18,Rio de Janeiro
6745,23/01/24,,Masculino,Cadeira,R$50,1,29,1:00:27,Belo Horizonte
6746,2024-06-24,,,Cadeira,120,3,,1:30:16,Porto Alegre
6747,09/04/24,,,Mouse,120,1,50,170m,São Paulo
6748,17/07/24,Carlos Lima,f,Teclado,"R$ 3.500,00",1,120,,Curitiba
6749,2024/10/21, João Silva ,f,Cadeira,R$50,1,800,,Belo Horizonte
6750,2024/10/25, João Silva ,MASCULINO,Teclado,R$1200,2,,2h 1m,Belo Horizonte
6751,2023-06-22, Pedro Alves ,MASCULINO,Mouse,R$120,3,10500,,Porto Alegre
6752,24/07/24, Pedro Alves ,Feminino,Cadeira,50,2,1600,,Belo Horizonte
6753,05-09-2024,Ana Clara,F,Teclado,R$3500,3,2400,2h 25m,Rio de Janeiro
6754,2023-05-02,Maria Souza,f,Teclado,800,1,1200,177m,Rio de Janeiro
6755,2023/12/20, Pedro Alves ,Feminino,Monitor,120,3,150,0:38:06,Belo Horizonte
6756,2024/02/06,Carlos Lima,F,Cadeira,"R$ 50,00",2,100,,Porto Alegre
6757,2024/02/18,,Feminino,Notebook,"R$ 800,00",2,240,0:46:38,Porto Alegre
6758,18/03/23,,f,Teclado,50,1,3500,,Rio de Janeiro
6759,21/10/23,,Feminino,Monitor,"R$ 120,00",2,7000,3h 20m,São Paulo
6760,20-05-2024,Carlos Lima,m,Teclado,120,1,1200,158m,Porto Alegre
6761,2023-12-10,Ana Clara,f,Cadeira,50,2,,14m,Curitiba
6762,2024/02/15, Pedro Alves ,,Mouse,R$800,2,1600,,Belo Horizonte
6763,13/03/23,,MASCULINO,Monitor,"R$ 800,00",1,3515,157m,Rio de Janeiro
6764,11-06-2023,,MASCULINO,Cadeira,"R$ 50,00",2,100,,São Paulo
6765,18-07-2023, João Silva ,Feminino,Monitor,R$120,3,150,,Rio de Janeiro
6766,05-10-2024, Pedro Alves ,F,Cadeira,1200,2,233,,Curitiba
6767,04-08-2023,Carlos Lima,F,Monitor,R$3500,3,10524,,São Paulo
6768,24/04/23, Pedro Alves ,M,Monitor,"R$ 1.200,00",3,,0:38:33,São Paulo
6769,2024/01/05,Maria Souza,M,Notebook,R$50,3,3600,,Rio de Janeiro
6770,23/02/24,,F,Mouse,R$120,2,,84m,Curitiba
6771,2024-03-15, João Silva ,F,Notebook,R$120,2,240,171m,Curitiba
6772,12-03-2024,Carlos Lima,Feminino,Teclado,"R$ 3.500,00",3,10475,54m,São Paulo
6773,2024-11-26,Carlos Lima,M,Cadeira,800,3,2400,143m,São Paulo
6774,2024-10-19,Maria Souza,m,Cadeira,800,3,,,Rio de Janeiro
6775,05-02-2023,,Masculino,Mouse,50,1,106,,Belo Horizonte
6776,2023-12-16, João Silva ,M,Mouse,"R$ 800,00",1,1220,0:24:38,Rio de Janeiro
6777,11/02/24,,F,Cadeira,R$50,2,7000,,Curitiba
6778,2023/04/14, Pedro Alves ,F,Cadeira,"R$ 800,00",1,,1h 27m,Rio de Janeiro
6779,20/06/24,Carlos Lima,MASCULINO,Notebook,"R$ 1.200,00",2,2400,,Curitiba
6780,02-02-2024,Carlos Lima,MASCULINO,Notebook,1200,3,2400,,Porto Alegre
6781,06/12/24,Ana Clara,M,Monitor,R$120,1,800,19m,Rio de Janeiro
6782,2023-10-21,,Masculino,Monitor,"R$ 1.200,00",3,10500,0:19:56,Porto Alegre
6783,28-07-2023,Ana Clara,f,Cadeira,"R$ 800,00",1,800,3h 18m,Curitiba
6784,2024-12-07,Maria Souza,,Mouse,R$50,3,10500,0h 6m,Rio de Janeiro
6785,14-01-2024,,,Cadeira,R$1200,1,120,,São Paulo
6786,03-05-2024,Maria Souza,m,Notebook,"R$ 50,00",3,,1h 6m,Curitiba
6787,2023-02-04,Ana Clara,Masculino,Notebook,1200,1,164,,Rio de Janeiro
6788,18/12/24,Ana Clara,m,Teclado,"R$ 3.500,00",2,,47m,Curitiba
6789,01-08-2023,Maria Souza,MASCULINO,Mouse,120,2,100,,Belo Horizonte
6790,10/08/24,Maria Souza,M,Cadeira,120,3,384,2h 27m,Belo Horizonte
6791,2023/10/19, Pedro Alves ,MASCULINO,Monitor,"R$ 800,00",2,100,0:52:54,Porto Alegre
6792,2024-05-18,Ana Clara,f,Notebook,"R$ 800,00",3,10497,1:27:51,Porto Alegre
6793,03-05-2024,Ana Clara,f,Mouse,800,1,1200,109m,São Paulo
6794,2024/02/06, João Silva ,M,Mouse,800,3,10500,2:03:36,Rio de Janeiro
6795,07-07-2024,Maria Souza,Feminino,Notebook,R$50,2,6989,,Curitiba
6796,01-01-2023,Maria Souza,m,Notebook,R$800,1,120,,São Paulo
6797,03-08-2024,,m,Teclado,"R$ 1.200,00",3,,1h 31m,Porto Alegre
6798,02-01-2023, João Silva ,Masculino,Mouse,R$120,2,7000,,Curitiba
6799,15-06-2024,Carlos Lima,,Notebook,R$50,3,,,Rio de Janeiro
6800,2024-07-04,Maria Souza,f,Mouse,"R$ 50,00",1,120,1:32:34,Porto Alegre
6801,2024/12/22,Ana Clara,f,Teclado,1200,1,,157m,Belo Horizonte
6802,12-11-2024,Ana Clara,f,Monitor,"R$ 120,00",3,150,,Porto Alegre
6803,02/11/23, Pedro Alves ,MASCULINO,Mouse,"R$ 50,00",1,3500,2h 59m,Porto Alegre
6804,12/05/24,,M,Cadeira,800,1,1224,,Curitiba
6805,22/11/24, Pedro Alves ,MASCULINO,Mouse,3500,3,3600,,Curitiba
6806,03-10-2024,,,Teclado,"R$ 50,00",1,1200,3h 8m,Belo Horizonte
6807,2023/06/04,,,Teclado,"R$ 120,00",1,120,,Belo Horizonte
6808,2024/01/02,Carlos Lima,f,Monitor,"R$ 50,00",1,800,154m,Rio de Janeiro
6809,09-06-2024,Ana Clara,Masculino,Monitor,R$50,1,120,,Rio de Janeiro
6810,2023-06-12,,m,Notebook,R$120,1,837,1:55:10,Belo Horizonte
6811,18-01-2024,Carlos Lima,F,Notebook,R$120,2,240,0:12:49,Rio de Janeiro
6812,2023-09-27,Ana Clara,m,Mouse,"R$ 3.500,00",1,,2:50:41,Belo Horizonte
6813,2023/03/22, Pedro Alves ,MASCULINO,Monitor,"R$ 120,00",1,3500,1h 13m,Porto Alegre
6814,2024/08/19,Ana Clara,,Mouse,120,1,96,123m,Porto Alegre
6815,11/07/23,,,Teclado,"R$ 50,00",1,3500,0:58:53,Porto Alegre
6816,2023-10-19,,Feminino,Monitor,R$3500,2,240,2:01:30,Belo Horizonte
6817,12/01/23,Ana Clara,M,Cadeira,R$1200,3,3600,122m,Porto Alegre
6818,2023/11/14,Maria Souza,m,Teclado,"R$ 120,00",2,,2:27:06,Belo Horizonte
6819,25/07/23,Carlos Lima,Feminino,Cadeira,3500,2,7028,,São Paulo
6820,08-03-2024,Maria Souza,F,Notebook,800,3,393,3h 40m,Belo Horizonte
6821,12-02-2023,Carlos Lima,,Teclado,1200,3,10500,2:32:55,São Paulo
6822,2023-12-25, João Silva ,Masculino,Notebook,"R$ 50,00",3,360,,São Paulo
6823,2023-10-10, João Silva ,M,Monitor,"R$ 50,00",3,2400,3h 15m,Belo Horizonte
6824,2024-08-13,,F,Mouse,"R$ 120,00",1,,167m,Rio de Janeiro
6825,2023-11-27, João Silva ,Masculino,Notebook,R$50,1,,1h 29m,Belo Horizonte
6826,03/03/23, João Silva ,Masculino,Monitor,"R$ 800,00",2,100,,Curitiba
6827,2023/01/28,Carlos Lima,Masculino,Notebook,120,3,150,102m,Rio de Janeiro
6828,2023/07/26,Ana Clara,Feminino,Teclado,50,3,10500,2:53:40,Porto Alegre
6829,2024/01/15,Maria Souza,M,Notebook,"R$ 50,00",1,800,,Porto Alegre
6830,2024-11-11,Ana Clara,MASCULINO,Monitor,120,3,,35m,Rio de Janeiro
6831,15-10-2024,Maria Souza,f,Cadeira,800,3,2448,1:18:26,São Paulo
6832,2023-06-02,Ana Clara,M,Cadeira,R$3500,1,,,São Paulo
6833,03/05/23,Ana Clara,F,Mouse,R$120,2,1600,1:19:09,Rio de Janeiro
6834,2023-04-24, Pedro Alves ,,Teclado,1200,1,50,114m,Porto Alegre
6835,18-03-2024, Pedro Alves ,Feminino,Teclado,R$120,2,,98m,Rio de Janeiro
6836,05-12-2024, João Silva ,f,Notebook,"R$ 1.200,00",1,,115m,Porto Alegre
6837,2024-01-02, Pedro Alves ,m,Cadeira,R$120,2,7000,,Curitiba
6838,26-05-2023, João Silva ,MASCULINO,Teclado,R$1200,2,240,,Belo Horizonte
6839,01/09/24, Pedro Alves ,Masculino,Mouse,"R$ 120,00",1,,3h 13m,Rio de Janeiro
6840,19/07/24,,f,Monitor,"R$ 3.500,00",1,3505,,Porto Alegre
6841,16-09-2023,Carlos Lima,MASCULINO,Monitor,R$50,2,,0h 7m,Porto Alegre
6842,2024-07-20,Carlos Lima,f,Mouse,50,3,360,134m,Curitiba
6843,26/07/23,,F,Monitor,"R$ 50,00",1,,,Porto Alegre
6844,2023-11-25,Ana Clara,F,Notebook,800,3,2400,2h 33m,Porto Alegre
6845,15/11/23, João Silva ,f,Monitor,"R$ 3.500,00",3,3600,,Porto Alegre
6846,2024-04-06,,Masculino,Notebook,1200,2,,,Rio de Janeiro
6847,05/08/23,Ana Clara,M,Monitor,R$800,3,2400,,Porto Alegre
6848,25/12/23, João Silva ,Feminino,Notebook,R$800,3,3600,1h 17m,Curitiba
6849,04-12-2024,Ana Clara,,Monitor,R$120,2,221,171m,Porto Alegre
6850,12-07-2024, Pedro Alves ,MASCULINO,Cadeira,R$800,1,1200,,Belo Horizonte
6851,2024-10-02,Maria Souza,,Mouse,120,2,7000,0:24:59,Belo Horizonte
6852,2024/09/22,Carlos Lima,m,Mouse,"R$ 120,00",3,,1:13:44,São Paulo
6853,2024-04-05, Pedro Alves ,MASCULINO,Mouse,"R$ 50,00",3,10462,,Curitiba
6854,25-05-2024, Pedro Alves ,Masculino,Monitor,800,3,2394,2:57:31,Curitiba
6855,2024/09/07,Ana Clara,Masculino,Teclado,120,1,120,14m,Porto Alegre
6856,16/05/24,Maria Souza,m,Mouse,R$3500,2,1600,,Porto Alegre
6857,16/02/24,,Feminino,Monitor,1200,1,50,,Porto Alegre
6858,28-10-2023,Carlos Lima,Feminino,Cadeira,800,1,800,0:12:55,Porto Alegre
6859,2023-09-04,Maria Souza,M,Mouse,"R$ 3.500,00",1,,0:52:05,São Paulo
6860,19-11-2024,Carlos Lima,Masculino,Monitor,"R$ 120,00",2,2400,3h 20m,Belo Horizonte
6861,18/08/24, Pedro Alves ,,Cadeira,50,2,7000,1:23:40,São Paulo
6862,24-10-2023,Ana Clara,Feminino,Teclado,50,1,800,1:22:24,Porto Alegre
6863,24-06-2023, Pedro Alves ,f,Notebook,"R$ 120,00",2,240,134m,Porto Alegre
6864,27/09/24, Pedro Alves ,F,Monitor,R$3500,1,96,1h 11m,Belo Horizonte
6865,2023-11-07,Ana Clara,M,Monitor,120,2,72,2:27:12,Curitiba
6866,2023/03/26,Ana Clara,m,Mouse,800,2,273,0:12:50,Rio de Janeiro
6867,23/04/24, João Silva ,M,Notebook,3500,3,,2h 58m,Belo Horizonte
6868,2023/08/26,Ana Clara,Masculino,Mouse,"R$ 120,00",2,,,Belo Horizonte
6869,14-09-2024, João Silva ,Feminino,Mouse,"R$ 50,00",2,100,,Rio de Janeiro
6870,2024-03-23,Maria Souza,Masculino,Notebook,R$800,2,,2h 4m,Porto Alegre
6871,2023-01-14, João Silva ,m,Teclado,3500,3,150,1:12:45,Curitiba
6872,2024/07/17,Carlos Lima,M,Cadeira,120,2,2408,18m,Belo Horizonte
6873,10/11/23, João Silva ,MASCULINO,Notebook,R$50,1,,20m,Belo Horizonte
6874,2023/10/25, Pedro Alves ,Masculino,Notebook,R$120,3,150,64m,Porto Alegre
6875,02/08/23, Pedro Alves ,F,Monitor,120,2,,88m,Curitiba
6876,2023/11/24,Ana Clara,m,Teclado,R$1200,1,50,1:08:07,São Paulo
6877,2024-04-06, Pedro Alves ,M,Teclado,R$120,1,3500,3h 11m,Porto Alegre
6878,10-12-2023,,f,Teclado,"R$ 50,00",3,10500,2h 54m,São Paulo
6879,2024/09/01,Carlos Lima,MASCULINO,Mouse,"R$ 50,00",2,,2:06:04,Porto Alegre
6880,2023-01-24, João Silva ,MASCULINO,Monitor,"R$ 3.500,00",3,3600,,Curitiba
6881,2023/06/26, João Silva ,F,Mouse,R$3500,3,3600,2:02:06,Porto Alegre
6882,2023/12/27,,,Mouse,R$3500,1,3500,,São Paulo
6883,09/01/24,Carlos Lima,Masculino,Monitor,R$50,2,,,Porto Alegre
6884,2024-07-25, João Silva ,,Monitor,"R$ 120,00",1,5,159m,São Paulo
6885,2024-03-22,Ana Clara,,Teclado,R$800,2,100,,Porto Alegre
6886,10-12-2023,Ana Clara,F,Notebook,120,3,2400,176m,São Paulo
6887,12/07/23,,,Mouse,1200,3,360,,São Paulo
6888,14/10/24,,M,Monitor,50,3,3600,,São Paulo
6889,04/01/23,Maria Souza,M,Cadeira,"R$ 50,00",2,,,Porto Alegre
6890,22-10-2023,,f,Notebook,800,3,3600,2h 26m,Porto Alegre
6891,27/08/23,Carlos Lima,m,Teclado,R$3500,2,1600,2h 2m,Rio de Janeiro
6892,22/09/23,Maria Souza,m,Mouse,800,2,1600,,Porto Alegre
6893,2024/10/11,,m,Teclado,50,3,10461,0h 8m,Rio de Janeiro
6894,11-01-2023, João Silva ,f,Monitor,"R$ 50,00",2,2400,2:15:00,Porto Alegre
6895,2024-03-11,,m,Cadeira,1200,2,100,2h 21m,Rio de Janeiro
6896,2024-07-14,,F,Monitor,"R$ 50,00",3,10500,2h 47m,Belo Horizonte
6897,2024/08/19,Ana Clara,Feminino,Mouse,R$3500,2,2400,1h 13m,Porto Alegre
6898,2024-10-04,,F,Teclado,R$1200,3,2400,,Rio de Janeiro
6899,2023-05-11, João Silva ,,Mouse,"R$ 3.500,00",2,2391,2:01:02,Porto Alegre
6900,2024-11-19,Ana Clara,Masculino,Monitor,R$1200,2,100,152m,Belo Horizonte
6901,07-05-2024,Ana Clara,Feminino,Teclado,"R$ 3.500,00",1,,3h 55m,Rio de Janeiro
6902,2023-09-13,Maria Souza,,Teclado,"R$ 1.200,00",2,,1:15:39,Curitiba
6903,14/01/23,Carlos Lima,m,Notebook,3500,3,3600,3h 37m,Rio de Janeiro
6904,2024-02-02,Maria Souza,f,Mouse,3500,3,10530,155m,Curitiba
6905,14/06/23,,MASCULINO,Cadeira,1200,2,,0:57:50,Curitiba
6906,03/06/23,,m,Teclado,"R$ 3.500,00",3,360,2h 43m,Porto Alegre
6907,03/04/23,Carlos Lima,f,Cadeira,R$800,2,240,19m,Belo Horizonte
6908,14-05-2023,Ana Clara,M,Cadeira,1200,3,3600,,Rio de Janeiro
6909,15/10/24, João Silva ,MASCULINO,Mouse,R$120,2,2400,26m,Porto Alegre
6910,21-06-2023,Carlos Lima,MASCULINO,Mouse,"R$ 800,00",2,1600,173m,Curitiba
6911,14/04/23, João Silva ,Masculino,Cadeira,"R$ 120,00",3,10515,,Rio de Janeiro
6912,2024-02-10,Ana Clara,Masculino,Notebook,R$120,1,50,0:54:15,Belo Horizonte
6913,17-12-2024,Ana Clara,,Monitor,"R$ 3.500,00",1,120,,Rio de Janeiro
6914,18/05/23, Pedro Alves ,F,Monitor,120,3,2400,,Porto Alegre
6915,19/01/24, João Silva ,m,Teclado,120,1,,0h 12m,Curitiba
6916,2024/11/05,Carlos Lima,F,Monitor,"R$ 1.200,00",3,2400,3h 42m,São Paulo
6917,2024-09-10, Pedro Alves ,,Cadeira,3500,2,,,Belo Horizonte
6918,18/05/23, Pedro Alves ,Masculino,Monitor,R$50,1,1176,1:56:52,São Paulo
6919,2023-02-11,,Masculino,Monitor,R$3500,2,2400,,Curitiba
6920,2024-03-15,Ana Clara,m,Teclado,"R$ 120,00",1,800,173m,São Paulo
6921,27-11-2023,,m,Mouse,"R$ 1.200,00",3,,153m,Rio de Janeiro
6922,04-11-2024,Carlos Lima,Feminino,Teclado,3500,3,,1:36:39,Curitiba
6923,2023-12-27, Pedro Alves ,m,Monitor,R$800,1,3500,2h 49m,Rio de Janeiro
6924,2024/04/11,Ana Clara,f,Teclado,R$50,1,800,,Belo Horizonte
6925,23/07/24,Carlos Lima,Masculino,Notebook,800,3,3555,23m,Porto Alegre
6926,2024/10/28,Maria Souza,Feminino,Notebook,R$120,3,10532,2h 44m,Curitiba
6927,05/09/23,Maria Souza,m,Notebook,R$120,3,3600,0h 58m,São Paulo
6928,16/10/23, Pedro Alves ,f,Cadeira,R$3500,3,,2:15:30,Curitiba
6929,2024-04-28, Pedro Alves ,f,Teclado,"R$ 3.500,00",3,338,,Curitiba
6930,11/02/24, João Silva ,Feminino,Cadeira,"R$ 120,00",1,69,1:43:37,Rio de Janeiro
6931,2023-06-19,Carlos Lima,m,Monitor,"R$ 1.200,00",1,,0h 4m,Curitiba
6932,2024/11/28,,,Mouse,R$50,3,360,,Curitiba
6933,2024-10-01,Maria Souza,f,Monitor,"R$ 1.200,00",3,10500,2h 27m,Curitiba
6934,2024/08/20, João Silva ,m,Monitor,R$1200,1,50,2:42:39,Curitiba
6935,2023/12/20, João Silva ,F,Monitor,R$800,1,800,1h 49m,Porto Alegre
6936,25-08-2024,,Masculino,Teclado,"R$ 1.200,00",1,1200,20m,Belo Horizonte
6937,20/01/24,Ana Clara,MASCULINO,Teclado,"R$ 120,00",3,10500,102m,São Paulo
6938,09/04/24,Maria Souza,f,Notebook,R$50,1,,,Belo Horizonte
6939,2024-08-23,,Feminino,Cadeira,R$3500,2,100,,Curitiba
6940,2024-12-15,Ana Clara,Masculino,Mouse,"R$ 1.200,00",1,50,,Belo Horizonte
6941,2024/09/02,Ana Clara,Feminino,Notebook,"R$ 800,00",3,3605,,Curitiba
6942,02/05/23,Carlos Lima,Masculino,Monitor,"R$ 3.500,00",3,2400,0:27:47,Belo Horizonte
6943,2023-01-21,Maria Souza,Feminino,Teclado,800,3,,3h 2m,Curitiba
6944,21-02-2024,Ana Clara,Feminino,Notebook,"R$ 50,00",2,2400,,Porto Alegre
6945,18/08/24, João Silva ,F,Notebook,800,1,,162m,Porto Alegre
6946,2024/05/25, Pedro Alves ,Feminino,Cadeira,800,1,,0:13:47,Rio de Janeiro
6947,2024-05-24,Carlos Lima,Feminino,Mouse,R$1200,3,150,2:31:04,Porto Alegre
6948,13/03/23,,M,Mouse,"R$ 800,00",2,240,,Curitiba
6949,2023/06/11,Ana Clara,Masculino,Teclado,50,3,10482,2:28:57,São Paulo
6950,20-04-2024, Pedro Alves ,F,Notebook,"R$ 120,00",1,3500,127m,Belo Horizonte
6951,2024-05-01,Carlos Lima,m,Cadeira,50,3,3600,2h 19m,Porto Alegre
6952,07-11-2024,Carlos Lima,Masculino,Monitor,"R$ 800,00",1,120,153m,Porto Alegre
6953,07-07-2023,Carlos Lima,Masculino,Teclado,50,2,1647,3h 44m,Belo Horizonte
6954,09/03/23,Maria Souza,MASCULINO,Cadeira,3500,2,1600,2:38:05,Porto Alegre
6955,2023-09-26,Ana Clara,,Notebook,120,3,3600,,São Paulo
6956,2023/02/07,Carlos Lima,m,Cadeira,R$1200,3,2400,70m,Belo Horizonte
6957,15/10/24,Ana Clara,f,Cadeira,1200,3,360,118m,Belo Horizonte
6958,2024/02/17,Ana Clara,MASCULINO,Notebook,1200,1,800,0:14:20,Curitiba
6959,05-05-2024,Ana Clara,,Monitor,50,3,,145m,Porto Alegre
6960,22-07-2023, João Silva ,F,Notebook,1200,1,3500,2:36:24,Belo Horizonte
6961,12-06-2024, Pedro Alves ,,Cadeira,R$50,1,50,,Rio de Janeiro
6962,07-06-2023,Carlos Lima,MASCULINO,Mouse,3500,3,10500,2h 45m,Belo Horizonte
6963,24-10-2024,Ana Clara,,Cadeira,"R$ 120,00",1,,2:54:27,São Paulo
6964,2023-12-02,Maria Souza,f,Cadeira,120,3,10500,,Belo Horizonte
6965,2023/04/25, Pedro Alves ,m,Teclado,R$120,3,360,0h 18m,São Paulo
6966,12-07-2023,,F,Cadeira,R$1200,2,240,40m,Curitiba
6967,2023/08/13,Ana Clara,M,Cadeira,800,3,150,1h 24m,Belo Horizonte
6968,2023-03-23,,F,Notebook,"R$ 800,00",3,,0h 48m,Porto Alegre
6969,2024-01-25,Carlos Lima,,Notebook,R$1200,2,7000,,São Paulo
6970,2024-11-25,Carlos Lima,Masculino,Notebook,R$3500,2,7000,156m,São Paulo
6971,09-08-2024,,f,Monitor,"R$ 50,00",3,10500,61m,Rio de Janeiro
6972,11/07/23,Ana Clara,f,Monitor,"R$ 120,00",3,150,139m,Porto Alegre
6973,28/07/23,Carlos Lima,M,Notebook,R$120,3,,,Porto Alegre
6974,26-06-2024,Carlos Lima,M,Monitor,"R$ 3.500,00",1,105,157m,Belo Horizonte
6975,22-04-2024, João Silva ,Masculino,Notebook,R$800,1,,77m,Belo Horizonte
6976,13-10-2023, Pedro Alves ,m,Monitor,1200,2,240,0:08:37,Porto Alegre
6977,13/02/24,Carlos Lima,M,Teclado,"R$ 800,00",2,240,0h 38m,Belo Horizonte
6978,26/03/23, Pedro Alves ,Feminino,Monitor,800,1,50,0h 43m,Belo Horizonte
6979,09/06/23, Pedro Alves ,f,Monitor,1200,2,240,125m,São Paulo
6980,01-10-2024,Ana Clara,,Mouse,"R$ 800,00",1,3500,,Curitiba
6981,2023-10-21,Ana Clara,Feminino,Monitor,3500,1,1200,0:11:22,São Paulo
6982,06/07/24,Ana Clara,,Mouse,1200,1,3500,1:17:49,São Paulo
6983,2024-11-08, Pedro Alves ,M,Mouse,R$3500,3,150,64m,Porto Alegre
6984,15-10-2023,,Feminino,Cadeira,R$3500,2,7048,2:04:59,São Paulo
6985,2024-01-21, Pedro Alves ,MASCULINO,Mouse,"R$ 800,00",3,10500,,Porto Alegre
6986,11/08/24, João Silva ,Feminino,Cadeira,120,3,2400,2h 16m,Porto Alegre
6987,08-03-2023,Ana Clara,M,Mouse,"R$ 1.200,00",2,234,2:59:29,Curitiba
6988,2024-09-27,,F,Notebook,"R$ 3.500,00",2,2400,2:23:43,Curitiba
6989,01-08-2024, João Silva ,F,Notebook,R$1200,2,100,,Belo Horizonte
6990,08-03-2023,,Feminino,Cadeira,R$3500,2,1600,156m,Porto Alegre
6991,27-09-2023, Pedro Alves ,m,Notebook,1200,2,,,Curitiba
6992,2024-01-05,Maria Souza,Feminino,Notebook,R$120,2,,22m,São Paulo
6993,2023/02/01,Ana Clara,Feminino,Cadeira,50,1,50,3h 50m,Curitiba
6994,2024-11-03, Pedro Alves ,Feminino,Notebook,R$50,2,,153m,São Paulo
6995,08-11-2024,Carlos Lima,Masculino,Mouse,50,1,1200,,São Paulo
6996,03/08/24,Ana Clara,Feminino,Cadeira,"R$ 800,00",2,7000,26m,Rio de Janeiro
6997,2023/05/26, João Silva ,MASCULINO,Mouse,R$800,2,240,0:22:57,Curitiba
6998,2023-02-26,Carlos Lima,,Mouse,"R$ 50,00",1,800,,Porto Alegre
6999,2024/02/24,Maria Souza,Feminino,Teclado,1200,2,100,2:39:49,São Paulo
7000,13/01/23, Pedro Alves ,Masculino,Cadeira,R$1200,3,360,107m,Curitiba
7001,2024-08-21, João Silva ,,Cadeira,"R$ 120,00",3,,3h 40m,Rio de Janeiro
7002,2023-05-19,,Masculino,Notebook,50,1,1200,0:24:36,Porto Alegre
7003,2024/02/13,Ana Clara,F,Teclado,"R$ 1.200,00",2,240,,São Paulo
7004,26-07-2023,Maria Souza,M,Teclado,"R$ 800,00",3,360,,Rio de Janeiro
7005,2023-06-03,Maria Souza,f,Cadeira,3500,2,,0:07:29,Porto Alegre
7006,2023/04/02,Carlos Lima,f,Monitor,800,2,260,2h 56m,Belo Horizonte
7007,27/10/23,Maria Souza,Feminino,Mouse,"R$ 3.500,00",1,,19m,Belo Horizonte
7008,2024/08/02,Carlos Lima,Masculino,Mouse,R$120,3,10500,1h 7m,Belo Horizonte
7009,19-08-2024, Pedro Alves ,Masculino,Teclado,120,2,7000,,Belo Horizonte
7010,02-06-2024,,f,Monitor,"R$ 800,00",2,1600,76m,São Paulo
7011,2024/07/20, João Silva ,F,Monitor,R$50,2,2400,,São Paulo
7012,2023/10/05, Pedro Alves ,,Cadeira,3500,1,1200,3h 1m,Belo Horizonte
7013,2023-02-25,Maria Souza,M,Mouse,R$120,2,,96m,São Paulo
7014,2023-09-09,Maria Souza,Feminino,Teclado,"R$ 1.200,00",2,2400,91m,Curitiba
7015,13/02/23,,f,Cadeira,R$1200,2,1600,,São Paulo
7016,12-04-2024,Carlos Lima,f,Teclado,"R$ 800,00",1,50,,Belo Horizonte
7017,2024-04-22,,,Notebook,R$3500,2,100,1h 28m,Curitiba
7018,2024-06-17,,Masculino,Monitor,3500,1,,26m,Rio de Janeiro
7019,15-06-2024,Ana Clara,MASCULINO,Mouse,R$50,1,,2h 40m,Rio de Janeiro
7020,2023/04/23,Maria Souza,f,Notebook,R$1200,2,100,1:14:18,Porto Alegre
7021,2024-06-06,Carlos Lima,M,Cadeira,"R$ 1.200,00",2,,,Rio de Janeiro
7022,2024-03-28,Maria Souza,Feminino,Teclado,800,1,,,Rio de Janeiro
7023,08-07-2023,Ana Clara,F,Mouse,1200,3,3600,,Belo Horizonte
7024,26-12-2024,Maria Souza,MASCULINO,Monitor,3500,2,7000,2:28:57,Curitiba
7025,2024/02/08,Ana Clara,MASCULINO,Cadeira,"R$ 1.200,00",1,3500,,São Paulo
7026,24-02-2023,Maria Souza,,Cadeira,R$1200,1,800,0:58:49,Porto Alegre
7027,2024-02-27,Ana Clara,M,Mouse,3500,1,1200,0:14:47,Rio de Janeiro
7028,04-08-2024, João Silva ,,Teclado,R$50,2,7000,2:50:43,Porto Alegre
7029,25/08/23, João Silva ,Feminino,Notebook,1200,1,,1h 10m,Rio de Janeiro
7030,2023-04-04,,f,Notebook,R$1200,1,1200,3h 1m,Rio de Janeiro
7031,07-12-2023,Carlos Lima,F,Teclado,120,3,,1h 36m,Belo Horizonte
7032,2023-06-08, João Silva ,,Mouse,800,3,150,0h 21m,São Paulo
7033,23-04-2023,,Feminino,Monitor,1200,3,150,2:44:06,Rio de Janeiro
7034,2024-05-21,,M,Notebook,R$3500,3,10500,0h 19m,Rio de Janeiro
7035,2023/01/24,,m,Teclado,"R$ 50,00",2,7000,138m,Rio de Janeiro
7036,01/11/24, João Silva ,,Teclado,R$3500,3,360,178m,Rio de Janeiro
7037,2023/12/17,Maria Souza,F,Notebook,R$50,2,240,69m,Porto Alegre
7038,25/10/23,Maria Souza,m,Notebook,50,1,,2h 30m,Rio de Janeiro
7039,16/02/23,Carlos Lima,Feminino,Monitor,800,3,150,,Belo Horizonte
7040,26-09-2023,Ana Clara,m,Mouse,R$3500,3,150,,Curitiba
7041,2023-09-06,Maria Souza,m,Monitor,R$1200,1,,3h 53m,Curitiba
7042,2024-07-23,Maria Souza,m,Monitor,R$800,1,50,,Curitiba
7043,2024/08/07,Carlos Lima,,Teclado,3500,3,360,,Curitiba
7044,2023/05/26,Carlos Lima,,Notebook,3500,3,10500,,Porto Alegre
7045,2024-01-10, João Silva ,Masculino,Mouse,800,2,6955,88m,Rio de Janeiro
7046,2024/10/07, Pedro Alves ,f,Cadeira,"R$ 120,00",1,3500,1h 44m,São Paulo
7047,08/09/24,Maria Souza,Feminino,Mouse,R$1200,3,2400,1:16:16,Rio de Janeiro
7048,20/05/23, Pedro Alves ,Feminino,Cadeira,R$50,1,120,3h 4m,São Paulo
7049,2023/01/18, João Silva ,F,Cadeira,50,1,,,Curitiba
7050,2024/11/17,,,Notebook,120,1,120,0:31:05,Rio de Janeiro
7051,2023/07/17, Pedro Alves ,F,Mouse,"R$ 3.500,00",3,10500,1h 39m,São Paulo
7052,2023-09-01, Pedro Alves ,Masculino,Mouse,50,2,240,1:21:36,Porto Alegre
7053,2023/02/08,Maria Souza,,Notebook,R$120,2,2400,3h 21m,Porto Alegre
7054,2023-03-09,,m,Monitor,R$800,3,10500,,Curitiba
7055,24-04-2023,Ana Clara,MASCULINO,Teclado,50,3,3582,168m,Belo Horizonte
7056,26/10/24,Ana Clara,Feminino,Monitor,R$800,1,1200,0:08:43,São Paulo
7057,2024/07/23,,F,Notebook,3500,2,,2h 41m,Porto Alegre
7058,2023-03-06,,m,Teclado,1200,1,50,2:03:29,Curitiba
7059,2023/01/02,Maria Souza,m,Teclado,"R$ 120,00",1,,2:21:07,Rio de Janeiro
7060,2024-07-11,Ana Clara,m,Notebook,R$1200,2,7000,3h 33m,Curitiba
7061,15/02/23,,f,Cadeira,50,1,1200,0:47:41,Rio de Janeiro
7062,2024/07/11,Ana Clara,f,Monitor,120,3,2400,2:32:22,São Paulo
7063,2023/12/12,Ana Clara,,Teclado,"R$ 50,00",1,120,,São Paulo
7064,16-09-2024,Carlos Lima,F,Notebook,"R$ 800,00",2,2412,3h 1m,Porto Alegre
7065,24-05-2024,Maria Souza,f,Cadeira,50,1,1200,100m,Rio de Janeiro
7066,04-05-2023,Carlos Lima,MASCULINO,Monitor,R$1200,3,2400,2:44:40,Belo Horizonte
7067,04-04-2023,Maria Souza,,Monitor,"R$ 120,00",2,1610,1:27:57,Rio de Janeiro
7068,28/10/23,Maria Souza,MASCULINO,Cadeira,3500,2,2400,,Curitiba
7069,07/01/24,Carlos Lima,,Cadeira,120,2,1600,,Belo Horizonte
7070,2023-11-10, João Silva ,MASCULINO,Notebook,800,2,80,1:19:02,Belo Horizonte
7071,2023-02-11,Maria Souza,MASCULINO,Teclado,R$50,3,360,,Rio de Janeiro
7072,2024/05/11,Maria Souza,m,Notebook,"R$ 3.500,00",1,1200,62m,São Paulo
7073,09/01/23,,M,Notebook,"R$ 50,00",2,240,,Porto Alegre
7074,12-06-2023, João Silva ,m,Teclado,R$50,3,,1h 51m,São Paulo
7075,2023/09/27,Ana Clara,F,Notebook,1200,1,800,101m,São Paulo
7076,20/06/24, João Silva ,,Mouse,50,3,150,2:29:13,Curitiba
7077,2024-02-08,Ana Clara,m,Cadeira,"R$ 3.500,00",2,61,0h 20m,Curitiba
7078,28-07-2023, Pedro Alves ,M,Notebook,"R$ 50,00",3,310,0:01:58,Porto Alegre
7079,17-03-2023, Pedro Alves ,F,Notebook,"R$ 120,00",3,10500,33m,Curitiba
7080,2024/08/09, Pedro Alves ,f,Teclado,R$120,1,,,Curitiba
7081,19-05-2023, João Silva ,,Mouse,120,3,360,1h 56m,Curitiba
7082,2023-04-28,Ana Clara,f,Teclado,R$1200,3,334,,Rio de Janeiro
7083,28/09/24,Ana Clara,M,Teclado,R$800,2,,1h 13m,Curitiba
7084,2023/03/10, Pedro Alves ,f,Mouse,R$800,2,,,Porto Alegre
7085,09/07/24,Ana Clara,f,Mouse,"R$ 3.500,00",2,2400,100m,Rio de Janeiro
7086,26/06/23,Carlos Lima,f,Cadeira,800,3,10500,25m,Belo Horizonte
7087,2023/08/18,,F,Monitor,R$120,2,1600,171m,Curitiba
7088,2024-03-07,Maria Souza,Feminino,Cadeira,"R$ 120,00",3,,141m,Rio de Janeiro
7089,21/11/23,,F,Notebook,R$800,2,110,,Porto Alegre
7090,07-07-2024,Carlos Lima,M,Notebook,1200,3,,0:44:14,Belo Horizonte
7091,2023-04-17,Carlos Lima,MASCULINO,Monitor,R$50,1,,,Porto Alegre
7092,05/05/24,Ana Clara,F,Monitor,R$800,2,1648,149m,Belo Horizonte
7093,11/07/23,Ana Clara,F,Mouse,R$50,2,,2h 21m,Rio de Janeiro
7094,2023/04/09,Ana Clara,m,Monitor,3500,3,150,,Belo Horizonte
7095,03/11/23,Ana Clara,m,Cadeira,R$3500,3,,0h 5m,Belo Horizonte
7096,05-08-2023, Pedro Alves ,Feminino,Mouse,120,2,69,2:31:52,Rio de Janeiro
7097,23-10-2023,Carlos Lima,Feminino,Monitor,R$1200,1,3550,114m,São Paulo
7098,27/03/24, João Silva ,Masculino,Notebook,"R$ 1.200,00",1,50,1h 31m,São Paulo
7099,12-12-2023,Maria Souza,F,Cadeira,"R$ 800,00",1,164,57m,São Paulo
7100,2024-04-18,Ana Clara,Masculino,Notebook,"R$ 50,00",3,10500,132m,Porto Alegre
7101,14/04/24,,m,Teclado,R$800,3,360,59m,Rio de Janeiro
7102,14-02-2023,Carlos Lima,MASCULINO,Notebook,R$50,2,2400,87m,São Paulo
7103,15-05-2024,Carlos Lima,f,Mouse,50,1,,1:34:01,Porto Alegre
7104,2023-07-05,Maria Souza,f,Mouse,"R$ 120,00",1,120,,Belo Horizonte
7105,2024-02-21,Maria Souza,M,Monitor,50,2,1605,0h 34m,Rio de Janeiro
7106,02/04/23,,MASCULINO,Teclado,R$800,2,,2:59:46,Curitiba
7107,2023/01/22,Carlos Lima,,Notebook,R$1200,1,800,0:41:35,Rio de Janeiro
7108,2024/11/25, Pedro Alves ,F,Teclado,3500,1,800,1:28:41,São Paulo
7109,2024/02/12,Ana Clara,Feminino,Teclado,"R$ 120,00",3,,2:35:43,Belo Horizonte
7110,2024/04/24,,M,Notebook,120,2,1600,0h 2m,Belo Horizonte
7111,2023/06/10, Pedro Alves ,M,Cadeira,1200,2,2400,165m,Curitiba
7112,06-07-2023,Carlos Lima,MASCULINO,Cadeira,120,3,3600,27m,Curitiba
7113,22-09-2024,Ana Clara,F,Monitor,1200,2,219,169m,Rio de Janeiro
7114,2023-04-14,Maria Souza,M,Monitor,3500,3,,,São Paulo
7115,13/05/23,Ana Clara,F,Monitor,"R$ 1.200,00",1,800,3h 28m,Porto Alegre
7116,2024/09/10,Maria Souza,MASCULINO,Monitor,800,3,2400,1h 15m,Belo Horizonte
7117,2023/02/26,Ana Clara,MASCULINO,Notebook,"R$ 120,00",2,1600,1:14:20,São Paulo
7118,07-03-2023,Ana Clara,,Teclado,3500,1,3500,0h 19m,São Paulo
7119,21/09/24, Pedro Alves ,m,Mouse,50,3,150,0:35:39,Belo Horizonte
7120,2024/05/20,Ana Clara,MASCULINO,Monitor,1200,3,150,0h 14m,Porto Alegre
7121,24/08/24, Pedro Alves ,F,Cadeira,"R$ 800,00",1,1200,1:49:39,Porto Alegre
7122,11/05/23,Carlos Lima,m,Teclado,"R$ 3.500,00",3,3600,0h 21m,São Paulo
7123,05/08/24,Carlos Lima,f,Cadeira,3500,2,7000,2:10:45,Curitiba
7124,21/05/23,,f,Notebook,"R$ 3.500,00",2,1600,0h 46m,Rio de Janeiro
7125,2024-07-23,Carlos Lima,Feminino,Mouse,R$1200,2,100,161m,São Paulo
7126,2024/07/03,Ana Clara,Masculino,Mouse,1200,2,7000,0:24:03,Belo Horizonte
7127,2023-04-21, João Silva ,M,Notebook,"R$ 800,00",3,10500,84m,Belo Horizonte
7128,05-05-2024, João Silva ,Masculino,Notebook,50,2,2401,1:41:01,São Paulo
7129,2023/02/06,Ana Clara,M,Teclado,"R$ 120,00",1,120,0:05:11,Porto Alegre
7130,2024/05/15,Maria Souza,M,Monitor,"R$ 120,00",2,100,3h 14m,Porto Alegre
7131,19-03-2024,Maria Souza,f,Notebook,R$3500,2,,0:06:28,São Paulo
7132,2023-03-12,,M,Cadeira,3500,3,2400,79m,Curitiba
7133,10-12-2024, Pedro Alves ,m,Cadeira,R$120,2,100,166m,Curitiba
7134,06/11/23,Ana Clara,Masculino,Notebook,R$1200,2,100,118m,Rio de Janeiro
7135,12/02/23,Carlos Lima,Feminino,Teclado,50,1,800,2:43:06,Belo Horizonte
7136,2024-02-12, João Silva ,f,Notebook,120,1,,,São Paulo
7137,04/12/24,,Masculino,Cadeira,120,1,120,155m,Rio de Janeiro
7138,2023-05-10, Pedro Alves ,,Monitor,R$50,2,240,177m,São Paulo
7139,23/11/23,Ana Clara,MASCULINO,Monitor,R$120,2,1600,120m,Rio de Janeiro
7140,2024-09-22,,Feminino,Mouse,"R$ 50,00",1,3500,140m,Rio de Janeiro
7141,2023-05-04, Pedro Alves ,M,Mouse,50,1,120,,Porto Alegre
7142,27-06-2024,,M,Mouse,"R$ 120,00",1,120,1h 8m,Belo Horizonte
7143,06/03/23,,F,Monitor,"R$ 800,00",1,1183,,Curitiba
7144,2023-01-08,Carlos Lima,Feminino,Monitor,120,3,,42m,Porto Alegre
7145,2024/07/01,,f,Mouse,800,1,800,1:00:49,São Paulo
7146,07-08-2023,Carlos Lima,F,Notebook,R$800,3,,55m,Rio de Janeiro
7147,2024-04-11,Ana Clara,f,Notebook,R$120,2,,,São Paulo
7148,2024/09/05, João Silva ,MASCULINO,Notebook,"R$ 3.500,00",1,1161,,São Paulo
7149,02-01-2023, João Silva ,M,Mouse,R$3500,3,3600,1h 33m,São Paulo
7150,2024-02-02,,f,Notebook,R$3500,1,,3h 46m,Porto Alegre
7151,23/09/24,Ana Clara,MASCULINO,Teclado,R$800,3,2400,110m,Curitiba
7152,14-08-2023, Pedro Alves ,M,Monitor,"R$ 3.500,00",1,135,0h 58m,Porto Alegre
7153,24-01-2023, Pedro Alves ,f,Cadeira,"R$ 1.200,00",1,1200,2h 14m,São Paulo
7154,23-03-2023, João Silva ,Feminino,Notebook,"R$ 120,00",3,2400,139m,Belo Horizonte
7155,2023/01/22,Ana Clara,m,Cadeira,R$120,2,2400,74m,Rio de Janeiro
7156,13-08-2024, João Silva ,m,Notebook,"R$ 3.500,00",2,,173m,São Paulo
7157,2023/06/11,,,Notebook,"R$ 120,00",3,10500,,Belo Horizonte
7158,2023-09-14,Maria Souza,MASCULINO,Monitor,R$1200,2,240,0h 32m,Rio de Janeiro
7159,25/09/24,Ana Clara,Masculino,Notebook,"R$ 3.500,00",3,,3h 36m,Porto Alegre
7160,20/01/23,Ana Clara,F,Teclado,R$3500,1,50,3h 28m,São Paulo
7161,2023/05/28, Pedro Alves ,M,Cadeira,"R$ 1.200,00",2,100,1:49:47,Curitiba
7162,26/09/23,,F,Notebook,R$50,3,,,São Paulo
7163,14-04-2024,Maria Souza,,Mouse,120,3,150,,Porto Alegre
7164,2024-10-19, Pedro Alves ,f,Teclado,R$800,2,100,3h 44m,Belo Horizonte
7165,2023/12/26, Pedro Alves ,Masculino,Mouse,"R$ 1.200,00",1,3500,49m,Belo Horizonte
7166,06/12/23, João Silva ,f,Teclado,3500,2,240,1h 21m,Porto Alegre
7167,2023-06-12,Maria Souza,Feminino,Cadeira,"R$ 120,00",3,10476,,Curitiba
7168,2024/12/17, João Silva ,Masculino,Notebook,1200,1,3500,0:36:16,Porto Alegre
7169,19/03/23,,f,Teclado,1200,1,,23m,São Paulo
7170,2024/02/18,Ana Clara,F,Mouse,"R$ 120,00",3,150,2h 40m,Curitiba
7171,2023-05-27,Ana Clara,Feminino,Monitor,"R$ 800,00",2,,0:33:31,Belo Horizonte
7172,15-01-2023,,M,Mouse,R$120,1,1200,,Rio de Janeiro
7173,13/04/24,Maria Souza,f,Mouse,R$120,3,,2h 15m,Belo Horizonte
7174,08/06/23,Ana Clara,MASCULINO,Monitor,R$800,3,2400,2h 52m,Belo Horizonte
7175,2023-01-12,Carlos Lima,Feminino,Monitor,1200,2,1600,3h 51m,São Paulo
7176,2024-05-17,Maria Souza,F,Mouse,R$120,2,100,27m,Porto Alegre
7177,10/12/24, Pedro Alves ,M,Teclado,"R$ 800,00",1,120,107m,Belo Horizonte
7178,2023/01/28,Ana Clara,f,Monitor,"R$ 50,00",2,1600,,Curitiba
7179,2024-12-23,,m,Notebook,"R$ 3.500,00",2,7000,0:09:19,São Paulo
7180,13/11/23,Maria Souza,M,Monitor,R$800,2,1648,3h 46m,Curitiba
7181,24/05/23,Carlos Lima,M,Notebook,R$1200,1,1226,0:55:07,São Paulo
7182,2024-06-10, Pedro Alves ,M,Mouse,"R$ 120,00",1,3550,14m,Curitiba
7183,2024/12/05,Maria Souza,f,Monitor,"R$ 50,00",1,,0:42:24,Belo Horizonte
7184,14/04/24,,M,Monitor,1200,1,1218,2h 47m,Rio de Janeiro
7185,05-07-2023,,Masculino,Mouse,3500,2,2415,137m,Rio de Janeiro
7186,2024-01-08,Carlos Lima,Feminino,Teclado,"R$ 50,00",1,800,,Porto Alegre
7187,2024/10/24,Carlos Lima,M,Notebook,"R$ 3.500,00",3,,1:37:39,São Paulo
7188,2023-07-22,Carlos Lima,F,Mouse,R$1200,2,7000,,Rio de Janeiro
7189,14/04/23,Maria Souza,,Notebook,R$800,1,800,,São Paulo
7190,2023-07-26,,f,Teclado,"R$ 50,00",3,3600,49m,Belo Horizonte
7191,02-09-2023,Maria Souza,MASCULINO,Cadeira,"R$ 800,00",1,800,,São Paulo
7192,21-12-2023, Pedro Alves ,m,Monitor,800,2,,1:48:50,Belo Horizonte
7193,2023/06/03, João Silva ,f,Cadeira,"R$ 120,00",3,182,75m,Curitiba
7194,2024-10-03,Ana Clara,MASCULINO,Teclado,R$1200,3,3596,2h 11m,Curitiba
7195,2024/05/03,Carlos Lima,MASCULINO,Cadeira,"R$ 1.200,00",3,10500,0:30:36,Belo Horizonte
7196,24/04/24, João Silva ,F,Teclado,"R$ 1.200,00",2,193,,Curitiba
7197,2023/02/17,Carlos Lima,,Mouse,R$800,2,1600,2h 0m,São Paulo
7198,12/01/24,,Masculino,Cadeira,"R$ 1.200,00",2,7014,52m,Belo Horizonte
7199,13-10-2023, João Silva ,M,Monitor,3500,2,,109m,Curitiba
7200,13/06/24,Maria Souza,,Notebook,R$800,1,,110m,Porto Alegre
7201,2024-09-21,Ana Clara,m,Cadeira,"R$ 800,00",1,50,,Porto Alegre
7202,03-03-2023, Pedro Alves ,MASCULINO,Monitor,3500,3,150,2:49:39,Belo Horizonte
7203,03/10/23,Carlos Lima,Feminino,Notebook,R$800,2,,1:06:02,Curitiba
7204,22-03-2024, João Silva ,,Cadeira,800,2,2400,150m,Porto Alegre
7205,2023-11-17, Pedro Alves ,Masculino,Teclado,1200,1,120,,Belo Horizonte
7206,01-07-2024,,Feminino,Monitor,1200,3,,,Porto Alegre
7207,12/07/23,Ana Clara,M,Monitor,120,2,7000,107m,Porto Alegre
7208,01/10/23,,,Teclado,800,3,2400,1:48:28,São Paulo
7209,05-07-2024,Carlos Lima,,Teclado,"R$ 3.500,00",1,120,,Belo Horizonte
7210,28/04/24,Ana Clara,Feminino,Mouse,3500,3,3615,,São Paulo
7211,2023-07-25,Carlos Lima,,Monitor,R$800,3,2400,1:07:18,Curitiba
7212,02-12-2024,,m,Notebook,120,3,2400,0h 12m,Curitiba
7213,04-09-2023,Maria Souza,Feminino,Notebook,"R$ 800,00",1,,164m,Belo Horizonte
7214,2023-03-05,Carlos Lima,M,Teclado,3500,2,1602,,Rio de Janeiro
7215,2024-08-25,Carlos Lima,Masculino,Mouse,1200,3,3600,164m,Curitiba
7216,2023/03/01, João Silva ,f,Mouse,"R$ 1.200,00",2,240,0h 45m,Curitiba
7217,22/11/24, Pedro Alves ,M,Cadeira,R$800,3,360,,Rio de Janeiro
7218,09-04-2023, João Silva ,m,Cadeira,R$1200,2,,2:55:20,Belo Horizonte
7219,2024/07/17,,f,Monitor,R$3500,2,240,1:23:19,Belo Horizonte
7220,2024/02/23,Carlos Lima,,Mouse,120,1,800,2h 39m,Rio de Janeiro
7221,2023-03-27,Ana Clara,Masculino,Teclado,120,2,1600,3h 21m,Porto Alegre
7222,2024/09/10,Carlos Lima,F,Monitor,"R$ 800,00",1,,,Porto Alegre
7223,2024-10-17, Pedro Alves ,F,Notebook,1200,2,1600,,Rio de Janeiro
7224,2024-04-12,Carlos Lima,Feminino,Monitor,3500,1,800,2:22:42,Porto Alegre
7225,18/05/23, Pedro Alves ,M,Mouse,"R$ 120,00",3,2400,1h 46m,São Paulo
7226,19/06/23, Pedro Alves ,,Cadeira,3500,3,3600,1h 26m,Curitiba
7227,19-08-2024,Carlos Lima,MASCULINO,Mouse,800,3,124,,Rio de Janeiro
7228,01-11-2023, João Silva ,MASCULINO,Teclado,3500,1,120,3h 4m,Porto Alegre
7229,2024-09-07,Maria Souza,,Cadeira,"R$ 1.200,00",3,150,2h 2m,Curitiba
7230,2023-09-10,Maria Souza,Feminino,Teclado,"R$ 50,00",1,800,0:05:07,Rio de Janeiro
7231,2024/02/11,Maria Souza,m,Monitor,"R$ 50,00",1,50,2h 43m,Rio de Janeiro
7232,18/10/23,,Feminino,Notebook,R$1200,1,800,148m,Porto Alegre
7233,2023-08-03,Maria Souza,f,Cadeira,800,2,,148m,Belo Horizonte
7234,20/08/23, Pedro Alves ,,Mouse,50,2,,,Curitiba
7235,2024-11-27,Maria Souza,MASCULINO,Monitor,3500,2,2400,,Rio de Janeiro
7236,2023/03/04,Carlos Lima,f,Notebook,R$3500,2,,0:48:25,Curitiba
7237,2024/06/04,Ana Clara,f,Notebook,R$120,1,120,0:48:33,Belo Horizonte
7238,12-06-2024,,,Notebook,800,3,360,,São Paulo
7239,2023-07-02,,M,Cadeira,R$3500,1,120,,Curitiba
7240,2024-11-02, João Silva ,MASCULINO,Notebook,"R$ 800,00",1,50,,Curitiba
7241,16/07/23,Carlos Lima,Feminino,Teclado,R$3500,3,150,29m,Belo Horizonte
7242,2023/04/07, João Silva ,Feminino,Mouse,"R$ 120,00",2,100,,Curitiba
7243,2024-07-24,Ana Clara,m,Teclado,R$3500,2,1600,,Rio de Janeiro
7244,08/05/23,Maria Souza,M,Cadeira,R$1200,1,,2h 33m,Curitiba
7245,12-08-2024,,f,Monitor,"R$ 120,00",2,100,10m,São Paulo
7246,2024-05-05,Maria Souza,F,Cadeira,"R$ 120,00",2,2449,,Rio de Janeiro
7247,2023/11/21,Ana Clara,m,Monitor,R$50,3,150,177m,São Paulo
7248,2024-06-11,Carlos Lima,Masculino,Notebook,1200,2,,,Rio de Janeiro
7249,05/01/23,,Feminino,Notebook,800,1,50,,Porto Alegre
7250,25-04-2024,Ana Clara,f,Notebook,3500,2,1600,3h 51m,Porto Alegre
7251,2023/06/26, João Silva ,m,Notebook,"R$ 50,00",2,240,129m,Porto Alegre
7252,2024/02/22,Carlos Lima,MASCULINO,Cadeira,120,3,360,,Porto Alegre
7253,2023-03-01,Carlos Lima,,Monitor,R$3500,1,82,0:42:03,Porto Alegre
7254,09-10-2024,,m,Mouse,3500,2,1600,1h 19m,São Paulo
7255,19-08-2023,,,Monitor,3500,1,800,149m,São Paulo
7256,2024/03/17,Carlos Lima,f,Cadeira,3500,3,150,147m,Belo Horizonte
7257,23-04-2023, Pedro Alves ,MASCULINO,Cadeira,3500,1,800,0:51:51,Porto Alegre
7258,27-05-2024,,f,Monitor,"R$ 50,00",3,,,Porto Alegre
7259,08/05/24, Pedro Alves ,,Notebook,R$1200,3,150,102m,Curitiba
7260,02/01/24,Ana Clara,MASCULINO,Mouse,R$800,2,100,3h 6m,Rio de Janeiro
7261,20-09-2023,Carlos Lima,Masculino,Cadeira,"R$ 50,00",3,10500,1h 56m,São Paulo
7262,2023-06-03,,F,Teclado,800,1,1200,67m,Rio de Janeiro
7263,2023/10/18,Maria Souza,Feminino,Mouse,R$120,2,2400,0:30:23,Curitiba
7264,2024-10-16,Ana Clara,MASCULINO,Cadeira,120,2,,0h 54m,Rio de Janeiro
7265,22-05-2024,Carlos Lima,M,Mouse,3500,2,132,109m,Curitiba
7266,22/07/23,Maria Souza,F,Notebook,120,3,,,São Paulo
7267,21-12-2023,Maria Souza,MASCULINO,Cadeira,"R$ 3.500,00",2,221,0:25:36,Porto Alegre
7268,2024-10-10,Maria Souza,m,Cadeira,800,3,3600,,Belo Horizonte
7269,2023/11/18, Pedro Alves ,MASCULINO,Notebook,"R$ 120,00",1,1164,,Porto Alegre
7270,2023-06-17,Ana Clara,M,Cadeira,R$120,3,3596,30m,São Paulo
7271,28/09/24,Ana Clara,Masculino,Teclado,1200,3,3600,1h 3m,Rio de Janeiro
7272,13/06/23, João Silva ,M,Mouse,R$120,3,3593,15m,Curitiba
7273,2023/06/26, João Silva ,F,Teclado,"R$ 120,00",1,3500,1h 34m,Rio de Janeiro
7274,02-01-2024,,f,Teclado,1200,2,7000,0:57:11,Porto Alegre
7275,24-01-2024,Ana Clara,MASCULINO,Monitor,"R$ 800,00",2,,,Belo Horizonte
7276,2024/09/26,Maria Souza,MASCULINO,Monitor,R$3500,1,3500,0h 49m,Belo Horizonte
7277,10-03-2024,,M,Notebook,R$1200,1,50,134m,São Paulo
7278,02-05-2024, Pedro Alves ,,Mouse,800,1,6,1h 31m,Rio de Janeiro
7279,2024-02-05, João Silva ,Feminino,Mouse,3500,3,2400,0:15:57,São Paulo
7280,04-08-2024, João Silva ,,Notebook,R$50,2,100,1h 7m,São Paulo
7281,06/04/24,Carlos Lima,Feminino,Mouse,"R$ 800,00",1,120,,Belo Horizonte
7282,09-12-2024,,F,Teclado,"R$ 50,00",2,2400,1:49:04,Curitiba
7283,26/05/24, Pedro Alves ,M,Notebook,3500,2,,,Belo Horizonte
7284,2023/07/23, Pedro Alves ,m,Cadeira,R$1200,2,1600,2h 41m,Curitiba
7285,08/02/23,Carlos Lima,M,Notebook,R$3500,2,,,Rio de Janeiro
7286,2023-01-14, Pedro Alves ,M,Mouse,R$800,2,240,,Rio de Janeiro
7287,2024/12/15,Ana Clara,m,Mouse,3500,1,33,1h 55m,Belo Horizonte
7288,04/11/24,,F,Cadeira,50,2,2400,89m,Curitiba
7289,02/11/24,,Masculino,Cadeira,800,1,1201,,Rio de Janeiro
7290,2024-11-10, Pedro Alves ,M,Cadeira,R$800,2,100,2:28:51,Porto Alegre
7291,24-06-2023,,Masculino,Notebook,"R$ 120,00",2,100,2:41:46,Porto Alegre
7292,2023/10/18, João Silva ,M,Notebook,R$50,1,1200,,Curitiba
7293,2024/03/25,Maria Souza,MASCULINO,Notebook,"R$ 1.200,00",3,2400,,Curitiba
7294,04-05-2024,Ana Clara,Feminino,Mouse,"R$ 120,00",1,1200,51m,Rio de Janeiro
7295,20-06-2024, Pedro Alves ,,Notebook,R$50,2,1558,2:28:35,Porto Alegre
7296,02/12/23, Pedro Alves ,M,Teclado,120,2,66,67m,Curitiba
7297,21/01/23,Carlos Lima,Feminino,Mouse,800,1,1202,,Rio de Janeiro
7298,16/07/24, João Silva ,f,Mouse,R$800,3,3600,,São Paulo
7299,22-01-2024,Ana Clara,m,Cadeira,"R$ 1.200,00",1,,1:29:30,São Paulo
7300,2023-06-07,Ana Clara,M,Teclado,"R$ 50,00",3,3600,1:13:00,Belo Horizonte
7301,25-07-2024, João Silva ,Masculino,Cadeira,3500,3,2400,2:00:23,Curitiba
7302,2023-08-14, Pedro Alves ,Masculino,Notebook,R$50,3,2400,,Belo Horizonte
7303,2023/07/01,Maria Souza,f,Monitor,R$3500,1,800,,Belo Horizonte
7304,23-02-2024,Ana Clara,Masculino,Notebook,50,1,3500,1:16:59,Rio de Janeiro
7305,2024/09/22, Pedro Alves ,m,Mouse,"R$ 50,00",3,360,0h 44m,Curitiba
7306,2024/07/15,,F,Monitor,R$50,3,360,,São Paulo
7307,2023-06-13,Maria Souza,MASCULINO,Monitor,"R$ 1.200,00",3,,,Rio de Janeiro
7308,2023-06-13,Maria Souza,f,Cadeira,3500,3,,,Porto Alegre
7309,10/03/23,Maria Souza,F,Cadeira,"R$ 1.200,00",1,,2h 0m,Curitiba
7310,08-06-2023,,M,Monitor,1200,2,1600,1:00:17,Rio de Janeiro
7311,2024/06/07,Ana Clara,Feminino,Mouse,800,2,,1:45:08,Curitiba
7312,11-08-2024,,f,Monitor,"R$ 3.500,00",1,1188,2:58:52,Porto Alegre
7313,10-01-2023, João Silva ,MASCULINO,Cadeira,R$120,1,,145m,Rio de Janeiro
7314,27/10/23,,Masculino,Notebook,1200,2,2400,,Porto Alegre
7315,13/11/23,Carlos Lima,MASCULINO,Monitor,3500,1,50,12m,Rio de Janeiro
7316,06-08-2023,,m,Notebook,R$120,1,120,3h 40m,Porto Alegre
7317,2023/11/06, João Silva ,MASCULINO,Cadeira,800,3,10550,,São Paulo
7318,26/01/23, João Silva ,MASCULINO,Notebook,"R$ 50,00",1,120,0:33:08,Curitiba
7319,03/05/23, Pedro Alves ,Masculino,Teclado,50,3,150,55m,Porto Alegre
7320,2024-09-18, João Silva ,Masculino,Notebook,3500,3,3600,,São Paulo
7321,2023/10/07,Carlos Lima,M,Mouse,"R$ 1.200,00",1,3500,,São Paulo
7322,16/11/23, Pedro Alves ,,Notebook,120,2,1600,12m,São Paulo
7323,2024/12/21,Ana Clara,Feminino,Mouse,R$120,3,,3h 27m,Belo Horizonte
7324,2024/03/09, João Silva ,Masculino,Notebook,3500,2,,1h 1m,Curitiba
7325,2023/09/26,,F,Teclado,R$120,2,7000,2:13:15,Curitiba
7326,20/03/24,Carlos Lima,F,Monitor,50,1,3500,1h 31m,Belo Horizonte
7327,2024/03/22, Pedro Alves ,Masculino,Cadeira,R$1200,2,2400,73m,Rio de Janeiro
7328,25-09-2024,Carlos Lima,f,Mouse,R$800,1,3500,,Belo Horizonte
7329,19/10/24, Pedro Alves ,M,Mouse,R$120,1,120,170m,Belo Horizonte
7330,17-08-2023,Ana Clara,Feminino,Cadeira,R$1200,1,1200,3h 55m,Rio de Janeiro
7331,15-09-2024, João Silva ,MASCULINO,Monitor,"R$ 800,00",3,,1:28:06,São Paulo
7332,2023/06/01, Pedro Alves ,Masculino,Monitor,"R$ 800,00",1,800,1h 11m,Porto Alegre
7333,2023/07/20,Carlos Lima,,Monitor,3500,1,793,,Curitiba
7334,2023-02-13,Maria Souza,M,Notebook,R$50,1,,1:16:51,Belo Horizonte
7335,14/12/24, João Silva ,Feminino,Teclado,"R$ 120,00",1,1200,3h 56m,Belo Horizonte
7336,2024-02-12,Ana Clara,m,Teclado,"R$ 1.200,00",1,3500,2:54:33,Porto Alegre
7337,2024/06/12,Ana Clara,Feminino,Teclado,R$1200,3,10500,2h 53m,Belo Horizonte
7338,13-02-2024, Pedro Alves ,MASCULINO,Mouse,R$50,2,2400,,Curitiba
7339,11/06/24, João Silva ,F,Notebook,"R$ 1.200,00",1,82,158m,Belo Horizonte
7340,11/01/24,,Feminino,Teclado,"R$ 120,00",1,800,3h 15m,Porto Alegre
7341,10-04-2024,,F,Cadeira,"R$ 3.500,00",3,3600,0:39:41,Porto Alegre
7342,2023-12-26,Ana Clara,M,Notebook,"R$ 800,00",2,7000,,Belo Horizonte
7343,2024-01-22,Ana Clara,,Monitor,1200,3,2400,0h 54m,Porto Alegre
7344,2024-06-04,,Masculino,Notebook,1200,1,800,79m,Porto Alegre
7345,2023/04/11,Maria Souza,Feminino,Mouse,3500,3,10500,55m,São Paulo
7346,2024/07/14, João Silva ,Feminino,Mouse,"R$ 120,00",1,,71m,Belo Horizonte
7347,09-10-2024,Ana Clara,MASCULINO,Teclado,"R$ 3.500,00",1,800,150m,Belo Horizonte
7348,11/01/24, Pedro Alves ,f,Monitor,"R$ 3.500,00",2,,,Curitiba
7349,2024-06-10,,Feminino,Cadeira,50,2,2400,124m,Porto Alegre
7350,2023-06-05,Carlos Lima,Masculino,Notebook,R$1200,3,3600,120m,Rio de Janeiro
7351,2024/11/14,Maria Souza,f,Cadeira,"R$ 1.200,00",3,3600,,São Paulo
7352,28/02/23, Pedro Alves ,M,Mouse,50,3,195,3h 11m,Curitiba
7353,2023/09/08,,F,Mouse,R$800,3,150,,Rio de Janeiro
7354,09/06/24,Ana Clara,m,Notebook,120,1,1200,166m,Belo Horizonte
7355,28/02/24,Ana Clara,MASCULINO,Notebook,R$1200,2,6996,,Curitiba
7356,23-04-2024,,MASCULINO,Monitor,50,3,,50m,Rio de Janeiro
7357,13-10-2023,Carlos Lima,f,Teclado,800,2,1600,104m,Rio de Janeiro
7358,2023/07/15,Maria Souza,m,Teclado,R$1200,3,360,0:37:06,Rio de Janeiro
7359,16/09/23,Ana Clara,,Monitor,50,2,1647,2h 6m,Belo Horizonte
7360,23-01-2023, Pedro Alves ,m,Monitor,1200,3,150,,Belo Horizonte
7361,2023/11/22, João Silva ,,Teclado,"R$ 800,00",2,240,1h 17m,Belo Horizonte
7362,17/05/24,,f,Notebook,120,2,100,,Rio de Janeiro
7363,25-11-2024,,m,Teclado,"R$ 800,00",3,360,48m,São Paulo
7364,2024/05/09,Maria Souza,,Teclado,R$50,3,150,,Belo Horizonte
7365,2023-10-04,Carlos Lima,,Teclado,50,2,100,,Rio de Janeiro
7366,2023-10-05,Carlos Lima,F,Mouse,R$50,2,204,1:44:32,Porto Alegre
7367,01-11-2023, Pedro Alves ,f,Monitor,50,2,7000,2h 11m,Curitiba
7368,2024/01/19,Maria Souza,F,Cadeira,"R$ 1.200,00",2,1600,0h 20m,Curitiba
7369,21-06-2024,Maria Souza,M,Mouse,"R$ 800,00",2,1600,,Belo Horizonte
7370,21-04-2023, Pedro Alves ,Feminino,Mouse,"R$ 3.500,00",2,7000,1:47:09,Belo Horizonte
7371,2024-05-16,,f,Cadeira,R$50,1,3500,2h 3m,Curitiba
7372,2023/04/14,,F,Notebook,R$50,2,100,,Belo Horizonte
7373,27/08/23,Ana Clara,f,Teclado,R$50,2,100,1h 6m,São Paulo
7374,2023-05-26,Carlos Lima,Feminino,Mouse,R$3500,1,849,13m,Belo Horizonte
7375,27-07-2024, João Silva ,MASCULINO,Notebook,"R$ 50,00",3,360,0h 32m,Curitiba
7376,2024/02/11, Pedro Alves ,Feminino,Teclado,120,1,1200,0:11:13,Belo Horizonte
7377,14/10/23,Ana Clara,,Cadeira,R$3500,1,159,50m,Belo Horizonte
7378,14/06/24, Pedro Alves ,f,Mouse,50,2,2400,0:18:24,Curitiba
7379,2023/06/07,Carlos Lima,,Monitor,"R$ 800,00",2,,,Porto Alegre
7380,21/12/23, Pedro Alves ,Feminino,Notebook,R$120,1,,0:47:59,Porto Alegre
7381,2024/04/20,Ana Clara,F,Monitor,R$800,3,,1:43:35,Curitiba
7382,2023-08-13, João Silva ,f,Notebook,50,2,,132m,Belo Horizonte
7383,02-10-2024,Ana Clara,Masculino,Mouse,"R$ 50,00",2,1621,2h 48m,São Paulo
7384,2024/08/05, João Silva ,F,Monitor,1200,3,2382,109m,Porto Alegre
7385,2024/02/05,Maria Souza,Feminino,Notebook,"R$ 1.200,00",2,2400,31m,Porto Alegre
7386,2024-12-26,,m,Monitor,"R$ 1.200,00",2,,,Rio de Janeiro
7387,2024/01/07,,M,Mouse,1200,3,,2h 38m,Rio de Janeiro
7388,07-07-2023,Ana Clara,Masculino,Cadeira,R$120,3,3600,3h 37m,Rio de Janeiro
7389,2024/11/13,Ana Clara,F,Notebook,1200,2,,139m,São Paulo
7390,04/01/23,,F,Monitor,R$50,3,150,0:31:00,Rio de Janeiro
7391,2024-08-09,,Masculino,Notebook,50,3,,,Porto Alegre
7392,2024-04-13,Ana Clara,F,Notebook,R$800,1,,,Rio de Janeiro
7393,2023-12-11,Maria Souza,F,Mouse,1200,2,100,113m,Curitiba
7394,2023-01-10,,Feminino,Mouse,R$50,1,,96m,Belo Horizonte
7395,2023-02-05, Pedro Alves ,f,Notebook,R$3500,3,150,2:17:18,Rio de Janeiro
7396,26/04/24, João Silva ,Feminino,Notebook,1200,1,1200,35m,Curitiba
7397,25-07-2024,Carlos Lima,m,Cadeira,R$50,2,240,3h 39m,Porto Alegre
7398,25-09-2024, Pedro Alves ,F,Notebook,1200,3,150,3h 57m,Porto Alegre
7399,18/09/24, João Silva ,f,Mouse,800,3,2400,,Belo Horizonte
7400,03/11/24,,Masculino,Cadeira,"R$ 800,00",3,2400,0:20:52,Porto Alegre
7401,23-12-2024, Pedro Alves ,F,Teclado,"R$ 120,00",2,240,18m,Porto Alegre
7402,2024-08-06,Maria Souza,Masculino,Teclado,"R$ 1.200,00",3,360,1:58:07,Belo Horizonte
7403,11-01-2024,Carlos Lima,,Teclado,R$800,2,1600,1:55:30,Porto Alegre
7404,03/10/23, João Silva ,f,Monitor,R$800,3,3600,0:25:46,São Paulo
7405,16-03-2023,Ana Clara,,Notebook,"R$ 120,00",3,2400,3h 16m,Rio de Janeiro
7406,24-09-2023,Carlos Lima,F,Mouse,"R$ 800,00",3,150,0:04:33,São Paulo
7407,2024/05/09,Ana Clara,Masculino,Notebook,R$1200,3,10497,1h 57m,São Paulo
7408,2024-09-11, Pedro Alves ,MASCULINO,Monitor,R$1200,1,1200,2:16:52,Porto Alegre
7409,2024-08-14,Ana Clara,F,Notebook,"R$ 3.500,00",1,,,Porto Alegre
7410,2024/09/04, João Silva ,F,Monitor,"R$ 3.500,00",1,120,,Belo Horizonte
7411,2023/01/17, Pedro Alves ,Masculino,Teclado,"R$ 50,00",1,120,1h 36m,São Paulo
7412,2023-06-08, João Silva ,f,Notebook,R$3500,2,,29m,São Paulo
7413,12-12-2023,Carlos Lima,F,Teclado,"R$ 800,00",1,800,0:33:00,Curitiba
7414,2024/03/11, Pedro Alves ,Feminino,Monitor,"R$ 800,00",1,,174m,Porto Alegre
7415,2023/05/04,Maria Souza,f,Mouse,120,1,1200,2:21:23,Rio de Janeiro
7416,06/03/23, João Silva ,f,Cadeira,1200,2,2400,,Curitiba
7417,2024/06/13,Ana Clara,f,Cadeira,50,1,800,106m,Curitiba
7418,11/01/24,,m,Monitor,R$50,1,,0:05:32,Rio de Janeiro
7419,2023-08-13,Carlos Lima,,Teclado,50,2,100,1:49:26,Rio de Janeiro
7420,2023/09/17, Pedro Alves ,MASCULINO,Mouse,"R$ 800,00",3,150,112m,Curitiba
7421,09/10/24,,f,Mouse,R$800,3,10457,0:47:00,Rio de Janeiro
7422,2023-09-28, Pedro Alves ,F,Teclado,50,1,,,Belo Horizonte
7423,2024-03-11,Carlos Lima,Masculino,Monitor,"R$ 800,00",2,100,1:07:46,Rio de Janeiro
7424,2024-02-17,Maria Souza,MASCULINO,Mouse,R$800,3,142,1h 46m,Rio de Janeiro
7425,03/09/24,,Feminino,Teclado,120,1,808,,São Paulo
7426,21-11-2023, João Silva ,f,Mouse,"R$ 1.200,00",3,,,Rio de Janeiro
7427,11/07/24,Carlos Lima,,Cadeira,1200,1,1200,,São Paulo
7428,15/09/23, Pedro Alves ,F,Notebook,R$50,1,0,1:08:10,Belo Horizonte
7429,10/08/23,Carlos Lima,f,Mouse,120,3,10490,1h 10m,Belo Horizonte
7430,09/05/23, João Silva ,MASCULINO,Notebook,R$1200,3,10500,2h 21m,São Paulo
7431,2023-09-15, João Silva ,Masculino,Teclado,R$1200,3,163,61m,Belo Horizonte
7432,2024-04-27,,m,Cadeira,R$3500,2,1600,,Rio de Janeiro
7433,21-05-2024,Ana Clara,,Monitor,"R$ 50,00",1,3500,,Belo Horizonte
7434,2023/02/18, Pedro Alves ,f,Teclado,3500,3,,2:01:45,Porto Alegre
7435,01-11-2023,Ana Clara,,Notebook,"R$ 800,00",1,,51m,São Paulo
7436,02/09/24,Maria Souza,Masculino,Notebook,50,1,,169m,Rio de Janeiro
7437,2023/02/24,Ana Clara,Masculino,Monitor,120,1,120,1h 48m,Curitiba
7438,07-04-2024, João Silva ,MASCULINO,Monitor,800,1,1200,3h 38m,Curitiba
7439,2023-12-28,Maria Souza,Feminino,Notebook,50,2,1600,1:45:04,São Paulo
7440,2023/12/03,,f,Cadeira,"R$ 1.200,00",1,50,73m,Rio de Janeiro
7441,2023-09-06, Pedro Alves ,,Notebook,3500,2,2400,60m,Curitiba
7442,16/12/23, Pedro Alves ,,Teclado,50,2,240,,Rio de Janeiro
7443,23/11/24, Pedro Alves ,f,Notebook,"R$ 120,00",1,,102m,Rio de Janeiro
7444,2023/01/15,Ana Clara,Feminino,Cadeira,R$1200,1,1200,11m,Belo Horizonte
7445,2024/05/07,Carlos Lima,m,Monitor,R$3500,1,,,Curitiba
7446,2023/07/16, João Silva ,Feminino,Teclado,R$3500,3,360,91m,Rio de Janeiro
7447,2024/11/07,Maria Souza,m,Teclado,"R$ 1.200,00",1,120,2h 47m,Belo Horizonte
7448,2024-06-26, João Silva ,m,Monitor,R$1200,3,3634,0h 19m,Curitiba
7449,07/05/24,,m,Teclado,R$50,3,150,2:33:11,Belo Horizonte
7450,13-03-2023,Ana Clara,M,Mouse,3500,1,828,,Rio de Janeiro
7451,2023/12/08,Carlos Lima,MASCULINO,Cadeira,3500,1,56,3h 56m,Porto Alegre
7452,02/09/24,Ana Clara,f,Cadeira,"R$ 120,00",1,120,2:02:59,Belo Horizonte
7453,2024-02-04, João Silva ,,Monitor,"R$ 800,00",3,,,Belo Horizonte
7454,2024-01-14,Carlos Lima,f,Monitor,120,3,150,,Porto Alegre
7455,14/07/24,Ana Clara,Feminino,Teclado,1200,3,2400,114m,Belo Horizonte
7456,2023/11/20,Maria Souza,Masculino,Monitor,"R$ 3.500,00",2,286,1h 39m,Curitiba
7457,22-10-2023,Carlos Lima,F,Notebook,1200,1,75,2:39:21,Rio de Janeiro
7458,2024/11/16, Pedro Alves ,Feminino,Cadeira,R$800,2,,,Porto Alegre
7459,01-09-2023,Maria Souza,,Cadeira,"R$ 800,00",3,10500,147m,Curitiba
7460,03-04-2023,Carlos Lima,Feminino,Mouse,"R$ 50,00",2,100,,Curitiba
7461,09-11-2024,Ana Clara,f,Mouse,50,2,,52m,São Paulo
7462,06/11/24,Maria Souza,F,Teclado,R$120,3,373,1h 26m,Curitiba
7463,10-08-2024, João Silva ,Feminino,Cadeira,R$3500,1,120,0:41:26,Curitiba
7464,2023-11-15,,,Teclado,R$3500,1,,,Porto Alegre
7465,08/12/23, Pedro Alves ,MASCULINO,Cadeira,800,3,,0h 57m,Belo Horizonte
7466,2024-03-25,Maria Souza,Feminino,Monitor,R$1200,3,2400,0h 38m,Belo Horizonte
7467,09/06/23,Maria Souza,F,Mouse,800,2,240,,Curitiba
7468,08/08/23,Carlos Lima,M,Teclado,R$1200,3,3600,114m,Curitiba
7469,2023-02-21,Ana Clara,M,Cadeira,50,3,,37m,Curitiba
7470,2024-04-16,,Masculino,Notebook,R$800,2,1600,81m,Rio de Janeiro
7471,2024-06-11,,,Mouse,1200,1,800,0h 0m,Rio de Janeiro
7472,2024-09-22, João Silva ,M,Notebook,R$50,3,360,0h 1m,São Paulo
7473,08-12-2023,Ana Clara,m,Cadeira,R$800,1,807,1:50:22,Curitiba
7474,21/10/24, Pedro Alves ,F,Monitor,"R$ 3.500,00",1,832,,São Paulo
7475,2023/02/25, João Silva ,m,Notebook,R$3500,1,3500,,Belo Horizonte
7476,02/05/24, João Silva ,f,Mouse,800,3,2417,1:32:13,Curitiba
7477,2024-08-09, João Silva ,m,Notebook,50,1,3542,1:12:12,Rio de Janeiro
7478,20-01-2024,Carlos Lima,Masculino,Teclado,3500,3,150,81m,Porto Alegre
7479,2023/03/06,Carlos Lima,M,Mouse,3500,2,,,Curitiba
7480,2024-11-10,Maria Souza,Feminino,Monitor,50,1,,54m,Porto Alegre
7481,19/10/23, Pedro Alves ,MASCULINO,Mouse,"R$ 1.200,00",2,240,0h 15m,Porto Alegre
7482,22/09/24,Maria Souza,m,Mouse,800,2,,,Porto Alegre
7483,2024/07/28, Pedro Alves ,f,Notebook,"R$ 120,00",2,1600,1:16:29,Belo Horizonte
7484,07-04-2024,,m,Cadeira,120,1,3500,2h 48m,Belo Horizonte
7485,2024-09-12, João Silva ,Feminino,Mouse,R$50,1,120,,Belo Horizonte
7486,2023-01-21, João Silva ,M,Mouse,800,2,6980,,Belo Horizonte
7487,2023/05/08, João Silva ,,Mouse,"R$ 50,00",3,150,3h 7m,São Paulo
7488,2024-07-27,,M,Teclado,1200,1,1200,0h 19m,Porto Alegre
7489,2024/03/21,Maria Souza,m,Mouse,R$1200,2,240,0h 56m,Belo Horizonte
7490,2024-01-09, João Silva ,Feminino,Mouse,800,2,7000,,Porto Alegre
7491,05-02-2023,,MASCULINO,Notebook,3500,1,1241,,São Paulo
7492,2024-01-27,Maria Souza,Masculino,Mouse,R$3500,2,1600,74m,Rio de Janeiro
7493,2023/01/17, João Silva ,F,Teclado,R$50,1,120,3h 14m,Belo Horizonte
7494,15-03-2024,Ana Clara,F,Teclado,"R$ 1.200,00",1,3500,83m,Rio de Janeiro
7495,13-05-2023, Pedro Alves ,MASCULINO,Notebook,3500,1,,0:00:03,Curitiba
7496,2024-02-16,Maria Souza,,Notebook,120,3,150,150m,Curitiba
7497,19/07/24,Ana Clara,m,Notebook,800,3,10500,,São Paulo
7498,15-01-2024,Maria Souza,Masculino,Monitor,"R$ 1.200,00",2,240,,Rio de Janeiro
7499,21/09/23,,f,Mouse,"R$ 120,00",3,170,,Curitiba
7500,2023/03/16,,MASCULINO,Cadeira,R$50,1,,,Porto Alegre
7501,2023-06-04,,F,Mouse,"R$ 800,00",2,240,2:59:14,Belo Horizonte
7502,2023/12/24, João Silva ,MASCULINO,Monitor,800,2,240,157m,Porto Alegre
7503,01-09-2024, Pedro Alves ,,Mouse,3500,3,360,0:17:47,Belo Horizonte
7504,07/12/24, João Silva ,Masculino,Monitor,R$3500,1,120,2:07:54,Curitiba
7505,28-10-2023,,M,Notebook,1200,2,,,Rio de Janeiro
7506,09-09-2024, João Silva ,MASCULINO,Mouse,3500,1,120,2:47:45,Porto Alegre
7507,2023/10/17,,M,Mouse,R$50,2,240,60m,Porto Alegre
7508,2023/02/15,,f,Cadeira,"R$ 120,00",2,100,,São Paulo
7509,15-06-2024,Maria Souza,m,Teclado,R$120,2,1600,,São Paulo
7510,13/09/24,Carlos Lima,M,Mouse,50,2,,,São Paulo
7511,2023-11-01, Pedro Alves ,m,Notebook,R$1200,2,,2h 21m,Porto Alegre
7512,2023-05-12, João Silva ,f,Mouse,3500,1,800,1h 30m,São Paulo
7513,2024/12/16,,Masculino,Cadeira,3500,3,,,São Paulo
7514,20/05/23,,M,Teclado,"R$ 50,00",3,2400,2h 0m,Belo Horizonte
7515,2024/06/27,,MASCULINO,Monitor,800,1,800,3h 3m,Belo Horizonte
7516,10-10-2024,,M,Mouse,R$3500,2,2400,0h 46m,Rio de Janeiro
7517,2023-10-08,Ana Clara,Feminino,Mouse,R$800,3,2400,164m,Curitiba
7518,2023/08/26, Pedro Alves ,M,Monitor,800,3,10500,3h 12m,São Paulo
7519,2023-05-08, João Silva ,F,Mouse,"R$ 3.500,00",3,150,133m,Porto Alegre
7520,2023/08/09, Pedro Alves ,M,Notebook,120,2,1600,2:52:14,Porto Alegre
7521,10/06/24,Carlos Lima,Masculino,Notebook,800,2,1600,1h 52m,Porto Alegre
7522,2024/09/26,,,Monitor,1200,3,360,60m,Curitiba
7523,03-09-2024,Ana Clara,MASCULINO,Notebook,R$3500,3,3600,0:26:37,Porto Alegre
7524,09-05-2024,Carlos Lima,M,Monitor,R$3500,2,240,,Curitiba
7525,2023-04-13,Maria Souza,F,Teclado,R$3500,3,150,2h 28m,São Paulo
7526,2023/06/06,Carlos Lima,Feminino,Cadeira,"R$ 1.200,00",1,3500,,Porto Alegre
7527,19-01-2023, João Silva ,f,Mouse,3500,2,1600,3h 20m,Curitiba
7528,2023/09/16,Ana Clara,F,Mouse,"R$ 1.200,00",1,,3h 52m,Porto Alegre
7529,2024-07-12,,F,Monitor,"R$ 3.500,00",3,,,São Paulo
7530,28-11-2023, João Silva ,m,Notebook,3500,2,2400,2h 3m,Belo Horizonte
7531,2024-09-27,Maria Souza,M,Teclado,120,3,2363,1:03:26,Rio de Janeiro
7532,2023/01/03,Carlos Lima,,Cadeira,120,1,120,0h 45m,Belo Horizonte
7533,26-03-2023, Pedro Alves ,MASCULINO,Notebook,1200,3,360,0h 27m,Porto Alegre
7534,03-11-2023, João Silva ,Feminino,Cadeira,"R$ 50,00",2,7000,,Curitiba
7535,2023-04-15, Pedro Alves ,m,Cadeira,R$800,3,10500,0h 50m,Porto Alegre
7536,23-12-2023, João Silva ,M,Cadeira,"R$ 50,00",1,120,,São Paulo
7537,07/01/24,Maria Souza,,Notebook,"R$ 120,00",1,120,,Rio de Janeiro
7538,2024/09/22,,F,Monitor,"R$ 50,00",2,7000,173m,Rio de Janeiro
7539,13-02-2023, Pedro Alves ,MASCULINO,Notebook,R$50,1,1200,1h 51m,Rio de Janeiro
7540,15-08-2023,Carlos Lima,Feminino,Teclado,R$120,1,50,0h 28m,Rio de Janeiro
7541,15-09-2023,,f,Cadeira,R$120,2,240,0h 34m,Curitiba
7542,2024-06-11,Carlos Lima,Feminino,Mouse,"R$ 3.500,00",2,1600,3h 15m,Rio de Janeiro
7543,2024/02/24, Pedro Alves ,,Monitor,R$800,1,120,88m,Rio de Janeiro
7544,28-10-2024,Carlos Lima,Masculino,Notebook,"R$ 120,00",1,50,,Porto Alegre
7545,12/08/24, Pedro Alves ,,Mouse,R$800,2,7000,,Porto Alegre
7546,17/12/23,Carlos Lima,Feminino,Monitor,"R$ 1.200,00",2,240,0h 43m,Rio de Janeiro
7547,07/03/24, Pedro Alves ,F,Teclado,R$800,1,807,2:38:40,São Paulo
7548,06/09/24,Ana Clara,Masculino,Notebook,800,2,7000,2h 43m,Rio de Janeiro
7549,20/01/23, Pedro Alves ,f,Mouse,"R$ 120,00",1,800,16m,Rio de Janeiro
7550,08/04/24,,M,Monitor,50,1,33,,Porto Alegre
7551,2024-07-13, João Silva ,F,Monitor,"R$ 120,00",1,,,Curitiba
7552,13-07-2023,Carlos Lima,F,Cadeira,"R$ 3.500,00",1,3500,1:00:12,São Paulo
7553,2024/06/14,Carlos Lima,m,Mouse,"R$ 800,00",2,,,Rio de Janeiro
7554,2024/06/07, João Silva ,Feminino,Teclado,"R$ 3.500,00",2,7000,173m,Curitiba
7555,2024/08/10, João Silva ,Feminino,Notebook,"R$ 3.500,00",2,2400,3h 46m,Curitiba
7556,2024/06/09, Pedro Alves ,M,Mouse,120,2,7000,,Porto Alegre
7557,2023-03-06, João Silva ,Masculino,Notebook,"R$ 800,00",3,,,São Paulo
7558,05/12/23,Maria Souza,MASCULINO,Teclado,R$1200,3,10500,78m,São Paulo
7559,2023-08-18, João Silva ,M,Teclado,R$1200,3,10500,0:38:18,Curitiba
7560,20/04/23,,Masculino,Teclado,"R$ 800,00",1,120,0h 27m,Rio de Janeiro
7561,2024/11/18, Pedro Alves ,m,Teclado,"R$ 1.200,00",2,2400,0h 48m,São Paulo
7562,07/06/23,Maria Souza,MASCULINO,Mouse,"R$ 120,00",2,7000,0:55:12,São Paulo
7563,2023/12/22, Pedro Alves ,m,Cadeira,"R$ 800,00",1,50,0:28:38,São Paulo
7564,01/07/23,,M,Monitor,"R$ 120,00",2,,2:52:35,Rio de Janeiro
7565,04-05-2023,,Feminino,Cadeira,"R$ 3.500,00",3,131,,Curitiba
7566,2024-07-09, João Silva ,M,Cadeira,3500,1,1200,16m,Porto Alegre
7567,2024/04/12, Pedro Alves ,Masculino,Cadeira,"R$ 800,00",2,7000,61m,Rio de Janeiro
7568,13/07/24, João Silva ,,Notebook,"R$ 800,00",2,2400,,Curitiba
7569,28-10-2024,Carlos Lima,m,Teclado,50,3,10500,,São Paulo
7570,15/05/24,,Masculino,Cadeira,50,1,50,0:35:50,Rio de Janeiro
7571,2023-08-05,Ana Clara,MASCULINO,Monitor,"R$ 120,00",2,240,,Curitiba
7572,26/09/24,Maria Souza,Feminino,Notebook,"R$ 1.200,00",2,7000,1:16:43,Curitiba
7573,2023-03-21, Pedro Alves ,m,Notebook,"R$ 50,00",1,120,0h 36m,Curitiba
7574,17/06/24,,Masculino,Monitor,"R$ 1.200,00",1,50,0h 2m,Curitiba
7575,02-03-2024, Pedro Alves ,M,Notebook,800,1,800,0h 34m,Porto Alegre
7576,21-01-2024,Ana Clara,,Monitor,"R$ 3.500,00",2,240,2h 4m,São Paulo
7577,2023/01/09, Pedro Alves ,M,Cadeira,"R$ 800,00",1,1200,114m,Belo Horizonte
7578,14/10/23, Pedro Alves ,M,Teclado,50,2,100,1h 57m,Curitiba
7579,13-02-2024, João Silva ,m,Notebook,R$800,3,3600,,Rio de Janeiro
7580,03-09-2023,Ana Clara,m,Mouse,"R$ 1.200,00",3,2400,2:55:49,Porto Alegre
7581,13-01-2024, João Silva ,M,Cadeira,"R$ 3.500,00",3,10500,89m,Belo Horizonte
7582,14-12-2024,,M,Notebook,"R$ 120,00",3,10493,93m,São Paulo
7583,16-06-2024,,F,Cadeira,R$50,3,2400,,Porto Alegre
7584,03/11/24,Ana Clara,F,Mouse,"R$ 50,00",2,,18m,Curitiba
7585,13/11/24,Ana Clara,M,Notebook,3500,3,2400,0:53:28,Belo Horizonte
7586,2024-07-09,,,Notebook,"R$ 120,00",1,1200,33m,Curitiba
7587,2023-04-24,Maria Souza,MASCULINO,Cadeira,120,3,,3h 22m,Curitiba
7588,2023/12/10, João Silva ,,Monitor,"R$ 120,00",3,2400,1:19:18,Porto Alegre
7589,28/10/23,,m,Teclado,R$120,3,3600,2h 52m,São Paulo
7590,2024/02/14,Maria Souza,F,Mouse,R$800,1,,3h 46m,Rio de Janeiro
7591,2023/03/15,Maria Souza,F,Mouse,R$120,2,2400,0h 50m,Curitiba
7592,09/07/24, João Silva ,MASCULINO,Notebook,3500,1,1200,39m,Rio de Janeiro
7593,2024/09/18,Maria Souza,m,Teclado,"R$ 1.200,00",3,2400,32m,Rio de Janeiro
7594,13/08/23, João Silva ,F,Monitor,"R$ 3.500,00",3,10500,3h 15m,Curitiba
7595,18-06-2024, Pedro Alves ,M,Teclado,"R$ 800,00",2,240,178m,Rio de Janeiro
7596,2024-01-01,Carlos Lima,MASCULINO,Notebook,50,3,10500,2:58:53,São Paulo
7597,09-10-2023, João Silva ,m,Mouse,800,1,50,1h 12m,São Paulo
7598,24/12/24,,f,Mouse,"R$ 1.200,00",2,100,1:42:32,Curitiba
7599,2024-05-22, João Silva ,f,Cadeira,"R$ 1.200,00",1,,98m,Curitiba
7600,2023/04/15,Ana Clara,m,Cadeira,"R$ 1.200,00",1,97,0h 21m,Curitiba
7601,2024-02-05,Maria Souza,m,Monitor,"R$ 3.500,00",1,50,1h 58m,Rio de Janeiro
7602,24-04-2023, Pedro Alves ,Feminino,Notebook,"R$ 3.500,00",3,10500,163m,Belo Horizonte
7603,2023/05/24, Pedro Alves ,,Mouse,50,1,3500,58m,Curitiba
7604,2024-01-26,,M,Notebook,"R$ 800,00",1,3498,,Curitiba
7605,05/04/23,Carlos Lima,M,Monitor,"R$ 3.500,00",3,,145m,Porto Alegre
7606,23-10-2024, João Silva ,f,Notebook,800,3,150,3h 27m,Curitiba
7607,2023/06/10,Carlos Lima,,Notebook,120,2,,3h 50m,São Paulo
7608,11/08/23,,F,Notebook,R$50,1,50,1:56:39,São Paulo
7609,2024/10/25, Pedro Alves ,m,Mouse,R$120,2,240,,Porto Alegre
7610,2024/05/15,Maria Souza,Masculino,Teclado,"R$ 800,00",3,360,90m,Curitiba
7611,2024/10/09, Pedro Alves ,F,Mouse,"R$ 50,00",1,,0h 52m,Porto Alegre
7612,2023-05-08, João Silva ,f,Mouse,50,2,,,São Paulo
7613,2023/04/18, Pedro Alves ,Masculino,Teclado,"R$ 800,00",1,120,133m,São Paulo
7614,2024/02/03,Carlos Lima,M,Teclado,"R$ 3.500,00",3,10500,1h 18m,Porto Alegre
7615,14/07/23,Ana Clara,Feminino,Cadeira,3500,2,,101m,Curitiba
7616,2024/09/23,Carlos Lima,Feminino,Notebook,R$120,1,773,,São Paulo
7617,2024-01-20,Maria Souza,MASCULINO,Mouse,"R$ 1.200,00",1,3500,59m,Porto Alegre
7618,2024/10/10,,,Notebook,50,3,360,36m,Porto Alegre
7619,06/11/23,,F,Monitor,"R$ 50,00",1,,76m,Belo Horizonte
7620,25-06-2024, João Silva ,f,Cadeira,R$800,1,50,3h 47m,Rio de Janeiro
7621,19/05/23,Carlos Lima,m,Teclado,"R$ 120,00",3,2400,1:12:00,Porto Alegre
7622,2023/04/07, João Silva ,Masculino,Mouse,120,2,7000,118m,Rio de Janeiro
7623,2023-09-06,Maria Souza,,Mouse,R$800,1,67,0h 44m,São Paulo
7624,2023/07/14,Maria Souza,m,Monitor,1200,3,150,106m,Rio de Janeiro
7625,2024/02/11, Pedro Alves ,M,Teclado,"R$ 50,00",1,78,3h 31m,Belo Horizonte
7626,2023/07/09, Pedro Alves ,,Notebook,800,3,10500,,Rio de Janeiro
7627,2023-07-25, Pedro Alves ,m,Mouse,R$800,2,,89m,São Paulo
7628,28/09/24,Maria Souza,MASCULINO,Monitor,120,3,150,171m,Belo Horizonte
7629,11/02/23, Pedro Alves ,,Monitor,"R$ 3.500,00",2,1600,21m,Curitiba
7630,2024/10/26, João Silva ,f,Monitor,"R$ 50,00",1,3480,0h 14m,Rio de Janeiro
7631,14/07/23,,MASCULINO,Monitor,120,1,,1:10:20,São Paulo
7632,2024/08/26,Maria Souza,Masculino,Monitor,"R$ 50,00",3,10500,2:56:03,Porto Alegre
7633,20-07-2024, João Silva ,F,Monitor,1200,2,1600,57m,Curitiba
7634,07-06-2024, João Silva ,F,Mouse,1200,2,2400,3h 32m,Curitiba
7635,03/02/24,Maria Souza,f,Notebook,R$120,1,54,2h 50m,Belo Horizonte
7636,2024/08/24,Maria Souza,F,Teclado,120,3,2400,70m,Curitiba
7637,11/02/24,Maria Souza,M,Teclado,R$50,3,2417,52m,São Paulo
7638,2024-05-05,Ana Clara,f,Cadeira,R$50,1,1200,65m,Porto Alegre
7639,24/12/23, João Silva ,M,Notebook,R$3500,3,3600,124m,Rio de Janeiro
7640,2023-03-25,Carlos Lima,F,Monitor,R$50,2,100,2:56:49,Curitiba
7641,05/05/24,Ana Clara,MASCULINO,Monitor,"R$ 3.500,00",3,10500,1:56:46,São Paulo
7642,2024-12-20,Carlos Lima,MASCULINO,Cadeira,"R$ 120,00",1,800,,Rio de Janeiro
7643,2023-06-10, João Silva ,F,Notebook,R$3500,1,74,,Curitiba
7644,2023/09/16,,F,Teclado,50,3,,,São Paulo
7645,2024-06-16, Pedro Alves ,,Cadeira,3500,2,,3h 15m,Rio de Janeiro
7646,2023/04/26,Maria Souza,f,Monitor,R$50,2,,72m,Porto Alegre
7647,15-02-2024, Pedro Alves ,Feminino,Cadeira,"R$ 1.200,00",1,,0h 21m,Belo Horizonte
7648,2024-07-02, João Silva ,f,Notebook,1200,2,,3h 39m,Curitiba
7649,2023-03-18,,F,Monitor,"R$ 800,00",2,100,23m,Porto Alegre
7650,2023-03-14, João Silva ,f,Notebook,1200,2,7000,0:19:32,Belo Horizonte
7651,20-01-2023, Pedro Alves ,,Notebook,"R$ 800,00",2,1639,,Rio de Janeiro
7652,24/07/24,Ana Clara,,Teclado,"R$ 50,00",1,1200,1h 31m,Belo Horizonte
7653,2023/04/22,Maria Souza,Masculino,Mouse,3500,3,3600,0h 40m,Curitiba
7654,25/05/23,Ana Clara,F,Notebook,"R$ 120,00",3,3611,2:02:26,São Paulo
7655,23-11-2023,Ana Clara,Masculino,Teclado,120,2,100,0:16:39,São Paulo
7656,10/09/23,Ana Clara,MASCULINO,Monitor,3500,2,,2:17:44,Curitiba
7657,03-06-2023, João Silva ,F,Cadeira,3500,1,,,Rio de Janeiro
7658,2024/01/11,Carlos Lima,M,Teclado,R$3500,3,3600,0h 4m,Curitiba
7659,23/09/24,Maria Souza,F,Teclado,"R$ 50,00",1,,,São Paulo
7660,2024-03-12,Maria Souza,Feminino,Mouse,"R$ 3.500,00",3,3624,24m,Porto Alegre
7661,2024-08-12, João Silva ,Feminino,Teclado,50,2,,2h 13m,Rio de Janeiro
7662,14-10-2024,,MASCULINO,Monitor,50,1,,0h 52m,Porto Alegre
7663,2023-05-27,Carlos Lima,M,Mouse,R$800,2,7041,74m,Porto Alegre
7664,2024/10/27, João Silva ,MASCULINO,Mouse,800,1,1200,,Rio de Janeiro
7665,2023/02/04,Ana Clara,Masculino,Teclado,"R$ 1.200,00",3,2400,145m,Porto Alegre
7666,11/12/23,Carlos Lima,F,Teclado,1200,2,100,3h 42m,Curitiba
7667,02/05/24,Carlos Lima,Masculino,Cadeira,800,2,2400,0h 43m,Belo Horizonte
7668,2024-07-02,Ana Clara,F,Teclado,120,1,1200,,Rio de Janeiro
7669,2023/04/19,Maria Souza,F,Cadeira,1200,1,157,,Curitiba
7670,18/05/24,Maria Souza,f,Notebook,50,3,150,1:26:31,Rio de Janeiro
7671,2023-01-01, João Silva ,,Notebook,R$120,2,2400,,Rio de Janeiro
7672,16-07-2023, João Silva ,m,Teclado,"R$ 800,00",1,3500,1:00:42,Rio de Janeiro
7673,2024-02-27, João Silva ,m,Notebook,800,3,2400,168m,São Paulo
7674,2023-09-05,Maria Souza,Feminino,Teclado,"R$ 50,00",1,120,,Porto Alegre
7675,2024/02/25,Ana Clara,Feminino,Cadeira,R$1200,3,10500,24m,São Paulo
7676,26-09-2024, João Silva ,Masculino,Monitor,R$1200,3,2400,2:09:40,Porto Alegre
7677,2023/09/27,Ana Clara,F,Teclado,120,2,100,1h 51m,São Paulo
7678,2024-03-14,Maria Souza,F,Cadeira,800,2,97,1:49:36,Porto Alegre
7679,12/08/24, Pedro Alves ,MASCULINO,Notebook,R$1200,2,7018,0:24:28,Rio de Janeiro
7680,05/03/24, João Silva ,Feminino,Cadeira,50,2,100,12m,Belo Horizonte
7681,09-04-2024,Carlos Lima,M,Mouse,"R$ 50,00",3,10504,118m,Rio de Janeiro
7682,22-03-2024,Maria Souza,f,Mouse,"R$ 120,00",3,,79m,Porto Alegre
7683,20-09-2023,,Feminino,Teclado,800,2,2400,,Porto Alegre
7684,2023-12-25,Maria Souza,Masculino,Monitor,R$800,3,,20m,Porto Alegre
7685,2024/05/20,Ana Clara,F,Cadeira,120,2,240,,Curitiba
7686,22/09/23,,,Notebook,R$800,3,360,122m,São Paulo
7687,2024/09/14, Pedro Alves ,MASCULINO,Monitor,R$800,2,1600,0h 49m,Rio de Janeiro
7688,2023/08/28,,Masculino,Cadeira,120,1,,,São Paulo
7689,22-09-2023,Maria Souza,m,Mouse,1200,2,,11m,Belo Horizonte
7690,2023/12/19, João Silva ,m,Monitor,800,1,3500,1:45:27,Belo Horizonte
7691,16-08-2024,Carlos Lima,MASCULINO,Cadeira,R$3500,1,120,,Rio de Janeiro
7692,2024/08/02,Maria Souza,Feminino,Monitor,800,3,360,103m,Rio de Janeiro
7693,18-07-2024,Maria Souza,F,Teclado,50,3,,1:51:31,Curitiba
7694,15-01-2023,Maria Souza,m,Mouse,50,2,2400,1:04:00,Porto Alegre
7695,06-07-2023, Pedro Alves ,Masculino,Teclado,"R$ 120,00",2,246,,Curitiba
7696,2023/12/01, Pedro Alves ,M,Mouse,R$120,3,10500,2h 45m,Curitiba
7697,2023-01-19,Ana Clara,,Teclado,"R$ 120,00",1,120,2h 15m,Curitiba
7698,06/03/23, João Silva ,,Teclado,R$800,3,,157m,Rio de Janeiro
7699,2023/08/25, Pedro Alves ,,Notebook,1200,3,360,0:27:33,São Paulo
7700,2024/07/27,Ana Clara,,Notebook,"R$ 800,00",3,3600,0:34:28,Porto Alegre
7701,2024-02-06, Pedro Alves ,m,Monitor,50,2,287,,Porto Alegre
7702,2023-04-19,,m,Notebook,R$1200,3,2413,12m,São Paulo
7703,26/10/23,Carlos Lima,Masculino,Cadeira,"R$ 50,00",3,,,Curitiba
7704,2024/12/02,Maria Souza,m,Notebook,"R$ 50,00",1,800,1h 15m,São Paulo
7705,2023-11-28,,Masculino,Cadeira,R$50,1,1200,20m,Curitiba
7706,06-08-2024,Maria Souza,M,Mouse,"R$ 800,00",1,3474,3h 56m,Curitiba
7707,2023/02/12,Maria Souza,Masculino,Notebook,1200,3,,,São Paulo
7708,2024/03/05,Maria Souza,F,Teclado,"R$ 120,00",1,1200,82m,Porto Alegre
7709,2023-06-01,Maria Souza,,Mouse,"R$ 120,00",2,100,125m,Belo Horizonte
7710,20/07/23,Maria Souza,m,Teclado,120,2,7000,0:26:44,Belo Horizonte
7711,21/02/24, Pedro Alves ,M,Teclado,"R$ 120,00",1,3500,1:01:57,Belo Horizonte
7712,10-12-2023,Carlos Lima,,Teclado,"R$ 1.200,00",3,,110m,Curitiba
7713,2023/09/22,Carlos Lima,Masculino,Monitor,"R$ 120,00",1,120,1:49:42,Belo Horizonte
7714,26-01-2023, Pedro Alves ,Feminino,Teclado,"R$ 800,00",2,7000,0h 39m,Curitiba
7715,2024-10-20,,M,Cadeira,"R$ 3.500,00",3,,,São Paulo
7716,2023-10-05,Carlos Lima,,Monitor,50,1,3492,2:31:40,São Paulo
7717,2024-01-17,Maria Souza,Masculino,Monitor,"R$ 1.200,00",1,50,2:53:19,Belo Horizonte
7718,24/03/24, João Silva ,F,Mouse,50,2,,35m,Curitiba
7719,16-07-2023,Carlos Lima,Feminino,Cadeira,R$1200,3,,,Porto Alegre
7720,2023/10/12,,m,Monitor,R$1200,3,150,0:47:34,Porto Alegre
7721,27-04-2024,Maria Souza,F,Teclado,"R$ 3.500,00",1,120,1:09:23,São Paulo
7722,01-03-2024,,f,Monitor,R$50,3,150,,Rio de Janeiro
7723,05/07/23, Pedro Alves ,Feminino,Notebook,"R$ 3.500,00",3,,114m,Rio de Janeiro
7724,14-10-2024, Pedro Alves ,,Cadeira,120,2,,1:12:38,Porto Alegre
7725,2023-04-07,,M,Notebook,1200,3,10488,150m,Belo Horizonte
7726,18/11/24, Pedro Alves ,F,Monitor,120,1,800,,Curitiba
7727,2023-12-25,Maria Souza,,Teclado,"R$ 50,00",1,50,2:20:26,Rio de Janeiro
7728,2024/09/04, Pedro Alves ,m,Monitor,50,3,3600,151m,Rio de Janeiro
7729,18-07-2023, Pedro Alves ,,Teclado,R$50,2,2400,110m,Curitiba
7730,03-07-2024, Pedro Alves ,MASCULINO,Teclado,50,2,100,,São Paulo
7731,2023/08/01,Ana Clara,F,Mouse,R$800,1,3511,,Porto Alegre
7732,24/12/24, Pedro Alves ,F,Notebook,R$800,2,134,2:51:59,Curitiba
7733,12-08-2023,Ana Clara,MASCULINO,Mouse,3500,2,1579,,Curitiba
7734,11-04-2023,,M,Monitor,R$1200,3,,3h 37m,Porto Alegre
7735,02-06-2024,Maria Souza,F,Notebook,1200,2,240,0:48:45,Belo Horizonte
7736,25-05-2024,Maria Souza,Masculino,Cadeira,800,2,7000,3h 46m,Rio de Janeiro
7737,03-08-2024,,f,Notebook,"R$ 1.200,00",1,120,3h 1m,Rio de Janeiro
7738,07-07-2024,,Masculino,Teclado,R$120,2,1600,2:19:33,São Paulo
7739,2024-09-03, João Silva ,m,Monitor,R$120,1,800,,Rio de Janeiro
7740,22/09/24, João Silva ,M,Cadeira,"R$ 3.500,00",1,50,0h 31m,Rio de Janeiro
7741,2023/11/12,Carlos Lima,MASCULINO,Notebook,3500,3,,,Rio de Janeiro
7742,2023-06-24,,f,Teclado,R$1200,3,,2:40:59,Rio de Janeiro
7743,25/12/24, João Silva ,F,Mouse,"R$ 50,00",2,,,Rio de Janeiro
7744,2023/08/16,Carlos Lima,,Cadeira,R$800,3,360,3h 8m,Curitiba
7745,05-02-2024, Pedro Alves ,F,Notebook,R$1200,2,67,2:47:08,Belo Horizonte
7746,06/12/24,Maria Souza,Masculino,Cadeira,R$50,3,,2:53:06,São Paulo
7747,05/01/24, Pedro Alves ,MASCULINO,Cadeira,R$800,1,120,,Curitiba
7748,05/03/24, Pedro Alves ,Feminino,Mouse,R$120,2,240,0:04:31,Belo Horizonte
7749,20/07/23,Carlos Lima,Feminino,Teclado,50,1,50,2:32:33,Belo Horizonte
7750,2024-08-15,Ana Clara,F,Mouse,R$1200,3,150,28m,Rio de Janeiro
7751,2023-02-09,Carlos Lima,Masculino,Teclado,1200,3,10491,0:43:30,São Paulo
7752,2024/05/04, João Silva ,Masculino,Notebook,R$120,3,2400,0h 4m,Porto Alegre
7753,23/08/23,Maria Souza,,Notebook,1200,3,163,2:42:11,Curitiba
7754,2023-10-14,,f,Cadeira,R$1200,1,1200,,Porto Alegre
7755,2023-05-04, Pedro Alves ,Feminino,Teclado,800,2,,95m,São Paulo
7756,2024/05/17, Pedro Alves ,f,Cadeira,"R$ 3.500,00",1,800,,Rio de Janeiro
7757,2024-08-05,Ana Clara,Masculino,Teclado,"R$ 3.500,00",1,800,,Curitiba
7758,2024/02/04, Pedro Alves ,Feminino,Notebook,R$800,3,10500,3h 16m,Porto Alegre
7759,28-08-2024,Ana Clara,m,Teclado,50,2,240,1h 59m,Curitiba
7760,2023/08/11, Pedro Alves ,Masculino,Cadeira,R$1200,3,186,,Belo Horizonte
7761,06-04-2024,Ana Clara,M,Cadeira,R$50,2,240,1h 30m,Rio de Janeiro
7762,05-12-2023,Ana Clara,f,Cadeira,R$3500,2,2366,2h 1m,Porto Alegre
7763,13/05/23,Ana Clara,,Monitor,R$50,2,240,,Belo Horizonte
7764,2023-06-05,Ana Clara,m,Teclado,R$3500,3,2400,2:29:23,Rio de Janeiro
7765,2024/11/26,Carlos Lima,F,Monitor,R$3500,2,100,157m,Rio de Janeiro
7766,13/03/24,Maria Souza,Masculino,Monitor,R$1200,1,120,2:44:53,Curitiba
7767,22/01/23, João Silva ,m,Monitor,R$3500,2,139,0:38:15,São Paulo
7768,2023/09/17,,Masculino,Teclado,3500,2,2400,1h 31m,Porto Alegre
7769,2023/09/13,,M,Cadeira,R$800,2,2400,72m,Curitiba
7770,2023/09/11,,Masculino,Cadeira,"R$ 120,00",1,800,97m,Belo Horizonte
7771,2023/06/18,,F,Cadeira,3500,1,50,0h 8m,Porto Alegre
7772,09/07/24, João Silva ,m,Teclado,R$3500,2,240,2h 42m,Rio de Janeiro
7773,2023/04/25, Pedro Alves ,M,Mouse,50,2,2400,121m,Curitiba
7774,11-02-2023, Pedro Alves ,Feminino,Mouse,800,2,240,0h 31m,Curitiba
7775,2023/02/17,Ana Clara,MASCULINO,Teclado,800,2,,,Porto Alegre
7776,2023/01/09,Maria Souza,F,Cadeira,"R$ 800,00",3,2400,2h 48m,Rio de Janeiro
7777,04/02/23, João Silva ,Masculino,Teclado,R$50,3,3600,1:44:52,Porto Alegre
7778,27/03/23,Carlos Lima,f,Mouse,R$3500,2,76,,Rio de Janeiro
7779,03-06-2023,Carlos Lima,f,Teclado,"R$ 50,00",1,800,1:52:06,Curitiba
7780,2023/11/01, João Silva ,m,Notebook,R$50,3,150,,Belo Horizonte
7781,16/03/23, João Silva ,F,Mouse,R$50,2,270,2h 7m,Curitiba
7782,2023/09/26,Carlos Lima,m,Mouse,3500,1,800,2h 43m,Curitiba
7783,2023/04/27,Ana Clara,Masculino,Cadeira,120,3,2400,16m,Porto Alegre
7784,20-01-2024,Ana Clara,f,Mouse,"R$ 800,00",3,,2:44:52,Rio de Janeiro
7785,07-05-2024, João Silva ,Masculino,Monitor,R$120,1,,,Porto Alegre
7786,10-12-2024,Maria Souza,M,Notebook,"R$ 800,00",2,100,142m,Curitiba
7787,2023/05/26,Carlos Lima,m,Monitor,50,1,1200,124m,Porto Alegre
7788,2024-05-12,Carlos Lima,M,Monitor,800,3,2400,0:21:17,Porto Alegre
7789,17-04-2024,Ana Clara,f,Notebook,R$3500,2,,0:21:57,Rio de Janeiro
7790,2023/09/09, João Silva ,m,Notebook,"R$ 120,00",3,10514,3h 44m,Curitiba
7791,14-12-2023,Carlos Lima,Masculino,Monitor,3500,2,240,,Curitiba
7792,2024/06/06, João Silva ,M,Teclado,"R$ 50,00",3,150,150m,Porto Alegre
7793,2024-10-10,Maria Souza,f,Cadeira,"R$ 50,00",3,,,Belo Horizonte
7794,2024-06-04,Maria Souza,,Monitor,R$1200,1,74,0h 5m,Porto Alegre
7795,2023/06/01,Ana Clara,MASCULINO,Cadeira,R$50,3,3600,,Porto Alegre
7796,16-02-2023,Maria Souza,m,Cadeira,"R$ 50,00",2,2400,,Rio de Janeiro
7797,06/10/23, João Silva ,f,Mouse,R$1200,2,,,Rio de Janeiro
7798,2024/04/13, João Silva ,Feminino,Mouse,R$800,1,77,0h 54m,Rio de Janeiro
7799,13/04/23,Carlos Lima,M,Mouse,1200,3,,,Belo Horizonte
7800,2024-11-04, João Silva ,Feminino,Monitor,R$3500,1,831,,Belo Horizonte
7801,2024/05/16,Ana Clara,f,Cadeira,R$800,1,3500,0:56:00,Belo Horizonte
7802,2024-05-26, João Silva ,m,Cadeira,"R$ 50,00",1,120,130m,Belo Horizonte
7803,2023/12/14, João Silva ,,Mouse,800,3,,62m,Rio de Janeiro
7804,2024/04/04, Pedro Alves ,f,Monitor,"R$ 120,00",3,10500,3h 11m,Porto Alegre
7805,12/07/24, Pedro Alves ,Masculino,Notebook,"R$ 1.200,00",3,360,,Belo Horizonte
7806,2023-10-03,Ana Clara,F,Monitor,"R$ 120,00",2,1600,68m,Rio de Janeiro
7807,2023-10-19, João Silva ,M,Monitor,50,2,,3h 44m,Porto Alegre
7808,25/03/24,,MASCULINO,Notebook,800,3,150,123m,Porto Alegre
7809,2023/06/22,Maria Souza,m,Teclado,3500,2,,124m,Curitiba
7810,2024-05-28,Ana Clara,MASCULINO,Cadeira,R$120,2,100,3h 14m,Rio de Janeiro
7811,02/09/24,Carlos Lima,F,Monitor,"R$ 50,00",2,240,1h 41m,São Paulo
7812,06/07/23,Carlos Lima,m,Cadeira,800,2,,,Curitiba
7813,2023-10-20,,M,Notebook,"R$ 3.500,00",2,7000,0h 8m,Porto Alegre
7814,2023-02-09,,F,Notebook,R$50,3,3600,,Curitiba
7815,09-02-2023,Ana Clara,F,Notebook,"R$ 1.200,00",3,2368,155m,Rio de Janeiro
7816,02-10-2024, Pedro Alves ,Masculino,Cadeira,"R$ 120,00",1,800,,Curitiba
7817,2024/01/21,Ana Clara,f,Notebook,R$3500,1,,0h 47m,Curitiba
7818,17-11-2024, Pedro Alves ,F,Cadeira,"R$ 3.500,00",1,,0h 52m,Curitiba
7819,2023/12/08,Maria Souza,F,Cadeira,50,3,2400,,São Paulo
7820,06-01-2024,Carlos Lima,m,Cadeira,R$1200,2,248,,Porto Alegre
7821,2024/04/13,Ana Clara,F,Notebook,R$50,2,100,0:52:23,Belo Horizonte
7822,25/02/24, Pedro Alves ,m,Notebook,R$3500,3,360,1h 18m,Rio de Janeiro
7823,2024-03-16,,,Mouse,"R$ 3.500,00",3,3573,0h 24m,Porto Alegre
7824,2023/05/21, Pedro Alves ,,Notebook,R$50,2,1600,,Curitiba
7825,07/09/24,Maria Souza,F,Mouse,120,3,10500,,São Paulo
7826,01/07/24, Pedro Alves ,Masculino,Teclado,R$120,1,50,,Belo Horizonte
7827,05/12/24,Maria Souza,m,Cadeira,1200,2,240,2h 40m,Belo Horizonte
7828,2023-08-24, João Silva ,,Mouse,R$3500,3,,,Curitiba
7829,2023-12-16,Ana Clara,,Cadeira,R$120,3,10523,1h 46m,Curitiba
7830,26/03/23,,Masculino,Cadeira,R$50,2,240,,Belo Horizonte
7831,2024-06-18,Ana Clara,F,Notebook,R$1200,1,3500,3h 21m,Curitiba
7832,2024/09/13,Carlos Lima,MASCULINO,Cadeira,"R$ 120,00",3,,1h 22m,Belo Horizonte
7833,11/10/24, João Silva ,m,Teclado,120,3,,1h 21m,Curitiba
7834,01-03-2023,Carlos Lima,F,Notebook,R$3500,3,150,159m,Rio de Janeiro
7835,2024/04/14,Maria Souza,F,Cadeira,1200,1,1200,1:51:55,Porto Alegre
7836,2023/01/07,Ana Clara,m,Monitor,R$50,3,,0h 53m,Porto Alegre
7837,22/10/23,,Masculino,Notebook,R$1200,3,2400,139m,Porto Alegre
7838,2023-05-19,,M,Mouse,"R$ 3.500,00",2,240,118m,Curitiba
7839,2023-08-19, João Silva ,M,Monitor,"R$ 50,00",3,150,,Porto Alegre
7840,2023-06-15,Ana Clara,f,Notebook,"R$ 50,00",3,360,,São Paulo
7841,2023-08-05,,M,Cadeira,R$800,1,50,177m,Curitiba
7842,2023/05/22,,f,Cadeira,"R$ 1.200,00",2,7000,0h 13m,Curitiba
7843,20-02-2023, Pedro Alves ,Masculino,Notebook,50,1,,109m,Rio de Janeiro
7844,16-05-2023, Pedro Alves ,M,Mouse,"R$ 1.200,00",2,,0:23:32,Rio de Janeiro
7845,28-11-2023,Maria Souza,,Notebook,R$1200,3,2400,,Belo Horizonte
7846,2023-06-22, João Silva ,Masculino,Mouse,"R$ 50,00",2,142,1h 46m,São Paulo
7847,22-09-2024, Pedro Alves ,m,Mouse,R$3500,2,1620,0h 3m,Porto Alegre
7848,02/06/23,,m,Mouse,R$800,2,,,São Paulo
7849,2024/09/15,Ana Clara,MASCULINO,Teclado,"R$ 800,00",2,,1h 37m,Belo Horizonte
7850,2023-07-14, João Silva ,Masculino,Monitor,120,1,,,São Paulo
7851,22/02/24, Pedro Alves ,m,Notebook,50,3,150,1h 30m,São Paulo
7852,2024-11-21,Carlos Lima,m,Monitor,R$50,3,3583,,Rio de Janeiro
7853,2023-08-28,,m,Mouse,120,3,10500,2:13:41,Rio de Janeiro
7854,2024-07-12, João Silva ,Masculino,Mouse,"R$ 50,00",1,120,175m,Curitiba
7855,25-03-2024,Ana Clara,MASCULINO,Monitor,"R$ 800,00",1,3500,,Curitiba
7856,23/10/23,,Feminino,Cadeira,3500,1,50,106m,São Paulo
7857,17-12-2024,,MASCULINO,Teclado,50,2,2400,99m,Rio de Janeiro
7858,2024-05-28, Pedro Alves ,f,Cadeira,R$120,1,1200,3h 0m,Curitiba
7859,2024-01-22, Pedro Alves ,Masculino,Cadeira,"R$ 800,00",1,50,50m,Belo Horizonte
7860,2023-09-06,Carlos Lima,,Mouse,R$1200,3,150,2h 10m,Curitiba
7861,28/10/23,Ana Clara,Masculino,Teclado,50,3,150,171m,Porto Alegre
7862,15/04/23, João Silva ,f,Monitor,R$800,3,2400,,Belo Horizonte
7863,2024-07-15, João Silva ,Feminino,Cadeira,R$120,3,152,1h 39m,Belo Horizonte
7864,2024/03/19,Carlos Lima,MASCULINO,Monitor,R$3500,1,1200,2:11:52,São Paulo
7865,2024-12-15,Ana Clara,,Mouse,800,3,360,,Rio de Janeiro
7866,11/09/23,,M,Mouse,R$120,2,1600,1:36:10,Rio de Janeiro
7867,18/08/23,Carlos Lima,M,Mouse,R$50,1,3500,38m,São Paulo
7868,2024/10/14,Maria Souza,F,Notebook,R$3500,1,50,2:35:34,São Paulo
7869,2023/12/10,Ana Clara,MASCULINO,Notebook,3500,1,,,Curitiba
7870,2024/09/23, Pedro Alves ,M,Mouse,50,2,240,0:09:32,Porto Alegre
7871,26-11-2023, João Silva ,F,Mouse,"R$ 120,00",2,1600,,Curitiba
7872,08-04-2024,Ana Clara,Masculino,Cadeira,R$800,2,2400,0:26:41,Porto Alegre
7873,2023-12-25, João Silva ,,Monitor,"R$ 3.500,00",1,120,94m,Porto Alegre
7874,2023-02-11,Carlos Lima,M,Mouse,R$50,2,224,2:46:58,Curitiba
7875,2024-02-14,Maria Souza,,Mouse,R$120,3,2400,2h 3m,Rio de Janeiro
7876,24-07-2023, João Silva ,Masculino,Mouse,"R$ 3.500,00",2,1600,0:30:57,São Paulo
7877,18/12/23, Pedro Alves ,F,Mouse,"R$ 3.500,00",1,,173m,Belo Horizonte
7878,2023/07/07, João Silva ,Feminino,Teclado,"R$ 3.500,00",1,81,0:37:32,Belo Horizonte
7879,02-04-2023, Pedro Alves ,m,Cadeira,120,3,,1h 54m,Porto Alegre
7880,16-01-2024, Pedro Alves ,Feminino,Mouse,R$3500,1,50,1h 14m,São Paulo
7881,2024-05-09,Carlos Lima,M,Teclado,R$3500,3,10500,,Rio de Janeiro
7882,2023-10-10,Maria Souza,M,Mouse,"R$ 120,00",1,,2h 52m,São Paulo
7883,2023/09/05,Carlos Lima,M,Teclado,800,3,2400,,Rio de Janeiro
7884,2024/01/23, Pedro Alves ,m,Cadeira,"R$ 120,00",1,120,143m,Porto Alegre
7885,2024-05-20, João Silva ,,Cadeira,"R$ 1.200,00",1,3500,,São Paulo
7886,2024-02-12, João Silva ,,Monitor,"R$ 50,00",3,150,,Curitiba
7887,11/04/24,Maria Souza,M,Notebook,R$800,3,,3h 41m,Curitiba
7888,2023-11-06,Carlos Lima,m,Notebook,R$800,2,100,,Belo Horizonte
7889,22/12/24,Ana Clara,,Teclado,R$800,2,84,2h 34m,Curitiba
7890,2024/03/15,Ana Clara,f,Monitor,800,2,1600,85m,São Paulo
7891,17-12-2024, Pedro Alves ,Feminino,Teclado,R$1200,1,800,46m,Curitiba
7892,13/09/23, João Silva ,Masculino,Notebook,R$1200,2,2400,3h 45m,Belo Horizonte
7893,13/04/23,Maria Souza,,Teclado,"R$ 120,00",1,,2:24:26,Porto Alegre
7894,2024-04-24,,,Teclado,R$3500,1,122,,Porto Alegre
7895,2023/08/24,Carlos Lima,m,Cadeira,R$800,3,150,17m,Rio de Janeiro
7896,2024-07-05, Pedro Alves ,m,Notebook,R$1200,3,150,2h 31m,Rio de Janeiro
7897,01-07-2024,,M,Mouse,R$120,3,,0:10:01,Curitiba
7898,24/01/23, Pedro Alves ,m,Mouse,R$3500,1,3500,3h 59m,Curitiba
7899,16-08-2023,Ana Clara,F,Monitor,3500,3,2400,2:51:29,Curitiba
7900,2024/07/18, João Silva ,F,Teclado,120,1,3500,,Belo Horizonte
7901,17-02-2023,Ana Clara,Feminino,Teclado,R$1200,3,,,Porto Alegre
7902,19-06-2023,Carlos Lima,MASCULINO,Monitor,"R$ 800,00",3,2400,2:39:23,Rio de Janeiro
7903,19-09-2023, Pedro Alves ,M,Monitor,R$50,3,10518,89m,Rio de Janeiro
7904,2024/10/19,,m,Cadeira,"R$ 3.500,00",1,,30m,Curitiba
7905,20/07/23,Carlos Lima,F,Mouse,"R$ 3.500,00",3,10535,50m,Curitiba
7906,21/07/23,Carlos Lima,Masculino,Notebook,3500,3,360,1:22:14,Porto Alegre
7907,2024/06/14,Carlos Lima,MASCULINO,Notebook,1200,3,2400,21m,Rio de Janeiro
7908,2023/06/18, João Silva ,MASCULINO,Teclado,"R$ 3.500,00",3,150,2h 58m,São Paulo
7909,24-12-2024, Pedro Alves ,Feminino,Teclado,"R$ 3.500,00",1,148,,São Paulo
7910,25/09/24,,m,Cadeira,120,3,3600,,Porto Alegre
7911,01-06-2024,Carlos Lima,M,Teclado,"R$ 3.500,00",2,,,Porto Alegre
7912,2023-03-04,,MASCULINO,Teclado,R$3500,3,,0:32:20,Belo Horizonte
7913,15/11/23,,Masculino,Notebook,"R$ 3.500,00",3,2382,0:12:59,Porto Alegre
7914,2024/05/13,Maria Souza,F,Cadeira,R$3500,1,129,2h 15m,Rio de Janeiro
7915,2023/07/20,Ana Clara,,Mouse,3500,1,3500,,Porto Alegre
7916,2024/03/09,Ana Clara,M,Teclado,"R$ 120,00",3,3600,0h 19m,Rio de Janeiro
7917,17-01-2023, Pedro Alves ,MASCULINO,Notebook,R$1200,1,,1:12:36,Curitiba
7918,2024/05/01, João Silva ,M,Cadeira,R$800,3,150,0h 24m,Porto Alegre
7919,01-10-2024,Ana Clara,Feminino,Mouse,800,3,,1:08:30,Rio de Janeiro
7920,09-08-2024,Maria Souza,f,Mouse,"R$ 1.200,00",2,1600,0:45:24,Belo Horizonte
7921,02/04/23, João Silva ,m,Notebook,50,1,120,1h 27m,São Paulo
7922,03/04/23,Maria Souza,M,Notebook,R$120,3,3556,,Rio de Janeiro
7923,16/04/23, João Silva ,M,Notebook,"R$ 3.500,00",2,100,112m,São Paulo
7924,2023-08-16,,Feminino,Mouse,R$50,1,,,Belo Horizonte
7925,2023/11/23, João Silva ,f,Notebook,800,1,,,Curitiba
7926,11/11/23, Pedro Alves ,F,Monitor,120,3,360,0h 33m,Belo Horizonte
7927,2023-12-05, Pedro Alves ,M,Cadeira,R$1200,3,152,24m,Porto Alegre
7928,2023-06-17,Carlos Lima,m,Teclado,R$800,1,170,2h 5m,Rio de Janeiro
7929,22/06/23,Ana Clara,M,Teclado,"R$ 120,00",1,3500,,São Paulo
7930,13-08-2023,,,Monitor,"R$ 800,00",2,7000,2h 13m,São Paulo
7931,2023-12-08,,F,Mouse,50,2,1628,,Rio de Janeiro
7932,2024-08-19,Ana Clara,Masculino,Teclado,"R$ 50,00",1,120,2:31:24,Rio de Janeiro
7933,27-02-2024,Carlos Lima,,Cadeira,"R$ 800,00",2,1600,2:37:46,Belo Horizonte
7934,26/09/24,,Masculino,Cadeira,1200,1,50,155m,Rio de Janeiro
7935,2024-09-25,Ana Clara,F,Notebook,R$1200,1,3500,3h 50m,Belo Horizonte
7936,07/06/23, João Silva ,f,Mouse,50,3,,,Porto Alegre
7937,02/12/23, Pedro Alves ,,Teclado,R$1200,3,,1:28:09,Porto Alegre
7938,2024-11-23, João Silva ,Feminino,Monitor,50,1,,36m,São Paulo
7939,2024-12-24,,,Teclado,R$50,1,,113m,Belo Horizonte
7940,09/12/24, Pedro Alves ,f,Notebook,"R$ 800,00",3,360,1h 41m,Belo Horizonte
7941,2023-08-12,Carlos Lima,f,Notebook,800,2,,1h 44m,Curitiba
7942,2024/06/19, Pedro Alves ,Masculino,Monitor,800,2,6995,2:18:59,Porto Alegre
7943,2023-03-11,Ana Clara,,Monitor,R$1200,1,120,64m,Rio de Janeiro
7944,2024/02/10,,Masculino,Monitor,50,2,233,2h 37m,Porto Alegre
7945,2024-11-25, João Silva ,Masculino,Teclado,"R$ 800,00",1,,,Rio de Janeiro
7946,24/03/24,Carlos Lima,Masculino,Notebook,R$1200,3,3600,,Curitiba
7947,2023/05/16,,MASCULINO,Cadeira,"R$ 50,00",2,95,0h 47m,São Paulo
7948,2024/03/04,,Masculino,Cadeira,R$120,3,389,2:30:32,Curitiba
7949,15/07/23,Ana Clara,M,Cadeira,"R$ 50,00",2,7000,,São Paulo
7950,2023-09-12, Pedro Alves ,F,Teclado,"R$ 120,00",1,3500,1:33:09,Rio de Janeiro
7951,07-12-2023,Maria Souza,f,Cadeira,R$120,2,1600,136m,Porto Alegre
7952,16/10/24,Maria Souza,F,Teclado,1200,3,2400,2:32:12,Rio de Janeiro
7953,2024-03-17,Maria Souza,m,Mouse,120,2,240,0:35:17,Porto Alegre
7954,03/07/24,Maria Souza,F,Cadeira,800,2,2400,23m,Curitiba
7955,2024/09/04,,Feminino,Monitor,R$50,3,,1:16:26,Porto Alegre
7956,07/07/24, Pedro Alves ,MASCULINO,Monitor,R$50,2,,0:20:45,Porto Alegre
7957,2023/03/06,Ana Clara,Masculino,Mouse,R$3500,2,,0:07:51,Belo Horizonte
7958,02-12-2024, Pedro Alves ,Masculino,Mouse,1200,1,3500,84m,São Paulo
7959,2023-09-01,Ana Clara,Feminino,Notebook,3500,3,193,,Belo Horizonte
7960,2024/11/08,Carlos Lima,F,Mouse,800,1,120,,Porto Alegre
7961,23-10-2023,,,Teclado,R$50,1,50,1h 27m,Belo Horizonte
7962,2024-03-25, Pedro Alves ,,Monitor,3500,2,51,1:24:35,Rio de Janeiro
7963,22-12-2024, João Silva ,F,Cadeira,R$50,3,,,São Paulo
7964,2024/01/28,Maria Souza,f,Cadeira,1200,3,150,,São Paulo
7965,2023-05-05, João Silva ,F,Monitor,3500,2,7000,2h 53m,Curitiba
7966,07-12-2024,Ana Clara,Feminino,Notebook,800,3,360,3h 37m,Curitiba
7967,2024/11/09,Carlos Lima,F,Teclado,1200,3,,3h 12m,Belo Horizonte
7968,09-05-2024,Carlos Lima,,Monitor,50,2,7000,41m,São Paulo
7969,14-06-2023, João Silva ,m,Mouse,800,2,100,87m,Curitiba
7970,27-06-2024,,F,Cadeira,3500,1,120,37m,São Paulo
7971,16/02/23,Maria Souza,f,Cadeira,"R$ 800,00",2,7000,,Belo Horizonte
7972,2024-12-08, João Silva ,m,Notebook,"R$ 1.200,00",2,7000,2h 5m,Porto Alegre
7973,23-02-2023,,MASCULINO,Cadeira,120,3,360,0:26:20,Belo Horizonte
7974,2024/03/27,Carlos Lima,f,Notebook,"R$ 50,00",2,100,2h 37m,Porto Alegre
7975,14/04/24,Ana Clara,Feminino,Cadeira,"R$ 50,00",1,50,3h 38m,Rio de Janeiro
7976,21-07-2023, Pedro Alves ,Feminino,Notebook,800,3,2400,,Curitiba
7977,2024/06/03,Maria Souza,m,Cadeira,R$800,1,3500,1:18:33,Porto Alegre
7978,2024-04-18,Maria Souza,M,Teclado,3500,3,360,3h 2m,Belo Horizonte
7979,2023/12/17,Maria Souza,M,Monitor,"R$ 120,00",1,3462,,Belo Horizonte
7980,12-06-2024,,F,Monitor,R$120,2,240,2h 11m,São Paulo
7981,03/01/23, Pedro Alves ,Feminino,Monitor,50,2,1600,63m,São Paulo
7982,20-01-2024,Carlos Lima,m,Mouse,800,1,800,,São Paulo
7983,15/10/23,Carlos Lima,Masculino,Mouse,1200,2,127,1h 50m,São Paulo
7984,03/09/23,Carlos Lima,,Teclado,800,2,2400,0h 10m,Belo Horizonte
7985,26/01/24,,MASCULINO,Teclado,50,2,,,São Paulo
7986,2024-05-14, João Silva ,,Teclado,"R$ 1.200,00",2,6989,0:29:08,Porto Alegre
7987,2024-02-16,Carlos Lima,M,Teclado,"R$ 50,00",2,7047,105m,São Paulo
7988,22-05-2024,,F,Mouse,"R$ 800,00",3,,1h 54m,Belo Horizonte
7989,08/12/24,Carlos Lima,m,Notebook,R$3500,2,,29m,São Paulo
7990,07/11/24,Ana Clara,m,Monitor,"R$ 50,00",3,,1h 35m,Rio de Janeiro
7991,2023/10/01,Ana Clara,Masculino,Mouse,R$50,1,,64m,Belo Horizonte
7992,24-03-2024,,f,Monitor,R$120,2,,1h 2m,São Paulo
7993,2024-04-09, Pedro Alves ,,Cadeira,800,3,3561,3h 18m,Rio de Janeiro
7994,2023/03/14,Carlos Lima,Feminino,Notebook,R$120,2,237,0:03:00,Belo Horizonte
7995,2024-03-24,Ana Clara,MASCULINO,Teclado,800,1,120,111m,Porto Alegre
7996,13/02/23, João Silva ,f,Teclado,120,2,,1:57:37,Porto Alegre
7997,20/10/23,,Masculino,Mouse,"R$ 120,00",1,120,0:42:32,Rio de Janeiro
7998,2023/04/07, João Silva ,,Mouse,"R$ 1.200,00",3,,,Rio de Janeiro
7999,2023-12-28, Pedro Alves ,M,Notebook,120,1,1200,0h 11m,São Paulo
8000,12-02-2024,Carlos Lima,F,Mouse,"R$ 800,00",1,,,São Paulo
8001,2024-07-12,,F,Monitor,3500,3,,98m,Curitiba
8002,17/10/24,Ana Clara,f,Monitor,120,2,,,Curitiba
8003,20/01/24, João Silva ,Masculino,Cadeira,50,3,150,1:40:19,Curitiba
8004,2023/07/05,,F,Notebook,800,3,2400,1:31:08,Rio de Janeiro
8005,2023/04/19,Maria Souza,F,Mouse,800,3,3591,2h 50m,Rio de Janeiro
8006,20/09/24, Pedro Alves ,Feminino,Teclado,R$120,3,150,,Porto Alegre
8007,2024/07/21,Carlos Lima,f,Notebook,R$120,1,3500,,Curitiba
8008,03/05/23,Maria Souza,M,Teclado,R$50,3,10500,1:09:20,São Paulo
8009,2024/11/17,Ana Clara,Feminino,Teclado,"R$ 1.200,00",2,2400,2:38:09,Rio de Janeiro
8010,2023-02-07, João Silva ,F,Cadeira,3500,2,2400,1:03:38,Porto Alegre
8011,2024/07/25,Carlos Lima,M,Monitor,1200,1,3500,2:14:48,Porto Alegre
8012,2023-06-25,Maria Souza,F,Mouse,"R$ 3.500,00",1,800,36m,Belo Horizonte
8013,2023/09/21,Ana Clara,F,Teclado,R$3500,3,,150m,Belo Horizonte
8014,04-04-2023, João Silva ,F,Cadeira,"R$ 3.500,00",1,798,1:56:05,Curitiba
8015,19-02-2024,Maria Souza,f,Teclado,"R$ 800,00",3,,,Porto Alegre
8016,2024-07-01,Maria Souza,M,Teclado,3500,2,,2:15:28,São Paulo
8017,09/01/24,Maria Souza,M,Mouse,"R$ 3.500,00",1,800,1:10:56,Rio de Janeiro
8018,08-08-2023,Carlos Lima,M,Monitor,50,2,1600,2:07:22,Curitiba
8019,06/05/24,Carlos Lima,F,Monitor,120,3,360,1:48:31,Porto Alegre
8020,10-05-2023, Pedro Alves ,MASCULINO,Cadeira,"R$ 3.500,00",2,,2h 54m,Rio de Janeiro
8021,2023/03/11,Carlos Lima,Masculino,Notebook,3500,3,10500,1:44:29,Belo Horizonte
8022,17-02-2023, João Silva ,Masculino,Cadeira,R$1200,1,,2:48:24,Rio de Janeiro
8023,21-12-2024,Ana Clara,Masculino,Teclado,"R$ 50,00",3,2400,1:37:19,Porto Alegre
8024,25-11-2024,Carlos Lima,M,Notebook,R$1200,2,2400,2:59:55,Belo Horizonte
8025,2023/06/28,Maria Souza,MASCULINO,Mouse,R$120,3,2400,,Porto Alegre
8026,2023/01/07, Pedro Alves ,f,Cadeira,"R$ 120,00",3,3600,1h 0m,São Paulo
8027,06/09/23,Carlos Lima,Masculino,Monitor,"R$ 50,00",2,,,São Paulo
8028,01/10/23, Pedro Alves ,,Monitor,800,1,50,,Rio de Janeiro
8029,2023-11-14,Carlos Lima,m,Cadeira,"R$ 120,00",3,10500,0h 46m,Rio de Janeiro
8030,2023/01/28,,m,Monitor,R$50,3,10500,,Curitiba
8031,2023/01/19, João Silva ,MASCULINO,Mouse,R$120,3,10500,1h 16m,Rio de Janeiro
8032,2023/09/25,Carlos Lima,M,Mouse,"R$ 3.500,00",3,150,2h 30m,Rio de Janeiro
8033,15-05-2023, Pedro Alves ,Masculino,Cadeira,"R$ 1.200,00",2,100,77m,Porto Alegre
8034,2023-05-11, Pedro Alves ,Feminino,Notebook,"R$ 1.200,00",3,360,3h 10m,Curitiba
8035,2024-12-21,Ana Clara,m,Mouse,R$1200,1,120,82m,São Paulo
8036,12/11/23,Maria Souza,f,Notebook,50,3,360,2:58:16,São Paulo
8037,2024-09-16, João Silva ,MASCULINO,Mouse,"R$ 3.500,00",2,1569,114m,Rio de Janeiro
8038,2024/01/18,,m,Monitor,R$1200,2,,38m,Porto Alegre
8039,2023/06/16,Maria Souza,Feminino,Cadeira,"R$ 120,00",2,240,67m,Rio de Janeiro
8040,2024/07/16,,Feminino,Notebook,R$50,1,50,3h 32m,Rio de Janeiro
8041,04-03-2023,,f,Monitor,"R$ 1.200,00",2,2400,138m,Belo Horizonte
8042,2023/01/05,Ana Clara,M,Mouse,800,2,1627,71m,Belo Horizonte
8043,15-01-2023,Carlos Lima,MASCULINO,Teclado,3500,2,1600,2:16:09,Belo Horizonte
8044,10-03-2024, João Silva ,M,Monitor,R$3500,2,248,0h 15m,Belo Horizonte
8045,15/09/24,,,Teclado,"R$ 50,00",1,50,,São Paulo
8046,2023/08/14, Pedro Alves ,F,Notebook,R$3500,2,7000,166m,São Paulo
8047,2023-03-14,Carlos Lima,f,Mouse,R$800,2,1641,0h 53m,Rio de Janeiro
8048,2024-08-16, Pedro Alves ,Masculino,Teclado,"R$ 120,00",1,3500,0:23:09,Rio de Janeiro
8049,2023/04/20,Carlos Lima,F,Monitor,3500,2,100,1:01:13,Porto Alegre
8050,13-08-2024,,Masculino,Cadeira,R$1200,1,,0:11:16,Rio de Janeiro
8051,23/04/23, Pedro Alves ,Feminino,Teclado,"R$ 120,00",3,10500,,Curitiba
8052,14/09/23,,Masculino,Teclado,800,1,120,,São Paulo
8053,23-02-2023, Pedro Alves ,F,Notebook,120,2,1559,100m,São Paulo
8054,2024-01-15,Maria Souza,M,Teclado,1200,1,,,São Paulo
8055,2023-02-28, João Silva ,Masculino,Cadeira,"R$ 50,00",3,,149m,Belo Horizonte
8056,2023/09/12,Ana Clara,f,Cadeira,"R$ 120,00",1,120,,Curitiba
8057,05-01-2024,Ana Clara,M,Notebook,800,3,3600,,Curitiba
8058,2023-08-21,,F,Cadeira,R$3500,3,,,São Paulo
8059,2024/03/15,Maria Souza,Feminino,Mouse,"R$ 800,00",3,360,1h 48m,Curitiba
8060,2023/02/15, Pedro Alves ,Masculino,Cadeira,120,3,2400,,Rio de Janeiro
8061,2023-07-26, Pedro Alves ,,Monitor,R$50,1,120,,Curitiba
8062,2023/07/19, Pedro Alves ,Masculino,Teclado,"R$ 50,00",1,50,0h 43m,Rio de Janeiro
8063,2024/05/26,Carlos Lima,Masculino,Notebook,"R$ 800,00",2,240,144m,Belo Horizonte
8064,2023/07/05,Carlos Lima,F,Cadeira,800,3,10500,37m,Porto Alegre
8065,21/10/23,Carlos Lima,F,Mouse,R$800,3,10518,,Porto Alegre
8066,2024-01-14, Pedro Alves ,,Cadeira,"R$ 3.500,00",2,2355,2h 55m,Porto Alegre
8067,2023-10-13,,,Notebook,120,1,150,,São Paulo
8068,2024-07-06,Carlos Lima,Feminino,Teclado,800,2,1600,40m,Curitiba
8069,2024-02-21, João Silva ,f,Cadeira,R$1200,2,238,0:48:07,Porto Alegre
8070,18/02/23, Pedro Alves ,,Monitor,"R$ 120,00",1,4,1h 50m,São Paulo
8071,2024-07-17, Pedro Alves ,m,Teclado,"R$ 120,00",2,,1:41:09,São Paulo
8072,2024/09/12, Pedro Alves ,MASCULINO,Monitor,"R$ 120,00",2,,1h 49m,Porto Alegre
8073,2023/11/01,Maria Souza,f,Notebook,50,1,3500,,Curitiba
8074,2024-05-03, João Silva ,f,Mouse,120,2,100,2:09:42,Rio de Janeiro
8075,2024-01-19,Ana Clara,Feminino,Notebook,50,1,92,0:57:58,Rio de Janeiro
8076,2023/09/16,Ana Clara,M,Mouse,3500,3,10500,105m,Rio de Janeiro
8077,21/02/24,Carlos Lima,,Cadeira,800,2,100,2h 2m,Porto Alegre
8078,06/07/24,Maria Souza,Feminino,Teclado,120,3,10500,2h 42m,Rio de Janeiro
8079,2023-02-24, Pedro Alves ,Masculino,Mouse,"R$ 1.200,00",2,7000,,Belo Horizonte
8080,2023/07/17, Pedro Alves ,,Teclado,R$800,2,7028,113m,São Paulo
8081,2024-12-01,,F,Cadeira,50,3,10500,,Porto Alegre
8082,2024/11/07, Pedro Alves ,m,Cadeira,R$1200,3,150,133m,Belo Horizonte
8083,21-08-2024,Ana Clara,MASCULINO,Notebook,800,2,1600,0:59:40,Belo Horizonte
8084,2024-08-16, João Silva ,Feminino,Cadeira,120,2,2400,102m,São Paulo
8085,2024-11-26,Carlos Lima,M,Cadeira,800,1,,0h 5m,Porto Alegre
8086,2023/06/22, João Silva ,Masculino,Mouse,"R$ 50,00",1,,,Porto Alegre
8087,17-10-2023, João Silva ,Masculino,Notebook,50,2,240,2:34:10,Belo Horizonte
8088,2023/05/26, Pedro Alves ,m,Monitor,3500,1,,1:30:58,São Paulo
8089,2023-06-27,Maria Souza,,Mouse,"R$ 120,00",3,,1:49:01,Porto Alegre
8090,17-08-2023,Ana Clara,F,Notebook,R$1200,1,50,156m,Rio de Janeiro
8091,14-08-2024,Carlos Lima,,Notebook,"R$ 3.500,00",2,240,69m,Porto Alegre
8092,2024/04/03,Maria Souza,,Teclado,R$3500,1,,1:33:32,Curitiba
8093,2023/03/03,Carlos Lima,,Mouse,120,1,50,1:27:32,Curitiba
8094,2024-03-12, Pedro Alves ,M,Notebook,R$3500,1,800,2h 43m,Belo Horizonte
8095,13/11/23, João Silva ,MASCULINO,Cadeira,1200,2,7000,1:45:02,São Paulo
8096,2024/09/01, Pedro Alves ,Feminino,Monitor,120,3,150,0h 59m,Rio de Janeiro
8097,2023/12/23,Maria Souza,Masculino,Cadeira,R$50,3,10500,177m,Rio de Janeiro
8098,2024/11/04, Pedro Alves ,Masculino,Monitor,"R$ 800,00",1,800,,Belo Horizonte
8099,2024/09/16, Pedro Alves ,MASCULINO,Teclado,3500,3,10500,,Curitiba
8100,23/02/24,Maria Souza,m,Teclado,"R$ 50,00",2,1600,89m,Rio de Janeiro
8101,2023/12/16,,,Teclado,"R$ 120,00",1,1200,161m,Porto Alegre
8102,2023/02/25, João Silva ,F,Monitor,"R$ 3.500,00",3,10500,140m,Belo Horizonte
8103,2024/07/16, João Silva ,m,Mouse,800,3,360,,Rio de Janeiro
8104,25/10/23,Maria Souza,,Monitor,50,3,360,,São Paulo
8105,04-12-2023,Ana Clara,,Notebook,1200,2,1600,2h 21m,São Paulo
8106,2023-05-16, Pedro Alves ,,Mouse,3500,1,800,1:27:28,Curitiba
8107,09/09/24,,Masculino,Mouse,"R$ 800,00",3,360,2:55:56,Porto Alegre
8108,17-08-2024, João Silva ,M,Monitor,R$1200,1,120,,São Paulo
8109,2024/06/11,,m,Teclado,50,3,150,1h 53m,Rio de Janeiro
8110,24/05/23,Carlos Lima,,Teclado,"R$ 800,00",3,,,Belo Horizonte
8111,28/10/24,Carlos Lima,Masculino,Cadeira,"R$ 50,00",3,150,2:38:18,São Paulo
8112,2023/11/04, João Silva ,m,Notebook,"R$ 800,00",3,3600,,São Paulo
8113,16-10-2023, Pedro Alves ,M,Notebook,"R$ 120,00",3,150,,Curitiba
8114,20-09-2024, Pedro Alves ,F,Cadeira,R$1200,3,2400,1h 14m,Porto Alegre
8115,17-04-2023,Maria Souza,m,Monitor,"R$ 800,00",2,,179m,São Paulo
8116,17-05-2024,Maria Souza,MASCULINO,Mouse,50,3,10500,,Curitiba
8117,2024-04-10, João Silva ,m,Monitor,1200,2,7000,2h 58m,Rio de Janeiro
8118,2023-12-08,Ana Clara,Feminino,Monitor,1200,3,2400,,Rio de Janeiro
8119,11/02/24, Pedro Alves ,MASCULINO,Mouse,"R$ 800,00",2,2400,,Porto Alegre
8120,20-08-2023,Maria Souza,Masculino,Notebook,R$800,1,50,0h 23m,Porto Alegre
8121,19-10-2023,Ana Clara,M,Cadeira,120,3,,1h 56m,Porto Alegre
8122,05/06/23,,m,Mouse,"R$ 1.200,00",3,2400,1h 11m,Belo Horizonte
8123,12/03/23, Pedro Alves ,f,Notebook,R$800,1,120,127m,Rio de Janeiro
8124,16-11-2024,,f,Cadeira,R$120,2,100,0:07:58,Belo Horizonte
8125,28-07-2023,Carlos Lima,Feminino,Monitor,R$120,2,100,,São Paulo
8126,26-07-2023,Ana Clara,M,Monitor,R$800,2,1600,26m,São Paulo
8127,2023/01/01, Pedro Alves ,Masculino,Monitor,1200,3,,,Porto Alegre
8128,2024/06/28,Carlos Lima,F,Cadeira,"R$ 1.200,00",2,7000,59m,Belo Horizonte
8129,06/09/24,Maria Souza,Feminino,Teclado,50,1,1200,0h 58m,Belo Horizonte
8130,2024-08-25,Ana Clara,MASCULINO,Teclado,R$120,3,2400,57m,Porto Alegre
8131,2023/09/02,Ana Clara,,Monitor,R$3500,3,,,Rio de Janeiro
8132,21/12/23, Pedro Alves ,Masculino,Monitor,50,3,3618,,São Paulo
8133,2023/07/23,Ana Clara,Feminino,Cadeira,"R$ 3.500,00",3,2400,0:20:34,Belo Horizonte
8134,23-05-2024,Maria Souza,Feminino,Mouse,"R$ 120,00",1,43,1h 25m,Curitiba
8135,2023-03-08,Maria Souza,m,Monitor,"R$ 1.200,00",2,1600,0:58:43,São Paulo
8136,2024-03-22, Pedro Alves ,m,Mouse,R$120,2,,1:07:49,Rio de Janeiro
8137,24-06-2023,Ana Clara,m,Mouse,R$3500,2,2400,1:15:19,São Paulo
8138,2024/10/11,Ana Clara,,Teclado,"R$ 3.500,00",1,1200,1:41:28,Rio de Janeiro
8139,2024/10/18, João Silva ,M,Monitor,1200,3,10500,166m,Rio de Janeiro
8140,2023-09-05,Ana Clara,m,Notebook,R$800,1,103,97m,São Paulo
8141,2023/11/03,Carlos Lima,Feminino,Teclado,3500,2,2400,56m,Porto Alegre
8142,2023-03-22,,M,Notebook,50,3,2400,1:41:59,Curitiba
8143,2024/07/22, Pedro Alves ,MASCULINO,Mouse,"R$ 120,00",3,10500,129m,Belo Horizonte
8144,10-04-2023,,,Teclado,"R$ 120,00",1,800,2h 28m,Rio de Janeiro
8145,05/11/24,Ana Clara,m,Teclado,R$800,1,,145m,São Paulo
8146,2023-12-20, João Silva ,m,Monitor,"R$ 1.200,00",3,3600,2:43:24,Belo Horizonte
8147,2023/07/04, Pedro Alves ,MASCULINO,Mouse,800,1,1200,2h 1m,Curitiba
8148,2024-07-24, João Silva ,M,Cadeira,R$800,1,50,72m,Porto Alegre
8149,20/09/24,,MASCULINO,Cadeira,3500,2,240,2:05:13,Rio de Janeiro
8150,2024-06-09,Carlos Lima,Masculino,Notebook,"R$ 50,00",1,1200,0h 40m,São Paulo
8151,2024-11-02,,F,Teclado,"R$ 800,00",2,6996,2h 20m,Rio de Janeiro
8152,16-04-2023, João Silva ,f,Notebook,"R$ 800,00",3,,166m,São Paulo
8153,2024-12-02,Maria Souza,,Mouse,"R$ 1.200,00",2,100,,Belo Horizonte
8154,2024/10/03, João Silva ,MASCULINO,Monitor,800,2,240,0:48:00,Porto Alegre
8155,2023/05/21,Carlos Lima,Feminino,Mouse,"R$ 3.500,00",1,,112m,São Paulo
8156,2024-06-03,Carlos Lima,m,Monitor,"R$ 3.500,00",1,3500,0:50:00,São Paulo
8157,05/09/23,Maria Souza,Masculino,Monitor,3500,3,2400,33m,Porto Alegre
8158,22-11-2023,Ana Clara,Masculino,Mouse,R$50,2,240,0:10:11,São Paulo
8159,19/04/24,Maria Souza,f,Monitor,"R$ 800,00",2,100,160m,Rio de Janeiro
8160,22/09/24,Maria Souza,F,Cadeira,"R$ 3.500,00",2,7000,150m,Porto Alegre
8161,25/03/23, João Silva ,MASCULINO,Notebook,R$800,2,2428,2:09:07,Rio de Janeiro
8162,2023-09-04,,,Teclado,R$800,1,120,,Belo Horizonte
8163,27-04-2024, João Silva ,f,Teclado,R$800,3,408,1:46:48,Belo Horizonte
8164,2023/10/03,Carlos Lima,Feminino,Mouse,1200,2,,3h 54m,Rio de Janeiro
8165,2023/07/27,Carlos Lima,Feminino,Teclado,50,2,108,144m,Curitiba
8166,18/08/24,Carlos Lima,Feminino,Mouse,R$120,1,766,0:01:55,Belo Horizonte
8167,2023-07-22,Carlos Lima,Masculino,Teclado,"R$ 3.500,00",1,786,,Belo Horizonte
8168,03-08-2023,Maria Souza,m,Notebook,3500,1,,52m,Rio de Janeiro
8169,2023-10-22, João Silva ,Feminino,Monitor,800,3,150,,Belo Horizonte
8170,21-04-2024,,f,Mouse,R$50,1,3500,79m,São Paulo
8171,2024/10/11, Pedro Alves ,f,Mouse,120,1,50,2h 33m,Curitiba
8172,27/01/24, João Silva ,Masculino,Notebook,50,3,150,0h 20m,Curitiba
8173,2023/12/01,Maria Souza,f,Notebook,800,1,1157,2:35:32,Belo Horizonte
8174,2024-12-13, Pedro Alves ,M,Notebook,1200,3,2400,145m,Curitiba
8175,22/11/24, João Silva ,MASCULINO,Monitor,"R$ 3.500,00",1,800,,Belo Horizonte
8176,15/04/23,Maria Souza,m,Cadeira,"R$ 50,00",3,,,Porto Alegre
8177,04-01-2024,Maria Souza,m,Teclado,R$1200,3,2400,3h 31m,Curitiba
8178,04-06-2023, Pedro Alves ,Masculino,Teclado,"R$ 3.500,00",3,10500,62m,Rio de Janeiro
8179,2023/06/14,Maria Souza,Feminino,Notebook,"R$ 800,00",1,77,119m,São Paulo
8180,2023/01/15,Maria Souza,M,Mouse,3500,3,3600,3h 25m,Porto Alegre
8181,20-07-2023,Ana Clara,MASCULINO,Teclado,"R$ 1.200,00",2,1600,102m,Curitiba
8182,2023-01-11,Ana Clara,Feminino,Monitor,R$50,3,2400,11m,Belo Horizonte
8183,05-03-2024,,m,Teclado,3500,1,800,88m,Rio de Janeiro
8184,09/01/24,Carlos Lima,,Mouse,R$1200,2,6986,2:03:31,Porto Alegre
8185,22-02-2024,Ana Clara,,Mouse,R$1200,3,360,1h 50m,Curitiba
8186,11/10/23, João Silva ,m,Teclado,"R$ 50,00",2,127,0:08:21,Curitiba
8187,21/10/24, João Silva ,Masculino,Teclado,"R$ 1.200,00",1,800,0h 19m,São Paulo
8188,03-07-2023,,Masculino,Cadeira,"R$ 3.500,00",2,100,0h 37m,Rio de Janeiro
8189,2023/08/07,Carlos Lima,Feminino,Mouse,R$1200,1,,179m,Belo Horizonte
8190,22-06-2023,Ana Clara,MASCULINO,Mouse,3500,3,2400,1:10:58,Belo Horizonte
8191,28/01/23,Ana Clara,m,Notebook,"R$ 800,00",1,,,Curitiba
8192,12-11-2024, Pedro Alves ,Feminino,Monitor,R$1200,3,2400,,São Paulo
8193,13/02/24,Maria Souza,,Cadeira,50,2,7000,,Belo Horizonte
8194,2023-04-19, João Silva ,m,Mouse,R$3500,2,,97m,Porto Alegre
8195,27/06/23,Ana Clara,M,Monitor,3500,2,100,160m,São Paulo
8196,2023-03-11, João Silva ,F,Mouse,"R$ 120,00",3,150,3h 10m,Curitiba
8197,2024-07-14,Maria Souza,m,Teclado,"R$ 800,00",2,2400,3h 41m,Porto Alegre
8198,2024-10-11,Maria Souza,F,Monitor,"R$ 120,00",3,2420,,Rio de Janeiro
8199,2023/06/05, João Silva ,Feminino,Cadeira,1200,1,3500,0:58:15,Porto Alegre
8200,23/09/24,Maria Souza,Masculino,Cadeira,"R$ 120,00",2,1565,133m,São Paulo
8201,19/05/24,Carlos Lima,,Notebook,120,1,1200,0:18:00,Porto Alegre
8202,2023-10-06,Carlos Lima,m,Teclado,R$120,2,7000,3h 22m,Rio de Janeiro
8203,07-10-2023, Pedro Alves ,MASCULINO,Mouse,1200,1,120,132m,São Paulo
8204,2024/08/22, Pedro Alves ,Masculino,Mouse,R$120,1,120,,São Paulo
8205,2024/07/20, João Silva ,m,Cadeira,3500,3,10500,0:36:06,Belo Horizonte
8206,2024-12-26, Pedro Alves ,m,Notebook,120,3,150,,Belo Horizonte
8207,04-09-2024,Maria Souza,,Cadeira,800,1,1182,43m,Curitiba
8208,27-03-2023,Maria Souza,Feminino,Cadeira,120,3,10500,,Curitiba
8209,19/08/23,Maria Souza,MASCULINO,Mouse,3500,2,240,,Belo Horizonte
8210,2024/10/17,Ana Clara,MASCULINO,Monitor,1200,1,1200,42m,Porto Alegre
8211,2024/04/10, João Silva ,m,Cadeira,120,3,2400,1:26:48,Porto Alegre
8212,2024-10-25, Pedro Alves ,Masculino,Notebook,3500,2,100,155m,Curitiba
8213,2023-06-11, João Silva ,m,Mouse,1200,1,120,2h 48m,Belo Horizonte
8214,03-07-2024,,MASCULINO,Notebook,"R$ 120,00",1,,,São Paulo
8215,2023/06/13,Ana Clara,f,Monitor,R$3500,3,3600,,Curitiba
8216,22/02/23, João Silva ,Feminino,Mouse,"R$ 3.500,00",2,7000,2:45:06,Belo Horizonte
8217,19-03-2024,Ana Clara,Feminino,Teclado,R$120,3,10482,1h 56m,Curitiba
8218,03-03-2023,Carlos Lima,F,Cadeira,R$3500,3,2400,1:55:55,Rio de Janeiro
8219,2023/07/26,Carlos Lima,F,Cadeira,3500,3,360,1h 24m,Belo Horizonte
8220,19-07-2024,,MASCULINO,Teclado,50,2,1600,3h 27m,São Paulo
8221,05/01/24,Carlos Lima,m,Teclado,R$3500,1,1200,2:10:24,Curitiba
8222,09/02/24,Maria Souza,M,Cadeira,"R$ 120,00",2,,2:16:59,São Paulo
8223,02-12-2023,,MASCULINO,Cadeira,120,1,115,0h 10m,São Paulo
8224,23-06-2023, João Silva ,,Mouse,1200,1,,2h 39m,Rio de Janeiro
8225,2024/04/25, Pedro Alves ,f,Mouse,50,3,,,Belo Horizonte
8226,24-05-2024, João Silva ,F,Notebook,"R$ 120,00",1,1200,,Rio de Janeiro
8227,2023/03/17, Pedro Alves ,m,Mouse,800,2,240,0:34:49,Curitiba
8228,11/12/24,Maria Souza,m,Cadeira,"R$ 120,00",2,7000,,Curitiba
8229,09/10/24,Carlos Lima,F,Monitor,"R$ 800,00",3,,2:36:49,Curitiba
8230,11-02-2024,Maria Souza,M,Cadeira,1200,3,2400,1h 3m,Rio de Janeiro
8231,2024/02/16,Carlos Lima,F,Mouse,R$3500,1,69,,São Paulo
8232,06/01/23, Pedro Alves ,Masculino,Teclado,120,1,,2h 48m,Porto Alegre
8233,2024-07-23,Carlos Lima,m,Monitor,R$50,1,1200,,Curitiba
8234,11/09/23,,m,Monitor,50,1,1200,0:46:35,Porto Alegre
8235,2023-03-23,,,Mouse,R$3500,1,,,Curitiba
8236,2024/12/26, João Silva ,Feminino,Teclado,120,2,100,2:15:06,Curitiba
8237,2024/02/24,Maria Souza,f,Monitor,"R$ 120,00",1,3500,1:47:31,Belo Horizonte
8238,2024/01/05, Pedro Alves ,m,Mouse,"R$ 120,00",3,,1h 6m,Porto Alegre
8239,22-11-2023, João Silva ,M,Teclado,R$800,3,2375,147m,Rio de Janeiro
8240,2023/04/14,Carlos Lima,M,Monitor,"R$ 800,00",1,,,Belo Horizonte
8241,2024-10-08,,m,Mouse,3500,3,2429,2h 56m,Curitiba
8242,14/01/24,Ana Clara,M,Cadeira,"R$ 120,00",2,2393,1:31:33,Curitiba
8243,2023-03-28,Maria Souza,F,Monitor,"R$ 1.200,00",1,100,1:00:46,Rio de Janeiro
8244,2024-10-01,Ana Clara,Feminino,Monitor,R$3500,2,240,1h 25m,São Paulo
8245,2023-07-22,Ana Clara,,Teclado,120,3,3641,180m,Belo Horizonte
8246,2024-08-10,Ana Clara,,Mouse,800,2,1589,0:36:09,Belo Horizonte
8247,2024/11/21,Maria Souza,F,Monitor,"R$ 1.200,00",3,,2:08:48,Porto Alegre
8248,20/10/23,Carlos Lima,Feminino,Mouse,R$50,3,3564,,Belo Horizonte
8249,2023/01/28,Carlos Lima,f,Teclado,R$1200,3,3600,,Curitiba
8250,06/03/24,Carlos Lima,Feminino,Monitor,R$800,2,1634,,Curitiba
8251,2024-10-16, Pedro Alves ,,Notebook,"R$ 3.500,00",2,2403,91m,Belo Horizonte
8252,2023-07-28, João Silva ,f,Cadeira,"R$ 50,00",3,2400,0h 24m,São Paulo
8253,23-02-2024,Ana Clara,MASCULINO,Teclado,R$120,3,193,2:27:29,Belo Horizonte
8254,2024-10-18, João Silva ,Feminino,Mouse,R$3500,3,,0:17:46,Rio de Janeiro
8255,15/10/23, Pedro Alves ,M,Monitor,120,3,,,Rio de Janeiro
8256,2023-04-05,Ana Clara,Feminino,Notebook,800,2,1600,,Porto Alegre
8257,2023-04-23,Carlos Lima,,Notebook,R$120,1,800,,São Paulo
8258,2024/01/21,Maria Souza,F,Mouse,"R$ 800,00",1,3500,0h 31m,Porto Alegre
8259,09/04/24,Maria Souza,m,Monitor,50,2,2400,2:01:52,Rio de Janeiro
8260,13/11/23,Ana Clara,Feminino,Notebook,120,1,117,67m,Belo Horizonte
8261,2024-09-24,,,Mouse,800,1,3500,61m,Belo Horizonte
8262,02-05-2023,,Masculino,Teclado,R$800,2,100,130m,Curitiba
8263,2023-12-12,,F,Cadeira,120,2,7000,2:04:27,Curitiba
8264,2024/07/10,Ana Clara,m,Mouse,R$800,1,1244,0:31:10,São Paulo
8265,17-02-2023,Ana Clara,,Teclado,R$120,1,,59m,Curitiba
8266,23-02-2024,Maria Souza,m,Monitor,R$3500,3,360,0h 9m,São Paulo
8267,2023-05-10, João Silva ,MASCULINO,Monitor,R$1200,1,50,1h 37m,São Paulo
8268,2023/07/22, Pedro Alves ,Masculino,Notebook,3500,1,3549,2h 21m,Rio de Janeiro
8269,19-09-2024,,Feminino,Teclado,R$50,3,360,1:35:39,Porto Alegre
8270,2023/11/28,Ana Clara,Masculino,Mouse,R$3500,1,3503,,Curitiba
8271,2023-08-25,Ana Clara,M,Mouse,"R$ 800,00",2,240,2:14:47,Belo Horizonte
8272,16/11/23, João Silva ,F,Teclado,"R$ 1.200,00",1,3500,0h 38m,Belo Horizonte
8273,2024/06/19, João Silva ,Masculino,Mouse,R$3500,3,10500,,Curitiba
8274,10-01-2023,Maria Souza,Feminino,Notebook,"R$ 1.200,00",2,7000,2h 52m,Curitiba
8275,2023/01/25, João Silva ,,Cadeira,"R$ 50,00",2,2400,157m,Porto Alegre
8276,01-01-2023, João Silva ,F,Cadeira,800,1,,16m,Porto Alegre
8277,2023/09/11,,Masculino,Notebook,"R$ 120,00",2,2379,0h 56m,Belo Horizonte
8278,25-10-2024, Pedro Alves ,,Monitor,"R$ 3.500,00",1,,0:43:09,Curitiba
8279,11/05/24, João Silva ,F,Cadeira,800,1,800,129m,Rio de Janeiro
8280,2023/05/02, João Silva ,Masculino,Teclado,1200,1,1200,,Curitiba
8281,2023-01-03,Carlos Lima,M,Monitor,3500,3,10500,,Curitiba
8282,2023/04/27,Ana Clara,MASCULINO,Cadeira,R$1200,2,7000,3h 21m,São Paulo
8283,02-02-2024,Carlos Lima,Feminino,Cadeira,120,2,,,Curitiba
8284,14-06-2023, Pedro Alves ,,Mouse,120,3,,1:00:55,Curitiba
8285,07/02/24,Carlos Lima,Feminino,Notebook,"R$ 50,00",3,,2:35:28,Curitiba
8286,06/06/24, Pedro Alves ,Feminino,Teclado,"R$ 1.200,00",1,3500,,Belo Horizonte
8287,2024/02/26, João Silva ,f,Cadeira,3500,2,2400,1h 40m,Porto Alegre
8288,2023/05/25,Carlos Lima,m,Monitor,R$50,3,150,1:19:33,Rio de Janeiro
8289,24/01/24,Ana Clara,F,Notebook,R$1200,1,120,1h 29m,Belo Horizonte
8290,13/11/23,,M,Teclado,50,1,3500,,Rio de Janeiro
8291,2024-07-09,Maria Souza,Masculino,Notebook,R$120,2,,1h 36m,Rio de Janeiro
8292,22/10/24, Pedro Alves ,Masculino,Mouse,"R$ 50,00",2,,,Curitiba
8293,2023-04-28,,,Notebook,"R$ 120,00",1,1200,0:33:08,Belo Horizonte
8294,2023-12-09,Carlos Lima,f,Monitor,"R$ 50,00",2,240,,Porto Alegre
8295,05-12-2023,Ana Clara,F,Notebook,50,1,120,0h 11m,São Paulo
8296,2023-08-27,Maria Souza,Masculino,Monitor,"R$ 3.500,00",3,,59m,Rio de Janeiro
8297,02-03-2023,Carlos Lima,f,Monitor,"R$ 1.200,00",3,2400,1:27:40,Belo Horizonte
8298,2023-02-11,Carlos Lima,,Mouse,50,2,7000,1h 44m,São Paulo
8299,2024-06-25,Maria Souza,m,Monitor,50,3,360,1:15:04,Rio de Janeiro
8300,08/10/23,Ana Clara,F,Notebook,"R$ 120,00",2,,61m,São Paulo
8301,2024-05-25,Carlos Lima,Feminino,Teclado,800,2,2400,0h 46m,Porto Alegre
8302,24/08/24, João Silva ,Feminino,Monitor,"R$ 50,00",1,1223,2:24:43,Belo Horizonte
8303,2023-04-07,Carlos Lima,,Notebook,R$120,3,3600,,Belo Horizonte
8304,23-01-2024, João Silva ,Masculino,Cadeira,R$120,2,257,0:44:15,Rio de Janeiro
8305,20-07-2024,,Feminino,Monitor,800,1,3500,2h 21m,Porto Alegre
8306,18-12-2023,Carlos Lima,Masculino,Teclado,R$800,1,3500,1h 6m,Porto Alegre
8307,2023-06-06, João Silva ,m,Monitor,"R$ 1.200,00",1,50,2h 45m,Rio de Janeiro
8308,2024/10/01,Ana Clara,MASCULINO,Monitor,R$1200,1,1200,2h 40m,Curitiba
8309,13/07/23, João Silva ,MASCULINO,Teclado,120,1,120,3h 7m,São Paulo
8310,07/01/24,Carlos Lima,Feminino,Mouse,R$800,1,3500,,Belo Horizonte
8311,26-12-2024,Ana Clara,M,Mouse,R$3500,3,10500,1h 51m,Rio de Janeiro
8312,23/03/23,Carlos Lima,f,Cadeira,800,2,240,1h 36m,Rio de Janeiro
8313,2024/04/09,Carlos Lima,Masculino,Monitor,R$800,2,1600,50m,Belo Horizonte
8314,21/01/23, Pedro Alves ,m,Cadeira,"R$ 800,00",3,150,42m,Rio de Janeiro
8315,2023-04-05, Pedro Alves ,,Notebook,R$120,3,10500,2h 57m,Belo Horizonte
8316,2024-12-14, João Silva ,f,Teclado,R$3500,1,,2:27:34,Curitiba
8317,03/12/23,Carlos Lima,,Cadeira,3500,2,2400,0h 22m,São Paulo
8318,2024/01/08, Pedro Alves ,Feminino,Teclado,R$3500,1,82,1h 44m,Belo Horizonte
8319,06-02-2023,Ana Clara,m,Mouse,"R$ 50,00",2,1600,,Porto Alegre
8320,02/10/23,Carlos Lima,M,Mouse,"R$ 1.200,00",1,33,,Curitiba
8321,2023-02-04,Carlos Lima,,Notebook,"R$ 3.500,00",3,10456,3h 56m,Porto Alegre
8322,2023/03/14,Maria Souza,MASCULINO,Monitor,R$120,2,,,Porto Alegre
8323,2023/01/20, João Silva ,Masculino,Cadeira,"R$ 1.200,00",1,120,3h 32m,Curitiba
8324,2023-12-01, Pedro Alves ,f,Teclado,50,1,,1:07:38,São Paulo
8325,2024/02/14,Maria Souza,Feminino,Monitor,"R$ 120,00",2,,179m,Porto Alegre
8326,2023/08/10,,m,Teclado,R$50,2,1606,135m,Rio de Janeiro
8327,2023/04/16,Ana Clara,Feminino,Teclado,"R$ 800,00",2,,1:34:49,Porto Alegre
8328,2023-11-07,Ana Clara,m,Monitor,R$50,1,800,1h 41m,Porto Alegre
8329,16-09-2024, Pedro Alves ,Feminino,Cadeira,"R$ 800,00",3,,1h 36m,Rio de Janeiro
8330,03-04-2024,,F,Cadeira,R$50,2,240,3h 18m,São Paulo
8331,2023-02-28,Ana Clara,f,Cadeira,"R$ 3.500,00",2,1600,100m,Belo Horizonte
8332,02/07/23, Pedro Alves ,m,Mouse,120,3,10500,,Curitiba
8333,15/12/24,Carlos Lima,m,Monitor,"R$ 1.200,00",1,120,,Curitiba
8334,2023/12/10, Pedro Alves ,F,Cadeira,"R$ 50,00",1,120,142m,Curitiba
8335,2023-07-08,,f,Notebook,1200,2,100,122m,Belo Horizonte
8336,06/11/24,Ana Clara,m,Teclado,"R$ 800,00",2,7000,146m,Porto Alegre
8337,2023/04/24,Ana Clara,F,Monitor,"R$ 800,00",3,10491,133m,Curitiba
8338,2024/01/25,Ana Clara,Masculino,Monitor,"R$ 3.500,00",3,2400,116m,Curitiba
8339,2023-05-11,Maria Souza,MASCULINO,Mouse,"R$ 800,00",3,150,0h 1m,São Paulo
8340,2023-09-06,Maria Souza,F,Monitor,120,2,,,Porto Alegre
8341,2023/12/14, Pedro Alves ,Feminino,Teclado,"R$ 50,00",2,2400,,São Paulo
8342,26/03/24,Maria Souza,M,Mouse,R$120,1,1200,1h 54m,Curitiba
8343,17-04-2023,,Masculino,Cadeira,R$50,3,3600,0h 50m,São Paulo
8344,2023/08/12,Carlos Lima,F,Cadeira,800,1,13,136m,Curitiba
8345,09-10-2024,Maria Souza,,Teclado,50,3,,,Porto Alegre
8346,2023-12-23,Ana Clara,Feminino,Monitor,3500,1,50,,Curitiba
8347,20/11/23,,f,Cadeira,R$120,1,50,3h 46m,São Paulo
8348,2024-04-22, Pedro Alves ,m,Monitor,"R$ 50,00",1,70,2h 18m,Porto Alegre
8349,20/04/24, João Silva ,MASCULINO,Teclado,3500,2,2352,3h 57m,São Paulo
8350,03/04/24,Ana Clara,f,Monitor,R$50,2,2400,134m,Curitiba
8351,27/05/23, Pedro Alves ,MASCULINO,Cadeira,R$800,3,,2h 0m,Rio de Janeiro
8352,2024-01-02,Maria Souza,M,Notebook,R$1200,2,240,,São Paulo
8353,2023/11/26,,MASCULINO,Monitor,"R$ 120,00",3,360,,Rio de Janeiro
8354,07/05/24, João Silva ,F,Teclado,R$800,1,120,2:32:36,Rio de Janeiro
8355,24/12/23,Maria Souza,M,Mouse,R$50,2,,0h 19m,São Paulo
8356,23/11/24, João Silva ,,Monitor,800,1,120,,Belo Horizonte
8357,2023/12/01, João Silva ,MASCULINO,Notebook,R$800,2,,164m,Porto Alegre
8358,01/11/23,Maria Souza,f,Monitor,"R$ 120,00",3,3600,3h 11m,Porto Alegre
8359,2023-05-11,Ana Clara,Feminino,Teclado,800,3,2400,,Rio de Janeiro
8360,2023/08/13,Ana Clara,f,Teclado,R$50,2,,139m,Belo Horizonte
8361,16-07-2023, Pedro Alves ,,Notebook,"R$ 50,00",1,90,45m,São Paulo
8362,02-11-2024,Carlos Lima,,Monitor,R$120,3,149,26m,Rio de Janeiro
8363,07/05/23,Ana Clara,M,Monitor,50,3,2400,,Porto Alegre
8364,28-06-2024, João Silva ,m,Mouse,R$120,3,150,140m,Rio de Janeiro
8365,24-12-2024,Ana Clara,Feminino,Teclado,"R$ 800,00",1,50,126m,Rio de Janeiro
8366,2023/08/19, Pedro Alves ,M,Mouse,R$120,1,,2:50:03,São Paulo
8367,2024/08/06,Ana Clara,,Notebook,R$1200,1,3500,,Curitiba
8368,27-05-2023,Maria Souza,,Teclado,R$800,2,1600,163m,Rio de Janeiro
8369,20/12/24,Carlos Lima,f,Notebook,120,2,100,1:32:07,Porto Alegre
8370,10-11-2023, João Silva ,f,Teclado,R$1200,2,1600,0h 1m,Porto Alegre
8371,2024-09-06,Carlos Lima,Feminino,Mouse,R$800,3,360,137m,Belo Horizonte
8372,22/01/24,Maria Souza,,Teclado,R$1200,2,100,,São Paulo
8373,26-02-2024,,Feminino,Monitor,"R$ 1.200,00",3,2400,3h 34m,São Paulo
8374,04-11-2024, João Silva ,Feminino,Mouse,"R$ 800,00",3,,3h 44m,Curitiba
8375,02-04-2023,Maria Souza,m,Monitor,"R$ 1.200,00",2,1600,2:33:11,Rio de Janeiro
8376,2024/07/14, Pedro Alves ,MASCULINO,Mouse,"R$ 120,00",2,7000,0h 46m,São Paulo
8377,27/06/23, João Silva ,F,Cadeira,R$800,1,120,153m,São Paulo
8378,2024/04/26,Carlos Lima,M,Cadeira,"R$ 1.200,00",2,100,162m,Curitiba
8379,03/07/23, João Silva ,f,Mouse,R$50,1,120,,Rio de Janeiro
8380,08/05/24,Ana Clara,Feminino,Cadeira,120,3,10500,1:38:32,Belo Horizonte
8381,27-11-2024,,m,Monitor,800,1,3500,55m,São Paulo
8382,2024/11/01,Maria Souza,MASCULINO,Notebook,120,1,800,163m,Curitiba
8383,13/08/24,Maria Souza,,Notebook,800,3,,1h 41m,Rio de Janeiro
8384,2024-09-23,Carlos Lima,Masculino,Cadeira,"R$ 1.200,00",2,6991,0:22:48,Curitiba
8385,2024/10/02,Maria Souza,Feminino,Cadeira,120,1,50,0h 42m,Rio de Janeiro
8386,2023/11/09,Ana Clara,M,Mouse,3500,1,1200,0:16:10,Rio de Janeiro
8387,16-07-2023,,F,Teclado,R$120,3,360,112m,Curitiba
8388,2024-11-22,Maria Souza,F,Notebook,120,2,,2h 15m,Belo Horizonte
8389,2023-03-03,Carlos Lima,m,Cadeira,"R$ 50,00",1,791,0h 37m,São Paulo
8390,08-02-2023,Maria Souza,MASCULINO,Mouse,800,1,,2:00:57,Porto Alegre
8391,04/05/24, João Silva ,MASCULINO,Notebook,R$50,2,,53m,Belo Horizonte
8392,2023/01/25,Maria Souza,,Teclado,"R$ 1.200,00",2,2400,,Porto Alegre
8393,2024/11/21,Ana Clara,M,Monitor,"R$ 50,00",2,7000,18m,Porto Alegre
8394,2024-05-25, Pedro Alves ,Masculino,Monitor,1200,1,120,0h 27m,Curitiba
8395,28/08/24,Carlos Lima,Feminino,Teclado,120,2,240,128m,São Paulo
8396,2024-10-26,Maria Souza,,Notebook,R$120,2,100,100m,Porto Alegre
8397,2023/11/25,Ana Clara,M,Notebook,"R$ 1.200,00",2,240,80m,Rio de Janeiro
8398,2023-02-15,Maria Souza,F,Mouse,"R$ 1.200,00",2,,1:34:38,Belo Horizonte
8399,13-08-2023, João Silva ,Feminino,Monitor,R$50,3,2385,1:22:47,Belo Horizonte
8400,2024/04/27, João Silva ,m,Cadeira,"R$ 800,00",1,120,1h 6m,Belo Horizonte
8401,07-07-2023, Pedro Alves ,M,Monitor,50,2,6955,1h 18m,Curitiba
8402,2024-09-03,Carlos Lima,Feminino,Mouse,50,1,3500,1:36:04,Rio de Janeiro
8403,2023-02-03,,,Cadeira,R$50,1,1200,179m,Curitiba
8404,26/02/23,Ana Clara,m,Mouse,"R$ 800,00",2,,3h 59m,Belo Horizonte
8405,2023-03-19,Maria Souza,F,Cadeira,"R$ 3.500,00",1,50,32m,Curitiba
8406,2024-06-05, Pedro Alves ,f,Cadeira,R$800,2,,1:54:47,Rio de Janeiro
8407,2024-01-02,,Masculino,Cadeira,"R$ 120,00",1,120,171m,Belo Horizonte
8408,2023/02/03, Pedro Alves ,M,Teclado,R$50,1,,1h 19m,Curitiba
8409,26/10/24, João Silva ,m,Notebook,R$1200,3,10500,13m,Curitiba
8410,2024-12-05, João Silva ,F,Mouse,"R$ 800,00",2,1569,3h 8m,Belo Horizonte
8411,2024/02/19,,,Notebook,"R$ 3.500,00",1,,98m,Belo Horizonte
8412,2024-06-10,,Feminino,Cadeira,R$3500,2,,,Curitiba
8413,2023-09-26,Ana Clara,M,Notebook,"R$ 120,00",1,800,3h 53m,Porto Alegre
8414,2024-02-07, João Silva ,F,Notebook,"R$ 120,00",2,2394,,Rio de Janeiro
8415,2023-02-23,,F,Teclado,R$50,3,,1h 9m,Belo Horizonte
8416,14/10/23,Maria Souza,Feminino,Teclado,R$1200,2,,3h 18m,Rio de Janeiro
8417,13-10-2024,,Masculino,Teclado,R$3500,2,2400,144m,Rio de Janeiro
8418,2024/08/02, Pedro Alves ,Masculino,Mouse,120,3,10500,3h 2m,Curitiba
8419,26/07/23, João Silva ,Feminino,Cadeira,R$3500,2,1600,,Curitiba
8420,2024/01/28,Maria Souza,Feminino,Teclado,1200,1,1200,27m,Curitiba
8421,09-01-2024,,,Teclado,R$120,3,10500,156m,Curitiba
8422,2024-02-27, João Silva ,,Cadeira,"R$ 800,00",2,100,0:04:00,Curitiba
8423,2024/05/21,Ana Clara,MASCULINO,Mouse,R$3500,2,100,0:14:46,São Paulo
8424,2023-01-07, Pedro Alves ,M,Cadeira,"R$ 800,00",1,104,0h 43m,São Paulo
8425,2024/03/11,Ana Clara,Feminino,Teclado,"R$ 800,00",2,7005,,Curitiba
8426,2024-05-21,Ana Clara,Feminino,Cadeira,R$50,3,2400,1:00:55,São Paulo
8427,08/03/23, João Silva ,M,Monitor,R$3500,3,360,2:44:44,Porto Alegre
8428,2024-11-17,Ana Clara,f,Monitor,"R$ 3.500,00",3,150,0h 28m,Belo Horizonte
8429,2023-02-05,,F,Notebook,1200,3,3600,2h 46m,Porto Alegre
8430,2023/01/01,,M,Cadeira,50,2,,2:15:42,São Paulo
8431,2024-01-01,,F,Teclado,800,3,,,Rio de Janeiro
8432,2023/02/14, João Silva ,f,Mouse,"R$ 3.500,00",3,360,,Porto Alegre
8433,07/12/23, Pedro Alves ,M,Cadeira,800,3,3600,1:46:05,Curitiba
8434,2024-07-02, Pedro Alves ,MASCULINO,Mouse,R$800,1,800,0:28:40,Belo Horizonte
8435,2024-12-19, João Silva ,Feminino,Mouse,3500,2,1600,,Porto Alegre
8436,2023/03/09,Carlos Lima,m,Mouse,1200,1,152,,Porto Alegre
8437,01-12-2024,Ana Clara,Masculino,Notebook,800,1,800,2h 44m,Belo Horizonte
8438,18/06/23,Ana Clara,m,Monitor,"R$ 1.200,00",3,,,Rio de Janeiro
8439,18/10/24, João Silva ,Masculino,Mouse,"R$ 800,00",1,800,,São Paulo
8440,07/12/23,Maria Souza,Masculino,Notebook,3500,2,1600,75m,São Paulo
8441,2023-11-27, João Silva ,MASCULINO,Teclado,R$800,2,2400,119m,Porto Alegre
8442,05-08-2024,Carlos Lima,MASCULINO,Notebook,50,2,240,2:54:15,Belo Horizonte
8443,2024-05-15,Carlos Lima,,Notebook,R$120,3,3600,3h 34m,Curitiba
8444,17/11/24,Maria Souza,Masculino,Cadeira,120,1,3500,2h 33m,Belo Horizonte
8445,12/05/23,,,Mouse,50,2,,2:17:38,Belo Horizonte
8446,2023/03/12, João Silva ,F,Monitor,"R$ 3.500,00",2,7000,,Rio de Janeiro
8447,2024/11/11,Carlos Lima,M,Teclado,3500,1,,0h 6m,Curitiba
8448,06-04-2024,Ana Clara,f,Notebook,"R$ 120,00",2,7000,0:14:18,São Paulo
8449,11/04/23,,Masculino,Monitor,800,1,120,0:23:38,Porto Alegre
8450,18-10-2023,Maria Souza,Masculino,Teclado,"R$ 3.500,00",1,800,148m,São Paulo
8451,2023-07-01,,,Monitor,R$50,3,,0:16:36,Belo Horizonte
8452,26/04/23,Ana Clara,f,Monitor,"R$ 3.500,00",3,,0:25:26,Rio de Janeiro
8453,26-03-2023,Maria Souza,M,Cadeira,"R$ 800,00",1,800,108m,Rio de Janeiro
8454,05-04-2024,,m,Teclado,"R$ 50,00",3,150,31m,Rio de Janeiro
8455,02/09/24,Maria Souza,f,Cadeira,R$800,3,10500,,Rio de Janeiro
8456,06-01-2024,Carlos Lima,m,Monitor,3500,3,,,Rio de Janeiro
8457,08/12/24, João Silva ,m,Teclado,1200,2,1600,167m,São Paulo
8458,2024-06-23,Maria Souza,Masculino,Cadeira,3500,1,3500,3h 15m,Porto Alegre
8459,14-01-2023,Ana Clara,f,Monitor,120,1,,,Rio de Janeiro
8460,16/12/24,Ana Clara,m,Notebook,"R$ 1.200,00",3,10500,28m,São Paulo
8461,2024-04-09, João Silva ,f,Notebook,R$3500,3,2400,,São Paulo
8462,2023/01/28,Carlos Lima,Feminino,Notebook,R$50,3,10500,2:18:15,Belo Horizonte
8463,2023-01-17,Maria Souza,Masculino,Teclado,120,2,2400,,São Paulo
8464,2024-12-03,Carlos Lima,MASCULINO,Notebook,R$120,2,,,Porto Alegre
8465,17/10/24, Pedro Alves ,,Cadeira,1200,3,10531,,Rio de Janeiro
8466,2024-05-08, João Silva ,f,Notebook,"R$ 800,00",2,117,,Belo Horizonte
8467,2023-06-16, Pedro Alves ,F,Cadeira,1200,3,,18m,Belo Horizonte
8468,12/12/23,Ana Clara,M,Notebook,50,2,,2:45:10,Porto Alegre
8469,21-10-2023,Ana Clara,f,Monitor,3500,3,,138m,Porto Alegre
8470,12/05/24, João Silva ,F,Cadeira,"R$ 3.500,00",2,7000,,Porto Alegre
8471,05/06/23, João Silva ,m,Mouse,"R$ 800,00",3,3600,,Porto Alegre
8472,12/11/24,Maria Souza,,Cadeira,"R$ 800,00",1,50,,Curitiba
8473,12/05/23, João Silva ,,Monitor,R$50,1,800,0h 54m,Belo Horizonte
8474,19-11-2024,,Feminino,Monitor,R$1200,1,120,1:01:29,Porto Alegre
8475,02-01-2023, João Silva ,,Mouse,"R$ 800,00",1,50,1h 33m,São Paulo
8476,2024-06-18,Carlos Lima,f,Notebook,"R$ 50,00",1,800,3h 59m,São Paulo
8477,2023-06-23, Pedro Alves ,MASCULINO,Teclado,"R$ 50,00",2,2400,1h 32m,Rio de Janeiro
8478,26/04/23,,f,Teclado,120,3,150,0:00:56,São Paulo
8479,2024-12-08, João Silva ,f,Mouse,R$50,2,100,3h 48m,Belo Horizonte
8480,28/04/23,,F,Notebook,1200,3,3600,2:55:17,Curitiba
8481,2023/06/24,Ana Clara,M,Mouse,120,2,240,0:39:35,Curitiba
8482,27-02-2023,Ana Clara,m,Mouse,R$3500,2,,,Belo Horizonte
8483,14/02/24, Pedro Alves ,m,Notebook,"R$ 120,00",1,120,31m,Porto Alegre
8484,2023-07-01, João Silva ,m,Notebook,1200,3,3600,,São Paulo
8485,2023/08/16, João Silva ,m,Teclado,R$3500,1,1200,1:16:06,Curitiba
8486,08/12/23,,M,Cadeira,"R$ 1.200,00",1,120,88m,Belo Horizonte
8487,2024-03-06, João Silva ,,Notebook,1200,1,3500,3h 40m,Curitiba
8488,2024/10/10,Carlos Lima,MASCULINO,Cadeira,R$120,3,388,,São Paulo
8489,24-06-2023,Ana Clara,M,Notebook,120,3,10500,0:38:19,Belo Horizonte
8490,14/10/23,,,Teclado,"R$ 50,00",3,3600,22m,Curitiba
8491,2024-04-23, João Silva ,m,Cadeira,R$50,2,2400,2h 47m,Rio de Janeiro
8492,19/11/24,Carlos Lima,,Notebook,"R$ 120,00",3,193,2:28:37,Porto Alegre
8493,2024-09-26,Carlos Lima,MASCULINO,Teclado,"R$ 120,00",3,2400,56m,Curitiba
8494,2024-06-18,,F,Cadeira,120,2,,2h 37m,Porto Alegre
8495,2024/10/18,Maria Souza,F,Teclado,R$1200,1,19,,São Paulo
8496,22-08-2024,Carlos Lima,M,Cadeira,1200,1,120,42m,Porto Alegre
8497,18-02-2023,,f,Teclado,R$120,2,1600,140m,Rio de Janeiro
8498,24-10-2023,Carlos Lima,F,Teclado,"R$ 50,00",1,3500,,São Paulo
8499,2023-03-09, João Silva ,f,Teclado,800,2,2400,130m,Porto Alegre
8500,09-12-2023, João Silva ,f,Cadeira,R$1200,2,2400,1:41:02,Curitiba
8501,27/12/24,Carlos Lima,MASCULINO,Notebook,1200,2,6976,,Porto Alegre
8502,01/02/23,Maria Souza,,Notebook,R$3500,1,1221,0:32:45,São Paulo
8503,14/02/24,Carlos Lima,MASCULINO,Teclado,R$3500,2,1600,3h 19m,Rio de Janeiro
8504,09-12-2024,Carlos Lima,M,Monitor,"R$ 50,00",2,1559,,Curitiba
8505,2024-06-22,Carlos Lima,f,Cadeira,3500,1,800,,São Paulo
8506,2024/04/14,Ana Clara,m,Mouse,R$3500,3,,0h 34m,Rio de Janeiro
8507,15-08-2024,,m,Monitor,"R$ 800,00",2,,0h 50m,Belo Horizonte
8508,03-10-2023,,Feminino,Cadeira,120,2,100,1h 58m,Belo Horizonte
8509,16-04-2023, João Silva ,MASCULINO,Monitor,800,2,240,1:26:27,Curitiba
8510,2024-04-17, Pedro Alves ,,Teclado,3500,2,,,Curitiba
8511,2024/11/05,,f,Teclado,1200,2,2400,2h 2m,Rio de Janeiro
8512,2023-04-27, João Silva ,MASCULINO,Notebook,3500,2,1600,0:02:53,Rio de Janeiro
8513,2023-03-08, Pedro Alves ,Masculino,Notebook,R$3500,1,35,1:17:28,São Paulo
8514,25-05-2024,Maria Souza,F,Notebook,3500,2,7000,,Porto Alegre
8515,12-05-2023,Carlos Lima,m,Teclado,"R$ 50,00",1,,2:36:03,Rio de Janeiro
8516,2024/05/24,Ana Clara,MASCULINO,Teclado,R$50,2,77,36m,Rio de Janeiro
8517,25/12/24,Carlos Lima,Masculino,Teclado,"R$ 120,00",2,1632,86m,Porto Alegre
8518,13-01-2023,Carlos Lima,m,Cadeira,"R$ 3.500,00",1,3500,0h 40m,São Paulo
8519,2024/12/12,Carlos Lima,F,Cadeira,R$800,2,,,Curitiba
8520,12/07/24, Pedro Alves ,Feminino,Notebook,R$3500,3,3603,0h 47m,Rio de Janeiro
8521,10-07-2024, João Silva ,F,Notebook,"R$ 120,00",2,7000,0:26:58,Porto Alegre
8522,24-03-2023, João Silva ,f,Mouse,R$120,3,2400,,Curitiba
8523,11-01-2024, João Silva ,,Notebook,"R$ 800,00",2,1600,26m,Belo Horizonte
8524,2024/06/21,,MASCULINO,Cadeira,"R$ 50,00",3,10500,,Belo Horizonte
8525,10-09-2023,,f,Mouse,"R$ 800,00",2,1600,41m,Curitiba
8526,28-01-2023, Pedro Alves ,F,Cadeira,R$120,1,1200,1:13:32,Belo Horizonte
8527,2023-06-10,Ana Clara,,Notebook,"R$ 120,00",1,120,,Porto Alegre
8528,12/08/23,Carlos Lima,f,Mouse,R$3500,3,2398,62m,Rio de Janeiro
8529,10-05-2024,Ana Clara,f,Monitor,R$3500,1,50,1:55:36,Rio de Janeiro
8530,2024-09-21, João Silva ,F,Notebook,"R$ 50,00",1,1200,133m,Rio de Janeiro
8531,2023-05-12,Carlos Lima,Masculino,Notebook,R$800,2,,,São Paulo
8532,2023-03-12,Maria Souza,f,Notebook,R$800,2,240,26m,Porto Alegre
8533,25-10-2023,,Feminino,Teclado,1200,3,10500,2:15:51,Belo Horizonte
8534,2023/09/06,,M,Mouse,R$3500,1,800,3h 36m,Curitiba
8535,13/11/23,,Masculino,Cadeira,R$120,3,3557,2h 51m,São Paulo
8536,2023-11-03, João Silva ,F,Teclado,50,1,771,,Belo Horizonte
8537,06/07/23,Maria Souza,MASCULINO,Cadeira,"R$ 120,00",1,69,0:27:37,Belo Horizonte
8538,02-12-2024,,M,Notebook,"R$ 1.200,00",2,240,80m,Belo Horizonte
8539,10-07-2023, João Silva ,m,Monitor,R$1200,2,130,,São Paulo
8540,2024/05/13,Carlos Lima,Feminino,Monitor,1200,3,3600,86m,São Paulo
8541,2023/07/14,Carlos Lima,F,Notebook,R$120,1,120,2h 44m,São Paulo
8542,2024-08-23,Maria Souza,MASCULINO,Teclado,R$1200,2,240,158m,Rio de Janeiro
8543,19-08-2024,Ana Clara,F,Monitor,"R$ 1.200,00",2,240,0:03:42,São Paulo
8544,2023/01/24,Carlos Lima,MASCULINO,Teclado,"R$ 800,00",1,50,3h 53m,Rio de Janeiro
8545,24/01/23,Carlos Lima,F,Monitor,800,3,372,0:23:31,Belo Horizonte
8546,2023-01-17, João Silva ,Feminino,Cadeira,R$120,2,2400,,São Paulo
8547,08-10-2023, Pedro Alves ,f,Monitor,"R$ 120,00",1,3518,,Belo Horizonte
8548,15/06/23, João Silva ,f,Mouse,R$120,1,1152,3h 7m,Belo Horizonte
8549,04/10/23,Carlos Lima,f,Monitor,800,1,81,0:25:53,Rio de Janeiro
8550,2024/11/19,Maria Souza,,Teclado,800,2,7000,123m,Belo Horizonte
8551,2023/01/06,,M,Teclado,50,3,3600,1h 26m,Rio de Janeiro
8552,2023/08/06,,M,Mouse,1200,1,,1h 42m,Curitiba
8553,18-01-2023, Pedro Alves ,MASCULINO,Mouse,"R$ 1.200,00",3,156,,Curitiba
8554,2024-05-18,,m,Teclado,"R$ 3.500,00",3,360,2h 0m,Rio de Janeiro
8555,28-04-2024, João Silva ,m,Mouse,"R$ 800,00",1,800,,Curitiba
8556,27/11/24, Pedro Alves ,Masculino,Cadeira,"R$ 800,00",2,286,0h 48m,Porto Alegre
8557,2023-08-02, Pedro Alves ,m,Teclado,"R$ 120,00",3,10500,,Belo Horizonte
8558,15-02-2024,Maria Souza,Masculino,Monitor,"R$ 120,00",2,240,3h 5m,São Paulo
8559,2023-03-19, Pedro Alves ,MASCULINO,Notebook,3500,2,1600,,Belo Horizonte
8560,2024/01/24, João Silva ,MASCULINO,Mouse,"R$ 50,00",1,120,0:01:20,Curitiba
8561,2023/05/20,Carlos Lima,F,Monitor,"R$ 800,00",1,776,3h 23m,São Paulo
8562,2023-06-14,,MASCULINO,Teclado,R$50,2,2400,,Belo Horizonte
8563,2023-03-16,Maria Souza,m,Notebook,R$3500,3,,85m,São Paulo
8564,2024-12-10,Maria Souza,MASCULINO,Teclado,"R$ 3.500,00",2,6980,98m,Belo Horizonte
8565,2024-11-22, Pedro Alves ,m,Mouse,R$800,3,,,Curitiba
8566,19/10/24,,m,Monitor,R$3500,1,825,0:39:29,Rio de Janeiro
8567,2023-02-09,Ana Clara,m,Cadeira,"R$ 1.200,00",1,3450,150m,São Paulo
8568,27-01-2024, João Silva ,M,Teclado,"R$ 3.500,00",1,50,3h 54m,Curitiba
8569,2024/10/18,,M,Notebook,3500,1,1200,3h 51m,Curitiba
8570,2023/02/07, Pedro Alves ,M,Notebook,800,2,240,0h 3m,Belo Horizonte
8571,2024/01/01, Pedro Alves ,F,Monitor,"R$ 120,00",2,240,,Porto Alegre
8572,2024/06/01,Ana Clara,,Notebook,1200,1,50,,São Paulo
8573,2023/09/04, Pedro Alves ,Feminino,Cadeira,"R$ 120,00",2,1641,1h 44m,São Paulo
8574,01-05-2024,,f,Notebook,R$1200,2,137,,Belo Horizonte
8575,2024-06-13, Pedro Alves ,F,Cadeira,R$1200,1,,3h 17m,Belo Horizonte
8576,2023-01-15, Pedro Alves ,F,Notebook,"R$ 1.200,00",2,7000,,Belo Horizonte
8577,01-06-2023, João Silva ,F,Monitor,"R$ 800,00",2,240,159m,Belo Horizonte
8578,23/07/24,,,Notebook,"R$ 120,00",1,28,154m,Belo Horizonte
8579,2023/03/04,Maria Souza,Masculino,Cadeira,3500,3,2400,,Rio de Janeiro
8580,11-09-2024, Pedro Alves ,f,Cadeira,800,1,800,,São Paulo
8581,26/08/24,Ana Clara,Feminino,Mouse,R$120,3,150,0h 1m,Belo Horizonte
8582,2023/05/03,Ana Clara,M,Teclado,"R$ 3.500,00",1,50,0h 6m,Curitiba
8583,2023-03-21, João Silva ,Masculino,Mouse,3500,3,3600,,Rio de Janeiro
8584,15/10/24, Pedro Alves ,f,Mouse,"R$ 800,00",1,1200,1:12:08,São Paulo
8585,2023/12/23,,MASCULINO,Teclado,"R$ 800,00",2,2400,,Rio de Janeiro
8586,2024/04/22, Pedro Alves ,Masculino,Cadeira,800,1,3500,,Rio de Janeiro
8587,26/04/24,Carlos Lima,m,Mouse,120,1,3500,1:52:25,Belo Horizonte
8588,2023/08/16, João Silva ,M,Teclado,120,2,2400,0:16:04,São Paulo
8589,11/12/24, João Silva ,MASCULINO,Teclado,3500,2,100,120m,Curitiba
8590,25-12-2023,,Feminino,Notebook,R$120,2,,,Curitiba
8591,2024/11/02,Maria Souza,MASCULINO,Teclado,3500,1,1236,1:10:38,Porto Alegre
8592,2023/08/01, Pedro Alves ,F,Monitor,1200,3,2364,,Rio de Janeiro
8593,17-11-2023,,Masculino,Mouse,R$800,3,150,3h 20m,Porto Alegre
8594,20-11-2024, Pedro Alves ,MASCULINO,Mouse,R$120,3,10500,2:27:16,São Paulo
8595,08/08/23, Pedro Alves ,m,Mouse,800,1,800,3h 54m,Porto Alegre
8596,2024-07-28, João Silva ,Masculino,Cadeira,"R$ 120,00",3,10500,128m,São Paulo
8597,2023-07-27,Carlos Lima,m,Notebook,"R$ 800,00",3,150,0:08:10,São Paulo
8598,2024-01-27,Maria Souza,F,Mouse,1200,3,150,,São Paulo
8599,2024-07-12,,F,Notebook,3500,3,360,60m,Porto Alegre
8600,21/09/23, João Silva ,f,Teclado,R$800,2,240,103m,Porto Alegre
8601,2024/06/12, Pedro Alves ,,Cadeira,50,2,,,Porto Alegre
8602,05/09/24,Ana Clara,m,Mouse,"R$ 50,00",3,,120m,Curitiba
8603,28/06/24,Maria Souza,f,Cadeira,1200,3,,43m,Curitiba
8604,2024-01-28,Ana Clara,Masculino,Mouse,120,3,,1:53:06,Rio de Janeiro
8605,2024/01/17,Ana Clara,F,Notebook,"R$ 50,00",3,,30m,São Paulo
8606,05-10-2023,Carlos Lima,MASCULINO,Mouse,1200,2,,,Belo Horizonte
8607,2023/03/12,Ana Clara,M,Mouse,R$1200,1,,1:59:26,Belo Horizonte
8608,2024-03-12, Pedro Alves ,Feminino,Mouse,"R$ 50,00",1,120,135m,Curitiba
8609,2024-07-21,Maria Souza,Feminino,Teclado,50,2,253,41m,Curitiba
8610,2023/10/08, Pedro Alves ,Masculino,Cadeira,120,2,7000,2:39:19,Belo Horizonte
8611,2024-08-02, Pedro Alves ,,Mouse,R$50,2,1600,,Porto Alegre
8612,24/02/23, João Silva ,,Notebook,R$120,1,3500,,Belo Horizonte
8613,26-08-2024,Maria Souza,m,Teclado,800,3,150,116m,Curitiba
8614,2023/07/21,Ana Clara,Feminino,Teclado,50,1,120,55m,Porto Alegre
8615,26-01-2024, Pedro Alves ,f,Monitor,R$1200,2,57,,Curitiba
8616,20/09/23, João Silva ,f,Teclado,"R$ 50,00",1,50,1h 18m,Porto Alegre
8617,2024/07/16,Ana Clara,Masculino,Teclado,3500,1,800,146m,Porto Alegre
8618,24/04/24, Pedro Alves ,m,Teclado,1200,3,3600,2h 49m,São Paulo
8619,2024-12-08,Ana Clara,m,Notebook,800,3,2400,0:12:48,Curitiba
8620,2024/02/27, Pedro Alves ,Masculino,Teclado,R$3500,3,3600,0h 4m,Curitiba
8621,2024/07/26,,f,Teclado,R$1200,1,,73m,Rio de Janeiro
8622,28/11/24,Ana Clara,MASCULINO,Mouse,50,2,7006,2:14:47,São Paulo
8623,2023-07-22,Carlos Lima,Feminino,Mouse,1200,2,7000,2:10:26,Belo Horizonte
8624,22-07-2024,,,Mouse,1200,2,100,2:51:02,São Paulo
8625,2024/12/01, João Silva ,Masculino,Notebook,1200,3,,1h 50m,São Paulo
8626,22/12/23,Maria Souza,,Cadeira,3500,1,1200,2h 18m,São Paulo
8627,2023/08/08, Pedro Alves ,F,Teclado,R$120,1,50,1h 51m,São Paulo
8628,2024/11/12,Maria Souza,m,Cadeira,R$50,3,10500,111m,Porto Alegre
8629,06-02-2024,,Feminino,Cadeira,"R$ 1.200,00",1,50,1h 45m,Curitiba
8630,02-04-2023,Carlos Lima,m,Cadeira,50,3,3600,0h 6m,Curitiba
8631,07/07/23, João Silva ,m,Teclado,120,3,3582,,Curitiba
8632,2023-12-04,Carlos Lima,Masculino,Cadeira,50,1,,1h 10m,São Paulo
8633,2024/08/05,,M,Mouse,R$1200,3,2444,3h 35m,Rio de Janeiro
8634,17/01/24,,Masculino,Mouse,"R$ 120,00",1,,1h 35m,Rio de Janeiro
8635,26-10-2024, João Silva ,,Monitor,R$120,1,800,0:49:16,Rio de Janeiro
8636,02-01-2024,Carlos Lima,,Teclado,3500,1,1200,173m,Rio de Janeiro
8637,10-08-2024,Carlos Lima,Masculino,Cadeira,R$50,2,7000,2h 2m,São Paulo
8638,2023/11/25,Maria Souza,,Notebook,R$50,3,360,1:35:33,Curitiba
8639,2024-06-21,,F,Cadeira,R$120,3,,2:54:29,Belo Horizonte
8640,2023/07/16,Carlos Lima,M,Cadeira,"R$ 1.200,00",3,10500,,Curitiba
8641,11-10-2023,Carlos Lima,Feminino,Monitor,"R$ 1.200,00",3,,1h 28m,Rio de Janeiro
8642,13/10/23, João Silva ,F,Cadeira,120,3,3600,,São Paulo
8643,22-11-2024,,MASCULINO,Notebook,"R$ 800,00",1,74,53m,Belo Horizonte
8644,2024-11-13,Ana Clara,m,Cadeira,"R$ 120,00",3,150,,São Paulo
8645,02/10/24,Carlos Lima,M,Mouse,R$3500,1,50,0:20:56,Curitiba
8646,2024-11-06,,Feminino,Cadeira,"R$ 1.200,00",1,3498,,Porto Alegre
8647,2024/02/04,Maria Souza,F,Notebook,"R$ 120,00",3,2400,1:31:08,Belo Horizonte
8648,2024/04/09,Maria Souza,F,Monitor,"R$ 1.200,00",2,2400,99m,Porto Alegre
8649,15-02-2023, Pedro Alves ,f,Cadeira,R$120,2,1600,2:53:45,Curitiba
8650,21/05/24,Carlos Lima,M,Teclado,R$50,2,2400,,Rio de Janeiro
8651,2024-12-28, Pedro Alves ,M,Monitor,"R$ 800,00",3,3600,1h 26m,Curitiba
8652,2024/06/24,Ana Clara,MASCULINO,Cadeira,"R$ 3.500,00",2,240,0h 56m,São Paulo
8653,18-05-2024,Ana Clara,f,Monitor,R$800,1,,1:52:48,Rio de Janeiro
8654,2023/03/04,Ana Clara,,Mouse,R$1200,2,1600,3h 32m,Porto Alegre
8655,14/07/23,Ana Clara,Feminino,Teclado,1200,3,3600,0:34:50,Curitiba
8656,11/05/24, João Silva ,Masculino,Monitor,3500,2,240,,Porto Alegre
8657,2023-03-14,Carlos Lima,Feminino,Notebook,120,2,2400,69m,Belo Horizonte
8658,10/01/23, João Silva ,Feminino,Mouse,R$800,1,1200,1:15:41,São Paulo
8659,2024-01-01,Carlos Lima,f,Cadeira,"R$ 1.200,00",1,1200,170m,São Paulo
8660,2024-07-03,Maria Souza,MASCULINO,Notebook,R$120,1,,3h 15m,São Paulo
8661,2023/06/06,,F,Notebook,R$50,1,1200,50m,Belo Horizonte
8662,2023-05-05, João Silva ,Masculino,Cadeira,"R$ 3.500,00",2,100,126m,Porto Alegre
8663,2023-11-10,Maria Souza,,Mouse,"R$ 3.500,00",1,,,São Paulo
8664,2023/01/08,Ana Clara,,Cadeira,"R$ 1.200,00",3,10461,,Porto Alegre
8665,12/06/23,Carlos Lima,F,Notebook,R$3500,3,,,Rio de Janeiro
8666,22-12-2024,Maria Souza,F,Teclado,R$50,2,,1h 12m,Belo Horizonte
8667,2024/05/25, João Silva ,Masculino,Monitor,R$800,1,800,0h 51m,Belo Horizonte
8668,2023/03/17,Maria Souza,m,Notebook,1200,1,3500,0:05:43,São Paulo
8669,15/10/23,Ana Clara,Feminino,Cadeira,50,2,1600,0:47:57,Belo Horizonte
8670,2024/02/28, Pedro Alves ,MASCULINO,Notebook,50,3,10523,,Belo Horizonte
8671,07/01/23,Ana Clara,M,Monitor,"R$ 1.200,00",1,120,2:27:57,Belo Horizonte
8672,2023-11-06,Maria Souza,m,Cadeira,R$50,2,7000,0:03:20,Porto Alegre
8673,23-03-2024,Carlos Lima,M,Mouse,R$120,1,,,Curitiba
8674,2024-07-07,Maria Souza,,Monitor,800,3,360,3h 9m,São Paulo
8675,27/02/23,Ana Clara,,Mouse,50,2,240,,Rio de Janeiro
8676,20-10-2024, João Silva ,M,Notebook,R$3500,1,,126m,Belo Horizonte
8677,21/02/24, João Silva ,m,Monitor,R$800,1,120,,Belo Horizonte
8678,05/10/23,Carlos Lima,Feminino,Teclado,R$3500,1,3500,1:26:29,Curitiba
8679,19/01/23,Maria Souza,f,Notebook,"R$ 800,00",3,360,1:27:14,Belo Horizonte
8680,2023/04/08, João Silva ,Feminino,Mouse,R$3500,2,100,2h 58m,São Paulo
8681,2023-08-25,Ana Clara,m,Teclado,120,1,,172m,Rio de Janeiro
8682,2024-03-24, Pedro Alves ,f,Cadeira,50,2,,,São Paulo
8683,2023-08-27,Ana Clara,f,Cadeira,120,1,,,Rio de Janeiro
8684,14/08/24, Pedro Alves ,F,Cadeira,"R$ 1.200,00",3,10522,1:55:54,Porto Alegre
8685,07-01-2024,Carlos Lima,,Notebook,R$800,1,120,1h 5m,Porto Alegre
8686,09-11-2023, João Silva ,f,Notebook,"R$ 800,00",3,,0h 35m,Porto Alegre
8687,2024/10/09, João Silva ,M,Notebook,R$3500,3,,1:00:22,Rio de Janeiro
8688,2024/05/16, João Silva ,Masculino,Mouse,50,1,3500,2:41:03,Curitiba
8689,2024-07-02,Maria Souza,m,Teclado,1200,1,3500,1h 20m,Curitiba
8690,2023-05-15,,Feminino,Monitor,R$50,3,150,113m,São Paulo
8691,24-06-2023,Ana Clara,Feminino,Mouse,R$50,2,240,1h 41m,Belo Horizonte
8692,2023/11/08, Pedro Alves ,,Mouse,R$1200,2,2400,2h 57m,São Paulo
8693,2024-09-02,Ana Clara,Masculino,Notebook,R$3500,2,2400,109m,Porto Alegre
8694,2024-01-19,,f,Mouse,R$120,2,7000,1:28:50,Belo Horizonte
8695,26/01/23,,MASCULINO,Cadeira,"R$ 50,00",3,2422,3h 4m,Belo Horizonte
8696,2023-12-23, João Silva ,Feminino,Mouse,120,3,2400,2h 20m,Rio de Janeiro
8697,24-03-2024,Carlos Lima,MASCULINO,Teclado,"R$ 50,00",1,120,1:59:59,Rio de Janeiro
8698,08/08/23,Maria Souza,M,Monitor,R$1200,1,120,0:58:06,Belo Horizonte
8699,21/02/23,Carlos Lima,Feminino,Mouse,50,2,7000,0:51:55,Rio de Janeiro
8700,14/12/23,Carlos Lima,M,Notebook,R$800,3,10500,2:00:51,Rio de Janeiro
8701,16-03-2023,,M,Mouse,50,2,2450,2:56:47,Rio de Janeiro
8702,2024/03/22, Pedro Alves ,M,Teclado,1200,2,100,1h 25m,Curitiba
8703,23/08/24,Ana Clara,m,Monitor,"R$ 800,00",2,2400,1h 59m,São Paulo
8704,09-12-2024,Ana Clara,M,Teclado,"R$ 120,00",3,2400,179m,São Paulo
8705,2023/10/23, Pedro Alves ,,Mouse,R$50,3,150,2h 38m,Porto Alegre
8706,24/07/23, Pedro Alves ,MASCULINO,Monitor,R$50,2,7000,,Curitiba
8707,04/01/23,Carlos Lima,f,Teclado,R$120,2,2400,0:09:35,Porto Alegre
8708,21/02/23,Ana Clara,m,Monitor,R$120,2,240,3h 53m,Belo Horizonte
8709,10/01/23, João Silva ,M,Cadeira,R$800,1,,2h 3m,Porto Alegre
8710,13-01-2024,Ana Clara,Feminino,Monitor,R$50,1,1200,0:00:07,Belo Horizonte
8711,10/10/24,Ana Clara,MASCULINO,Mouse,R$3500,3,150,116m,Porto Alegre
8712,28/12/24,Ana Clara,Feminino,Monitor,"R$ 1.200,00",1,,,Porto Alegre
8713,2024/09/24,Maria Souza,M,Cadeira,"R$ 1.200,00",1,3500,31m,Curitiba
8714,26/05/24,,f,Notebook,50,2,100,,Rio de Janeiro
8715,12-01-2024, João Silva ,f,Mouse,R$50,3,,,Belo Horizonte
8716,2023/03/25,,m,Notebook,R$120,2,7035,,Porto Alegre
8717,28-02-2023,Carlos Lima,Masculino,Notebook,R$3500,2,1600,,Curitiba
8718,2024-06-05, Pedro Alves ,Masculino,Monitor,50,2,240,2:37:43,Curitiba
8719,03/09/23, Pedro Alves ,Feminino,Mouse,"R$ 3.500,00",3,,,Belo Horizonte
8720,2023/01/05,Carlos Lima,,Mouse,"R$ 3.500,00",1,3500,155m,Curitiba
8721,2023-06-10,Ana Clara,Masculino,Cadeira,1200,1,800,3h 21m,São Paulo
8722,2024-06-25,,m,Monitor,"R$ 120,00",1,1200,105m,Belo Horizonte
8723,2023/12/21, Pedro Alves ,Feminino,Monitor,800,1,,0:21:38,Rio de Janeiro
8724,2023/07/23,Maria Souza,F,Mouse,R$50,2,278,1:20:39,São Paulo
8725,23-09-2024, Pedro Alves ,Masculino,Monitor,50,2,240,2h 48m,Porto Alegre
8726,2023/01/03, Pedro Alves ,M,Monitor,1200,2,2400,1h 19m,Belo Horizonte
8727,2023/05/11, João Silva ,MASCULINO,Mouse,50,2,,3h 16m,Belo Horizonte
8728,2024/06/21,Ana Clara,F,Monitor,R$3500,1,,0h 19m,Curitiba
8729,01-01-2024, Pedro Alves ,m,Cadeira,3500,2,2400,46m,Belo Horizonte
8730,03/10/24,Ana Clara,Feminino,Mouse,"R$ 50,00",3,2400,,Belo Horizonte
8731,2023/01/16,Carlos Lima,M,Monitor,"R$ 120,00",1,3500,180m,São Paulo
8732,2023/04/04,,,Cadeira,120,1,800,59m,São Paulo
8733,2023-04-02, Pedro Alves ,,Notebook,50,1,84,0:51:45,Curitiba
8734,23/06/23,Ana Clara,MASCULINO,Mouse,"R$ 800,00",1,,,Rio de Janeiro
8735,19-04-2023,Carlos Lima,Feminino,Monitor,"R$ 50,00",2,2400,0:11:30,São Paulo
8736,21-01-2024,Maria Souza,f,Notebook,"R$ 3.500,00",1,800,55m,Belo Horizonte
8737,08-05-2024,Ana Clara,,Notebook,R$800,1,32,2h 21m,Porto Alegre
8738,22/12/24, João Silva ,,Mouse,3500,2,106,103m,Rio de Janeiro
8739,10/06/23, João Silva ,m,Mouse,R$3500,3,10503,1h 14m,Curitiba
8740,27-10-2023,Carlos Lima,M,Mouse,R$800,3,3589,1:07:44,São Paulo
8741,2023/04/05,Carlos Lima,m,Mouse,800,3,,2h 43m,Belo Horizonte
8742,2024/02/12,Carlos Lima,F,Notebook,800,2,2400,54m,Belo Horizonte
8743,05/09/24,Ana Clara,Feminino,Monitor,3500,1,3500,0:48:38,Porto Alegre
8744,02-11-2023, Pedro Alves ,Feminino,Monitor,50,1,3530,1:53:37,Curitiba
8745,24-09-2023, Pedro Alves ,f,Mouse,R$1200,1,50,2:40:39,Porto Alegre
8746,2023-10-24,Ana Clara,M,Teclado,"R$ 3.500,00",1,120,34m,Belo Horizonte
8747,2023/02/21,Maria Souza,M,Notebook,800,1,,115m,Porto Alegre
8748,15-09-2023,Ana Clara,MASCULINO,Mouse,"R$ 1.200,00",3,2400,,Curitiba
8749,2023-04-04,Maria Souza,,Teclado,R$120,2,,1:55:00,Belo Horizonte
8750,2023-02-03, Pedro Alves ,F,Monitor,120,1,50,49m,Porto Alegre
8751,2023/02/06,,F,Notebook,R$50,3,,0:31:11,Curitiba
8752,2024/12/18,Maria Souza,,Monitor,"R$ 800,00",1,120,1:47:24,Rio de Janeiro
8753,09-02-2024, João Silva ,f,Notebook,R$120,1,1200,0h 34m,Porto Alegre
8754,20/06/24, João Silva ,Feminino,Notebook,R$800,1,3500,2:05:48,Rio de Janeiro
8755,14-01-2024, João Silva ,MASCULINO,Monitor,R$3500,1,800,,Porto Alegre
8756,2023/08/27, João Silva ,,Cadeira,"R$ 3.500,00",3,2428,,Curitiba
8757,2024-01-23,Ana Clara,F,Monitor,R$120,3,10500,2:09:37,Curitiba
8758,24-09-2024,Ana Clara,F,Cadeira,"R$ 800,00",2,7000,0h 6m,Curitiba
8759,2024/02/18,Carlos Lima,MASCULINO,Monitor,50,3,150,0h 26m,Rio de Janeiro
8760,28-08-2023,Ana Clara,Feminino,Notebook,"R$ 3.500,00",3,360,30m,Curitiba
8761,2024-07-06,Maria Souza,f,Cadeira,"R$ 50,00",3,2400,131m,Rio de Janeiro
8762,2023-10-24,,Masculino,Notebook,"R$ 120,00",3,10500,1:09:27,Belo Horizonte
8763,17/09/23,Maria Souza,M,Cadeira,"R$ 120,00",1,,138m,Rio de Janeiro
8764,04-07-2023, João Silva ,m,Notebook,1200,2,260,1:23:42,Belo Horizonte
8765,2024/02/04,,Feminino,Teclado,3500,3,3607,,Belo Horizonte
8766,2023/07/19,,F,Mouse,R$120,3,10500,50m,Porto Alegre
8767,05/03/23,Carlos Lima,,Notebook,800,1,,,Rio de Janeiro
8768,07/05/24,Ana Clara,,Cadeira,R$120,2,7000,1:51:02,Curitiba
8769,2023/07/19,Carlos Lima,M,Mouse,"R$ 800,00",1,3514,,Belo Horizonte
8770,2023/06/12,,m,Cadeira,R$1200,1,773,0:07:42,Belo Horizonte
8771,10/04/24,Carlos Lima,Masculino,Cadeira,1200,2,2400,0:32:15,São Paulo
8772,06/05/24,Carlos Lima,m,Mouse,R$800,2,100,2:12:26,São Paulo
8773,20-09-2023,Maria Souza,Masculino,Cadeira,"R$ 120,00",1,1161,2:04:46,Belo Horizonte
8774,27-12-2023, Pedro Alves ,,Teclado,"R$ 800,00",3,,39m,Rio de Janeiro
8775,2023/12/01, João Silva ,m,Cadeira,"R$ 800,00",3,2381,2:46:10,São Paulo
8776,02/06/23, Pedro Alves ,Feminino,Notebook,120,1,3500,2:55:49,São Paulo
8777,2024/05/06,Ana Clara,Masculino,Teclado,R$120,1,,,Porto Alegre
8778,2023-02-22,Maria Souza,M,Teclado,3500,2,6985,,Curitiba
8779,2024-02-01,Ana Clara,M,Mouse,3500,3,3577,88m,Belo Horizonte
8780,15/12/24, Pedro Alves ,,Teclado,1200,2,,52m,Rio de Janeiro
8781,22-04-2023, João Silva ,Feminino,Cadeira,120,3,,2:02:48,Belo Horizonte
8782,2024-09-09,Carlos Lima,Feminino,Monitor,"R$ 800,00",1,3500,120m,Belo Horizonte
8783,12-02-2023,,Feminino,Notebook,50,1,1200,1:48:42,Rio de Janeiro
8784,06-10-2024, João Silva ,Feminino,Mouse,"R$ 120,00",3,2400,1h 42m,São Paulo
8785,2023-12-13,Maria Souza,Feminino,Monitor,3500,3,2400,27m,Curitiba
8786,06-04-2023, João Silva ,Masculino,Notebook,"R$ 1.200,00",3,,2:56:16,Porto Alegre
8787,16/09/23,,,Teclado,120,1,120,115m,Rio de Janeiro
8788,21-01-2024,Carlos Lima,,Monitor,R$800,3,150,2:34:02,Rio de Janeiro
8789,20/02/23,Maria Souza,M,Cadeira,1200,1,15,3h 20m,Belo Horizonte
8790,18-05-2023,,MASCULINO,Monitor,3500,1,50,15m,Rio de Janeiro
8791,28-12-2023,Maria Souza,m,Mouse,"R$ 50,00",1,1200,0:07:20,Rio de Janeiro
8792,12-05-2024,Carlos Lima,M,Cadeira,R$1200,1,120,143m,Curitiba
8793,2024/08/10, João Silva ,m,Notebook,3500,2,2400,1:50:11,Curitiba
8794,12/04/23,Carlos Lima,f,Mouse,"R$ 50,00",2,240,1h 31m,Porto Alegre
8795,2023/10/06,Ana Clara,,Notebook,R$50,1,50,,São Paulo
8796,2023/12/18,Carlos Lima,MASCULINO,Cadeira,"R$ 50,00",3,360,0h 13m,Belo Horizonte
8797,2024-01-27, João Silva ,M,Notebook,50,2,2400,1:58:03,Porto Alegre
8798,03-08-2023, Pedro Alves ,MASCULINO,Mouse,"R$ 3.500,00",1,120,1h 46m,São Paulo
8799,2024/02/19, João Silva ,f,Notebook,"R$ 50,00",3,10500,0h 35m,Curitiba
8800,2024-02-16,Maria Souza,F,Cadeira,R$120,3,3600,0:50:11,Curitiba
8801,2024-02-17,Maria Souza,f,Teclado,R$1200,3,,0:15:31,Belo Horizonte
8802,02-04-2024,Maria Souza,f,Monitor,R$120,1,120,0h 24m,Rio de Janeiro
8803,14/03/23,Ana Clara,Masculino,Monitor,R$1200,2,100,76m,Porto Alegre
8804,2023/05/28, Pedro Alves ,m,Notebook,1200,3,2400,,Porto Alegre
8805,2023/03/17,Maria Souza,m,Teclado,1200,2,1600,0:08:35,Belo Horizonte
8806,2023/08/24,Ana Clara,Feminino,Cadeira,R$800,1,,0:29:22,Belo Horizonte
8807,11-12-2024,,MASCULINO,Monitor,R$1200,2,240,,Belo Horizonte
8808,2024/12/05,Ana Clara,m,Cadeira,800,2,2400,2:42:30,Belo Horizonte
8809,14/03/23,,M,Mouse,"R$ 1.200,00",1,1200,2:36:16,Porto Alegre
8810,15/07/24,,Feminino,Monitor,120,3,10500,164m,Porto Alegre
8811,03-03-2023,,Feminino,Mouse,R$800,3,3600,,Rio de Janeiro
8812,22/02/24,Maria Souza,M,Notebook,"R$ 800,00",3,3600,,Porto Alegre
8813,19-09-2023, Pedro Alves ,Masculino,Monitor,"R$ 800,00",1,1200,117m,Porto Alegre
8814,12-01-2023,,f,Notebook,800,1,800,0:30:23,Curitiba
8815,14-11-2023,Carlos Lima,F,Cadeira,"R$ 800,00",1,800,1h 22m,Curitiba
8816,11-03-2023, João Silva ,Masculino,Notebook,"R$ 120,00",1,120,,São Paulo
8817,2023/06/19, Pedro Alves ,,Notebook,800,2,7000,,Porto Alegre
8818,2024/02/18,Ana Clara,M,Cadeira,1200,2,100,,Porto Alegre
8819,10-07-2024,Maria Souza,,Teclado,50,2,1600,,Curitiba
8820,24-01-2024,Ana Clara,F,Mouse,800,2,,131m,Rio de Janeiro
8821,2024/04/07, Pedro Alves ,m,Monitor,120,2,6953,,Porto Alegre
8822,2023/04/18, Pedro Alves ,M,Teclado,"R$ 1.200,00",2,,1:45:56,Rio de Janeiro
8823,2024-06-03,Ana Clara,Masculino,Cadeira,120,3,,56m,Rio de Janeiro
8824,2024-01-26,Ana Clara,m,Mouse,"R$ 1.200,00",3,360,,São Paulo
8825,2024-07-18, Pedro Alves ,Feminino,Mouse,3500,3,2400,135m,Belo Horizonte
8826,2023/11/13,,f,Cadeira,120,1,,0:29:57,Porto Alegre
8827,16-10-2023,Ana Clara,,Notebook,800,3,10500,99m,Porto Alegre
8828,15/04/23,Carlos Lima,Masculino,Monitor,"R$ 50,00",2,7000,,Porto Alegre
8829,15/10/24, João Silva ,M,Mouse,"R$ 3.500,00",3,,,São Paulo
8830,2024/10/19,Maria Souza,m,Mouse,R$50,2,100,1:56:06,Curitiba
8831,2024-06-07,Maria Souza,M,Monitor,R$50,2,,60m,Curitiba
8832,2024/09/11, Pedro Alves ,Masculino,Cadeira,R$50,1,50,0:08:35,Curitiba
8833,03-11-2023, João Silva ,m,Teclado,R$50,3,360,90m,Porto Alegre
8834,2023/10/17,,Masculino,Cadeira,R$3500,1,,,Curitiba
8835,2023-02-23, Pedro Alves ,Masculino,Monitor,"R$ 50,00",3,3600,109m,São Paulo
8836,2024/08/04,,f,Teclado,R$3500,1,120,2:20:31,São Paulo
8837,10-12-2023,Carlos Lima,MASCULINO,Mouse,R$800,3,2400,,Curitiba
8838,2024-02-20, João Silva ,f,Cadeira,R$3500,2,100,2:05:27,Curitiba
8839,11-09-2024,Maria Souza,Masculino,Mouse,3500,1,120,151m,São Paulo
8840,2024-01-13,,Feminino,Monitor,R$800,1,3490,2h 30m,Belo Horizonte
8841,22/12/23, João Silva ,M,Monitor,"R$ 50,00",1,,33m,Rio de Janeiro
8842,2024-01-14, João Silva ,MASCULINO,Notebook,"R$ 3.500,00",2,1600,1:17:44,Curitiba
8843,2023-07-09,Maria Souza,F,Cadeira,120,3,10500,2h 58m,Porto Alegre
8844,03-08-2023, Pedro Alves ,F,Mouse,R$1200,1,100,2:39:35,Porto Alegre
8845,27-11-2023,Carlos Lima,M,Notebook,R$800,3,2381,0h 6m,Curitiba
8846,2023/09/01,Carlos Lima,Masculino,Teclado,1200,3,10500,0:09:30,Belo Horizonte
8847,2023/06/21,Ana Clara,F,Cadeira,R$120,1,3500,2:48:40,Belo Horizonte
8848,2023/11/17, Pedro Alves ,m,Cadeira,R$3500,1,50,,Porto Alegre
8849,06/06/24,Carlos Lima,Masculino,Notebook,R$120,2,2400,0:27:13,São Paulo
8850,2024/11/19,Carlos Lima,Masculino,Teclado,R$3500,3,,1:23:39,São Paulo
8851,2023/10/15,,Feminino,Cadeira,R$800,3,10500,150m,Rio de Janeiro
8852,2023/01/08,,m,Mouse,"R$ 3.500,00",2,2400,2h 7m,Rio de Janeiro
8853,2024/05/02,Carlos Lima,MASCULINO,Notebook,"R$ 3.500,00",2,240,0:15:53,Porto Alegre
8854,11/07/23, Pedro Alves ,MASCULINO,Teclado,50,1,1200,1h 41m,Porto Alegre
8855,18/12/23, João Silva ,,Mouse,R$120,2,2400,,Porto Alegre
8856,01-08-2024, Pedro Alves ,m,Notebook,800,1,3500,0h 46m,Porto Alegre
8857,01/06/23,Maria Souza,f,Mouse,3500,1,800,,Belo Horizonte
8858,2023-12-25,Maria Souza,m,Cadeira,R$1200,1,,,Porto Alegre
8859,2023/05/01,Carlos Lima,Masculino,Notebook,"R$ 120,00",1,1243,2h 59m,Porto Alegre
8860,2023/10/18, Pedro Alves ,MASCULINO,Notebook,800,3,3600,3h 44m,Rio de Janeiro
8861,2023-08-28, João Silva ,m,Monitor,3500,1,120,,Rio de Janeiro
8862,2024/06/11, João Silva ,Feminino,Teclado,3500,2,214,75m,São Paulo
8863,2024/06/15,,MASCULINO,Mouse,"R$ 3.500,00",1,3500,123m,Curitiba
8864,2024-02-03, João Silva ,m,Teclado,"R$ 800,00",2,2357,2h 34m,Rio de Janeiro
8865,2024-11-27, Pedro Alves ,,Monitor,"R$ 1.200,00",2,7000,,Porto Alegre
8866,2024-08-06,Carlos Lima,M,Teclado,800,2,,165m,São Paulo
8867,2024/10/17,Carlos Lima,Feminino,Teclado,1200,2,100,1h 54m,Curitiba
8868,06/05/24,Ana Clara,MASCULINO,Teclado,1200,2,97,2:05:51,Porto Alegre
8869,03-04-2023, Pedro Alves ,,Notebook,"R$ 1.200,00",1,,159m,Porto Alegre
8870,2023-04-19,Maria Souza,Masculino,Notebook,R$800,3,,2:52:49,Rio de Janeiro
8871,28/03/24, João Silva ,MASCULINO,Teclado,3500,3,150,,Belo Horizonte
8872,2023/05/20,,Masculino,Mouse,"R$ 120,00",2,7000,,Belo Horizonte
8873,08/05/24, João Silva ,Feminino,Cadeira,1200,1,50,1:41:12,Rio de Janeiro
8874,22/09/23,Ana Clara,Masculino,Mouse,800,1,3500,22m,Porto Alegre
8875,24/01/23, João Silva ,MASCULINO,Mouse,"R$ 3.500,00",3,150,3h 9m,São Paulo
8876,2023-07-23,Carlos Lima,f,Cadeira,"R$ 1.200,00",1,,,Curitiba
8877,2023-03-12,Maria Souza,MASCULINO,Monitor,1200,3,,1:40:01,Porto Alegre
8878,10-12-2024, João Silva ,f,Notebook,R$3500,1,,3h 36m,Belo Horizonte
8879,2023/12/03, João Silva ,MASCULINO,Mouse,R$3500,1,50,,Belo Horizonte
8880,2024-01-20,Maria Souza,F,Teclado,"R$ 3.500,00",3,3600,3h 0m,Porto Alegre
8881,2023-03-23,Carlos Lima,Feminino,Cadeira,120,1,,142m,Rio de Janeiro
8882,20-06-2023,,MASCULINO,Teclado,800,2,240,1:01:39,Belo Horizonte
8883,2023-11-27,Maria Souza,Masculino,Teclado,120,1,50,2:04:12,São Paulo
8884,05/11/23, João Silva ,M,Mouse,120,3,,96m,Porto Alegre
8885,2023-12-16, João Silva ,Feminino,Mouse,R$800,3,2400,0h 51m,Curitiba
8886,17/02/24,Carlos Lima,Masculino,Teclado,"R$ 3.500,00",2,1600,1:20:16,Belo Horizonte
8887,13/09/23, Pedro Alves ,M,Mouse,"R$ 3.500,00",2,1600,85m,Rio de Janeiro
8888,2023-12-25,Maria Souza,Feminino,Notebook,R$800,3,,1h 38m,Belo Horizonte
8889,07-05-2024, João Silva ,,Notebook,"R$ 50,00",1,1200,0:49:07,Porto Alegre
8890,2024-02-09,,F,Teclado,1200,3,2400,,Belo Horizonte
8891,02-06-2023, Pedro Alves ,,Mouse,50,1,120,0h 50m,São Paulo
8892,2023-07-18,,,Notebook,120,2,7000,75m,Porto Alegre
8893,06-02-2024,Maria Souza,Feminino,Monitor,"R$ 3.500,00",2,,1:57:53,Belo Horizonte
8894,2024-03-15, João Silva ,Feminino,Mouse,R$50,3,360,61m,São Paulo
8895,22/05/24, João Silva ,M,Teclado,R$800,1,3477,,Rio de Janeiro
8896,13/05/23,Carlos Lima,F,Mouse,"R$ 50,00",1,3500,55m,São Paulo
8897,07-03-2024,,MASCULINO,Mouse,3500,1,120,13m,São Paulo
8898,10/01/24,Ana Clara,Feminino,Mouse,"R$ 800,00",1,50,161m,São Paulo
8899,2023/11/05, João Silva ,m,Monitor,R$3500,1,800,30m,Porto Alegre
8900,2023/06/15,Maria Souza,M,Cadeira,R$800,1,1200,1h 9m,São Paulo
8901,2024-02-06,Carlos Lima,Masculino,Mouse,800,1,34,2h 54m,Belo Horizonte
8902,2024/01/08,Carlos Lima,f,Teclado,R$800,2,2400,,Porto Alegre
8903,2023-01-14,,m,Mouse,"R$ 50,00",2,100,,Belo Horizonte
8904,2023-08-02,Carlos Lima,,Cadeira,"R$ 800,00",2,7000,34m,Porto Alegre
8905,09-04-2024, Pedro Alves ,Feminino,Monitor,50,3,3600,3h 33m,Rio de Janeiro
8906,08-02-2023,Ana Clara,Feminino,Mouse,120,1,,1:38:24,Curitiba
8907,11-11-2023,Maria Souza,,Teclado,"R$ 120,00",1,1200,2:48:58,São Paulo
8908,14-02-2023,Maria Souza,m,Monitor,"R$ 800,00",3,,3h 40m,Curitiba
8909,2024/05/13,Maria Souza,f,Teclado,"R$ 800,00",1,120,3h 46m,São Paulo
8910,2023-07-23,,M,Monitor,800,2,,,Rio de Janeiro
8911,2023/03/28,Ana Clara,F,Cadeira,800,3,167,52m,Curitiba
8912,2023/11/16,Ana Clara,m,Mouse,R$1200,1,800,33m,Rio de Janeiro
8913,2023/12/27, Pedro Alves ,f,Mouse,1200,2,7000,59m,São Paulo
8914,2023/08/15,Ana Clara,m,Monitor,1200,2,2400,130m,São Paulo
8915,10/03/23,,f,Cadeira,"R$ 800,00",1,3500,19m,Porto Alegre
8916,2024/08/11,Carlos Lima,,Cadeira,"R$ 50,00",3,150,155m,Porto Alegre
8917,2024/01/24,Carlos Lima,f,Monitor,800,1,,110m,São Paulo
8918,01-08-2024,Carlos Lima,MASCULINO,Mouse,"R$ 3.500,00",2,,2:56:19,Curitiba
8919,2024/12/28,Carlos Lima,F,Notebook,1200,2,,2h 14m,Curitiba
8920,17/03/24,Ana Clara,F,Cadeira,R$50,2,,,São Paulo
8921,2023-10-26,Maria Souza,Feminino,Mouse,800,2,2400,2h 50m,Porto Alegre
8922,15/04/23,Maria Souza,Feminino,Notebook,50,2,7006,24m,Belo Horizonte
8923,06/04/24, Pedro Alves ,f,Cadeira,R$800,3,3600,,Rio de Janeiro
8924,10-10-2024, Pedro Alves ,F,Mouse,"R$ 3.500,00",3,3572,150m,Rio de Janeiro
8925,08/09/23,Carlos Lima,f,Notebook,R$800,2,100,105m,Rio de Janeiro
8926,24/03/24, João Silva ,M,Mouse,R$1200,2,1600,1h 15m,Curitiba
8927,2024-06-13,,Feminino,Mouse,"R$ 800,00",1,50,85m,Rio de Janeiro
8928,2023-05-28,,F,Teclado,R$1200,3,360,0h 6m,São Paulo
8929,25-12-2024,Ana Clara,F,Monitor,"R$ 1.200,00",2,7000,,Rio de Janeiro
8930,2024/11/07, João Silva ,Masculino,Notebook,"R$ 3.500,00",1,1200,52m,Rio de Janeiro
8931,2024/08/05, Pedro Alves ,F,Notebook,50,2,1600,126m,Curitiba
8932,2024/05/11,,m,Cadeira,R$3500,1,800,0h 49m,Porto Alegre
8933,2023-03-14, João Silva ,f,Notebook,800,2,7000,,Belo Horizonte
8934,2023-01-11,Maria Souza,M,Teclado,"R$ 3.500,00",1,,,Curitiba
8935,2023-09-27,Carlos Lima,MASCULINO,Notebook,50,2,7000,0:42:52,Curitiba
8936,21/01/24,,MASCULINO,Teclado,R$800,1,800,1:22:39,Rio de Janeiro
8937,03/05/23, João Silva ,f,Notebook,"R$ 50,00",2,1600,0:12:24,Rio de Janeiro
8938,2024-04-18,Ana Clara,Feminino,Teclado,50,1,50,2:30:38,Porto Alegre
8939,2023-10-14,Maria Souza,MASCULINO,Cadeira,"R$ 1.200,00",3,2400,2h 12m,Rio de Janeiro
8940,27/02/23, João Silva ,M,Notebook,"R$ 50,00",1,3480,2:00:09,São Paulo
8941,06-03-2024,Carlos Lima,MASCULINO,Teclado,120,1,1200,141m,Rio de Janeiro
8942,18/05/24,Ana Clara,f,Mouse,"R$ 800,00",2,1600,0:56:02,Porto Alegre
8943,2024/03/10, João Silva ,MASCULINO,Mouse,"R$ 800,00",1,3517,139m,São Paulo
8944,2024/07/14,Ana Clara,m,Mouse,"R$ 800,00",1,120,2h 40m,Curitiba
8945,2023/11/15, João Silva ,Feminino,Monitor,R$50,1,,1h 38m,Curitiba
8946,2023/08/12,,F,Notebook,"R$ 1.200,00",2,2400,81m,São Paulo
8947,2023-11-28,Ana Clara,,Notebook,50,3,10500,167m,São Paulo
8948,2024/05/25,Maria Souza,f,Monitor,R$50,1,120,2h 0m,São Paulo
8949,14-06-2024, Pedro Alves ,,Notebook,R$1200,1,,118m,Curitiba
8950,26-11-2023,Ana Clara,m,Mouse,"R$ 50,00",2,,,Belo Horizonte
8951,2023/04/24,Maria Souza,Masculino,Monitor,50,2,,66m,Belo Horizonte
8952,2023/02/12,Ana Clara,Feminino,Teclado,R$3500,2,2404,2:43:22,Porto Alegre
8953,08-06-2023,,Masculino,Monitor,R$800,3,10500,0:26:10,São Paulo
8954,2024-04-11,Carlos Lima,Feminino,Monitor,"R$ 1.200,00",1,50,1:46:14,Curitiba
8955,2023-12-07, Pedro Alves ,Masculino,Notebook,120,3,2400,125m,São Paulo
8956,2023-02-19,Ana Clara,M,Notebook,"R$ 1.200,00",1,3500,,Porto Alegre
8957,2023-08-09,Ana Clara,F,Notebook,R$3500,3,360,,Curitiba
8958,2024/09/04, João Silva ,M,Teclado,"R$ 1.200,00",2,2400,3h 6m,Curitiba
8959,2024/02/01,,m,Cadeira,"R$ 800,00",3,335,3h 26m,Porto Alegre
8960,2024-03-25,Ana Clara,MASCULINO,Teclado,120,1,120,107m,Belo Horizonte
8961,10-12-2023, João Silva ,f,Notebook,"R$ 3.500,00",2,1600,0:52:33,Porto Alegre
8962,2024-09-23, João Silva ,F,Cadeira,R$1200,2,2372,47m,São Paulo
8963,03-01-2023,Maria Souza,Masculino,Notebook,1200,2,1600,143m,Belo Horizonte
8964,19-11-2023, João Silva ,MASCULINO,Notebook,120,2,2400,,Curitiba
8965,2023/09/23,Carlos Lima,Masculino,Monitor,R$50,3,,75m,São Paulo
8966,2024/08/04, João Silva ,MASCULINO,Mouse,"R$ 1.200,00",2,100,0h 36m,São Paulo
8967,2023-04-10,Ana Clara,,Teclado,R$3500,2,7000,2h 44m,Rio de Janeiro
8968,2023-04-23,Maria Souza,M,Mouse,"R$ 120,00",1,,179m,Curitiba
8969,17/05/24,Maria Souza,F,Mouse,3500,3,360,0:39:47,Porto Alegre
8970,02-09-2023, João Silva ,MASCULINO,Monitor,"R$ 1.200,00",2,1600,2h 26m,Porto Alegre
8971,06-01-2024,Carlos Lima,,Teclado,50,2,7000,,São Paulo
8972,2024/09/14,,f,Cadeira,3500,1,120,0h 54m,São Paulo
8973,2024-04-03, Pedro Alves ,,Mouse,R$3500,2,7000,,Curitiba
8974,2023/02/07, Pedro Alves ,f,Teclado,120,3,2400,0h 48m,Rio de Janeiro
8975,2024-05-05, Pedro Alves ,,Notebook,800,2,,,São Paulo
8976,11-04-2024, Pedro Alves ,M,Notebook,50,1,,128m,Porto Alegre
8977,21/11/23, João Silva ,Masculino,Cadeira,3500,1,3463,,Porto Alegre
8978,2023/02/25,Ana Clara,M,Mouse,"R$ 1.200,00",1,,83m,Belo Horizonte
8979,2023-05-14,Ana Clara,F,Mouse,"R$ 50,00",2,7000,1:51:42,São Paulo
8980,2023-09-17,,f,Teclado,R$3500,1,3500,1h 12m,Belo Horizonte
8981,02-11-2024,Carlos Lima,f,Teclado,1200,2,2367,1h 13m,Rio de Janeiro
8982,06/06/24, Pedro Alves ,m,Monitor,1200,1,120,29m,São Paulo
8983,27-08-2023,,m,Cadeira,"R$ 120,00",2,2400,,São Paulo
8984,2023/12/08, Pedro Alves ,f,Monitor,"R$ 3.500,00",2,1600,,Curitiba
8985,2023/05/06,,,Mouse,R$3500,2,,1h 39m,Curitiba
8986,08/01/23,,,Cadeira,"R$ 1.200,00",2,216,1:18:20,São Paulo
8987,21/12/23, João Silva ,M,Monitor,R$120,3,150,,Porto Alegre
8988,22/11/24,,Masculino,Cadeira,800,2,240,0:13:23,Rio de Janeiro
8989,17-11-2023,,,Monitor,"R$ 1.200,00",3,3600,2:48:47,São Paulo
8990,22/06/23, João Silva ,MASCULINO,Monitor,120,2,,,São Paulo
8991,28-02-2023, Pedro Alves ,F,Notebook,R$3500,1,3500,0h 6m,Porto Alegre
8992,28-10-2024,Ana Clara,Masculino,Cadeira,"R$ 800,00",3,,92m,Belo Horizonte
8993,12-08-2023,,M,Teclado,R$120,3,2400,0h 36m,São Paulo
8994,2023/02/19,Maria Souza,f,Mouse,50,2,240,25m,Porto Alegre
8995,14-03-2023,Maria Souza,Feminino,Notebook,"R$ 1.200,00",1,120,75m,Rio de Janeiro
8996,22-06-2023,Carlos Lima,,Teclado,R$3500,1,3500,1h 31m,Porto Alegre
8997,2023-04-24,,f,Mouse,120,3,,,Belo Horizonte
8998,02-10-2024, Pedro Alves ,f,Cadeira,R$120,3,150,1h 0m,São Paulo
8999,2024-08-14,Maria Souza,m,Cadeira,"R$ 3.500,00",3,,134m,Belo Horizonte
9000,2024/10/22,,,Monitor,"R$ 3.500,00",1,81,149m,Porto Alegre
9001,2023/11/01,,f,Cadeira,R$1200,1,50,,Porto Alegre
9002,2024-08-23,Maria Souza,m,Cadeira,R$120,1,1200,32m,São Paulo
9003,23/03/23,Ana Clara,m,Notebook,"R$ 3.500,00",1,3528,,São Paulo
9004,2023-08-08,Ana Clara,Feminino,Monitor,R$3500,2,7000,33m,Curitiba
9005,21/07/23,Maria Souza,,Notebook,800,3,182,142m,Porto Alegre
9006,15-10-2024,Maria Souza,Feminino,Mouse,"R$ 50,00",3,,0:58:48,Rio de Janeiro
9007,2024-06-16, Pedro Alves ,F,Notebook,R$120,1,1200,,Porto Alegre
9008,16-12-2023,,Masculino,Notebook,800,3,,,Rio de Janeiro
9009,2023-06-26,Ana Clara,f,Teclado,R$120,3,2406,107m,Rio de Janeiro
9010,2024/09/24, Pedro Alves ,F,Teclado,R$50,3,354,2:06:09,Porto Alegre
9011,2024-09-18, João Silva ,MASCULINO,Notebook,"R$ 120,00",1,120,23m,São Paulo
9012,11/10/23, Pedro Alves ,,Monitor,R$120,3,,0h 57m,São Paulo
9013,26/12/23, Pedro Alves ,MASCULINO,Notebook,1200,2,2399,,Rio de Janeiro
9014,10/12/24,Maria Souza,f,Cadeira,120,3,10477,96m,Belo Horizonte
9015,2023/07/25,Maria Souza,M,Teclado,800,2,2400,0:33:00,São Paulo
9016,2023/06/26,Ana Clara,Masculino,Teclado,R$50,2,240,118m,São Paulo
9017,2024-01-20,Ana Clara,Masculino,Notebook,R$800,2,240,,Porto Alegre
9018,14-10-2024, João Silva ,M,Teclado,"R$ 50,00",1,3500,3h 15m,São Paulo
9019,06/04/24,,m,Mouse,"R$ 120,00",3,,1:41:25,Rio de Janeiro
9020,2023-06-05,Ana Clara,m,Cadeira,R$1200,3,150,,São Paulo
9021,2023-11-12,,Feminino,Monitor,"R$ 3.500,00",3,360,1h 35m,Belo Horizonte
9022,28-03-2023, João Silva ,M,Monitor,R$120,1,3500,2:39:35,Belo Horizonte
9023,2024-02-24,,F,Cadeira,R$120,2,1600,,Rio de Janeiro
9024,17/11/24, Pedro Alves ,M,Notebook,"R$ 1.200,00",2,240,1h 27m,Curitiba
9025,12-05-2024,Carlos Lima,M,Cadeira,"R$ 800,00",3,2400,,Belo Horizonte
9026,2024-09-01,,f,Monitor,R$120,3,329,,Curitiba
9027,03/08/24, Pedro Alves ,MASCULINO,Mouse,120,2,,0:06:41,São Paulo
9028,13/01/24,,M,Mouse,R$800,1,800,,Rio de Janeiro
9029,2024/10/03,Maria Souza,Masculino,Monitor,R$800,2,1580,86m,Belo Horizonte
9030,18-02-2024, Pedro Alves ,f,Monitor,R$50,1,133,1:59:42,Belo Horizonte
9031,2024/07/24, Pedro Alves ,M,Notebook,R$120,3,2400,1:15:25,Curitiba
9032,20-05-2024, João Silva ,Masculino,Teclado,"R$ 50,00",2,2400,0:31:23,Curitiba
9033,2023/12/10, João Silva ,MASCULINO,Mouse,R$50,1,1200,27m,Rio de Janeiro
9034,2023-01-25,Carlos Lima,Feminino,Monitor,R$3500,3,360,0:12:47,Porto Alegre
9035,12/04/24,Carlos Lima,Feminino,Notebook,R$800,1,,1h 53m,Porto Alegre
9036,07-05-2023,Carlos Lima,Masculino,Cadeira,1200,2,2400,1:59:42,Curitiba
9037,2024-10-19, João Silva ,Feminino,Cadeira,"R$ 50,00",2,128,,Belo Horizonte
9038,2023-11-16,,F,Monitor,R$800,2,2400,0:49:15,Belo Horizonte
9039,03-12-2024,Maria Souza,Feminino,Teclado,R$800,2,254,0h 6m,Rio de Janeiro
9040,14/04/24,Maria Souza,MASCULINO,Cadeira,R$120,3,2401,,São Paulo
9041,20/02/24,Maria Souza,,Mouse,R$120,2,7000,,Belo Horizonte
9042,2024-10-10,Maria Souza,M,Mouse,800,1,120,,Porto Alegre
9043,10-10-2024, João Silva ,MASCULINO,Teclado,R$120,1,120,3h 59m,São Paulo
9044,03/03/23, João Silva ,MASCULINO,Notebook,"R$ 800,00",3,2400,116m,Rio de Janeiro
9045,10-06-2023,Maria Souza,M,Teclado,"R$ 1.200,00",3,10500,1:16:20,Belo Horizonte
9046,05-11-2023,Maria Souza,MASCULINO,Monitor,"R$ 3.500,00",1,50,,Rio de Janeiro
9047,2024-02-10,Ana Clara,M,Teclado,R$120,2,,10m,São Paulo
9048,2023/07/03,Carlos Lima,F,Mouse,50,2,,2h 2m,Belo Horizonte
9049,18-01-2023,Maria Souza,f,Mouse,800,2,,0h 54m,Porto Alegre
9050,2024-06-27, João Silva ,MASCULINO,Monitor,800,2,2400,1h 58m,Rio de Janeiro
9051,03/12/24,Carlos Lima,F,Mouse,R$3500,2,1600,0:24:53,Porto Alegre
9052,21/04/23,Carlos Lima,F,Cadeira,R$120,2,,57m,Curitiba
9053,03/03/23,Ana Clara,Masculino,Cadeira,R$50,3,3600,3h 58m,São Paulo
9054,2024-11-09,Carlos Lima,F,Teclado,R$120,3,150,128m,Belo Horizonte
9055,2023-01-17,Ana Clara,f,Teclado,R$1200,1,1180,49m,São Paulo
9056,2023/02/02,,MASCULINO,Monitor,"R$ 1.200,00",2,2400,56m,Porto Alegre
9057,2024/01/05, João Silva ,M,Mouse,"R$ 1.200,00",3,,2:21:44,Curitiba
9058,2024/07/10, Pedro Alves ,f,Teclado,"R$ 3.500,00",3,150,2:49:27,São Paulo
9059,2023/08/17,Maria Souza,MASCULINO,Teclado,"R$ 3.500,00",3,,3h 45m,Porto Alegre
9060,2023/09/07,Ana Clara,F,Monitor,R$1200,1,1200,,São Paulo
9061,21-01-2023,Maria Souza,MASCULINO,Teclado,120,1,56,51m,São Paulo
9062,04-07-2024,,m,Monitor,"R$ 1.200,00",2,1600,21m,Rio de Janeiro
9063,2023-09-07, Pedro Alves ,Masculino,Cadeira,50,1,800,174m,Porto Alegre
9064,2023/12/15,Ana Clara,Masculino,Notebook,3500,1,120,,Rio de Janeiro
9065,2024-03-27, João Silva ,Masculino,Cadeira,"R$ 50,00",2,2400,55m,São Paulo
9066,2024-04-19,Carlos Lima,m,Notebook,"R$ 1.200,00",2,1600,101m,Rio de Janeiro
9067,2023-10-17,,,Cadeira,120,1,50,2h 43m,Belo Horizonte
9068,06/03/23, João Silva ,f,Notebook,1200,2,100,2:17:24,Belo Horizonte
9069,2023/06/11, Pedro Alves ,M,Teclado,"R$ 1.200,00",3,,2:52:33,Belo Horizonte
9070,10/09/24,Maria Souza,Masculino,Monitor,R$120,3,,2h 15m,Curitiba
9071,2023/07/19, Pedro Alves ,Feminino,Teclado,R$120,3,107,0:17:14,Porto Alegre
9072,2023/12/28,,Masculino,Mouse,1200,3,150,,Rio de Janeiro
9073,2023-07-22,,,Monitor,"R$ 800,00",3,370,22m,Rio de Janeiro
9074,2023-04-15,,Masculino,Teclado,"R$ 800,00",2,2400,,Curitiba
9075,2023-01-16,Ana Clara,F,Teclado,50,1,,,Porto Alegre
9076,2024/01/16,Ana Clara,,Cadeira,"R$ 3.500,00",1,1200,113m,Belo Horizonte
9077,2024-07-13,Carlos Lima,F,Notebook,R$120,3,,1:19:05,São Paulo
9078,2023-11-03,Maria Souza,Feminino,Monitor,R$3500,3,3600,2h 17m,Curitiba
9079,21/04/23, João Silva ,f,Mouse,120,1,,,Rio de Janeiro
9080,2024-01-18,Maria Souza,f,Mouse,"R$ 3.500,00",3,2400,76m,Porto Alegre
9081,14-08-2023,Maria Souza,MASCULINO,Mouse,R$1200,2,,1:51:11,São Paulo
9082,22-03-2024,,M,Notebook,120,3,399,2:22:00,São Paulo
9083,02-11-2023,,MASCULINO,Monitor,R$120,3,3603,,Belo Horizonte
9084,06-02-2023, Pedro Alves ,f,Cadeira,120,2,240,14m,Belo Horizonte
9085,2023-12-18, João Silva ,Masculino,Notebook,50,3,150,1:44:37,Belo Horizonte
9086,21/08/23,,F,Cadeira,"R$ 3.500,00",2,240,3h 48m,Belo Horizonte
9087,24-10-2024, João Silva ,f,Cadeira,"R$ 50,00",1,1200,,Belo Horizonte
9088,2024/03/24,Maria Souza,Masculino,Monitor,50,2,,0h 9m,Porto Alegre
9089,2024/04/20,,F,Cadeira,R$1200,3,360,83m,São Paulo
9090,06/04/24,,Masculino,Mouse,50,3,,45m,Belo Horizonte
9091,2023/04/28,Carlos Lima,Feminino,Monitor,50,3,117,1:58:24,Rio de Janeiro
9092,2024/03/26, João Silva ,Feminino,Notebook,120,2,7000,1:55:55,Rio de Janeiro
9093,2024-12-20,Maria Souza,M,Mouse,"R$ 120,00",3,,1h 19m,Rio de Janeiro
9094,26/09/23,,MASCULINO,Cadeira,3500,3,2400,1h 46m,Curitiba
9095,2024-04-05, João Silva ,Masculino,Cadeira,"R$ 3.500,00",1,1200,0:12:10,Rio de Janeiro
9096,2024-09-06,,m,Cadeira,50,1,,2:11:35,São Paulo
9097,2024-02-28,,MASCULINO,Monitor,"R$ 3.500,00",1,3500,,Curitiba
9098,13/10/23,Maria Souza,F,Monitor,1200,3,,,Curitiba
9099,2023-10-27,,f,Cadeira,R$50,2,2400,2h 54m,São Paulo
9100,2023/08/02,Carlos Lima,m,Mouse,"R$ 3.500,00",2,,,Curitiba
9101,04-08-2023, João Silva ,F,Teclado,R$800,3,3637,0h 8m,Belo Horizonte
9102,2023/09/24,Carlos Lima,Feminino,Notebook,"R$ 3.500,00",3,150,59m,São Paulo
9103,24/03/24,Maria Souza,MASCULINO,Cadeira,"R$ 120,00",2,100,,Belo Horizonte
9104,01-09-2024, João Silva ,Masculino,Monitor,"R$ 50,00",2,240,,São Paulo
9105,2023/03/16, João Silva ,Feminino,Cadeira,50,1,50,3h 54m,Porto Alegre
9106,17/11/23,Ana Clara,MASCULINO,Notebook,"R$ 800,00",2,2400,123m,Curitiba
9107,02/09/23,Maria Souza,,Teclado,R$120,2,2400,,Rio de Janeiro
9108,26-09-2024, Pedro Alves ,m,Notebook,"R$ 3.500,00",3,150,1:34:58,Curitiba
9109,16/12/23,Maria Souza,Masculino,Teclado,R$120,1,,0h 47m,Curitiba
9110,2023-02-26, João Silva ,Feminino,Cadeira,R$1200,1,50,,Curitiba
9111,09-11-2023,Maria Souza,M,Mouse,800,1,1200,,São Paulo
9112,2023/12/04, João Silva ,F,Notebook,"R$ 800,00",2,7000,1:29:57,São Paulo
9113,2023-09-22, João Silva ,m,Notebook,R$50,1,50,0:17:31,Curitiba
9114,13-03-2023,,Masculino,Cadeira,R$1200,2,2400,1h 21m,Belo Horizonte
9115,2024/12/10, Pedro Alves ,M,Monitor,R$800,2,2400,2:08:51,São Paulo
9116,2023-06-11, João Silva ,m,Notebook,R$3500,2,235,1:22:08,Belo Horizonte
9117,21-08-2024,,MASCULINO,Monitor,R$120,3,10500,0h 40m,Curitiba
9118,04/05/24,,Feminino,Cadeira,"R$ 50,00",3,360,,Porto Alegre
9119,2024-12-23,,F,Mouse,R$1200,1,3500,,Belo Horizonte
9120,2024/01/07, Pedro Alves ,MASCULINO,Notebook,120,1,800,,Porto Alegre
9121,2024-07-21, Pedro Alves ,Feminino,Cadeira,R$120,2,,2h 5m,São Paulo
9122,2024/10/28,Maria Souza,F,Mouse,"R$ 120,00",1,1200,0:54:35,Belo Horizonte
9123,2023-01-25,Carlos Lima,M,Cadeira,50,3,,,Curitiba
9124,2023-04-26,Carlos Lima,Feminino,Notebook,50,2,2400,1h 18m,São Paulo
9125,28/03/23,Ana Clara,Masculino,Cadeira,R$120,2,2400,1h 23m,Curitiba
9126,18/12/23, Pedro Alves ,MASCULINO,Notebook,1200,1,800,1:57:40,São Paulo
9127,2024/10/16, Pedro Alves ,F,Monitor,"R$ 3.500,00",2,100,178m,Porto Alegre
9128,09-07-2024, Pedro Alves ,MASCULINO,Teclado,R$1200,1,800,1:47:36,São Paulo
9129,05/09/23,Ana Clara,f,Notebook,R$120,1,1200,,Curitiba
9130,2024/12/10,Ana Clara,F,Notebook,R$50,3,,48m,Curitiba
9131,06-09-2023,Maria Souza,Feminino,Mouse,R$800,3,150,1h 10m,São Paulo
9132,16/07/23,Carlos Lima,F,Monitor,"R$ 50,00",3,129,179m,Belo Horizonte
9133,17-07-2024,Maria Souza,Masculino,Cadeira,"R$ 50,00",1,795,,São Paulo
9134,2024-09-26, Pedro Alves ,MASCULINO,Teclado,"R$ 50,00",2,100,1:35:53,Belo Horizonte
9135,13/08/24,Maria Souza,MASCULINO,Monitor,800,3,3600,2h 50m,Rio de Janeiro
9136,17-10-2024,Maria Souza,Feminino,Teclado,R$800,1,800,,Belo Horizonte
9137,2024-12-01,Maria Souza,Feminino,Monitor,"R$ 800,00",1,1242,0h 38m,São Paulo
9138,2023-07-12, João Silva ,Feminino,Monitor,120,1,50,,Belo Horizonte
9139,2023-12-23, João Silva ,MASCULINO,Cadeira,"R$ 1.200,00",3,360,,Belo Horizonte
9140,2024/11/05,,M,Teclado,"R$ 1.200,00",1,755,1:28:26,Rio de Janeiro
9141,2024-09-22,,M,Teclado,800,2,1600,121m,São Paulo
9142,2023/08/26,Carlos Lima,MASCULINO,Monitor,50,2,1632,2:27:38,Porto Alegre
9143,09-09-2023,Carlos Lima,M,Monitor,R$50,1,,0h 14m,Porto Alegre
9144,2023/10/21,,F,Mouse,3500,3,,2h 44m,Curitiba
9145,08-07-2023, João Silva ,M,Teclado,50,3,,166m,Belo Horizonte
9146,19-12-2024,Maria Souza,Masculino,Monitor,R$50,2,240,3h 47m,Curitiba
9147,2024-02-06,Ana Clara,m,Cadeira,"R$ 3.500,00",2,1582,,Curitiba
9148,2023/04/05,,F,Monitor,50,3,2400,1:57:47,São Paulo
9149,2024-06-25, Pedro Alves ,m,Mouse,50,1,,3h 6m,Rio de Janeiro
9150,2024/05/23,Carlos Lima,MASCULINO,Mouse,"R$ 800,00",3,3551,56m,Porto Alegre
9151,2023/10/19,,Feminino,Cadeira,"R$ 800,00",3,360,,Rio de Janeiro
9152,2023/01/28, João Silva ,m,Mouse,R$120,1,72,,Porto Alegre
9153,18-11-2023, Pedro Alves ,F,Notebook,"R$ 1.200,00",3,360,151m,Curitiba
9154,16/04/24,Carlos Lima,,Teclado,50,3,2387,121m,Porto Alegre
9155,2023/05/07,Ana Clara,f,Teclado,1200,2,,,Rio de Janeiro
9156,24-01-2023,Maria Souza,M,Monitor,"R$ 1.200,00",1,109,3h 13m,Belo Horizonte
9157,09/04/24,,F,Mouse,R$1200,1,50,120m,Porto Alegre
9158,2023/08/20,Ana Clara,Masculino,Mouse,3500,3,3600,0:18:01,São Paulo
9159,2024/08/28,Carlos Lima,MASCULINO,Monitor,"R$ 800,00",1,1200,3h 58m,Belo Horizonte
9160,2023-05-19, Pedro Alves ,F,Mouse,R$3500,1,814,,Belo Horizonte
9161,2024-09-17, Pedro Alves ,Feminino,Teclado,"R$ 1.200,00",2,100,,Belo Horizonte
9162,05-03-2023, João Silva ,M,Teclado,R$50,3,3600,0:04:10,São Paulo
9163,01/03/23,,f,Teclado,R$50,3,10500,1:07:59,Belo Horizonte
9164,2023-10-14,Ana Clara,,Mouse,"R$ 120,00",3,,93m,Belo Horizonte
9165,18-08-2024,,f,Teclado,"R$ 1.200,00",3,10500,,Belo Horizonte
9166,2023/12/19,,M,Cadeira,R$50,3,,1h 43m,Curitiba
9167,20/06/24, João Silva ,Feminino,Monitor,50,2,240,2:53:17,Belo Horizonte
9168,15/10/23,Ana Clara,F,Cadeira,"R$ 120,00",1,800,,Rio de Janeiro
9169,2023-05-06,Maria Souza,m,Cadeira,R$3500,1,,1:15:58,Belo Horizonte
9170,04/10/24,,,Mouse,120,2,2400,45m,São Paulo
9171,2023/03/28, Pedro Alves ,Masculino,Cadeira,R$120,3,,128m,Rio de Janeiro
9172,2024-08-01,Ana Clara,Feminino,Teclado,R$120,3,2400,0h 29m,Rio de Janeiro
9173,2023/12/07,,Masculino,Notebook,"R$ 50,00",3,150,,São Paulo
9174,2023/03/20, João Silva ,,Cadeira,R$50,3,2400,0h 20m,Curitiba
9175,2023-09-26,,f,Teclado,"R$ 3.500,00",2,234,1:03:17,Porto Alegre
9176,2024-07-17,Maria Souza,f,Mouse,3500,1,50,151m,São Paulo
9177,2023/11/10,,M,Teclado,50,1,,0:40:18,Porto Alegre
9178,2024/06/14, João Silva ,Feminino,Cadeira,"R$ 1.200,00",3,360,1h 25m,Porto Alegre
9179,2023-05-17, João Silva ,M,Teclado,"R$ 3.500,00",3,360,3h 13m,Curitiba
9180,05-09-2023,Ana Clara,M,Monitor,R$1200,3,,2h 21m,Curitiba
9181,15-10-2024,Ana Clara,Masculino,Monitor,"R$ 3.500,00",1,800,2h 51m,Curitiba
9182,05-02-2024,,MASCULINO,Monitor,R$1200,1,800,61m,Rio de Janeiro
9183,24/05/23, João Silva ,Feminino,Notebook,120,3,,96m,Rio de Janeiro
9184,04-07-2023,Maria Souza,f,Cadeira,R$50,2,2400,,Porto Alegre
9185,02/10/23,Maria Souza,F,Notebook,"R$ 800,00",3,,1h 41m,Curitiba
9186,07-06-2023, Pedro Alves ,,Mouse,"R$ 1.200,00",1,1200,1h 53m,Curitiba
9187,2024-01-04,Ana Clara,,Teclado,50,2,240,,São Paulo
9188,18-05-2024, Pedro Alves ,,Notebook,"R$ 800,00",2,240,134m,Porto Alegre
9189,08/04/24,Carlos Lima,m,Teclado,R$50,3,3600,1h 17m,Belo Horizonte
9190,04-04-2023, Pedro Alves ,F,Monitor,800,3,3600,57m,Curitiba
9191,2023/08/12,Maria Souza,f,Teclado,R$50,3,10500,0h 53m,São Paulo
9192,15/05/24,Carlos Lima,F,Monitor,120,1,,,Porto Alegre
9193,2024/04/01,Maria Souza,f,Cadeira,1200,2,,,Curitiba
9194,2024-02-03,,Masculino,Notebook,R$800,3,360,93m,Curitiba
9195,19-09-2023,,,Notebook,"R$ 800,00",1,3500,1h 17m,Rio de Janeiro
9196,2023/02/09,Carlos Lima,MASCULINO,Teclado,R$120,1,800,3h 45m,Porto Alegre
9197,27-03-2024,Ana Clara,m,Mouse,50,3,2400,,Porto Alegre
9198,27-02-2024, Pedro Alves ,MASCULINO,Monitor,R$3500,3,,0h 16m,Curitiba
9199,02/10/23,Carlos Lima,f,Monitor,R$1200,3,382,,Curitiba
9200,2024/02/19, Pedro Alves ,f,Monitor,R$1200,3,150,1h 35m,Curitiba
9201,25/01/23, Pedro Alves ,f,Cadeira,R$1200,2,240,1:37:13,São Paulo
9202,17-06-2024, Pedro Alves ,Masculino,Cadeira,R$800,2,2361,2:04:47,Curitiba
9203,02-09-2023,Ana Clara,F,Mouse,"R$ 120,00",1,3500,0h 39m,Porto Alegre
9204,2024-04-10,Maria Souza,f,Mouse,R$3500,1,92,3h 51m,Belo Horizonte
9205,06-04-2023,Maria Souza,Masculino,Cadeira,50,1,50,126m,Rio de Janeiro
9206,04/06/23,Carlos Lima,Masculino,Mouse,1200,2,240,,Belo Horizonte
9207,2023-09-05,Carlos Lima,MASCULINO,Monitor,50,2,100,0h 0m,São Paulo
9208,2023-03-16,Maria Souza,M,Notebook,R$800,3,3617,,Belo Horizonte
9209,2024-12-18,Carlos Lima,Masculino,Teclado,R$1200,1,1200,145m,Curitiba
9210,2024-12-05, João Silva ,Masculino,Monitor,50,3,360,2h 44m,Rio de Janeiro
9211,2023-04-21,Maria Souza,,Monitor,120,3,2400,31m,Rio de Janeiro
9212,13-03-2024, Pedro Alves ,MASCULINO,Mouse,R$3500,1,800,2h 46m,São Paulo
9213,08-07-2024,,Masculino,Cadeira,"R$ 1.200,00",1,800,,Belo Horizonte
9214,18/08/23,Maria Souza,F,Mouse,R$800,3,2353,1h 55m,Porto Alegre
9215,24/06/23,Carlos Lima,m,Teclado,"R$ 1.200,00",3,150,140m,Curitiba
9216,2023/12/02,,f,Teclado,R$50,3,3600,137m,Porto Alegre
9217,22-12-2023,,MASCULINO,Mouse,R$800,1,,1h 15m,Belo Horizonte
9218,2023/09/11, João Silva ,Feminino,Cadeira,R$120,2,1600,2h 57m,Porto Alegre
9219,2023-07-20,Carlos Lima,Masculino,Teclado,800,3,360,,São Paulo
9220,19/08/23, Pedro Alves ,,Teclado,1200,2,,0:17:30,Porto Alegre
9221,05/05/23,Ana Clara,MASCULINO,Mouse,800,3,2400,2:48:55,Porto Alegre
9222,2023/05/28, Pedro Alves ,F,Cadeira,3500,1,120,1h 23m,Porto Alegre
9223,09-01-2024, Pedro Alves ,MASCULINO,Teclado,R$50,1,3500,,São Paulo
9224,24-01-2023, João Silva ,MASCULINO,Teclado,R$50,1,,,Porto Alegre
9225,07-12-2023,Ana Clara,MASCULINO,Cadeira,50,1,3500,174m,Curitiba
9226,2024-01-02,Maria Souza,F,Cadeira,R$800,1,,3h 42m,Rio de Janeiro
9227,27/04/24, Pedro Alves ,Masculino,Monitor,"R$ 1.200,00",3,2383,1h 4m,Curitiba
9228,2024-10-24,Maria Souza,m,Notebook,R$800,1,120,2h 32m,Belo Horizonte
9229,14-12-2023, João Silva ,MASCULINO,Mouse,50,3,2400,0:35:12,Rio de Janeiro
9230,2023-03-10,Maria Souza,m,Mouse,"R$ 1.200,00",1,120,1h 32m,Rio de Janeiro
9231,2023-04-01,Ana Clara,f,Monitor,50,3,360,0:10:02,São Paulo
9232,25/05/23, Pedro Alves ,M,Mouse,"R$ 50,00",2,2400,1:28:02,Rio de Janeiro
9233,03/03/24, João Silva ,m,Cadeira,"R$ 3.500,00",2,,0:08:56,Rio de Janeiro
9234,16/07/24,,Masculino,Mouse,50,3,3600,0:06:15,Curitiba
9235,21/11/23,Ana Clara,f,Notebook,R$120,3,3600,2h 2m,Belo Horizonte
9236,2023/06/27,,M,Monitor,"R$ 120,00",2,7000,,Porto Alegre
9237,06/06/24, João Silva ,Masculino,Monitor,"R$ 800,00",1,50,35m,São Paulo
9238,2023-02-05,,MASCULINO,Teclado,R$50,3,,43m,São Paulo
9239,2024-12-03,Maria Souza,m,Notebook,R$3500,1,1200,92m,São Paulo
9240,2023-10-27, Pedro Alves ,Feminino,Mouse,R$800,1,120,1:50:15,Belo Horizonte
9241,26/09/24, João Silva ,m,Teclado,50,3,,,Porto Alegre
9242,2023/11/01,Carlos Lima,,Notebook,"R$ 800,00",1,3500,,Belo Horizonte
9243,02-10-2024,Ana Clara,Feminino,Mouse,120,2,6959,2:39:03,São Paulo
9244,18-03-2024,Ana Clara,m,Mouse,R$800,3,3600,1h 39m,São Paulo
9245,2023-05-08,Ana Clara,M,Teclado,800,1,129,1h 17m,Rio de Janeiro
9246,02/06/24,,F,Notebook,"R$ 3.500,00",1,,0h 50m,Rio de Janeiro
9247,2024/05/27,Carlos Lima,f,Monitor,"R$ 50,00",3,,1h 16m,Belo Horizonte
9248,23-05-2024, Pedro Alves ,MASCULINO,Monitor,50,2,240,3h 28m,São Paulo
9249,2024-01-14,Carlos Lima,m,Mouse,R$50,2,100,0h 45m,Porto Alegre
9250,21/12/24,Ana Clara,M,Mouse,R$1200,2,7000,,Rio de Janeiro
9251,2024-06-24,Carlos Lima,MASCULINO,Teclado,"R$ 800,00",1,50,,Belo Horizonte
9252,21/05/24,Maria Souza,f,Notebook,"R$ 120,00",1,800,1:31:39,São Paulo
9253,2023-03-03,Carlos Lima,m,Cadeira,"R$ 1.200,00",3,150,0h 20m,Porto Alegre
9254,2024-02-02,Ana Clara,,Cadeira,50,3,360,32m,São Paulo
9255,2024-09-09,Ana Clara,,Cadeira,R$3500,1,120,2:28:55,São Paulo
9256,12/07/24,Carlos Lima,,Cadeira,R$800,2,1600,,Curitiba
9257,10-05-2024, Pedro Alves ,Feminino,Cadeira,R$800,1,50,0:57:43,Rio de Janeiro
9258,10-11-2024,Ana Clara,MASCULINO,Monitor,120,2,240,2h 25m,Belo Horizonte
9259,2024-05-10,Carlos Lima,,Cadeira,120,2,240,1:44:42,Porto Alegre
9260,27/11/23, Pedro Alves ,F,Mouse,R$50,1,3470,,Rio de Janeiro
9261,2024-10-25,Carlos Lima,Feminino,Monitor,R$1200,1,120,,Belo Horizonte
9262,18-09-2023,Ana Clara,M,Notebook,"R$ 50,00",1,3500,,Porto Alegre
9263,01-08-2023,Ana Clara,Masculino,Monitor,1200,2,100,2h 40m,Porto Alegre
9264,05/07/23, João Silva ,f,Cadeira,"R$ 50,00",3,150,,Curitiba
9265,14/10/24, João Silva ,M,Monitor,"R$ 800,00",1,3500,,Curitiba
9266,2024/11/28,Ana Clara,Masculino,Cadeira,1200,1,3500,2:17:20,Porto Alegre
9267,2023-03-11,Ana Clara,F,Mouse,"R$ 3.500,00",3,10500,2h 28m,Curitiba
9268,2023/12/03,Maria Souza,MASCULINO,Teclado,"R$ 3.500,00",2,2400,1h 18m,São Paulo
9269,2023-06-27, Pedro Alves ,,Notebook,3500,2,,46m,Rio de Janeiro
9270,2023/01/03, Pedro Alves ,,Notebook,R$800,1,3500,1:50:16,Rio de Janeiro
9271,27/01/23, João Silva ,,Notebook,R$800,3,150,111m,São Paulo
9272,2024/04/07, João Silva ,MASCULINO,Notebook,"R$ 50,00",2,,153m,São Paulo
9273,23-01-2024,Ana Clara,f,Cadeira,R$800,3,3600,2h 23m,Belo Horizonte
9274,2024-12-23,Maria Souza,MASCULINO,Teclado,"R$ 800,00",2,100,1:09:03,Curitiba
9275,02/10/24, João Silva ,MASCULINO,Teclado,"R$ 3.500,00",3,,122m,São Paulo
9276,13/06/23,Ana Clara,Feminino,Monitor,R$3500,2,,2:31:29,Porto Alegre
9277,14-09-2023, João Silva ,f,Teclado,800,2,2400,103m,Rio de Janeiro
9278,01-10-2023, João Silva ,MASCULINO,Mouse,R$120,2,100,99m,Belo Horizonte
9279,2023-07-02, Pedro Alves ,MASCULINO,Monitor,"R$ 50,00",1,50,,Rio de Janeiro
9280,07-04-2024, Pedro Alves ,Feminino,Notebook,800,2,,1:19:38,São Paulo
9281,08/03/24,Ana Clara,f,Cadeira,R$120,1,1200,2:19:23,Curitiba
9282,2023/02/02,Ana Clara,Masculino,Mouse,120,1,117,2h 36m,Porto Alegre
9283,2024/06/23,Ana Clara,F,Teclado,"R$ 120,00",1,50,1h 11m,Porto Alegre
9284,06/07/24,,Feminino,Notebook,3500,1,120,1:23:20,Belo Horizonte
9285,2023-03-19,Ana Clara,M,Teclado,R$120,3,360,,Rio de Janeiro
9286,21/12/24, João Silva ,Feminino,Teclado,"R$ 50,00",1,800,1:31:33,São Paulo
9287,2023-11-14,Carlos Lima,M,Notebook,"R$ 120,00",3,154,1h 48m,Belo Horizonte
9288,2023-05-16,Carlos Lima,F,Teclado,R$3500,1,120,,Belo Horizonte
9289,2024-04-08,,M,Cadeira,R$1200,1,,131m,Belo Horizonte
9290,26/02/24,,Masculino,Cadeira,R$120,2,1600,32m,Belo Horizonte
9291,2023/11/19, Pedro Alves ,f,Notebook,"R$ 800,00",1,1200,27m,Belo Horizonte
9292,2024/09/07, João Silva ,m,Mouse,"R$ 1.200,00",1,1200,3h 9m,Porto Alegre
9293,07-10-2023, João Silva ,M,Notebook,R$3500,1,769,0h 47m,Porto Alegre
9294,2024/12/03, João Silva ,Masculino,Mouse,R$800,2,240,0:38:07,Porto Alegre
9295,05-10-2023,Maria Souza,F,Mouse,"R$ 120,00",3,10500,125m,Curitiba
9296,2023/03/04,Carlos Lima,M,Notebook,"R$ 1.200,00",1,90,142m,Porto Alegre
9297,14/03/23, João Silva ,f,Monitor,1200,3,360,150m,Belo Horizonte
9298,07-09-2024,Maria Souza,f,Monitor,R$50,3,360,,São Paulo
9299,2024-10-23,,Masculino,Teclado,"R$ 800,00",3,360,158m,Belo Horizonte
9300,01-01-2024, João Silva ,,Mouse,R$1200,1,96,0h 44m,São Paulo
9301,10/11/23,Maria Souza,MASCULINO,Notebook,R$1200,3,2400,2h 55m,Rio de Janeiro
9302,2024/10/21, Pedro Alves ,,Monitor,800,1,3500,2:50:31,Porto Alegre
9303,06/12/23,Maria Souza,Masculino,Notebook,"R$ 800,00",2,,2h 21m,Porto Alegre
9304,09/11/24, João Silva ,m,Monitor,50,2,240,0:54:32,Rio de Janeiro
9305,03-06-2024,Ana Clara,Feminino,Cadeira,R$1200,2,2400,3h 2m,Rio de Janeiro
9306,2023/08/18, João Silva ,f,Notebook,"R$ 50,00",1,800,29m,Rio de Janeiro
9307,19/12/23,,f,Mouse,"R$ 120,00",3,360,2:16:46,Curitiba
9308,09/04/24,,Feminino,Monitor,R$800,2,240,38m,Belo Horizonte
9309,2024/12/18,Ana Clara,M,Notebook,"R$ 800,00",3,2400,3h 55m,Porto Alegre
9310,2023/04/16,Maria Souza,F,Mouse,R$800,3,2400,1h 27m,Belo Horizonte
9311,13-05-2023,Maria Souza,Feminino,Teclado,R$120,3,360,,São Paulo
9312,2024/12/27, João Silva ,Feminino,Mouse,1200,3,2400,39m,Porto Alegre
9313,20-03-2023,Maria Souza,f,Notebook,800,1,50,129m,São Paulo
9314,28/09/24,Maria Souza,Masculino,Teclado,R$1200,1,120,0:57:42,Belo Horizonte
9315,2024/11/08,Carlos Lima,MASCULINO,Cadeira,R$120,3,150,1:08:24,Curitiba
9316,27-10-2024,Carlos Lima,MASCULINO,Mouse,"R$ 3.500,00",1,50,,Belo Horizonte
9317,18-06-2023,,F,Cadeira,50,3,360,2:05:48,Rio de Janeiro
9318,2024-12-14,Carlos Lima,,Mouse,R$50,1,800,,Rio de Janeiro
9319,09-06-2024,Carlos Lima,F,Cadeira,"R$ 120,00",2,240,,Rio de Janeiro
9320,14/06/24, Pedro Alves ,f,Monitor,800,3,,0:09:15,Curitiba
9321,2024/01/24,Carlos Lima,M,Monitor,3500,1,20,2h 53m,São Paulo
9322,07-02-2023, João Silva ,Feminino,Monitor,3500,3,10500,,Rio de Janeiro
9323,2024/03/02, João Silva ,,Teclado,R$800,2,,0h 17m,Porto Alegre
9324,28/05/24, Pedro Alves ,Masculino,Cadeira,"R$ 120,00",3,150,1h 57m,Curitiba
9325,2023/09/21,Carlos Lima,Feminino,Monitor,1200,1,1200,83m,São Paulo
9326,28/06/23,,M,Mouse,"R$ 1.200,00",3,150,,Curitiba
9327,2023/12/20,,Feminino,Mouse,"R$ 120,00",3,2400,0h 8m,Curitiba
9328,2024-08-24, Pedro Alves ,Feminino,Notebook,120,3,10500,122m,Belo Horizonte
9329,23-12-2024,Ana Clara,Masculino,Mouse,120,2,240,2h 45m,Porto Alegre
9330,2024/01/21,Maria Souza,f,Monitor,R$120,3,3600,,Rio de Janeiro
9331,25/02/23, João Silva ,f,Mouse,R$120,1,3500,,Porto Alegre
9332,01-11-2023, Pedro Alves ,Masculino,Cadeira,R$800,2,1600,1:36:26,São Paulo
9333,26/10/24,Maria Souza,Masculino,Monitor,1200,2,1617,14m,Rio de Janeiro
9334,2023-01-01,Carlos Lima,F,Monitor,R$50,2,7000,,Porto Alegre
9335,2024/04/16,Carlos Lima,Feminino,Notebook,"R$ 50,00",3,360,,Porto Alegre
9336,2023/06/23,Ana Clara,MASCULINO,Monitor,50,3,2400,,Porto Alegre
9337,22-12-2024,Carlos Lima,F,Cadeira,120,3,,,Belo Horizonte
9338,2024/04/08,Maria Souza,,Mouse,120,1,50,,São Paulo
9339,25/09/24,Ana Clara,,Monitor,"R$ 120,00",3,150,2:58:50,Porto Alegre
9340,08-03-2023, João Silva ,f,Teclado,"R$ 3.500,00",2,2400,1h 39m,Curitiba
9341,28/03/24,,,Cadeira,R$50,2,1600,2:03:22,Porto Alegre
9342,28-11-2023,,M,Mouse,R$3500,3,360,2:20:34,Porto Alegre
9343,02/11/23,Carlos Lima,m,Teclado,120,1,120,2:41:26,Belo Horizonte
9344,2024/05/20,,,Notebook,R$3500,1,120,1:37:56,Porto Alegre
9345,2023-10-05, João Silva ,Feminino,Notebook,R$3500,3,10500,75m,São Paulo
9346,2023/12/20,,Masculino,Notebook,120,3,3600,0h 9m,São Paulo
9347,2024-09-01,,,Monitor,1200,1,,109m,Rio de Janeiro
9348,27-07-2024,Ana Clara,Masculino,Mouse,R$50,2,100,3h 35m,Rio de Janeiro
9349,2024-02-20, Pedro Alves ,m,Notebook,R$50,2,,1h 4m,Porto Alegre
9350,2023-09-23,Maria Souza,f,Notebook,800,1,800,132m,São Paulo
9351,18-03-2023,Maria Souza,M,Monitor,"R$ 50,00",3,368,90m,Belo Horizonte
9352,24-09-2024, João Silva ,Feminino,Teclado,"R$ 1.200,00",2,1565,0:01:19,Rio de Janeiro
9353,12-07-2023,,F,Teclado,120,3,,178m,Porto Alegre
9354,14-08-2024, Pedro Alves ,M,Cadeira,3500,2,1579,,Curitiba
9355,27/03/23,Maria Souza,M,Monitor,1200,1,50,1:26:00,Porto Alegre
9356,26-11-2023,,m,Monitor,1200,2,1600,0h 26m,Curitiba
9357,09/06/24,Ana Clara,Masculino,Mouse,3500,2,240,,Porto Alegre
9358,09/04/23,Maria Souza,,Teclado,1200,2,2400,0h 37m,Belo Horizonte
9359,01-10-2023,Ana Clara,Masculino,Cadeira,50,1,,,Rio de Janeiro
9360,2023-09-28,,Masculino,Cadeira,R$800,1,800,0:33:42,Belo Horizonte
9361,07/09/23,Carlos Lima,Feminino,Monitor,R$1200,1,3500,0:32:49,Curitiba
9362,2024-01-05,,m,Mouse,3500,2,7000,73m,Porto Alegre
9363,12/01/23, João Silva ,MASCULINO,Mouse,"R$ 120,00",1,1152,,São Paulo
9364,2023/09/26,Ana Clara,F,Cadeira,R$120,1,3500,0:50:10,Porto Alegre
9365,21/06/24,Maria Souza,,Monitor,"R$ 50,00",1,120,,Rio de Janeiro
9366,2023/08/18, Pedro Alves ,Feminino,Mouse,1200,1,50,0h 22m,Porto Alegre
9367,2023-01-18,Carlos Lima,,Cadeira,"R$ 120,00",1,120,63m,Belo Horizonte
9368,2023/03/22,Carlos Lima,f,Monitor,1200,3,3600,88m,Rio de Janeiro
9369,2023-07-05,Maria Souza,f,Notebook,R$800,1,3501,2h 29m,São Paulo
9370,02-10-2024, Pedro Alves ,f,Notebook,"R$ 1.200,00",2,240,155m,Porto Alegre
9371,2024/06/23,Maria Souza,M,Monitor,R$120,3,,42m,Porto Alegre
9372,2024/07/16, João Silva ,Feminino,Monitor,R$800,1,800,142m,Curitiba
9373,2023-02-27,,Masculino,Notebook,R$800,1,1200,87m,Porto Alegre
9374,2024/06/28, João Silva ,m,Cadeira,"R$ 1.200,00",1,3546,,Belo Horizonte
9375,2023-01-28, Pedro Alves ,f,Monitor,800,3,3610,2:22:39,São Paulo
9376,2024-07-23,,Feminino,Mouse,R$800,3,150,0h 33m,São Paulo
9377,17/06/24, Pedro Alves ,,Mouse,R$800,2,,,Porto Alegre
9378,2024/02/10, Pedro Alves ,MASCULINO,Mouse,R$800,3,3600,,Porto Alegre
9379,07-07-2024,Ana Clara,m,Teclado,R$1200,2,1609,,Curitiba
9380,07/09/23,Carlos Lima,Feminino,Notebook,"R$ 120,00",1,3500,2:17:15,Belo Horizonte
9381,19-06-2024, João Silva ,Feminino,Notebook,1200,2,1600,,Rio de Janeiro
9382,2023/04/19, João Silva ,f,Teclado,"R$ 120,00",1,120,,Curitiba
9383,11/07/23,Ana Clara,m,Cadeira,"R$ 3.500,00",2,,2:49:45,Belo Horizonte
9384,2024/02/02, João Silva ,f,Cadeira,800,1,,,São Paulo
9385,2024-11-06,,Masculino,Monitor,"R$ 50,00",3,2400,3h 34m,Rio de Janeiro
9386,04/10/24, Pedro Alves ,Feminino,Mouse,"R$ 1.200,00",3,10500,0h 10m,Rio de Janeiro
9387,2023-04-10,,Feminino,Monitor,50,3,3600,3h 40m,Curitiba
9388,2024-03-24, Pedro Alves ,M,Cadeira,R$3500,3,2400,1h 9m,Porto Alegre
9389,2024-01-27, João Silva ,m,Mouse,R$120,1,3500,2:40:38,Belo Horizonte
9390,20-12-2023,Ana Clara,M,Monitor,"R$ 1.200,00",1,3500,,Curitiba
9391,12/08/23,Ana Clara,m,Mouse,"R$ 3.500,00",3,360,178m,Belo Horizonte
9392,2024/03/15,Ana Clara,f,Mouse,"R$ 50,00",3,150,1:41:03,Rio de Janeiro
9393,27-04-2023,Ana Clara,f,Notebook,"R$ 50,00",1,135,99m,Rio de Janeiro
9394,2023/12/01, Pedro Alves ,M,Teclado,"R$ 120,00",2,7000,1:42:01,Belo Horizonte
9395,2023-04-17,,M,Teclado,R$1200,3,3600,2:07:20,Rio de Janeiro
9396,2023/08/05, João Silva ,M,Notebook,1200,3,3600,,Rio de Janeiro
9397,2024/05/09,Maria Souza,,Notebook,800,1,3470,1:51:05,São Paulo
9398,2024/05/25, Pedro Alves ,m,Mouse,"R$ 120,00",1,1205,94m,Porto Alegre
9399,2023-07-01, Pedro Alves ,f,Teclado,R$800,1,800,2h 28m,Rio de Janeiro
9400,2023/09/09, João Silva ,f,Notebook,120,2,1600,,Curitiba
9401,27/03/23,Ana Clara,f,Monitor,1200,3,360,,Curitiba
9402,26/01/23,Maria Souza,m,Teclado,R$3500,1,800,85m,Rio de Janeiro
9403,04-07-2023, João Silva ,F,Notebook,R$1200,3,,12m,Rio de Janeiro
9404,02-10-2023, Pedro Alves ,Feminino,Monitor,"R$ 3.500,00",2,7000,2h 14m,São Paulo
9405,13/10/23, João Silva ,MASCULINO,Monitor,"R$ 50,00",3,10500,150m,Belo Horizonte
9406,07/08/23, Pedro Alves ,MASCULINO,Teclado,3500,1,3500,76m,Curitiba
9407,07-05-2024,,F,Monitor,3500,3,360,51m,Porto Alegre
9408,2024-12-10,,Feminino,Teclado,800,1,800,170m,Porto Alegre
9409,2023/06/28, João Silva ,MASCULINO,Teclado,R$1200,1,1200,,Rio de Janeiro
9410,28-11-2024,Maria Souza,MASCULINO,Notebook,R$800,1,120,1:14:37,São Paulo
9411,16/08/23,Carlos Lima,MASCULINO,Notebook,1200,3,10500,0h 17m,Rio de Janeiro
9412,2024-04-23, João Silva ,MASCULINO,Notebook,R$120,2,2400,1:27:11,Rio de Janeiro
9413,2023-02-18,Maria Souza,m,Cadeira,R$800,2,197,,Curitiba
9414,2023-03-08,Maria Souza,f,Teclado,R$120,2,2400,,Porto Alegre
9415,2024-08-07,Ana Clara,F,Monitor,R$120,1,1231,163m,Curitiba
9416,28-02-2023, João Silva ,Masculino,Mouse,"R$ 120,00",2,100,1:41:56,Curitiba
9417,2023-10-13, João Silva ,,Mouse,"R$ 120,00",1,3500,1:07:18,São Paulo
9418,2024/05/08,Carlos Lima,M,Mouse,"R$ 800,00",1,,3h 30m,São Paulo
9419,06/01/24,,,Mouse,120,2,1634,,Belo Horizonte
9420,2024-10-15,Maria Souza,F,Cadeira,R$1200,1,1200,,Rio de Janeiro
9421,12/06/23,Ana Clara,f,Monitor,"R$ 120,00",3,150,,Rio de Janeiro
9422,18/08/24,,,Cadeira,R$50,2,,40m,Curitiba
9423,2023/10/22, João Silva ,f,Notebook,R$50,3,360,1:14:31,Curitiba
9424,2024-04-09, João Silva ,MASCULINO,Mouse,R$50,2,7000,,São Paulo
9425,17/02/24,,MASCULINO,Teclado,R$3500,1,1158,,Curitiba
9426,16/12/23,Ana Clara,M,Mouse,"R$ 120,00",2,,0h 27m,Rio de Janeiro
9427,05/05/24,,f,Notebook,50,1,,0:21:23,Rio de Janeiro
9428,2024-11-26,,Feminino,Cadeira,R$3500,1,,1:46:39,Porto Alegre
9429,2023-07-04, Pedro Alves ,MASCULINO,Cadeira,3500,1,3500,48m,Curitiba
9430,2023/09/04,Ana Clara,f,Monitor,"R$ 120,00",2,,,Belo Horizonte
9431,14-04-2023, Pedro Alves ,Feminino,Mouse,"R$ 50,00",3,3602,2h 10m,Rio de Janeiro
9432,2023/05/19,Ana Clara,Masculino,Monitor,"R$ 120,00",3,,2:07:06,Rio de Janeiro
9433,2023/05/10, João Silva ,Feminino,Cadeira,50,3,3600,2:54:58,Curitiba
9434,01-01-2024,Carlos Lima,,Cadeira,50,3,360,25m,Porto Alegre
9435,04/02/23,Ana Clara,Feminino,Monitor,3500,2,,2h 7m,Rio de Janeiro
9436,2024-01-25, Pedro Alves ,Feminino,Teclado,R$1200,3,10500,2:15:56,Belo Horizonte
9437,11-11-2023, Pedro Alves ,f,Teclado,"R$ 120,00",3,,,São Paulo
9438,05/11/24,Carlos Lima,f,Mouse,"R$ 120,00",2,240,1h 52m,São Paulo
9439,2023/04/15, Pedro Alves ,F,Cadeira,"R$ 3.500,00",2,,0h 7m,Rio de Janeiro
9440,23-05-2023, Pedro Alves ,MASCULINO,Cadeira,3500,2,100,1:00:50,Curitiba
9441,2023-04-28, Pedro Alves ,Feminino,Teclado,"R$ 1.200,00",3,,0:12:09,Curitiba
9442,2024-04-05, João Silva ,F,Cadeira,"R$ 800,00",3,2400,1:06:21,Curitiba
9443,05-11-2023,,M,Mouse,"R$ 3.500,00",2,2379,,São Paulo
9444,22/06/23,Carlos Lima,m,Mouse,R$1200,3,2351,155m,Porto Alegre
9445,06-12-2024,Carlos Lima,Masculino,Cadeira,"R$ 3.500,00",1,50,1h 10m,São Paulo
9446,16-08-2024, João Silva ,M,Mouse,"R$ 3.500,00",2,1556,1h 5m,Curitiba
9447,2023/12/05, Pedro Alves ,F,Mouse,R$120,3,3600,1:55:05,Rio de Janeiro
9448,2024-12-16, Pedro Alves ,m,Cadeira,R$120,3,,3h 29m,Belo Horizonte
9449,13-12-2023,Maria Souza,MASCULINO,Teclado,3500,1,50,3h 12m,Curitiba
9450,20/04/23,Carlos Lima,Masculino,Teclado,1200,1,,,Belo Horizonte
9451,03/11/24, João Silva ,M,Cadeira,R$3500,1,,,Rio de Janeiro
9452,2024/05/24,Maria Souza,MASCULINO,Teclado,R$800,3,150,177m,Belo Horizonte
9453,21/12/23,Ana Clara,,Teclado,"R$ 50,00",2,,0:24:20,Rio de Janeiro
9454,2024/03/27, João Silva ,Feminino,Notebook,R$50,2,240,0:33:16,Curitiba
9455,28/01/23, Pedro Alves ,Masculino,Mouse,50,2,228,128m,São Paulo
9456,07-04-2024,Ana Clara,m,Teclado,800,1,50,,Rio de Janeiro
9457,05/09/23, João Silva ,Masculino,Notebook,R$800,3,392,0h 52m,Curitiba
9458,2024/04/11, Pedro Alves ,M,Teclado,"R$ 50,00",2,,1:54:17,Curitiba
9459,2024/11/16,Carlos Lima,M,Teclado,50,2,7000,,Curitiba
9460,16/05/23, João Silva ,F,Teclado,1200,3,150,1h 9m,Belo Horizonte
9461,01/04/23,Carlos Lima,MASCULINO,Cadeira,50,2,100,,Rio de Janeiro
9462,2024-07-26, Pedro Alves ,F,Mouse,R$50,3,360,68m,Rio de Janeiro
9463,2023-08-05, João Silva ,M,Notebook,"R$ 120,00",1,1200,0h 3m,Porto Alegre
9464,18-10-2024, Pedro Alves ,F,Mouse,"R$ 50,00",1,1200,,Porto Alegre
9465,24/11/23,Maria Souza,MASCULINO,Monitor,R$800,2,1627,,Belo Horizonte
9466,22/09/24,Carlos Lima,f,Teclado,R$50,2,2400,,Curitiba
9467,2024-04-28, João Silva ,M,Cadeira,R$3500,2,2400,98m,Belo Horizonte
9468,19/12/23,Ana Clara,m,Monitor,"R$ 1.200,00",1,800,0h 27m,São Paulo
9469,06/04/23, João Silva ,,Teclado,"R$ 50,00",2,1600,2h 28m,Curitiba
9470,03-01-2023,,Masculino,Teclado,120,3,,0h 46m,São Paulo
9471,2024/07/26, Pedro Alves ,Masculino,Notebook,3500,3,3600,1:54:46,Curitiba
9472,10-09-2024,Ana Clara,F,Cadeira,"R$ 800,00",1,3500,,Belo Horizonte
9473,27/03/24, João Silva ,M,Cadeira,"R$ 50,00",1,120,,Rio de Janeiro
9474,2024-03-19,Maria Souza,M,Notebook,R$1200,2,240,1:36:46,Rio de Janeiro
9475,07/11/24,Maria Souza,M,Teclado,"R$ 120,00",1,3500,28m,Curitiba
9476,22/01/24,Ana Clara,m,Teclado,R$120,3,360,2:48:09,Porto Alegre
9477,2023-08-03,Maria Souza,Feminino,Cadeira,R$800,3,2400,,Belo Horizonte
9478,15-06-2024, João Silva ,F,Mouse,"R$ 800,00",2,1581,1:21:37,Rio de Janeiro
9479,25-10-2023,Maria Souza,M,Cadeira,"R$ 3.500,00",3,10500,,Belo Horizonte
9480,07-05-2024,Ana Clara,F,Teclado,"R$ 800,00",3,,1h 10m,Belo Horizonte
9481,06-08-2024, Pedro Alves ,,Notebook,"R$ 120,00",2,,,Belo Horizonte
9482,2023/10/16,Carlos Lima,,Notebook,R$3500,2,100,36m,Porto Alegre
9483,2024-08-01,Maria Souza,MASCULINO,Notebook,1200,3,3600,2h 31m,São Paulo
9484,23/02/23,Ana Clara,,Cadeira,"R$ 1.200,00",1,800,0h 36m,Belo Horizonte
9485,08/09/24,Maria Souza,F,Teclado,R$1200,2,1600,1:40:14,Curitiba
9486,26-03-2023,Maria Souza,Feminino,Mouse,"R$ 50,00",2,240,2h 8m,Rio de Janeiro
9487,05/08/24, João Silva ,Masculino,Monitor,1200,2,1600,46m,Porto Alegre
9488,10/10/23,,m,Cadeira,R$800,1,3500,13m,São Paulo
9489,08-06-2023,Ana Clara,F,Cadeira,R$50,3,150,20m,São Paulo
9490,2024/08/16, João Silva ,M,Monitor,R$50,1,803,146m,São Paulo
9491,2024-04-09,Carlos Lima,M,Monitor,R$800,1,3500,2h 44m,Curitiba
9492,08-04-2023,Ana Clara,f,Teclado,R$1200,2,100,2:11:51,Rio de Janeiro
9493,20/11/23, Pedro Alves ,MASCULINO,Mouse,R$120,1,3500,,São Paulo
9494,2024-09-07,Carlos Lima,Feminino,Cadeira,"R$ 1.200,00",3,2400,1:00:22,Belo Horizonte
9495,09/09/24, Pedro Alves ,,Cadeira,"R$ 800,00",1,56,54m,Rio de Janeiro
9496,14-05-2023, João Silva ,MASCULINO,Notebook,1200,3,3564,2h 0m,Belo Horizonte
9497,21-05-2024,Maria Souza,f,Monitor,"R$ 50,00",2,1600,145m,Rio de Janeiro
9498,15-06-2023, Pedro Alves ,M,Cadeira,120,1,120,1:00:02,Rio de Janeiro
9499,2023-07-10,Carlos Lima,Masculino,Mouse,3500,2,7000,,Curitiba
9500,2024/07/05, João Silva ,f,Mouse,R$3500,2,,1h 4m,Porto Alegre
9501,2024-10-24, Pedro Alves ,m,Cadeira,1200,2,7000,0:44:10,Rio de Janeiro
9502,18-01-2023,Maria Souza,M,Monitor,"R$ 3.500,00",3,150,3h 55m,Rio de Janeiro
9503,24-03-2023,Ana Clara,Masculino,Notebook,R$1200,1,129,1h 22m,Belo Horizonte
9504,19/09/24,Ana Clara,M,Cadeira,R$120,2,,135m,Porto Alegre
9505,18-07-2024,Carlos Lima,m,Mouse,R$1200,2,1600,46m,São Paulo
9506,21-10-2024,Ana Clara,F,Monitor,R$120,3,,3h 9m,Curitiba
9507,2024/08/11,,M,Notebook,120,3,10500,,Porto Alegre
9508,2023/08/05, João Silva ,Masculino,Monitor,R$50,2,1600,3h 45m,Curitiba
9509,25-01-2023,,Feminino,Notebook,120,2,1600,1h 6m,São Paulo
9510,2023-03-01, João Silva ,m,Cadeira,"R$ 800,00",2,1600,,Belo Horizonte
9511,03/10/24,,MASCULINO,Mouse,800,1,1200,,Porto Alegre
9512,05/12/24, João Silva ,f,Cadeira,"R$ 3.500,00",3,2400,2:07:27,Rio de Janeiro
9513,2024-05-22, João Silva ,F,Monitor,1200,2,1600,,Belo Horizonte
9514,2023-06-25,Ana Clara,,Monitor,"R$ 800,00",3,360,0h 9m,Curitiba
9515,2024/12/09, João Silva ,M,Mouse,R$3500,3,3600,145m,Rio de Janeiro
9516,07-02-2024, Pedro Alves ,MASCULINO,Mouse,"R$ 800,00",1,3500,,São Paulo
9517,2024/03/15,Maria Souza,M,Monitor,"R$ 3.500,00",3,360,1:23:03,Curitiba
9518,2023-03-20,Carlos Lima,F,Notebook,120,3,,,Curitiba
9519,2024-08-20,Maria Souza,Masculino,Mouse,800,2,,0:48:42,Rio de Janeiro
9520,20-10-2024,Ana Clara,f,Cadeira,R$50,1,2,,Rio de Janeiro
9521,2023-09-17, Pedro Alves ,Masculino,Notebook,"R$ 50,00",3,10500,,Belo Horizonte
9522,02/04/23, Pedro Alves ,Feminino,Notebook,"R$ 3.500,00",1,1200,0:14:46,Porto Alegre
9523,26-04-2024, João Silva ,m,Notebook,"R$ 3.500,00",2,100,97m,Belo Horizonte
9524,23/11/24,,Feminino,Monitor,R$50,3,2448,,Porto Alegre
9525,01/08/23, João Silva ,M,Notebook,"R$ 1.200,00",3,10500,0:43:06,Curitiba
9526,2023/06/24,,f,Notebook,800,3,,0:47:56,Belo Horizonte
9527,28-09-2024,Maria Souza,,Mouse,R$800,1,,140m,Belo Horizonte
9528,2023/01/07,Ana Clara,,Mouse,"R$ 3.500,00",1,800,,Rio de Janeiro
9529,2024/03/05, João Silva ,F,Monitor,"R$ 1.200,00",3,,3h 20m,São Paulo
9530,01/07/24,,f,Mouse,R$1200,2,100,66m,Curitiba
9531,03-01-2024,Carlos Lima,MASCULINO,Notebook,"R$ 800,00",1,1200,2:31:38,Rio de Janeiro
9532,16/05/24,Maria Souza,,Teclado,"R$ 800,00",3,3600,82m,São Paulo
9533,2024/07/04,Ana Clara,Feminino,Monitor,"R$ 50,00",3,360,,Curitiba
9534,2023/02/19,Carlos Lima,MASCULINO,Monitor,"R$ 800,00",3,10500,0h 16m,Porto Alegre
9535,2023/12/14,,Masculino,Teclado,"R$ 50,00",2,,0h 9m,Rio de Janeiro
9536,2024/09/02,Maria Souza,m,Cadeira,800,1,800,,Porto Alegre
9537,2024/03/06, João Silva ,Masculino,Notebook,"R$ 3.500,00",1,50,51m,Curitiba
9538,2024/06/26, Pedro Alves ,f,Teclado,"R$ 120,00",2,2355,0h 0m,Rio de Janeiro
9539,2024/08/11, Pedro Alves ,,Cadeira,R$120,1,120,1:55:50,Curitiba
9540,2024-02-21, Pedro Alves ,M,Teclado,"R$ 3.500,00",1,1200,2h 32m,Belo Horizonte
9541,2023-10-19, Pedro Alves ,Feminino,Teclado,"R$ 50,00",1,,2:59:27,Curitiba
9542,26-05-2024,Carlos Lima,Feminino,Teclado,50,2,100,0:34:41,Belo Horizonte
9543,21-08-2023,Carlos Lima,m,Monitor,"R$ 50,00",2,,,Belo Horizonte
9544,2024-08-15,,f,Mouse,1200,2,1600,0:42:18,Rio de Janeiro
9545,2024/07/24, João Silva ,f,Teclado,R$3500,2,7000,0:16:13,Rio de Janeiro
9546,2024-07-27,Ana Clara,Masculino,Mouse,R$3500,3,,2:26:45,São Paulo
9547,2024-01-26,,,Notebook,800,2,271,2h 0m,Porto Alegre
9548,03-04-2024,Carlos Lima,Feminino,Cadeira,R$800,3,10500,73m,Curitiba
9549,07-01-2024,Carlos Lima,MASCULINO,Monitor,"R$ 120,00",3,2400,87m,São Paulo
9550,28/10/24,,Masculino,Cadeira,R$800,2,1600,0:52:10,Rio de Janeiro
9551,08/03/24,,f,Monitor,1200,1,50,0:43:51,São Paulo
9552,09/02/24,,MASCULINO,Notebook,3500,3,10500,110m,São Paulo
9553,2024/10/23,Carlos Lima,Feminino,Notebook,R$800,3,,2h 33m,São Paulo
9554,13/06/23,Ana Clara,MASCULINO,Cadeira,120,3,,0h 39m,Porto Alegre
9555,18-04-2024, João Silva ,M,Mouse,"R$ 120,00",3,10544,2h 3m,Belo Horizonte
9556,09/01/24,Maria Souza,F,Mouse,3500,1,1243,,Belo Horizonte
9557,2024/01/02, João Silva ,Masculino,Notebook,R$800,3,2400,1h 11m,São Paulo
9558,21-10-2024, Pedro Alves ,f,Teclado,"R$ 120,00",2,7017,0:39:14,Porto Alegre
9559,23/09/23,Carlos Lima,M,Notebook,"R$ 1.200,00",1,50,3h 58m,Curitiba
9560,25/12/24,Ana Clara,MASCULINO,Cadeira,800,3,10535,1h 41m,Rio de Janeiro
9561,14/12/23, João Silva ,F,Notebook,R$3500,1,,,Porto Alegre
9562,10-02-2023,,M,Teclado,3500,3,150,0h 3m,Rio de Janeiro
9563,2024/04/03,Ana Clara,F,Cadeira,1200,3,2402,,Rio de Janeiro
9564,12-10-2024,Ana Clara,MASCULINO,Teclado,R$3500,3,360,,Porto Alegre
9565,2023-08-03,Carlos Lima,M,Notebook,R$120,3,,,Belo Horizonte
9566,2023/09/12,Carlos Lima,F,Notebook,R$120,2,2361,,Curitiba
9567,25/02/23,Ana Clara,Feminino,Mouse,3500,1,,3h 57m,São Paulo
9568,2024/10/15,Maria Souza,f,Notebook,R$3500,1,1191,28m,São Paulo
9569,2024-04-23,,F,Monitor,120,1,,,Rio de Janeiro
9570,2023-06-09, João Silva ,Masculino,Notebook,R$120,1,800,2:12:54,Curitiba
9571,2024-01-13,,MASCULINO,Notebook,R$50,1,800,129m,Curitiba
9572,22-09-2023,Ana Clara,MASCULINO,Mouse,50,1,1200,,Belo Horizonte
9573,02-12-2023,Ana Clara,m,Monitor,120,3,,2h 10m,Belo Horizonte
9574,2023/10/10, Pedro Alves ,Feminino,Mouse,800,1,120,2:46:51,Porto Alegre
9575,2024/01/25, Pedro Alves ,MASCULINO,Notebook,3500,2,2361,,Curitiba
9576,2023/12/13,Carlos Lima,MASCULINO,Monitor,"R$ 3.500,00",2,100,2h 58m,Belo Horizonte
9577,2023-04-26, João Silva ,,Teclado,R$3500,3,3600,2:24:38,São Paulo
9578,19/08/24, João Silva ,Feminino,Mouse,1200,3,360,,Porto Alegre
9579,24-02-2024, Pedro Alves ,f,Monitor,R$50,3,3600,,Curitiba
9580,23/03/24, Pedro Alves ,M,Notebook,R$1200,3,150,65m,Curitiba
9581,14-11-2024, João Silva ,MASCULINO,Notebook,"R$ 120,00",1,800,3h 43m,Rio de Janeiro
9582,22-02-2024, Pedro Alves ,m,Teclado,R$50,1,136,107m,Rio de Janeiro
9583,2024-06-25,Ana Clara,f,Monitor,"R$ 1.200,00",1,50,3h 34m,Rio de Janeiro
9584,20-07-2023,Carlos Lima,m,Mouse,"R$ 1.200,00",3,3600,1:15:45,Belo Horizonte
9585,06-02-2024, João Silva ,M,Monitor,"R$ 50,00",2,6981,0:56:13,Belo Horizonte
9586,19/10/23,Ana Clara,M,Mouse,"R$ 1.200,00",2,1600,2h 58m,Belo Horizonte
9587,2023-06-18,Carlos Lima,M,Monitor,1200,2,1600,,Belo Horizonte
9588,18-12-2023,Ana Clara,M,Cadeira,"R$ 1.200,00",1,50,159m,Belo Horizonte
9589,2024/05/28,Carlos Lima,,Monitor,"R$ 50,00",1,3500,,Belo Horizonte
9590,2023/12/26,,Feminino,Monitor,"R$ 50,00",1,3500,1:57:39,Rio de Janeiro
9591,21/07/23,Ana Clara,F,Notebook,"R$ 800,00",2,240,1:36:27,Porto Alegre
9592,2023-08-23,Ana Clara,f,Notebook,R$3500,2,7000,67m,Curitiba
9593,2024-07-27,Ana Clara,M,Monitor,800,2,1600,,Curitiba
9594,16/03/23,,Feminino,Mouse,"R$ 1.200,00",2,195,0h 51m,Porto Alegre
9595,2023/04/20,Carlos Lima,M,Notebook,"R$ 50,00",2,2400,1:34:51,Rio de Janeiro
9596,2024-06-09, Pedro Alves ,Masculino,Monitor,R$800,1,800,,Rio de Janeiro
9597,2023-07-24, Pedro Alves ,,Notebook,R$120,3,2400,0h 6m,São Paulo
9598,21-11-2024,Carlos Lima,Feminino,Monitor,120,1,,2h 29m,Belo Horizonte
9599,2024-10-10,Carlos Lima,m,Mouse,"R$ 1.200,00",3,,83m,Porto Alegre
9600,2024-12-07, João Silva ,M,Notebook,1200,3,2400,,Porto Alegre
9601,2024-07-17,,m,Cadeira,R$50,1,3500,2:23:41,São Paulo
9602,28-10-2023, João Silva ,M,Teclado,"R$ 50,00",2,1600,2:25:50,Porto Alegre
9603,15-11-2023,,M,Mouse,"R$ 50,00",3,2400,1:03:32,Porto Alegre
9604,10-05-2024, Pedro Alves ,MASCULINO,Mouse,R$50,2,2400,0h 0m,Rio de Janeiro
9605,2024/10/07,Ana Clara,f,Cadeira,120,1,50,147m,Curitiba
9606,25-07-2023,,F,Monitor,3500,3,360,,Porto Alegre
9607,07-08-2023, João Silva ,Masculino,Notebook,50,2,,,Porto Alegre
9608,2023-10-02, João Silva ,m,Teclado,R$1200,3,353,0h 19m,Belo Horizonte
9609,2024/12/17,,MASCULINO,Teclado,R$120,2,,179m,Porto Alegre
9610,27-08-2024,,F,Cadeira,3500,2,2400,1h 45m,Curitiba
9611,2024/01/10,Maria Souza,M,Teclado,"R$ 120,00",1,120,156m,Curitiba
9612,2023-09-23,Ana Clara,F,Mouse,3500,3,2400,2:04:52,Porto Alegre
9613,2024-02-20,Carlos Lima,MASCULINO,Teclado,R$50,2,100,2h 18m,Porto Alegre
9614,16/07/23,Carlos Lima,f,Teclado,R$50,1,,,Rio de Janeiro
9615,2023-07-18, Pedro Alves ,f,Notebook,"R$ 800,00",3,3600,101m,Curitiba
9616,07-08-2024,,Masculino,Notebook,"R$ 800,00",2,240,2h 2m,Curitiba
9617,24/01/24,Maria Souza,MASCULINO,Notebook,"R$ 1.200,00",3,10500,3h 27m,Rio de Janeiro
9618,10-06-2024,Carlos Lima,f,Mouse,R$800,2,100,,Porto Alegre
9619,09-09-2023, João Silva ,m,Mouse,800,3,2400,,Rio de Janeiro
9620,2024-06-12,,M,Cadeira,R$50,3,,176m,São Paulo
9621,07/04/24,Maria Souza,Feminino,Cadeira,"R$ 1.200,00",3,,1h 2m,Belo Horizonte
9622,2023/09/10,Carlos Lima,m,Cadeira,50,1,3500,53m,Porto Alegre
9623,16/07/24,Carlos Lima,MASCULINO,Notebook,50,1,120,2:58:50,São Paulo
9624,2023-04-02,,Masculino,Monitor,R$800,3,,,Rio de Janeiro
9625,2023/02/07,Maria Souza,m,Notebook,"R$ 800,00",3,,1h 35m,São Paulo
9626,2024-04-01, Pedro Alves ,M,Mouse,50,1,,,Rio de Janeiro
9627,2024/04/13,Maria Souza,Feminino,Monitor,R$1200,1,120,80m,Porto Alegre
9628,2024-08-24,Maria Souza,MASCULINO,Mouse,"R$ 800,00",2,100,1:30:44,Rio de Janeiro
9629,2024-04-05, Pedro Alves ,m,Teclado,R$120,1,50,,Porto Alegre
9630,2023/03/05,Maria Souza,M,Teclado,800,3,10500,1h 33m,Porto Alegre
9631,2024/09/02,Carlos Lima,M,Cadeira,R$1200,3,150,1h 21m,Curitiba
9632,20-01-2024,Carlos Lima,Feminino,Mouse,1200,3,2400,2:33:37,Rio de Janeiro
9633,2023/12/22,Carlos Lima,,Cadeira,"R$ 1.200,00",2,2400,1:19:33,São Paulo
9634,2024-01-27,Ana Clara,m,Mouse,R$120,1,50,,Rio de Janeiro
9635,2024-01-09, Pedro Alves ,m,Teclado,"R$ 800,00",2,7000,0:36:49,São Paulo
9636,2024/04/16,Ana Clara,f,Monitor,800,3,,2:55:35,Curitiba
9637,15-09-2024, João Silva ,M,Notebook,R$3500,3,3641,3h 45m,São Paulo
9638,28/09/24,Carlos Lima,F,Teclado,3500,1,120,156m,Curitiba
9639,12-06-2024,,,Teclado,50,2,2400,,São Paulo
9640,2024/05/20, João Silva ,f,Teclado,1200,3,150,91m,Porto Alegre
9641,20-12-2024,,,Mouse,R$1200,2,1600,3h 35m,São Paulo
9642,2023-07-06,Maria Souza,Masculino,Monitor,120,1,800,2:45:10,Curitiba
9643,2024-07-06,Maria Souza,M,Mouse,800,1,,,São Paulo
9644,25/01/24,Ana Clara,Masculino,Monitor,R$800,2,2400,105m,São Paulo
9645,05-04-2023,Ana Clara,M,Monitor,"R$ 50,00",1,16,0:28:53,São Paulo
9646,2023/01/17,Ana Clara,Masculino,Mouse,"R$ 3.500,00",3,360,2:57:49,Rio de Janeiro
9647,2023-05-12,Carlos Lima,Masculino,Cadeira,1200,3,,0:34:15,Porto Alegre
9648,08-11-2024,Ana Clara,Feminino,Notebook,120,3,150,0:37:49,Belo Horizonte
9649,05-07-2023,,F,Monitor,"R$ 3.500,00",1,754,,Curitiba
9650,28/07/23,Maria Souza,Masculino,Notebook,"R$ 1.200,00",2,,,Rio de Janeiro
9651,2024-01-25,Maria Souza,Feminino,Teclado,"R$ 1.200,00",3,3600,2h 24m,Curitiba
9652,2024-04-16,Ana Clara,,Notebook,3500,2,240,13m,Rio de Janeiro
9653,20-06-2023, Pedro Alves ,F,Teclado,"R$ 50,00",2,93,1h 41m,Rio de Janeiro
9654,10/06/23,Carlos Lima,m,Mouse,R$120,2,,0:14:59,Porto Alegre
9655,2023/10/09, Pedro Alves ,Feminino,Notebook,"R$ 800,00",3,10500,165m,Curitiba
9656,25/03/23, João Silva ,F,Mouse,"R$ 50,00",1,83,1:45:11,Curitiba
9657,02-01-2024,Maria Souza,F,Mouse,1200,1,,29m,Curitiba
9658,12-07-2024, João Silva ,Masculino,Monitor,R$120,1,800,,Belo Horizonte
9659,2024/11/18,Maria Souza,f,Mouse,R$800,2,100,2:57:42,Belo Horizonte
9660,26/12/24, Pedro Alves ,m,Notebook,"R$ 3.500,00",1,800,,Curitiba
9661,02/05/24,,F,Teclado,"R$ 50,00",3,324,177m,Curitiba
9662,2024/04/10,Ana Clara,Feminino,Notebook,"R$ 1.200,00",1,,0:58:36,Rio de Janeiro
9663,2024-01-26,Carlos Lima,F,Monitor,R$3500,1,800,2:25:15,Porto Alegre
9664,2024/06/27, Pedro Alves ,M,Notebook,"R$ 1.200,00",3,3600,2h 41m,Porto Alegre
9665,17/05/23, João Silva ,M,Mouse,1200,3,3600,23m,Belo Horizonte
9666,2024/12/06, João Silva ,Masculino,Mouse,R$1200,1,,,Rio de Janeiro
9667,2023/07/25,,M,Cadeira,R$50,3,10500,0:27:38,Belo Horizonte
9668,04-09-2023, João Silva ,MASCULINO,Cadeira,R$800,1,3500,,Curitiba
9669,2024-11-04,Ana Clara,f,Cadeira,120,2,1600,36m,Curitiba
9670,28/09/23,Maria Souza,,Teclado,R$800,3,360,3h 18m,Belo Horizonte
9671,11-09-2023,,Masculino,Monitor,"R$ 1.200,00",2,,,Rio de Janeiro
9672,21-11-2023,Ana Clara,Feminino,Mouse,"R$ 3.500,00",1,3500,44m,Rio de Janeiro
9673,2024/02/03,Carlos Lima,f,Monitor,R$3500,1,120,,Porto Alegre
9674,14-12-2024, Pedro Alves ,f,Teclado,R$1200,3,,,Belo Horizonte
9675,2024/06/05,,Masculino,Teclado,"R$ 50,00",1,3541,1:01:10,Rio de Janeiro
9676,2024/09/19,Carlos Lima,M,Teclado,"R$ 3.500,00",3,10500,2h 27m,Curitiba
9677,2023-09-27,,Feminino,Notebook,50,2,2400,49m,Belo Horizonte
9678,2024/12/23,Carlos Lima,MASCULINO,Mouse,"R$ 3.500,00",1,800,0h 2m,Curitiba
9679,2024-01-22,,m,Teclado,"R$ 800,00",3,360,3h 59m,São Paulo
9680,16/02/24, Pedro Alves ,Feminino,Mouse,R$120,3,130,43m,São Paulo
9681,16/02/23,Carlos Lima,f,Mouse,"R$ 50,00",1,,19m,Rio de Janeiro
9682,2024-10-20, João Silva ,F,Monitor,R$3500,1,120,2h 28m,Rio de Janeiro
9683,13-04-2024, Pedro Alves ,M,Monitor,"R$ 120,00",2,7000,,Curitiba
9684,2023-02-10,Ana Clara,Masculino,Mouse,"R$ 50,00",2,1600,2:19:30,Porto Alegre
9685,2024-08-15, João Silva ,M,Mouse,50,3,2400,164m,Rio de Janeiro
9686,2023-09-09,Maria Souza,F,Mouse,R$1200,3,2400,0h 51m,Rio de Janeiro
9687,13/04/23, João Silva ,F,Mouse,3500,1,,,Curitiba
9688,28-11-2023,Maria Souza,Masculino,Mouse,"R$ 3.500,00",3,3600,3h 31m,Curitiba
9689,12/04/24,Ana Clara,Feminino,Teclado,120,1,3500,37m,Belo Horizonte
9690,14-08-2024,Carlos Lima,,Mouse,50,3,2400,155m,Belo Horizonte
9691,2023/04/11,Carlos Lima,F,Teclado,50,1,50,0:16:59,Rio de Janeiro
9692,27/06/23,Maria Souza,m,Cadeira,3500,1,,,Rio de Janeiro
9693,01/12/23, Pedro Alves ,m,Mouse,R$1200,1,3500,0:22:26,Curitiba
9694,2023-09-07,,F,Cadeira,"R$ 120,00",2,1615,2h 34m,Porto Alegre
9695,24-02-2023, Pedro Alves ,M,Mouse,"R$ 3.500,00",3,,,Curitiba
9696,14-07-2024, João Silva ,,Teclado,R$3500,3,360,16m,Porto Alegre
9697,14/11/24,Maria Souza,m,Cadeira,3500,1,3500,,Rio de Janeiro
9698,2023-10-25, Pedro Alves ,F,Notebook,R$3500,1,,1h 35m,Curitiba
9699,2023-03-11,,f,Monitor,R$50,2,90,171m,São Paulo
9700,2023-02-10, João Silva ,Feminino,Cadeira,"R$ 1.200,00",3,3600,,São Paulo
9701,2023/06/28,Maria Souza,f,Teclado,R$3500,2,100,0:42:56,Rio de Janeiro
9702,16-05-2024,Maria Souza,f,Cadeira,"R$ 3.500,00",2,,0h 45m,Porto Alegre
9703,04-08-2023,Maria Souza,Feminino,Monitor,R$3500,2,100,39m,São Paulo
9704,23-12-2023, Pedro Alves ,f,Monitor,1200,3,360,1:55:30,Rio de Janeiro
9705,08-10-2023,Ana Clara,,Cadeira,R$1200,1,,0:01:11,Curitiba
9706,06/08/24,Ana Clara,,Teclado,R$50,2,7000,1h 44m,Rio de Janeiro
9707,2024/07/05,,f,Mouse,800,1,120,,São Paulo
9708,2023/07/28,Carlos Lima,M,Cadeira,1200,1,1200,0:17:36,Curitiba
9709,04/10/23,Maria Souza,Feminino,Monitor,1200,2,240,1h 33m,Belo Horizonte
9710,19-10-2023,Carlos Lima,M,Teclado,800,3,10500,2:34:40,Porto Alegre
9711,04-08-2024, João Silva ,MASCULINO,Notebook,"R$ 1.200,00",2,,1h 44m,Belo Horizonte
9712,14-11-2023,Maria Souza,m,Mouse,"R$ 50,00",2,100,3h 0m,Curitiba
9713,10-04-2024, Pedro Alves ,F,Cadeira,120,2,,0:44:21,Porto Alegre
9714,04/07/23, João Silva ,M,Cadeira,R$120,2,1600,0h 8m,Belo Horizonte
9715,21/10/24, João Silva ,M,Teclado,50,3,360,70m,Curitiba
9716,03/03/24,Carlos Lima,f,Cadeira,R$50,2,2400,1:38:30,Belo Horizonte
9717,18/01/24,,m,Cadeira,1200,3,3600,2:55:14,Porto Alegre
9718,28/07/24,Ana Clara,M,Cadeira,R$800,3,165,0h 47m,São Paulo
9719,2023/10/08, Pedro Alves ,MASCULINO,Cadeira,R$120,1,,70m,Curitiba
9720,2024-10-01, João Silva ,m,Mouse,"R$ 120,00",1,120,2h 26m,São Paulo
9721,06/03/24,,,Cadeira,3500,1,,1:32:19,Rio de Janeiro
9722,2023-12-11,Ana Clara,,Cadeira,R$3500,2,6973,2h 11m,Rio de Janeiro
9723,2023/02/19,,Feminino,Mouse,"R$ 50,00",2,,,Curitiba
9724,2024/03/21, Pedro Alves ,MASCULINO,Teclado,R$50,1,1200,122m,Belo Horizonte
9725,2024/10/08,Carlos Lima,M,Notebook,"R$ 800,00",3,3600,,São Paulo
9726,2024/01/01,Ana Clara,F,Monitor,R$3500,2,196,1:55:36,Rio de Janeiro
9727,2023-12-24,Ana Clara,MASCULINO,Notebook,3500,1,148,75m,Rio de Janeiro
9728,22-09-2023,Carlos Lima,F,Teclado,"R$ 800,00",3,,0:45:58,Curitiba
9729,2024-04-28,Maria Souza,Feminino,Teclado,"R$ 1.200,00",3,150,,Belo Horizonte
9730,2024/02/12, João Silva ,F,Teclado,"R$ 1.200,00",3,326,146m,Belo Horizonte
9731,2024/03/11,,Masculino,Cadeira,"R$ 120,00",1,50,99m,São Paulo
9732,11/02/24, Pedro Alves ,Feminino,Cadeira,120,1,3500,,Rio de Janeiro
9733,05-12-2023,Ana Clara,M,Cadeira,50,1,1190,,Rio de Janeiro
9734,19-05-2024, João Silva ,F,Mouse,R$120,2,100,2:08:16,Porto Alegre
9735,02/12/23,,Masculino,Notebook,R$50,3,3600,,Rio de Janeiro
9736,2023/06/11,,f,Monitor,3500,1,1172,0h 58m,Curitiba
9737,2024/07/24, João Silva ,F,Monitor,"R$ 50,00",1,120,2:16:30,Porto Alegre
9738,2024/12/20,,m,Teclado,"R$ 50,00",1,3460,2:22:37,Rio de Janeiro
9739,2024-10-19, João Silva ,Masculino,Cadeira,3500,1,1200,1:31:57,Curitiba
9740,01/02/23,Carlos Lima,f,Cadeira,"R$ 120,00",2,100,1h 42m,Porto Alegre
9741,14/04/23, Pedro Alves ,f,Notebook,50,2,,,Belo Horizonte
9742,20/03/23,Ana Clara,Masculino,Teclado,R$1200,1,1200,81m,Belo Horizonte
9743,22-03-2023,,f,Mouse,R$120,2,240,112m,Porto Alegre
9744,2024/06/21,Maria Souza,m,Notebook,"R$ 800,00",2,,,Porto Alegre
9745,02-08-2024,Ana Clara,,Notebook,R$3500,1,120,0:49:07,Porto Alegre
9746,19/06/24,,MASCULINO,Mouse,"R$ 120,00",3,3600,0:24:23,Porto Alegre
9747,2023-09-10,,Masculino,Mouse,"R$ 3.500,00",2,,,São Paulo
9748,10/02/23,Maria Souza,F,Monitor,800,2,100,2h 8m,Rio de Janeiro
9749,2024-12-19,,F,Mouse,R$120,2,2400,1:45:44,Curitiba
9750,2024/09/07,Ana Clara,,Notebook,"R$ 120,00",1,,,São Paulo
9751,2024/03/23, Pedro Alves ,M,Monitor,3500,2,7000,108m,Curitiba
9752,06-08-2023, Pedro Alves ,MASCULINO,Notebook,R$1200,1,3500,1:52:50,São Paulo
9753,2024/07/08,,MASCULINO,Cadeira,R$120,3,,1h 32m,Rio de Janeiro
9754,21/02/23,Maria Souza,Masculino,Cadeira,R$120,2,2400,27m,Rio de Janeiro
9755,2023-01-17, Pedro Alves ,,Cadeira,50,1,,2:54:09,Curitiba
9756,10-03-2023, João Silva ,MASCULINO,Notebook,"R$ 1.200,00",1,120,1:59:37,Rio de Janeiro
9757,2023-03-14, Pedro Alves ,m,Teclado,R$120,2,1609,2:30:39,Rio de Janeiro
9758,2023-08-03,Ana Clara,m,Notebook,R$3500,3,3600,2h 54m,Rio de Janeiro
9759,2024/12/16, João Silva ,,Teclado,1200,1,1200,71m,São Paulo
9760,12-08-2023,Maria Souza,Masculino,Monitor,1200,2,,,Porto Alegre
9761,27-06-2023, João Silva ,Masculino,Mouse,"R$ 800,00",2,,,Porto Alegre
9762,2024-03-19, Pedro Alves ,Feminino,Notebook,"R$ 1.200,00",1,,1:40:06,Curitiba
9763,11-02-2023,Carlos Lima,,Mouse,R$800,3,2400,,São Paulo
9764,17-09-2023,Ana Clara,m,Cadeira,"R$ 800,00",3,,130m,Belo Horizonte
9765,2023-09-19, João Silva ,,Cadeira,R$1200,3,3600,,Porto Alegre
9766,05-03-2024, Pedro Alves ,Masculino,Monitor,1200,2,1600,1:50:51,Porto Alegre
9767,05-01-2024, João Silva ,,Cadeira,R$120,2,2400,2:06:43,Curitiba
9768,23-12-2024,Carlos Lima,,Mouse,"R$ 1.200,00",2,267,2h 26m,Rio de Janeiro
9769,2023-11-16, Pedro Alves ,,Monitor,R$1200,2,2400,,Curitiba
9770,08/02/24, João Silva ,m,Notebook,3500,3,2400,0:18:41,Curitiba
9771,2023/01/21,Maria Souza,Masculino,Teclado,120,1,,31m,Porto Alegre
9772,02/03/24, João Silva ,f,Mouse,"R$ 120,00",2,,1:03:16,Curitiba
9773,26-03-2024,Ana Clara,,Cadeira,"R$ 1.200,00",3,3600,2h 27m,Porto Alegre
9774,2024-08-02,Ana Clara,,Monitor,3500,1,761,0:02:01,Porto Alegre
9775,2024-03-27, Pedro Alves ,M,Mouse,"R$ 1.200,00",2,1600,70m,Rio de Janeiro
9776,26/09/23,Maria Souza,,Teclado,R$1200,3,360,116m,Rio de Janeiro
9777,20/03/23, João Silva ,MASCULINO,Mouse,"R$ 3.500,00",3,393,32m,Rio de Janeiro
9778,2023/01/15,,Feminino,Teclado,R$120,2,2421,62m,Belo Horizonte
9779,17-01-2023,Maria Souza,F,Notebook,R$1200,2,,,Curitiba
9780,10/06/24,,F,Mouse,R$50,2,,1:30:38,Belo Horizonte
9781,01-04-2024,Ana Clara,F,Monitor,"R$ 800,00",1,120,2:56:02,São Paulo
9782,15-08-2023, Pedro Alves ,Feminino,Teclado,R$1200,3,360,0:55:52,Belo Horizonte
9783,2024/06/04, João Silva ,,Monitor,R$120,1,800,141m,Curitiba
9784,01/09/23, João Silva ,m,Teclado,120,1,3500,2:28:18,São Paulo
9785,26/02/23, Pedro Alves ,MASCULINO,Notebook,R$50,1,1200,1:38:46,São Paulo
9786,2024/07/23,,MASCULINO,Notebook,R$1200,3,138,,Rio de Janeiro
9787,2024-11-22,,f,Monitor,R$3500,2,240,0h 58m,São Paulo
9788,01-06-2023,Maria Souza,m,Mouse,R$120,1,3500,,São Paulo
9789,07/12/23,Carlos Lima,MASCULINO,Cadeira,3500,3,360,87m,São Paulo
9790,13-12-2023,Carlos Lima,Masculino,Monitor,50,3,,2:33:17,Porto Alegre
9791,21/05/24,Carlos Lima,MASCULINO,Monitor,R$800,3,2411,2h 16m,Rio de Janeiro
9792,10/01/23,Carlos Lima,MASCULINO,Monitor,50,1,3500,2h 16m,Rio de Janeiro
9793,2024/02/02,Carlos Lima,F,Monitor,R$50,1,800,0:51:24,Porto Alegre
9794,2024-10-14, Pedro Alves ,Masculino,Teclado,1200,1,800,2h 21m,São Paulo
9795,2023/01/21, Pedro Alves ,m,Notebook,R$3500,3,,146m,Curitiba
9796,2023-05-27, João Silva ,Masculino,Teclado,"R$ 800,00",1,1200,0h 35m,Rio de Janeiro
9797,2023-03-28,,Feminino,Teclado,3500,3,2400,,Belo Horizonte
9798,2023-07-28,Ana Clara,MASCULINO,Monitor,3500,3,360,112m,Belo Horizonte
9799,28/07/24, Pedro Alves ,Feminino,Mouse,R$800,2,7000,0h 9m,Belo Horizonte
9800,2024-12-02,,f,Teclado,"R$ 50,00",1,120,,Rio de Janeiro
9801,02/10/23,Carlos Lima,f,Cadeira,"R$ 800,00",3,10500,1h 48m,Porto Alegre
9802,2023-01-25, João Silva ,F,Cadeira,R$50,3,3600,129m,São Paulo
9803,19-03-2023, Pedro Alves ,MASCULINO,Teclado,"R$ 3.500,00",3,,0:08:10,Rio de Janeiro
9804,2023/04/09,,F,Notebook,"R$ 3.500,00",1,3500,2:25:13,São Paulo
9805,2024-10-08,Ana Clara,,Teclado,120,1,50,0:59:34,São Paulo
9806,05-01-2023, Pedro Alves ,F,Teclado,50,1,1200,2h 29m,Belo Horizonte
9807,2024-07-28,Carlos Lima,F,Teclado,"R$ 50,00",3,,29m,São Paulo
9808,2024-10-28, Pedro Alves ,Masculino,Mouse,50,2,,77m,São Paulo
9809,20/12/24,Carlos Lima,MASCULINO,Cadeira,800,2,7000,2h 54m,Belo Horizonte
9810,2023-10-09, João Silva ,MASCULINO,Monitor,1200,1,,2:51:33,Porto Alegre
9811,2024/10/03,Ana Clara,M,Monitor,"R$ 3.500,00",1,1200,,Porto Alegre
9812,2023/03/10,Ana Clara,Masculino,Mouse,R$1200,1,3450,2:29:43,São Paulo
9813,2024-08-02,Maria Souza,m,Teclado,800,1,50,,Porto Alegre
9814,2023/08/10, João Silva ,F,Notebook,"R$ 1.200,00",2,288,2h 55m,Belo Horizonte
9815,01/09/23,Ana Clara,M,Monitor,3500,1,50,2:41:15,São Paulo
9816,2024/12/25,Maria Souza,Masculino,Notebook,3500,1,800,0h 0m,Curitiba
9817,20-04-2024,,MASCULINO,Mouse,800,1,50,2:58:07,Curitiba
9818,16-09-2023,Ana Clara,F,Monitor,R$3500,3,3600,2:29:51,Rio de Janeiro
9819,2023-09-04,Carlos Lima,f,Cadeira,120,1,,3h 34m,São Paulo
9820,2023/04/20,,F,Mouse,R$50,2,2387,1h 22m,Belo Horizonte
9821,2023-11-27, Pedro Alves ,Masculino,Teclado,R$3500,1,120,,São Paulo
9822,05-03-2023, João Silva ,Masculino,Cadeira,50,1,120,32m,São Paulo
9823,07/04/24,,Feminino,Cadeira,"R$ 50,00",1,,,Rio de Janeiro
9824,2023-08-19,Maria Souza,MASCULINO,Cadeira,R$120,3,3600,126m,Rio de Janeiro
9825,2024/12/02, Pedro Alves ,F,Notebook,R$120,2,,2:47:45,Curitiba
9826,2024-07-23, Pedro Alves ,Masculino,Cadeira,R$120,2,219,139m,Belo Horizonte
9827,23-11-2024,Carlos Lima,,Notebook,R$1200,1,800,,Porto Alegre
9828,2023/11/07,Maria Souza,,Monitor,R$1200,3,326,,Porto Alegre
9829,21-06-2024, Pedro Alves ,m,Monitor,"R$ 120,00",1,120,0h 30m,Rio de Janeiro
9830,15/11/23, Pedro Alves ,F,Cadeira,800,1,1200,128m,Porto Alegre
9831,01-05-2024,,Feminino,Mouse,R$120,3,150,109m,Porto Alegre
9832,2024-03-28, Pedro Alves ,M,Mouse,R$50,3,3600,1:17:29,São Paulo
9833,2023-09-14,,Feminino,Mouse,"R$ 120,00",1,,2:24:19,Belo Horizonte
9834,23-07-2023,Carlos Lima,,Monitor,800,3,,0h 13m,Rio de Janeiro
9835,24/02/24,Carlos Lima,Feminino,Notebook,"R$ 1.200,00",2,2412,1h 22m,Belo Horizonte
9836,05/12/24,Carlos Lima,F,Cadeira,R$800,2,7000,2h 14m,Porto Alegre
9837,2023-01-24,Maria Souza,Feminino,Cadeira,"R$ 1.200,00",3,360,13m,Belo Horizonte
9838,2024-07-11,Ana Clara,F,Notebook,"R$ 50,00",2,218,,Belo Horizonte
9839,2024/03/11,Carlos Lima,m,Notebook,R$3500,3,10500,2h 12m,Rio de Janeiro
9840,2023/05/18, Pedro Alves ,M,Mouse,"R$ 120,00",3,10500,13m,Curitiba
9841,2023-11-20,Ana Clara,MASCULINO,Cadeira,"R$ 1.200,00",2,100,1:50:44,São Paulo
9842,26/02/23,Carlos Lima,MASCULINO,Notebook,R$50,3,,3h 46m,Porto Alegre
9843,2023/02/14,Carlos Lima,F,Monitor,"R$ 3.500,00",1,50,0:35:04,Belo Horizonte
9844,2023/07/11, João Silva ,f,Monitor,R$120,2,271,,Porto Alegre
9845,05-05-2023,Carlos Lima,m,Cadeira,"R$ 1.200,00",1,166,1:58:53,Curitiba
9846,2024-08-06,Carlos Lima,MASCULINO,Monitor,R$120,3,10500,117m,Porto Alegre
9847,13/05/24,Maria Souza,m,Mouse,R$120,3,360,0:06:52,Porto Alegre
9848,2024/01/01,Carlos Lima,m,Notebook,50,3,10500,1:33:11,Rio de Janeiro
9849,11/04/24,Carlos Lima,Masculino,Teclado,"R$ 3.500,00",3,,125m,Curitiba
9850,2024-04-25,,m,Cadeira,R$3500,2,,141m,São Paulo
9851,05-04-2023,Maria Souza,Feminino,Monitor,"R$ 1.200,00",3,2400,1h 11m,Rio de Janeiro
9852,03/06/23,Ana Clara,Feminino,Mouse,R$120,1,73,2:58:45,Rio de Janeiro
9853,2023/02/15, Pedro Alves ,M,Mouse,"R$ 3.500,00",2,240,150m,São Paulo
9854,11/06/23,,MASCULINO,Teclado,R$1200,3,360,,Rio de Janeiro
9855,09-10-2024,Ana Clara,f,Monitor,120,2,2400,3h 56m,Porto Alegre
9856,01-11-2024, João Silva ,MASCULINO,Teclado,R$50,2,7000,1h 39m,Porto Alegre
9857,19/01/24, João Silva ,,Monitor,800,3,150,,São Paulo
9858,2024-08-14, João Silva ,MASCULINO,Mouse,R$50,2,64,2:38:53,Porto Alegre
9859,11-06-2024, João Silva ,Feminino,Monitor,R$3500,1,3500,3h 43m,Rio de Janeiro
9860,02-06-2023,,M,Notebook,800,3,,135m,Belo Horizonte
9861,09/06/24,,M,Cadeira,"R$ 800,00",1,1200,1h 57m,Curitiba
9862,21/02/24,,MASCULINO,Monitor,"R$ 3.500,00",3,150,0h 40m,São Paulo
9863,2024/08/02, João Silva ,M,Mouse,R$800,2,1600,59m,São Paulo
9864,2023-06-06,Carlos Lima,Masculino,Cadeira,"R$ 120,00",2,1600,0h 52m,Rio de Janeiro
9865,14/02/24, João Silva ,M,Mouse,800,1,,,Curitiba
9866,2023/04/24, João Silva ,F,Mouse,"R$ 120,00",3,3600,2:05:40,Belo Horizonte
9867,2023/12/05,Maria Souza,MASCULINO,Cadeira,"R$ 50,00",2,2443,37m,Porto Alegre
9868,27/05/24,,F,Cadeira,"R$ 50,00",1,120,26m,Porto Alegre
9869,15-10-2023,Maria Souza,,Monitor,"R$ 120,00",1,,0:33:02,Belo Horizonte
9870,2024-09-03,,,Teclado,1200,1,1176,0:04:39,Belo Horizonte
9871,2024-02-27,,m,Notebook,"R$ 50,00",3,360,0:03:24,São Paulo
9872,25/05/23, João Silva ,m,Cadeira,3500,3,3600,0h 2m,São Paulo
9873,2024/04/16, Pedro Alves ,f,Mouse,R$1200,2,,0:26:29,Curitiba
9874,28-01-2024,Maria Souza,M,Monitor,"R$ 1.200,00",3,3600,3h 53m,Curitiba
9875,2024/02/16,Maria Souza,f,Mouse,800,2,7000,106m,Curitiba
9876,08-03-2024,Ana Clara,f,Monitor,3500,1,3500,52m,Curitiba
9877,2023-03-24,Ana Clara,M,Monitor,R$800,3,2400,,São Paulo
9878,2024/12/01,Ana Clara,Masculino,Monitor,1200,2,1614,62m,Porto Alegre
9879,17-09-2023,,MASCULINO,Monitor,800,2,240,64m,Rio de Janeiro
9880,20-04-2023,Maria Souza,f,Teclado,3500,2,240,0h 43m,Porto Alegre
9881,12/02/23,Maria Souza,Masculino,Notebook,800,1,3545,0h 11m,Curitiba
9882,2024-03-22, João Silva ,Feminino,Teclado,R$800,2,101,2:28:36,Porto Alegre
9883,15-06-2023, Pedro Alves ,,Mouse,"R$ 1.200,00",1,,3h 4m,Curitiba
9884,2023-02-10, João Silva ,Feminino,Mouse,1200,2,,3h 15m,Curitiba
9885,18/06/24,,,Monitor,50,1,3461,,Porto Alegre
9886,2023-08-17,Ana Clara,Feminino,Cadeira,50,1,1200,1:24:14,Rio de Janeiro
9887,27/02/24, Pedro Alves ,,Mouse,R$1200,3,,,Belo Horizonte
9888,2024/09/07, João Silva ,,Cadeira,"R$ 800,00",2,2400,0h 25m,São Paulo
9889,20/05/23,,M,Cadeira,R$120,2,7000,,Rio de Janeiro
9890,01/10/23,Carlos Lima,Masculino,Cadeira,800,2,1600,,Belo Horizonte
9891,2024/04/24,,F,Cadeira,R$1200,3,2420,1h 23m,Belo Horizonte
9892,22/04/23,Carlos Lima,f,Monitor,120,2,,2h 34m,Rio de Janeiro
9893,2023-02-06,Maria Souza,f,Monitor,800,3,,155m,Curitiba
9894,22-05-2023, Pedro Alves ,m,Teclado,R$120,2,240,95m,Rio de Janeiro
9895,24/10/23, João Silva ,M,Teclado,"R$ 1.200,00",1,800,,Curitiba
9896,2024-11-01, João Silva ,F,Teclado,R$50,1,,36m,Porto Alegre
9897,09/02/24,Carlos Lima,M,Teclado,R$3500,1,120,,Porto Alegre
9898,2024-12-05, Pedro Alves ,m,Teclado,"R$ 120,00",3,3600,2h 12m,Porto Alegre
9899,04-07-2024,,Feminino,Mouse,800,1,120,1h 15m,Belo Horizonte
9900,2024-12-05, Pedro Alves ,Feminino,Cadeira,"R$ 50,00",1,1200,3h 4m,São Paulo
9901,11-11-2024, Pedro Alves ,m,Monitor,R$1200,3,,,São Paulo
9902,2024-07-26,Ana Clara,M,Notebook,R$3500,1,120,,Belo Horizonte
9903,20-01-2024,Carlos Lima,M,Teclado,3500,1,1201,,São Paulo
9904,03/05/23, Pedro Alves ,Feminino,Mouse,50,1,,0h 15m,Belo Horizonte
9905,23/11/24,Maria Souza,Feminino,Monitor,800,1,1200,,Porto Alegre
9906,13/11/24,Ana Clara,M,Cadeira,"R$ 50,00",1,3500,0h 37m,Belo Horizonte
9907,11/01/24,Carlos Lima,Masculino,Monitor,"R$ 120,00",1,,131m,São Paulo
9908,24-11-2023,Ana Clara,m,Monitor,R$120,2,2400,,Curitiba
9909,2024-03-02, Pedro Alves ,M,Cadeira,"R$ 120,00",2,,1h 40m,Curitiba
9910,2024/01/09,Maria Souza,F,Teclado,R$50,2,1600,2h 55m,Belo Horizonte
9911,26/04/23, João Silva ,Masculino,Notebook,"R$ 50,00",3,3600,138m,Curitiba
9912,24-02-2023, Pedro Alves ,Masculino,Monitor,800,2,240,0:35:55,Porto Alegre
9913,10-04-2024,Maria Souza,f,Mouse,50,2,1600,,Rio de Janeiro
9914,20-11-2024,,MASCULINO,Teclado,50,2,1600,2h 38m,Curitiba
9915,26-11-2024,,F,Teclado,R$120,2,7000,172m,Rio de Janeiro
9916,20-01-2024, João Silva ,F,Monitor,"R$ 800,00",2,,0h 5m,Porto Alegre
9917,2023-02-22, João Silva ,M,Teclado,120,2,2400,2:13:21,Rio de Janeiro
9918,04-10-2023,,Masculino,Notebook,"R$ 120,00",2,240,39m,Belo Horizonte
9919,24-09-2024, João Silva ,Feminino,Teclado,"R$ 3.500,00",1,120,0:53:34,Porto Alegre
9920,2024-08-20,,,Mouse,"R$ 120,00",2,,99m,São Paulo
9921,07/09/23,Carlos Lima,F,Mouse,"R$ 50,00",1,,0:50:05,Porto Alegre
9922,01/11/23,,Masculino,Mouse,"R$ 3.500,00",1,3500,0:39:21,Curitiba
9923,2024/06/19,Carlos Lima,Masculino,Cadeira,3500,3,2400,175m,Porto Alegre
9924,2024-12-10,Ana Clara,MASCULINO,Notebook,"R$ 1.200,00",3,360,,Curitiba
9925,20-06-2023, Pedro Alves ,,Monitor,R$50,2,2400,,Rio de Janeiro
9926,2023/09/26,,m,Cadeira,3500,3,,,Curitiba
9927,2024-09-26,Maria Souza,MASCULINO,Cadeira,"R$ 800,00",1,50,0:18:05,São Paulo
9928,14/06/23,Carlos Lima,MASCULINO,Notebook,"R$ 50,00",3,2400,0:04:48,Curitiba
9929,2024-09-13,,M,Monitor,R$800,3,,2:25:23,Curitiba
9930,2024/12/09,Maria Souza,Masculino,Monitor,120,3,3600,,Belo Horizonte
9931,14-06-2024,Ana Clara,,Notebook,"R$ 50,00",1,800,25m,Rio de Janeiro
9932,2023/12/20,Maria Souza,F,Cadeira,R$1200,2,7000,,Curitiba
9933,2024/09/14,,Feminino,Cadeira,R$3500,1,,161m,Belo Horizonte
9934,2024/04/08,Carlos Lima,MASCULINO,Monitor,R$50,2,7000,39m,Curitiba
9935,2024/10/26,Carlos Lima,m,Mouse,3500,3,150,54m,São Paulo
9936,05-03-2023,Ana Clara,MASCULINO,Monitor,R$120,1,3500,1:08:50,Belo Horizonte
9937,04-02-2024,Carlos Lima,f,Notebook,R$120,3,174,2:03:41,Porto Alegre
9938,2023-08-02,,F,Cadeira,R$50,2,1600,1:16:17,Porto Alegre
9939,01-08-2023,Carlos Lima,M,Notebook,800,2,1622,1h 2m,São Paulo
9940,2024/05/28, João Silva ,MASCULINO,Monitor,800,1,,,Belo Horizonte
9941,2023/11/19, João Silva ,f,Teclado,"R$ 1.200,00",3,3635,2:17:09,Curitiba
9942,2024/03/11,,Feminino,Cadeira,R$3500,3,,,Rio de Janeiro
9943,2024/07/18, João Silva ,,Notebook,"R$ 120,00",1,3455,,Rio de Janeiro
9944,2023-07-09, João Silva ,m,Notebook,"R$ 120,00",3,2400,2h 39m,Rio de Janeiro
9945,24-05-2024,,M,Monitor,R$1200,2,7000,0h 34m,Belo Horizonte
9946,19-02-2023,Ana Clara,m,Notebook,R$120,2,2400,2h 59m,Porto Alegre
9947,08/06/24,Ana Clara,F,Mouse,"R$ 800,00",2,,2:14:27,Curitiba
9948,2024/10/04,Carlos Lima,,Teclado,"R$ 800,00",3,150,2h 54m,Rio de Janeiro
9949,04/07/24,Carlos Lima,m,Monitor,"R$ 50,00",2,2400,,Curitiba
9950,2024-12-01,,MASCULINO,Notebook,R$3500,2,,3h 39m,Curitiba
9951,11/02/23,Ana Clara,F,Mouse,800,1,50,0h 18m,São Paulo
9952,18/06/24, Pedro Alves ,M,Mouse,R$120,3,10500,,São Paulo
9953,05/08/23,Ana Clara,Masculino,Mouse,50,2,128,81m,Belo Horizonte
9954,2024/12/26,Carlos Lima,Feminino,Cadeira,50,3,394,0:02:11,São Paulo
9955,12-06-2024,Carlos Lima,f,Notebook,"R$ 120,00",1,800,3h 5m,Belo Horizonte
9956,2024/12/27, Pedro Alves ,Masculino,Teclado,R$50,2,1600,83m,Belo Horizonte
9957,17/12/23,Maria Souza,f,Monitor,R$3500,2,2408,,Rio de Janeiro
9958,2023-12-24, Pedro Alves ,f,Cadeira,120,3,150,,Rio de Janeiro
9959,2023/07/17, Pedro Alves ,,Monitor,1200,1,,,Belo Horizonte
9960,03/05/23,Ana Clara,Feminino,Teclado,"R$ 50,00",3,,0:13:26,Porto Alegre
9961,2023/12/22, Pedro Alves ,F,Cadeira,R$3500,2,1600,2h 8m,São Paulo
9962,01/10/24,Maria Souza,MASCULINO,Cadeira,"R$ 50,00",1,800,0h 8m,Porto Alegre
9963,2023/03/14,Maria Souza,MASCULINO,Teclado,"R$ 1.200,00",1,800,70m,Rio de Janeiro
9964,10/09/23,,Feminino,Notebook,R$50,2,240,1:06:12,Curitiba
9965,04-02-2023,,MASCULINO,Teclado,"R$ 1.200,00",1,120,1:08:57,São Paulo
9966,2024-07-08,Maria Souza,M,Mouse,"R$ 3.500,00",3,,2:45:19,São Paulo
9967,01-02-2024,Ana Clara,m,Mouse,R$3500,2,6962,2:37:49,Porto Alegre
9968,2023/07/15,Maria Souza,f,Notebook,1200,2,,,Porto Alegre
9969,21-08-2023, João Silva ,Masculino,Monitor,R$800,3,2400,2h 38m,Porto Alegre
9970,16/12/23,Carlos Lima,F,Notebook,800,2,100,,Rio de Janeiro
9971,2023/12/14,Ana Clara,f,Teclado,3500,2,7000,,Rio de Janeiro
9972,22-04-2023, João Silva ,,Cadeira,800,2,2400,3h 17m,Rio de Janeiro
9973,2024-07-22, Pedro Alves ,Masculino,Teclado,"R$ 3.500,00",3,,0:41:51,Curitiba
9974,2023/03/08,Carlos Lima,f,Teclado,R$3500,1,,129m,Belo Horizonte
9975,2023/07/09,Carlos Lima,M,Teclado,50,2,7000,1:34:41,Porto Alegre
9976,2023-06-12,Carlos Lima,M,Teclado,3500,2,,166m,Rio de Janeiro
9977,2024/09/11,Ana Clara,f,Notebook,R$50,2,7000,55m,Rio de Janeiro
9978,2023-01-23,,f,Mouse,1200,2,7000,0:07:36,Curitiba
9979,28/09/23,Maria Souza,Feminino,Teclado,50,3,3600,,Belo Horizonte
9980,2024/01/24, Pedro Alves ,MASCULINO,Mouse,3500,2,93,0h 58m,Rio de Janeiro
9981,04-06-2023,Carlos Lima,M,Cadeira,50,1,50,0:52:23,Porto Alegre
9982,2024-01-22,,Masculino,Notebook,"R$ 800,00",3,,74m,Porto Alegre
9983,2024/03/19,Ana Clara,M,Cadeira,3500,1,1209,,Porto Alegre
9984,2023-10-27,Carlos Lima,m,Cadeira,"R$ 1.200,00",2,2400,2h 6m,Belo Horizonte
9985,2024/06/20,Carlos Lima,Feminino,Cadeira,1200,3,,,Rio de Janeiro
9986,2024-09-04,Ana Clara,,Mouse,"R$ 3.500,00",1,3540,,Belo Horizonte
9987,15/07/24,Carlos Lima,MASCULINO,Cadeira,R$1200,1,3500,,Rio de Janeiro
9988,09/07/24,,MASCULINO,Notebook,"R$ 1.200,00",1,120,2h 55m,Porto Alegre
9989,17/10/24, João Silva ,,Notebook,"R$ 800,00",1,95,1h 34m,Porto Alegre
9990,2024-08-12,,F,Teclado,"R$ 800,00",1,800,1:43:06,Belo Horizonte
9991,23/09/24,,Masculino,Cadeira,"R$ 1.200,00",3,10500,96m,Belo Horizonte
9992,2023/06/24,Maria Souza,f,Teclado,R$120,1,1200,,Porto Alegre
9993,09-12-2023,,,Monitor,"R$ 1.200,00",2,,80m,Porto Alegre
9994,2023-12-19,Maria Souza,Feminino,Monitor,3500,1,3500,2h 12m,São Paulo
9995,01-08-2023,Ana Clara,Feminino,Mouse,"R$ 1.200,00",2,,0h 2m,São Paulo
9996,2023/05/03, Pedro Alves ,MASCULINO,Mouse,"R$ 800,00",3,,3h 27m,São Paulo
9997,28/08/23,,m,Mouse,120,3,10500,78m,São Paulo
9998,2023-09-05,Maria Souza,Feminino,Cadeira,800,1,1200,2h 34m,São Paulo
9999,2024-05-16,Ana Clara,m,Notebook,R$1200,1,,104m,Rio de Janeiro
10000,2023/09/23,,,Mouse,R$120,2,2400,1:03:04,Belo Horizonte
