cliente,data_venda,genero,produto,preco,quantidade,total,tempo_entrega,cidade
Carlos lima,2023-09-18,,Cadeira,3500.0,1,10500,,Belo horizonte
João silva,2023-05-15,,Monitor,50.0,0,3600,,Porto alegre
João silva,2023-09-23,,Mouse,120.0,2,7000,0:01:54,Rio de janeiro
João silva,2024-09-22,Masculino,Notebook,1200.0,0,7000,,Curitiba
Pedro alves,2023-02-16,,Teclado,3500.0,2,10500,0:02:27,Curitiba
João silva,0024-02-23,Masculino,Monitor,50.0,1,,,Porto alegre
Carlos lima,2023-06-20,,Teclado,3500.0,2,800,0:02:42,Belo horizonte
Maria souza,2024-02-10,,Teclado,50.0,2,,0:00:07,Rio de janeiro
Maria souza,0024-12-12,Masculino,Cadeira,3500.0,1,,,Belo horizonte
Maria souza,2024-11-02,Masculino,Teclado,800.0,1,800,,Porto alegre
João silva,2024-08-02,Masculino,Cadeira,50.0,0,150,,São paulo
João silva,2023-05-06,Masculino,Monitor,120.0,0,800,,Belo horizonte
João silva,0024-10-24,,Notebook,1200.0,1,,,Curitiba
João silva,0024-02-11,Masculino,Cadeira,1200.0,0,1600,,Porto alegre
João silva,2024-04-27,Masculino,Monitor,1200.0,1,240,,Rio de janeiro
Pedro alves,0024-12-11,Masculino,Notebook,120.0,1,2400,,Porto alegre
Pedro alves,2023-04-26,,Cadeira,120.0,1,10489,,Belo horizonte
Ana clara,2024-09-16,,Notebook,50.0,3,2400,00:12:37,Porto alegre
Carlos lima,2023-09-23,,Mouse,800.0,0,2400,,Porto alegre
Maria souza,2024-08-10,Masculino,Mouse,3500.0,2,3600,0:02:55,Rio de janeiro
Carlos lima,2023-09-13,Masculino,Monitor,50.0,1,150,,Curitiba
Carlos lima,2024-10-20,Masculino,Mouse,800.0,0,3600,,Rio de janeiro
Pedro alves,0024-10-10,Masculino,Notebook,1200.0,0,3500,,Porto alegre
Pedro alves,2024-05-24,Masculino,Monitor,1200.0,0,3600,,São paulo
Ana clara,0024-06-17,Masculino,Teclado,120.0,0,,,Rio de janeiro
Ana clara,0024-01-20,Masculino,Monitor,1200.0,3,7000,02:43:09,Porto alegre
Ana clara,0023-09-23,,Cadeira,50.0,1,240,,Porto alegre
Carlos lima,0024-10-10,Masculino,Cadeira,3500.0,3,10500,00:44:44,Curitiba
Carlos lima,2024-03-05,,Cadeira,120.0,0,,,Rio de janeiro
Pedro alves,2023-02-26,,Cadeira,800.0,1,240,,Rio de janeiro
Carlos lima,2024-09-05,,Cadeira,1200.0,0,,,São paulo
João silva,2024-09-18,,Monitor,1200.0,0,,,Rio de janeiro
João silva,2024-08-26,Masculino,Teclado,50.0,0,150,,São paulo
Maria souza,2023-07-13,Masculino,Monitor,800.0,3,,00:26:47,Curitiba
João silva,0024-07-11,Masculino,Monitor,800.0,1,2400,,Porto alegre
João silva,2024-02-12,Masculino,Cadeira,3500.0,0,2400,,Rio de janeiro
Maria souza,2024-01-27,,Mouse,3500.0,2,120,0:01:43,Belo horizonte
Maria souza,2024-05-04,Masculino,Notebook,1200.0,1,1200,,Rio de janeiro
Maria souza,2024-06-23,,Teclado,800.0,2,150,0:03:40,Belo horizonte
Pedro alves,2024-06-16,Masculino,Cadeira,3500.0,2,3548,0:03:52,Belo horizonte
João silva,2023-06-07,Masculino,Teclado,1200.0,2,120,0:00:15,Curitiba
Maria souza,0023-09-14,,Cadeira,3500.0,2,54,0:03:20,São paulo
Pedro alves,2024-05-12,,Mouse,3500.0,0,100,,Belo horizonte
Pedro alves,2023-10-18,,Mouse,3500.0,2,124,0:03:19,São paulo
João silva,0024-06-23,,Notebook,50.0,3,,01:28:22,Rio de janeiro
Maria souza,2024-08-12,Masculino,Monitor,1200.0,2,1586,0:03:42,São paulo
Pedro alves,2024-01-16,,Monitor,3500.0,2,1600,0:01:51,Belo horizonte
João silva,2023-05-16,Masculino,Monitor,50.0,2,50,0:03:49,Belo horizonte
João silva,2024-11-05,,Notebook,1200.0,0,,,Porto alegre
Ana clara,2024-01-24,Masculino,Notebook,120.0,2,800,0:01:10,Rio de janeiro
Ana clara,2023-01-17,Masculino,Monitor,50.0,3,360,02:00:22,Rio de janeiro
Ana clara,0024-03-27,,Mouse,3500.0,0,2355,,Rio de janeiro
Ana clara,0023-01-26,Masculino,Mouse,50.0,3,2400,01:53:20,Rio de janeiro
Maria souza,2024-07-07,,Monitor,3500.0,2,,0:01:52,Curitiba
Pedro alves,0024-09-21,Masculino,Monitor,3500.0,1,,,Rio de janeiro
Pedro alves,2024-08-18,Masculino,Teclado,120.0,2,7000,0:03:42,Belo horizonte
Ana clara,0023-04-03,,Mouse,3500.0,2,3600,0:00:43,Rio de janeiro
Ana clara,2023-08-23,,Teclado,120.0,2,,0:02:56,Belo horizonte
Maria souza,2023-10-01,,Monitor,3500.0,0,,,Belo horizonte
Ana clara,0024-01-06,Masculino,Cadeira,120.0,2,840,0:01:01,Porto alegre
João silva,0023-02-12,,Teclado,120.0,2,120,0:01:22,Belo horizonte
Ana clara,2023-05-02,,Mouse,1200.0,3,800,01:12:29,São paulo
João silva,2023-02-09,,Mouse,120.0,3,50,00:59:29,Porto alegre
Ana clara,2024-09-18,,Cadeira,120.0,3,7000,02:56:53,Curitiba
Ana clara,2023-09-12,,Mouse,1200.0,2,1600,0:01:52,Curitiba
Maria souza,2023-05-21,Masculino,Mouse,800.0,0,,,Porto alegre
Maria souza,2023-10-14,,Mouse,50.0,0,,,Belo horizonte
João silva,2023-10-23,Masculino,Teclado,800.0,2,1581,0:03:10,Rio de janeiro
Pedro alves,2023-12-22,Masculino,Mouse,1200.0,1,2400,,Curitiba
Maria souza,2024-11-09,,Teclado,1200.0,2,65,0:03:09,São paulo
João silva,2024-07-28,Masculino,Cadeira,800.0,2,120,0:01:03,Belo horizonte
Pedro alves,0023-12-28,,Mouse,1200.0,1,2400,,Curitiba
Pedro alves,0023-05-19,Masculino,Mouse,3500.0,1,82,,Belo horizonte
Pedro alves,2024-10-22,,Mouse,120.0,0,325,,São paulo
Pedro alves,0024-05-18,Masculino,Cadeira,1200.0,0,,,Rio de janeiro
Carlos lima,2023-04-20,Masculino,Notebook,50.0,2,7000,0:01:31,São paulo
Carlos lima,2023-06-21,Masculino,Notebook,800.0,0,100,,São paulo
João silva,2024-08-17,Masculino,Cadeira,800.0,3,10500,02:50:20,Curitiba
João silva,0024-03-07,Masculino,Notebook,120.0,3,,01:51:08,Belo horizonte
João silva,2024-04-20,Masculino,Teclado,800.0,2,202,0:00:12,Porto alegre
Pedro alves,0023-03-08,,Notebook,3500.0,2,281,0:02:10,Rio de janeiro
Pedro alves,2023-04-21,,Mouse,50.0,0,360,,Belo horizonte
Carlos lima,2023-09-22,Masculino,Notebook,800.0,0,360,,Porto alegre
Ana clara,2024-06-21,Masculino,Notebook,1200.0,1,1200,,São paulo
João silva,0023-03-13,Masculino,Teclado,50.0,0,150,,Curitiba
Maria souza,2024-02-23,Masculino,Notebook,120.0,2,,0:02:00,Belo horizonte
Pedro alves,0024-04-12,Masculino,Cadeira,50.0,1,2351,,Rio de janeiro
Carlos lima,2024-11-02,,Monitor,3500.0,1,360,,Belo horizonte
Ana clara,2024-01-03,,Mouse,120.0,3,1200,02:05:50,Rio de janeiro
Carlos lima,2023-08-11,,Monitor,3500.0,1,1200,,São paulo
João silva,0023-05-27,,Teclado,800.0,0,,,São paulo
Pedro alves,2023-04-15,,Cadeira,50.0,0,7021,,Belo horizonte
Pedro alves,2023-12-05,,Monitor,3500.0,0,50,,São paulo
Pedro alves,2023-01-21,Masculino,Notebook,50.0,3,1579,02:29:24,Curitiba
João silva,2023-10-23,,Notebook,3500.0,3,2400,00:21:43,Porto alegre
Pedro alves,2024-02-13,Masculino,Mouse,120.0,0,240,,Belo horizonte
Pedro alves,0024-07-23,,Cadeira,1200.0,0,133,,Rio de janeiro
Carlos lima,0023-05-17,,Mouse,800.0,0,2400,,Porto alegre
Pedro alves,2023-05-01,Masculino,Teclado,3500.0,2,50,0:03:44,Belo horizonte
Maria souza,2024-10-13,Masculino,Monitor,1200.0,2,240,0:03:20,Rio de janeiro
Maria souza,0023-04-02,Masculino,Teclado,800.0,1,2449,,Porto alegre
Pedro alves,2024-09-02,Masculino,Notebook,1200.0,1,,,Porto alegre
Ana clara,2024-03-06,,Monitor,1200.0,3,2418,00:15:12,Curitiba
Carlos lima,2023-06-19,,Monitor,120.0,2,,0:03:57,Curitiba
Carlos lima,0024-03-22,Masculino,Mouse,120.0,1,,,Rio de janeiro
João silva,2024-11-05,Masculino,Monitor,3500.0,0,100,,Rio de janeiro
Ana clara,2024-12-08,,Monitor,800.0,3,120,02:12:12,Rio de janeiro
Maria souza,2024-07-07,Masculino,Teclado,120.0,3,,01:28:20,Curitiba
Carlos lima,2024-10-10,,Teclado,50.0,1,,,Curitiba
Ana clara,0024-10-01,Masculino,Cadeira,800.0,2,,0:02:09,São paulo
Ana clara,2023-04-21,Masculino,Cadeira,50.0,0,100,,Rio de janeiro
João silva,0023-09-24,,Teclado,120.0,1,750,,São paulo
Pedro alves,0024-04-16,Masculino,Monitor,50.0,3,360,00:22:50,Belo horizonte
Pedro alves,2024-12-10,Masculino,Cadeira,3500.0,0,1600,,Belo horizonte
Pedro alves,2023-05-17,Masculino,Mouse,1200.0,0,150,,Curitiba
Maria souza,2024-09-26,Masculino,Cadeira,50.0,3,10500,02:48:17,Porto alegre
Maria souza,0023-06-24,Masculino,Cadeira,3500.0,1,7000,,Curitiba
Maria souza,2024-01-28,,Monitor,120.0,1,1600,,São paulo
Maria souza,2023-06-07,Masculino,Monitor,50.0,0,150,,Belo horizonte
Maria souza,2023-04-21,Masculino,Teclado,120.0,0,50,,Porto alegre
Ana clara,2024-11-04,Masculino,Cadeira,3500.0,2,1600,0:00:44,Porto alegre
João silva,2024-03-21,Masculino,Notebook,120.0,0,10469,,Rio de janeiro
Carlos lima,2024-12-21,Masculino,Notebook,120.0,3,,02:42:09,São paulo
Pedro alves,2024-12-23,Masculino,Monitor,120.0,2,271,0:03:16,São paulo
Pedro alves,0024-11-08,,Teclado,800.0,0,2400,,Curitiba
Pedro alves,2024-04-11,Masculino,Notebook,120.0,2,2420,0:00:57,Rio de janeiro
Pedro alves,2024-06-01,,Teclado,800.0,2,240,0:00:45,Rio de janeiro
Carlos lima,2024-08-20,Masculino,Teclado,50.0,0,120,,Curitiba
Pedro alves,2023-08-19,Masculino,Mouse,800.0,0,3600,,Rio de janeiro
Maria souza,2024-10-19,Masculino,Monitor,50.0,0,120,,Porto alegre
Pedro alves,2023-08-21,Masculino,Notebook,1200.0,1,150,,Rio de janeiro
Carlos lima,2023-04-04,,Monitor,50.0,0,2440,,Rio de janeiro
Maria souza,2023-07-16,,Monitor,3500.0,2,10466,0:02:47,Curitiba
Maria souza,0024-07-23,,Teclado,800.0,1,240,,Belo horizonte
Ana clara,0023-06-01,,Cadeira,120.0,1,1200,,Belo horizonte
João silva,2023-03-03,Masculino,Monitor,3500.0,1,278,,São paulo
João silva,2024-08-22,,Notebook,120.0,2,240,0:01:01,São paulo
Carlos lima,2024-09-25,,Monitor,1200.0,2,2400,0:00:49,Rio de janeiro
Ana clara,2023-12-17,,Notebook,1200.0,1,800,,Curitiba
Maria souza,2024-04-17,,Cadeira,800.0,0,120,,Curitiba
Maria souza,2023-10-16,Masculino,Monitor,1200.0,0,,,Belo horizonte
Maria souza,0023-05-20,Masculino,Cadeira,3500.0,1,240,,Porto alegre
Maria souza,2024-05-18,,Monitor,50.0,2,,0:01:12,Belo horizonte
João silva,2024-12-10,,Monitor,120.0,2,2400,0:00:00,São paulo
Maria souza,2024-02-23,,Cadeira,120.0,1,120,,Belo horizonte
Maria souza,0024-07-21,,Cadeira,1200.0,1,10542,,Rio de janeiro
Maria souza,2024-12-26,,Mouse,50.0,3,354,00:26:07,Porto alegre
Maria souza,2023-04-25,,Mouse,3500.0,0,,,Rio de janeiro
Carlos lima,2024-08-02,Masculino,Cadeira,3500.0,2,14,0:03:43,Curitiba
Carlos lima,2024-10-05,,Notebook,3500.0,1,7000,,Belo horizonte
Ana clara,0023-05-15,,Notebook,3500.0,2,,0:02:43,São paulo
Ana clara,2023-07-07,Masculino,Cadeira,800.0,1,240,,Belo horizonte
Ana clara,2023-02-27,,Mouse,3500.0,3,1600,02:21:26,São paulo
Ana clara,2024-07-03,Masculino,Cadeira,50.0,0,360,,Porto alegre
Maria souza,2024-07-10,,Monitor,120.0,3,281,01:32:01,São paulo
Ana clara,2024-03-27,,Teclado,50.0,3,1152,00:31:14,São paulo
Carlos lima,2024-10-13,,Notebook,3500.0,3,3600,02:40:14,Rio de janeiro
Ana clara,2024-06-19,Masculino,Notebook,1200.0,1,74,,Porto alegre
Maria souza,2024-05-09,,Notebook,120.0,2,150,0:00:13,São paulo
Maria souza,2024-12-05,Masculino,Monitor,1200.0,1,2400,,Curitiba
Ana clara,0024-04-01,,Cadeira,50.0,2,120,0:02:08,São paulo
Pedro alves,2023-08-06,Masculino,Teclado,1200.0,0,800,,Curitiba
Ana clara,2024-05-26,,Mouse,50.0,0,2400,,São paulo
Carlos lima,0024-09-26,,Mouse,3500.0,2,,0:01:34,Curitiba
João silva,2023-11-24,Masculino,Mouse,50.0,0,,,Rio de janeiro
João silva,2024-11-10,,Mouse,120.0,3,150,02:32:40,Curitiba
Pedro alves,2023-03-10,,Monitor,120.0,3,120,01:46:51,São paulo
Pedro alves,2024-05-24,Masculino,Mouse,3500.0,2,10500,0:00:49,Belo horizonte
Ana clara,2023-03-04,,Notebook,120.0,2,100,0:02:41,São paulo
João silva,2024-04-14,,Cadeira,3500.0,3,360,00:26:05,Curitiba
Maria souza,2024-11-13,Masculino,Mouse,50.0,1,800,,São paulo
Maria souza,2023-03-16,,Notebook,50.0,3,240,02:34:17,São paulo
Carlos lima,2024-03-06,Masculino,Mouse,50.0,3,800,01:53:35,São paulo
Maria souza,0023-04-20,Masculino,Notebook,1200.0,0,,,Porto alegre
João silva,0023-02-02,,Teclado,1200.0,0,3500,,Curitiba
João silva,0023-03-27,,Monitor,120.0,0,10500,,Curitiba
Carlos lima,0024-04-14,Masculino,Monitor,120.0,0,795,,Porto alegre
Carlos lima,2024-05-28,,Monitor,800.0,0,50,,Belo horizonte
Ana clara,2023-07-14,,Notebook,1200.0,3,120,01:38:24,Curitiba
Ana clara,2024-09-22,,Monitor,800.0,1,150,,Curitiba
Pedro alves,2024-04-04,Masculino,Mouse,1200.0,3,,00:43:32,São paulo
Pedro alves,0024-08-23,Masculino,Cadeira,50.0,0,2400,,Rio de janeiro
Pedro alves,0023-08-18,Masculino,Monitor,3500.0,1,1600,,Curitiba
Ana clara,2024-10-06,,Monitor,1200.0,2,,0:03:45,Porto alegre
Ana clara,2023-06-19,,Notebook,120.0,2,186,0:01:31,Porto alegre
Pedro alves,2023-11-16,Masculino,Teclado,800.0,3,3500,00:52:14,Rio de janeiro
Carlos lima,2023-07-26,,Monitor,800.0,1,,,Curitiba
Carlos lima,2024-09-22,Masculino,Notebook,1200.0,2,2426,0:03:17,Curitiba
João silva,2023-06-19,,Mouse,120.0,2,6955,0:02:54,Belo horizonte
Maria souza,2023-06-13,Masculino,Cadeira,3500.0,2,7000,0:01:01,Porto alegre
Maria souza,2024-05-16,Masculino,Monitor,120.0,0,100,,Porto alegre
Maria souza,0024-05-25,Masculino,Notebook,50.0,3,120,00:38:02,Curitiba
Ana clara,0023-12-12,Masculino,Cadeira,50.0,3,120,02:11:30,Rio de janeiro
Ana clara,2023-05-13,Masculino,Notebook,1200.0,1,171,,Belo horizonte
Ana clara,2024-06-07,Masculino,Mouse,3500.0,1,3600,,São paulo
Pedro alves,0023-05-26,Masculino,Notebook,120.0,0,800,,São paulo
Pedro alves,0024-04-19,,Notebook,3500.0,1,2400,,Belo horizonte
Pedro alves,0023-11-14,Masculino,Notebook,3500.0,2,,0:02:03,Belo horizonte
Pedro alves,0024-12-10,Masculino,Mouse,50.0,3,150,02:46:35,Rio de janeiro
Ana clara,2023-02-26,Masculino,Monitor,3500.0,0,3500,,São paulo
Ana clara,2024-09-20,,Teclado,50.0,3,3500,01:42:32,Curitiba
João silva,2024-03-03,Masculino,Notebook,50.0,3,50,01:38:15,Rio de janeiro
Maria souza,0023-06-18,Masculino,Mouse,120.0,0,120,,Belo horizonte
Ana clara,2024-03-10,,Cadeira,1200.0,0,3600,,Curitiba
Carlos lima,2024-02-03,Masculino,Notebook,800.0,1,,,Curitiba
Carlos lima,2024-04-05,,Cadeira,800.0,3,50,00:39:02,Curitiba
João silva,2023-07-19,Masculino,Mouse,50.0,3,,00:01:44,São paulo
Carlos lima,2023-11-27,Masculino,Mouse,120.0,1,800,,São paulo
João silva,2023-01-03,,Teclado,120.0,2,240,0:03:22,Belo horizonte
João silva,2023-10-13,,Cadeira,3500.0,2,150,0:03:48,São paulo
Carlos lima,2023-02-21,,Notebook,800.0,2,150,0:02:00,Porto alegre
Carlos lima,0023-09-14,,Mouse,1200.0,0,3600,,São paulo
Carlos lima,2024-08-09,Masculino,Cadeira,800.0,1,800,,Belo horizonte
Carlos lima,2023-11-09,,Cadeira,120.0,0,100,,Curitiba
João silva,2023-09-03,Masculino,Teclado,50.0,2,,0:01:01,São paulo
Ana clara,2024-12-02,,Monitor,3500.0,0,100,,Rio de janeiro
Carlos lima,0024-05-11,Masculino,Mouse,1200.0,2,,0:01:34,São paulo
Maria souza,0023-04-23,,Mouse,120.0,3,,02:25:14,Porto alegre
Maria souza,2023-12-01,,Notebook,3500.0,2,120,0:00:08,Belo horizonte
Ana clara,2024-06-01,Masculino,Notebook,50.0,0,2400,,Rio de janeiro
Ana clara,2024-06-15,Masculino,Cadeira,1200.0,3,7000,00:52:52,Rio de janeiro
Ana clara,0024-09-24,Masculino,Notebook,800.0,3,3634,00:38:23,São paulo
João silva,0024-04-17,,Cadeira,1200.0,2,800,0:03:34,São paulo
Carlos lima,2023-05-25,Masculino,Teclado,50.0,2,,0:01:49,São paulo
Ana clara,2023-10-22,,Notebook,800.0,1,,,Porto alegre
Ana clara,0023-06-28,,Monitor,3500.0,3,2400,01:52:06,Rio de janeiro
João silva,0023-09-12,Masculino,Mouse,120.0,0,,,Curitiba
João silva,2024-12-06,Masculino,Teclado,3500.0,2,3578,0:02:21,Belo horizonte
Maria souza,2023-03-27,,Monitor,3500.0,0,84,,Porto alegre
Maria souza,2023-11-22,,Teclado,3500.0,3,1600,02:46:40,São paulo
João silva,2023-07-27,Masculino,Teclado,1200.0,3,,02:50:16,São paulo
Pedro alves,2023-04-25,,Notebook,1200.0,2,1200,0:01:16,Rio de janeiro
Ana clara,2024-09-24,,Cadeira,1200.0,2,3500,0:01:03,São paulo
João silva,2024-09-27,Masculino,Cadeira,3500.0,2,1575,0:03:48,Rio de janeiro
Maria souza,0023-05-24,Masculino,Notebook,1200.0,3,360,00:41:30,Rio de janeiro
Pedro alves,2024-06-09,Masculino,Teclado,3500.0,3,10500,01:51:11,Porto alegre
Pedro alves,2023-07-01,Masculino,Cadeira,800.0,0,2400,,São paulo
Carlos lima,2024-12-26,Masculino,Notebook,800.0,3,100,00:32:06,Rio de janeiro
Carlos lima,2023-03-25,,Mouse,50.0,2,3650,0:02:02,São paulo
Carlos lima,2023-01-07,Masculino,Notebook,800.0,0,1612,,Curitiba
Ana clara,2023-09-09,,Mouse,1200.0,3,2443,01:35:59,Porto alegre
João silva,2023-01-10,,Notebook,800.0,3,100,01:07:37,São paulo
Carlos lima,0024-06-24,,Notebook,3500.0,1,240,,Curitiba
João silva,2024-09-03,,Monitor,800.0,3,,01:32:56,Curitiba
Ana clara,2023-07-23,Masculino,Mouse,120.0,3,,01:35:30,Rio de janeiro
Ana clara,2023-09-01,Masculino,Monitor,50.0,1,10500,,Belo horizonte
Ana clara,2023-06-08,,Monitor,120.0,2,3500,0:00:41,Rio de janeiro
Pedro alves,0023-04-03,Masculino,Mouse,120.0,3,240,00:39:32,Porto alegre
Ana clara,0024-07-18,,Notebook,120.0,0,50,,Rio de janeiro
Pedro alves,2023-11-04,Masculino,Teclado,120.0,2,1193,0:00:42,São paulo
Carlos lima,2024-03-13,,Mouse,50.0,2,,0:01:06,Porto alegre
João silva,2024-10-04,Masculino,Notebook,3500.0,1,,,Belo horizonte
João silva,0023-01-19,,Mouse,800.0,0,2400,,Belo horizonte
Pedro alves,2023-01-17,Masculino,Cadeira,1200.0,0,360,,São paulo
Pedro alves,2024-01-03,,Mouse,120.0,2,,0:01:03,Curitiba
Pedro alves,2024-04-11,Masculino,Teclado,3500.0,2,6991,0:03:41,Porto alegre
João silva,2024-05-02,,Mouse,1200.0,3,50,01:03:25,Rio de janeiro
João silva,2023-04-08,,Cadeira,3500.0,3,10500,01:05:56,Rio de janeiro
Carlos lima,2023-03-11,,Teclado,3500.0,1,2400,,Curitiba
Carlos lima,2023-04-11,,Notebook,3500.0,3,360,02:42:52,São paulo
João silva,2024-12-13,,Mouse,3500.0,1,360,,Belo horizonte
Pedro alves,2023-01-26,,Mouse,120.0,0,800,,Porto alegre
Pedro alves,0024-12-16,,Monitor,800.0,3,100,02:11:21,Rio de janeiro
Maria souza,2023-10-07,,Notebook,800.0,2,150,0:02:55,Belo horizonte
Pedro alves,2024-05-21,,Cadeira,1200.0,1,6972,,Porto alegre
Pedro alves,2024-03-07,Masculino,Mouse,120.0,3,100,01:44:38,Rio de janeiro
Maria souza,2023-07-14,,Notebook,800.0,0,10500,,São paulo
Pedro alves,2023-05-05,,Teclado,50.0,1,,,Belo horizonte
João silva,0023-09-01,,Monitor,3500.0,3,,01:45:46,Curitiba
João silva,2024-05-12,Masculino,Monitor,800.0,2,360,0:02:52,Porto alegre
Ana clara,2023-05-19,,Mouse,3500.0,1,783,,Belo horizonte
Maria souza,0023-03-20,,Notebook,50.0,3,3500,01:02:04,Curitiba
Ana clara,2023-02-06,Masculino,Cadeira,3500.0,2,2400,0:03:57,Rio de janeiro
João silva,0023-02-12,,Cadeira,3500.0,0,,,Curitiba
Ana clara,2024-11-05,,Teclado,50.0,3,,01:46:04,São paulo
Pedro alves,2023-03-24,Masculino,Teclado,50.0,3,150,02:26:45,Porto alegre
Pedro alves,0024-10-20,,Cadeira,3500.0,3,1200,02:53:09,Belo horizonte
João silva,2023-07-17,,Teclado,3500.0,2,2400,0:01:02,Belo horizonte
Maria souza,2024-05-17,,Teclado,1200.0,3,,00:56:30,São paulo
Ana clara,2023-08-04,Masculino,Mouse,120.0,2,150,0:01:11,Belo horizonte
Pedro alves,0024-12-04,,Cadeira,3500.0,3,,01:24:43,Rio de janeiro
João silva,2023-11-07,,Monitor,800.0,1,2400,,Porto alegre
Maria souza,0023-03-20,Masculino,Teclado,3500.0,1,100,,Porto alegre
Maria souza,2023-09-25,,Teclado,120.0,3,,00:25:10,Rio de janeiro
Maria souza,2023-12-24,,Monitor,800.0,1,,,Porto alegre
Carlos lima,2023-01-13,Masculino,Teclado,800.0,1,1200,,São paulo
Carlos lima,0023-04-14,Masculino,Mouse,800.0,1,3500,,Belo horizonte
Ana clara,2024-08-22,Masculino,Cadeira,3500.0,3,1200,02:46:56,Curitiba
João silva,2023-05-09,Masculino,Mouse,120.0,1,2400,,Belo horizonte
João silva,2024-10-15,Masculino,Monitor,800.0,0,150,,Curitiba
Maria souza,2024-05-13,,Mouse,120.0,3,10500,00:18:58,Rio de janeiro
Ana clara,2024-01-04,Masculino,Monitor,3500.0,0,7039,,Porto alegre
João silva,2023-05-26,,Cadeira,3500.0,1,2400,,Curitiba
Ana clara,0023-08-26,,Notebook,120.0,0,360,,São paulo
Carlos lima,0023-07-05,Masculino,Teclado,120.0,2,240,0:00:14,Curitiba
João silva,2024-04-03,,Cadeira,1200.0,3,800,02:19:39,Curitiba
João silva,2024-04-18,Masculino,Teclado,1200.0,2,50,0:00:47,Rio de janeiro
João silva,0023-02-27,Masculino,Notebook,800.0,0,150,,São paulo
Ana clara,2024-03-15,Masculino,Monitor,50.0,3,,02:34:59,Curitiba
Carlos lima,0024-12-15,,Teclado,800.0,1,3500,,Porto alegre
João silva,0023-01-13,,Monitor,800.0,3,800,01:55:42,Curitiba
João silva,2024-11-23,,Monitor,3500.0,0,,,Rio de janeiro
Carlos lima,2024-11-12,Masculino,Notebook,3500.0,1,1600,,Curitiba
Carlos lima,2023-04-01,,Monitor,800.0,1,3500,,Rio de janeiro
João silva,2023-03-22,Masculino,Cadeira,3500.0,0,3600,,Curitiba
Maria souza,2024-09-17,Masculino,Notebook,1200.0,2,50,0:03:39,São paulo
Maria souza,2023-11-25,,Teclado,120.0,0,,,Porto alegre
Pedro alves,2024-07-21,,Mouse,800.0,0,,,Rio de janeiro
Carlos lima,2023-12-08,Masculino,Teclado,50.0,0,,,Belo horizonte
Carlos lima,2024-03-21,Masculino,Mouse,800.0,1,1200,,Curitiba
Maria souza,0024-11-23,Masculino,Notebook,1200.0,2,2368,0:02:24,Belo horizonte
Maria souza,2023-10-11,,Monitor,3500.0,0,,,Belo horizonte
Maria souza,2023-06-22,,Mouse,50.0,0,1235,,São paulo
Maria souza,2023-02-27,,Notebook,50.0,3,,02:41:01,São paulo
Ana clara,0023-01-28,,Monitor,1200.0,0,2400,,Belo horizonte
Carlos lima,0023-02-22,Masculino,Monitor,50.0,1,197,,Curitiba
Maria souza,2024-04-28,Masculino,Cadeira,1200.0,1,50,,Curitiba
Maria souza,2023-12-23,Masculino,Cadeira,1200.0,2,120,0:01:11,Rio de janeiro
Ana clara,2023-10-11,,Notebook,800.0,1,1200,,São paulo
Ana clara,2023-06-18,Masculino,Teclado,800.0,3,3600,02:35:01,Belo horizonte
João silva,2024-08-19,,Teclado,1200.0,2,120,0:02:34,Belo horizonte
Pedro alves,2023-09-07,,Monitor,1200.0,2,,0:00:42,Porto alegre
Pedro alves,0023-08-13,,Monitor,50.0,1,100,,São paulo
Pedro alves,2023-12-06,Masculino,Mouse,3500.0,1,,,Rio de janeiro
Maria souza,2023-04-12,,Teclado,800.0,0,7000,,Rio de janeiro
Maria souza,2024-11-17,Masculino,Cadeira,1200.0,0,,,Belo horizonte
Pedro alves,2024-05-02,,Teclado,50.0,0,240,,Rio de janeiro
João silva,2024-01-01,,Notebook,800.0,0,7000,,Belo horizonte
Pedro alves,2023-08-17,,Notebook,800.0,0,,,Belo horizonte
Maria souza,0024-06-13,Masculino,Teclado,3500.0,2,50,0:01:51,Rio de janeiro
Carlos lima,2023-05-17,Masculino,Teclado,50.0,0,360,,Curitiba
Ana clara,2023-10-02,Masculino,Cadeira,50.0,3,2400,00:30:52,Porto alegre
Maria souza,2023-11-21,Masculino,Teclado,3500.0,1,1248,,Rio de janeiro
João silva,2023-03-28,,Monitor,800.0,3,,01:43:18,Curitiba
João silva,2024-09-23,,Notebook,50.0,1,2400,,São paulo
Pedro alves,2024-07-23,Masculino,Teclado,120.0,2,,0:02:24,São paulo
Ana clara,2023-04-02,,Cadeira,120.0,2,100,0:03:52,Rio de janeiro
Ana clara,2023-01-08,,Notebook,1200.0,3,1600,01:04:53,Curitiba
Ana clara,2024-12-25,Masculino,Cadeira,3500.0,2,3500,0:01:12,Rio de janeiro
Ana clara,0024-08-08,Masculino,Cadeira,800.0,2,50,0:00:33,São paulo
Ana clara,0023-06-21,Masculino,Teclado,50.0,0,7000,,São paulo
Maria souza,0024-05-16,,Teclado,1200.0,3,248,01:21:10,Porto alegre
Pedro alves,0023-08-09,Masculino,Cadeira,800.0,1,150,,Porto alegre
Maria souza,0023-06-17,,Monitor,1200.0,0,2400,,Belo horizonte
Pedro alves,2024-11-19,Masculino,Monitor,50.0,2,,0:02:49,São paulo
Pedro alves,2024-10-07,,Mouse,800.0,0,2400,,Belo horizonte
João silva,2023-11-21,,Mouse,3500.0,1,100,,Belo horizonte
João silva,2024-08-27,,Mouse,800.0,2,121,0:00:58,Rio de janeiro
João silva,2024-04-28,Masculino,Monitor,800.0,2,2400,0:01:09,São paulo
Carlos lima,2023-04-03,,Mouse,3500.0,0,10500,,Belo horizonte
Ana clara,2023-12-05,Masculino,Mouse,3500.0,3,7002,02:45:41,Porto alegre
Maria souza,0023-07-06,Masculino,Cadeira,1200.0,0,1600,,São paulo
Carlos lima,2023-06-12,Masculino,Mouse,1200.0,2,3500,0:03:19,São paulo
Ana clara,2024-03-13,,Teclado,3500.0,3,7000,00:06:22,Rio de janeiro
Ana clara,2023-03-03,,Teclado,120.0,3,2400,02:07:19,Rio de janeiro
João silva,2024-05-19,,Notebook,1200.0,3,,02:28:21,Porto alegre
Carlos lima,2024-12-28,Masculino,Teclado,120.0,1,,,Belo horizonte
João silva,2023-02-27,Masculino,Notebook,3500.0,0,120,,Porto alegre
Maria souza,0023-05-21,Masculino,Teclado,50.0,3,360,00:21:35,Curitiba
João silva,0023-12-20,,Mouse,800.0,1,200,,Curitiba
Maria souza,2023-12-15,,Cadeira,800.0,0,150,,Rio de janeiro
Pedro alves,2023-03-22,Masculino,Mouse,50.0,0,10500,,Rio de janeiro
Carlos lima,2023-11-27,,Teclado,1200.0,3,50,00:14:25,Curitiba
Ana clara,0023-05-07,Masculino,Cadeira,1200.0,2,2400,0:03:11,Curitiba
Carlos lima,2023-06-17,,Notebook,1200.0,2,2400,0:02:03,Rio de janeiro
Carlos lima,2023-11-06,Masculino,Monitor,3500.0,3,127,02:41:42,Porto alegre
João silva,2023-03-24,Masculino,Teclado,1200.0,0,,,Porto alegre
Ana clara,2023-04-22,Masculino,Notebook,800.0,2,1569,0:03:11,Porto alegre
Maria souza,2024-09-18,,Cadeira,50.0,3,2400,01:43:41,Curitiba
Carlos lima,2023-10-11,Masculino,Monitor,120.0,1,240,,Belo horizonte
Carlos lima,0023-10-22,,Teclado,120.0,0,,,São paulo
Ana clara,2024-03-22,Masculino,Notebook,1200.0,2,831,0:00:24,Belo horizonte
João silva,2023-04-21,Masculino,Monitor,3500.0,3,240,02:34:49,Rio de janeiro
João silva,2023-07-28,,Cadeira,1200.0,0,1200,,Porto alegre
Carlos lima,0023-12-26,Masculino,Mouse,3500.0,3,102,02:32:19,Curitiba
João silva,2024-04-04,,Mouse,50.0,2,240,0:00:23,Rio de janeiro
Pedro alves,0023-03-28,,Monitor,120.0,3,,00:40:02,Rio de janeiro
Carlos lima,2024-01-14,Masculino,Cadeira,3500.0,3,240,02:23:47,Rio de janeiro
Carlos lima,2023-12-15,Masculino,Cadeira,3500.0,2,,0:02:46,Belo horizonte
Maria souza,0023-05-18,Masculino,Teclado,1200.0,1,240,,Rio de janeiro
Pedro alves,2024-10-26,,Monitor,120.0,1,,,Curitiba
Carlos lima,0023-06-09,Masculino,Teclado,1200.0,3,50,00:11:54,Curitiba
Pedro alves,2024-04-05,Masculino,Notebook,1200.0,1,3600,,Rio de janeiro
Ana clara,0023-03-10,,Teclado,3500.0,0,100,,Rio de janeiro
Ana clara,2024-05-15,Masculino,Teclado,800.0,3,,00:01:52,Curitiba
Carlos lima,2024-07-11,Masculino,Teclado,50.0,1,50,,Porto alegre
Ana clara,0024-06-09,,Notebook,1200.0,1,1624,,Porto alegre
Ana clara,2023-01-09,,Teclado,50.0,0,1200,,São paulo
João silva,2023-12-09,Masculino,Teclado,1200.0,2,2400,0:01:41,Belo horizonte
Pedro alves,2024-02-04,Masculino,Monitor,800.0,0,50,,Porto alegre
Ana clara,2023-04-13,,Teclado,120.0,0,,,São paulo
Ana clara,0023-12-21,Masculino,Mouse,3500.0,1,3500,,São paulo
Carlos lima,2023-10-15,,Notebook,1200.0,1,50,,Belo horizonte
Maria souza,2023-03-08,,Mouse,3500.0,1,10500,,Curitiba
Maria souza,0023-12-24,,Mouse,120.0,0,240,,Porto alegre
Maria souza,2023-11-05,Masculino,Notebook,800.0,3,7000,00:19:55,Curitiba
Maria souza,2024-11-22,Masculino,Monitor,800.0,2,3500,0:03:37,Curitiba
Carlos lima,0024-01-20,Masculino,Notebook,800.0,3,2400,01:10:46,São paulo
Ana clara,0023-08-10,Masculino,Teclado,3500.0,3,,00:11:21,São paulo
João silva,2024-03-15,Masculino,Monitor,800.0,3,240,00:35:37,Belo horizonte
João silva,2023-05-13,,Teclado,50.0,0,,,São paulo
Maria souza,2024-01-05,Masculino,Monitor,50.0,1,,,Rio de janeiro
Ana clara,0023-12-11,Masculino,Notebook,3500.0,1,10500,,São paulo
João silva,2023-02-28,Masculino,Teclado,1200.0,3,120,01:29:49,Porto alegre
Carlos lima,0024-04-16,,Monitor,800.0,1,2400,,Belo horizonte
João silva,2023-07-22,Masculino,Cadeira,3500.0,2,2400,0:01:25,Belo horizonte
Carlos lima,2024-02-20,,Mouse,1200.0,3,780,02:21:18,São paulo
Carlos lima,2024-02-09,Masculino,Mouse,3500.0,3,7000,00:40:32,São paulo
Ana clara,2023-09-19,,Mouse,120.0,0,800,,Porto alegre
Ana clara,2023-10-15,Masculino,Notebook,120.0,1,360,,Rio de janeiro
Ana clara,2024-07-19,,Mouse,3500.0,0,3500,,São paulo
Ana clara,2023-08-15,Masculino,Teclado,120.0,3,1600,01:18:35,Rio de janeiro
Ana clara,2023-10-02,,Notebook,3500.0,0,,,Belo horizonte
João silva,2023-08-13,,Mouse,120.0,2,240,0:00:59,Porto alegre
João silva,0023-10-12,,Cadeira,800.0,3,,02:08:37,Rio de janeiro
Maria souza,2024-01-22,,Notebook,800.0,1,7000,,São paulo
Ana clara,2023-08-16,,Monitor,50.0,3,,01:52:50,São paulo
João silva,2024-04-22,,Teclado,1200.0,2,3600,0:02:14,Rio de janeiro
Carlos lima,0023-09-09,,Cadeira,1200.0,2,2400,0:00:49,Curitiba
Pedro alves,0023-11-07,,Mouse,800.0,0,2400,,Rio de janeiro
Pedro alves,2024-10-20,,Mouse,800.0,1,7000,,Porto alegre
Maria souza,0023-07-16,,Mouse,800.0,2,2390,0:02:05,Belo horizonte
Maria souza,2024-01-27,Masculino,Teclado,120.0,3,50,00:58:24,Belo horizonte
Carlos lima,2023-03-23,,Notebook,3500.0,2,1609,0:00:33,Rio de janeiro
Carlos lima,2024-05-12,,Cadeira,800.0,3,1600,00:12:21,Curitiba
Pedro alves,2023-10-09,,Teclado,800.0,2,,0:01:25,Curitiba
Ana clara,2024-07-19,,Mouse,1200.0,1,800,,Belo horizonte
João silva,2023-01-26,,Monitor,3500.0,2,240,0:02:59,Curitiba
Carlos lima,0024-03-08,,Teclado,50.0,0,100,,São paulo
Carlos lima,0024-09-12,Masculino,Teclado,800.0,1,3500,,Porto alegre
Maria souza,2023-01-03,Masculino,Teclado,120.0,1,,,Belo horizonte
Carlos lima,2023-05-28,,Notebook,50.0,1,240,,Belo horizonte
Carlos lima,0023-05-14,Masculino,Monitor,3500.0,3,,00:24:34,Curitiba
Maria souza,2024-04-01,Masculino,Mouse,3500.0,3,10500,01:30:38,Porto alegre
Pedro alves,0024-03-11,,Cadeira,800.0,1,2387,,Belo horizonte
Carlos lima,0023-12-28,Masculino,Mouse,3500.0,1,,,Porto alegre
Carlos lima,0023-02-19,Masculino,Teclado,3500.0,3,100,02:36:10,São paulo
Maria souza,0024-02-07,Masculino,Teclado,1200.0,3,6964,01:02:35,Rio de janeiro
Carlos lima,0024-11-05,Masculino,Cadeira,3500.0,1,120,,Belo horizonte
Carlos lima,2023-07-23,Masculino,Notebook,800.0,2,,0:02:13,Rio de janeiro
Pedro alves,0023-03-27,Masculino,Notebook,1200.0,1,134,,Rio de janeiro
Pedro alves,0023-05-13,Masculino,Mouse,120.0,0,240,,Curitiba
Pedro alves,0023-01-16,Masculino,Notebook,800.0,3,,00:26:22,Belo horizonte
Maria souza,0023-12-27,,Teclado,3500.0,0,159,,Porto alegre
Maria souza,2024-09-05,Masculino,Notebook,1200.0,1,,,Rio de janeiro
Pedro alves,2024-06-08,,Monitor,3500.0,3,95,00:59:30,Porto alegre
Maria souza,2024-04-07,Masculino,Teclado,120.0,1,,,Belo horizonte
Ana clara,2024-04-14,Masculino,Notebook,50.0,3,360,02:58:22,Porto alegre
Ana clara,2023-05-11,Masculino,Monitor,1200.0,0,,,São paulo
Maria souza,2024-11-16,,Mouse,800.0,2,800,0:01:50,Belo horizonte
Carlos lima,2024-07-11,,Monitor,1200.0,2,1200,0:03:01,São paulo
Ana clara,2024-12-10,,Notebook,800.0,1,100,,Curitiba
Pedro alves,2024-02-15,,Mouse,120.0,1,,,Curitiba
Pedro alves,2024-04-01,Masculino,Notebook,800.0,3,,02:44:27,Curitiba
Pedro alves,0023-05-08,,Notebook,800.0,3,1200,00:09:37,Belo horizonte
Pedro alves,0024-12-08,Masculino,Notebook,3500.0,0,831,,Curitiba
João silva,0024-02-28,Masculino,Mouse,50.0,3,360,02:21:43,Belo horizonte
João silva,0023-07-05,,Cadeira,3500.0,1,100,,Porto alegre
João silva,2023-05-09,,Mouse,1200.0,0,140,,Rio de janeiro
Carlos lima,0024-03-23,Masculino,Teclado,3500.0,0,230,,Rio de janeiro
Carlos lima,2023-01-27,Masculino,Monitor,50.0,0,10500,,Belo horizonte
Maria souza,0024-12-04,Masculino,Monitor,50.0,0,3500,,São paulo
Ana clara,2024-03-13,,Cadeira,120.0,2,,0:02:56,São paulo
Pedro alves,2024-02-08,,Mouse,800.0,0,50,,São paulo
Ana clara,2023-09-16,Masculino,Notebook,120.0,3,100,00:36:05,Rio de janeiro
Ana clara,0024-06-16,,Notebook,800.0,0,,,São paulo
Ana clara,2024-05-11,Masculino,Monitor,1200.0,2,240,0:03:42,São paulo
Pedro alves,2024-03-16,Masculino,Teclado,50.0,2,100,0:00:27,Porto alegre
João silva,0023-11-20,Masculino,Cadeira,50.0,1,1200,,Curitiba
João silva,2023-07-02,Masculino,Mouse,3500.0,3,100,00:28:37,São paulo
Carlos lima,2024-04-27,Masculino,Mouse,800.0,0,7000,,Rio de janeiro
Maria souza,0023-09-01,,Monitor,800.0,3,7000,02:35:48,Porto alegre
João silva,2023-11-24,,Cadeira,800.0,2,150,0:02:45,Belo horizonte
João silva,2023-09-15,Masculino,Notebook,800.0,0,120,,Porto alegre
João silva,2023-10-17,Masculino,Teclado,3500.0,2,,0:02:02,Rio de janeiro
João silva,2024-08-12,Masculino,Teclado,1200.0,3,1235,01:30:39,Belo horizonte
João silva,2024-06-27,,Notebook,1200.0,1,,,São paulo
Maria souza,2023-01-05,Masculino,Teclado,3500.0,2,,0:02:10,Rio de janeiro
Carlos lima,0024-02-11,Masculino,Mouse,50.0,1,,,Belo horizonte
Ana clara,2023-03-24,,Monitor,120.0,1,,,Curitiba
Pedro alves,2023-11-20,,Teclado,800.0,0,120,,Rio de janeiro
Ana clara,2024-06-15,Masculino,Notebook,50.0,1,100,,São paulo
Maria souza,2023-01-02,Masculino,Monitor,800.0,1,7000,,Rio de janeiro
Maria souza,2023-11-13,Masculino,Monitor,1200.0,1,120,,Rio de janeiro
Ana clara,2023-09-14,,Mouse,3500.0,2,1600,0:03:55,Curitiba
Ana clara,0023-03-02,Masculino,Monitor,120.0,1,7000,,São paulo
Pedro alves,2023-07-26,Masculino,Monitor,800.0,3,7000,02:42:53,Porto alegre
Ana clara,2024-07-14,Masculino,Teclado,120.0,3,120,02:51:43,Rio de janeiro
Pedro alves,2023-06-08,,Mouse,120.0,3,3500,00:00:31,Porto alegre
Pedro alves,2024-10-12,,Notebook,50.0,1,240,,Porto alegre
Carlos lima,2024-02-14,Masculino,Mouse,800.0,2,2400,0:00:16,Belo horizonte
Ana clara,2023-08-05,Masculino,Monitor,3500.0,3,50,00:46:20,São paulo
João silva,2023-08-23,Masculino,Mouse,120.0,3,2400,02:44:12,São paulo
Carlos lima,2024-03-12,Masculino,Cadeira,120.0,0,1563,,Belo horizonte
João silva,2024-05-19,Masculino,Cadeira,120.0,0,150,,Belo horizonte
Pedro alves,0023-10-02,Masculino,Mouse,800.0,2,240,0:01:23,São paulo
Carlos lima,2024-11-06,,Notebook,800.0,1,7000,,São paulo
João silva,2024-02-21,,Cadeira,120.0,0,3500,,Belo horizonte
João silva,0023-04-22,Masculino,Teclado,50.0,2,143,0:00:56,São paulo
Pedro alves,2023-11-12,,Teclado,1200.0,3,,00:09:23,Curitiba
Pedro alves,2023-06-14,,Monitor,120.0,0,10500,,Rio de janeiro
Maria souza,2024-02-13,Masculino,Teclado,120.0,1,3500,,Curitiba
Carlos lima,2023-09-26,Masculino,Cadeira,3500.0,3,,01:24:29,Belo horizonte
Carlos lima,2024-03-28,,Mouse,800.0,3,,01:21:49,Curitiba
Carlos lima,2023-11-07,Masculino,Notebook,1200.0,2,,0:01:00,Curitiba
João silva,2024-09-28,Masculino,Mouse,50.0,0,1174,,Belo horizonte
Ana clara,2023-01-03,Masculino,Mouse,120.0,1,120,,São paulo
Maria souza,0023-06-16,Masculino,Cadeira,800.0,1,,,Belo horizonte
Ana clara,2024-10-10,,Mouse,50.0,0,10500,,Belo horizonte
Ana clara,2024-08-04,Masculino,Cadeira,800.0,1,100,,Belo horizonte
Maria souza,2023-11-26,Masculino,Teclado,50.0,3,150,02:29:25,Porto alegre
Ana clara,2023-08-14,,Teclado,800.0,0,113,,Curitiba
Pedro alves,0023-07-15,,Cadeira,800.0,0,10500,,Rio de janeiro
João silva,2024-07-13,Masculino,Notebook,1200.0,2,2400,0:01:40,São paulo
Maria souza,0023-02-12,,Teclado,50.0,3,10500,02:55:03,Curitiba
Ana clara,0024-01-06,,Monitor,800.0,1,,,Curitiba
Pedro alves,0023-12-14,,Notebook,3500.0,0,2400,,Rio de janeiro
Pedro alves,2024-08-08,Masculino,Teclado,120.0,0,2400,,Belo horizonte
Maria souza,0024-10-15,Masculino,Monitor,3500.0,0,50,,Rio de janeiro
Carlos lima,2023-01-04,Masculino,Monitor,800.0,2,,0:01:03,Belo horizonte
Carlos lima,2023-11-09,,Mouse,120.0,0,7000,,Curitiba
João silva,2023-08-08,,Teclado,1200.0,2,10500,0:02:52,São paulo
Pedro alves,2023-12-13,Masculino,Monitor,800.0,0,3569,,Rio de janeiro
Carlos lima,2024-10-23,,Notebook,120.0,3,2400,01:59:59,São paulo
Ana clara,0024-08-06,,Teclado,3500.0,0,800,,Porto alegre
Ana clara,0024-10-15,,Notebook,120.0,3,130,02:26:35,Belo horizonte
Pedro alves,2024-04-19,,Mouse,3500.0,2,7044,0:02:05,Rio de janeiro
Pedro alves,2023-09-06,,Cadeira,120.0,0,2400,,Rio de janeiro
Maria souza,2023-02-26,Masculino,Notebook,1200.0,3,2400,00:28:58,Porto alegre
Maria souza,2024-02-04,Masculino,Mouse,1200.0,1,7000,,Belo horizonte
Ana clara,2023-11-22,,Teclado,1200.0,1,120,,Belo horizonte
Ana clara,2023-05-14,Masculino,Monitor,3500.0,3,1200,01:30:01,Rio de janeiro
João silva,2023-10-06,Masculino,Notebook,1200.0,2,150,0:02:44,Belo horizonte
Pedro alves,2024-11-13,Masculino,Monitor,120.0,1,1200,,Porto alegre
Pedro alves,0023-12-25,Masculino,Notebook,50.0,1,1600,,Curitiba
Maria souza,2024-02-18,Masculino,Cadeira,50.0,2,23,0:01:15,Rio de janeiro
João silva,2023-03-04,,Monitor,3500.0,2,3600,0:02:47,São paulo
João silva,0023-04-20,Masculino,Notebook,120.0,2,7000,0:02:29,Belo horizonte
Pedro alves,2023-03-15,,Cadeira,120.0,3,,00:12:16,Porto alegre
Pedro alves,2023-03-02,Masculino,Monitor,800.0,3,1200,02:49:44,Rio de janeiro
Ana clara,2024-04-27,Masculino,Cadeira,3500.0,3,,02:15:28,Curitiba
João silva,2023-11-13,,Teclado,1200.0,2,,0:02:11,Belo horizonte
Ana clara,2024-04-20,Masculino,Mouse,1200.0,0,120,,Rio de janeiro
Carlos lima,2023-06-14,,Teclado,800.0,1,2400,,São paulo
Pedro alves,2024-12-22,Masculino,Mouse,120.0,3,150,01:18:24,São paulo
João silva,2024-12-26,,Notebook,3500.0,0,3473,,Rio de janeiro
Maria souza,0023-10-26,,Cadeira,800.0,2,10500,0:02:05,Rio de janeiro
Maria souza,0023-11-17,,Cadeira,1200.0,2,6971,0:03:22,Curitiba
João silva,2024-01-17,Masculino,Cadeira,3500.0,0,1603,,Belo horizonte
Ana clara,0023-05-27,Masculino,Cadeira,120.0,2,1200,0:02:15,Rio de janeiro
Maria souza,2024-09-07,Masculino,Teclado,3500.0,3,,01:05:20,Porto alegre
Ana clara,0023-02-19,Masculino,Notebook,3500.0,3,10500,00:15:33,Porto alegre
Ana clara,0024-03-10,Masculino,Notebook,120.0,1,,,Rio de janeiro
João silva,2023-07-14,Masculino,Mouse,50.0,1,150,,Rio de janeiro
Pedro alves,2023-10-25,Masculino,Mouse,1200.0,1,3500,,Curitiba
Carlos lima,0023-09-25,Masculino,Mouse,120.0,1,10500,,Belo horizonte
João silva,0024-12-24,,Notebook,50.0,3,2400,02:37:23,Belo horizonte
João silva,2023-01-18,Masculino,Notebook,120.0,2,100,0:00:54,Curitiba
João silva,2024-01-11,,Mouse,800.0,3,794,00:09:33,São paulo
Maria souza,2024-11-02,Masculino,Teclado,800.0,1,,,Rio de janeiro
Maria souza,2023-06-11,Masculino,Cadeira,50.0,1,1600,,Curitiba
Ana clara,2024-03-23,,Monitor,120.0,2,2401,0:00:38,Belo horizonte
Maria souza,0024-04-10,Masculino,Teclado,3500.0,1,100,,Curitiba
Pedro alves,2023-07-11,Masculino,Teclado,1200.0,1,1200,,São paulo
Ana clara,2024-07-10,,Notebook,800.0,3,150,01:19:19,Curitiba
Maria souza,2023-02-12,,Monitor,50.0,2,86,0:00:25,Porto alegre
Maria souza,0024-08-05,,Notebook,1200.0,2,7000,0:01:41,Porto alegre
Carlos lima,2024-12-21,,Teclado,800.0,0,,,Rio de janeiro
Ana clara,2023-03-14,Masculino,Monitor,3500.0,3,150,00:45:31,Belo horizonte
Carlos lima,2024-11-28,Masculino,Notebook,120.0,2,240,0:02:08,São paulo
Pedro alves,0023-03-19,Masculino,Teclado,3500.0,2,800,0:01:08,Porto alegre
Carlos lima,2023-03-03,,Monitor,120.0,2,,0:02:00,Rio de janeiro
João silva,2024-12-13,Masculino,Notebook,800.0,2,,0:01:16,Curitiba
João silva,2023-02-09,,Mouse,3500.0,1,2384,,Curitiba
Maria souza,2023-11-12,Masculino,Monitor,120.0,2,1200,0:02:22,São paulo
Pedro alves,0023-12-10,,Mouse,1200.0,3,120,01:31:32,São paulo
Pedro alves,2024-11-07,Masculino,Cadeira,3500.0,0,7000,,Rio de janeiro
Ana clara,2024-01-19,Masculino,Notebook,800.0,2,7000,0:02:08,São paulo
Ana clara,0024-07-12,,Cadeira,800.0,2,360,0:01:55,São paulo
Ana clara,2023-09-28,,Teclado,50.0,2,150,0:01:14,Curitiba
João silva,2023-03-13,,Cadeira,800.0,2,264,0:01:37,Belo horizonte
Ana clara,2023-08-07,Masculino,Teclado,3500.0,1,240,,Curitiba
Carlos lima,2024-01-10,Masculino,Cadeira,50.0,3,,00:31:48,Belo horizonte
Carlos lima,2023-11-25,,Monitor,120.0,1,10500,,Curitiba
Maria souza,0024-07-04,Masculino,Mouse,800.0,3,360,01:39:58,Rio de janeiro
Ana clara,0023-02-10,Masculino,Mouse,120.0,1,,,São paulo
João silva,2024-03-20,,Mouse,3500.0,0,150,,Belo horizonte
João silva,2024-07-02,Masculino,Teclado,50.0,0,269,,São paulo
Carlos lima,2023-08-27,Masculino,Notebook,800.0,3,240,02:07:33,São paulo
Maria souza,2023-12-11,Masculino,Notebook,120.0,0,800,,Rio de janeiro
Pedro alves,2024-07-01,,Notebook,50.0,2,43,0:02:32,Porto alegre
Maria souza,2024-02-18,,Mouse,50.0,1,1154,,Rio de janeiro
Ana clara,0024-06-03,,Cadeira,800.0,2,,0:00:54,Curitiba
Ana clara,2024-09-21,,Mouse,120.0,0,158,,Belo horizonte
Pedro alves,0024-11-10,,Mouse,3500.0,3,240,01:02:20,Curitiba
Pedro alves,0023-12-05,,Notebook,120.0,0,,,São paulo
Ana clara,2023-01-26,Masculino,Notebook,3500.0,0,100,,Belo horizonte
João silva,2024-12-25,Masculino,Mouse,50.0,0,120,,Rio de janeiro
Carlos lima,0024-10-22,,Teclado,800.0,2,1600,0:01:18,Curitiba
Maria souza,2024-06-28,,Monitor,3500.0,1,1554,,Curitiba
Pedro alves,2024-01-03,Masculino,Monitor,800.0,0,100,,Curitiba
Pedro alves,2023-02-18,Masculino,Notebook,800.0,2,1200,0:02:13,Belo horizonte
Ana clara,2023-11-21,Masculino,Mouse,800.0,0,3500,,Belo horizonte
Pedro alves,2024-04-08,Masculino,Mouse,3500.0,1,,,São paulo
Maria souza,0023-03-25,,Teclado,3500.0,0,10524,,Curitiba
Maria souza,2024-01-21,Masculino,Notebook,3500.0,3,2400,01:27:33,São paulo
Ana clara,0023-09-20,,Teclado,800.0,1,2400,,Belo horizonte
Pedro alves,0024-12-10,Masculino,Mouse,50.0,1,1600,,Rio de janeiro
Pedro alves,0023-03-05,,Mouse,1200.0,2,7000,0:03:10,São paulo
Pedro alves,0024-01-10,,Monitor,120.0,2,50,0:02:45,Curitiba
João silva,2024-06-20,Masculino,Teclado,120.0,0,142,,Rio de janeiro
João silva,2024-07-24,Masculino,Monitor,3500.0,1,,,Curitiba
Pedro alves,2024-02-08,Masculino,Teclado,120.0,0,2400,,São paulo
Ana clara,2023-05-22,,Notebook,1200.0,0,10500,,Curitiba
João silva,2024-09-05,Masculino,Monitor,50.0,1,50,,Rio de janeiro
João silva,0023-12-22,,Teclado,1200.0,1,10500,,Rio de janeiro
João silva,2024-12-25,Masculino,Teclado,3500.0,1,3500,,Curitiba
Maria souza,2023-07-21,,Teclado,3500.0,3,3600,00:41:13,Porto alegre
Carlos lima,0023-05-24,,Monitor,50.0,0,3500,,Porto alegre
Pedro alves,2023-06-24,,Cadeira,120.0,3,,00:40:19,Belo horizonte
João silva,2024-05-28,,Mouse,3500.0,1,197,,Porto alegre
Ana clara,2024-04-08,Masculino,Mouse,3500.0,3,240,02:57:29,Curitiba
João silva,2023-03-09,Masculino,Teclado,800.0,2,7000,0:03:26,São paulo
Ana clara,2023-06-15,,Mouse,3500.0,1,800,,São paulo
Pedro alves,2023-03-06,Masculino,Monitor,3500.0,3,7000,01:56:39,São paulo
Pedro alves,2024-03-25,,Notebook,800.0,1,3500,,Rio de janeiro
Ana clara,2023-05-21,,Cadeira,800.0,0,1600,,Porto alegre
João silva,0024-11-27,,Monitor,1200.0,1,7000,,Curitiba
Pedro alves,2024-04-05,Masculino,Cadeira,800.0,1,,,Belo horizonte
João silva,2023-08-09,,Monitor,3500.0,1,10500,,Belo horizonte
Pedro alves,2023-12-10,,Notebook,800.0,1,1600,,Belo horizonte
Carlos lima,2023-11-04,Masculino,Notebook,120.0,3,120,02:06:30,Porto alegre
Maria souza,2024-03-20,,Mouse,800.0,2,,0:02:43,Porto alegre
Carlos lima,2023-10-25,Masculino,Mouse,50.0,1,1200,,Curitiba
Carlos lima,2023-06-21,Masculino,Teclado,50.0,0,3600,,Porto alegre
Carlos lima,2024-10-12,,Cadeira,50.0,3,240,02:00:37,São paulo
Maria souza,2023-12-28,,Cadeira,120.0,2,50,0:03:39,Rio de janeiro
Carlos lima,2024-12-23,Masculino,Cadeira,120.0,3,2400,02:26:03,Porto alegre
João silva,2024-11-22,,Mouse,50.0,3,10500,02:21:09,Rio de janeiro
João silva,2023-06-19,Masculino,Cadeira,120.0,1,,,Porto alegre
Carlos lima,2024-10-04,,Mouse,50.0,1,100,,Porto alegre
João silva,2024-01-17,,Cadeira,1200.0,3,3600,02:08:44,Curitiba
Ana clara,0024-12-09,Masculino,Teclado,50.0,1,800,,São paulo
Maria souza,2023-04-22,Masculino,Teclado,3500.0,2,,0:00:50,Belo horizonte
Pedro alves,2023-01-20,,Notebook,3500.0,3,3500,01:46:52,Porto alegre
Ana clara,2023-01-28,,Monitor,800.0,1,1600,,Rio de janeiro
João silva,0024-02-14,Masculino,Mouse,800.0,0,120,,Curitiba
Ana clara,0024-03-10,,Teclado,3500.0,2,,0:03:14,São paulo
Pedro alves,2023-04-28,Masculino,Teclado,3500.0,2,,0:00:38,Belo horizonte
João silva,2024-03-04,,Notebook,800.0,0,2450,,Belo horizonte
João silva,2024-05-14,Masculino,Mouse,120.0,2,10500,0:03:30,Belo horizonte
Pedro alves,2023-05-26,,Teclado,50.0,3,120,02:23:03,Rio de janeiro
Maria souza,2023-04-12,Masculino,Mouse,120.0,1,1200,,São paulo
João silva,0024-05-10,Masculino,Monitor,1200.0,1,240,,São paulo
Pedro alves,2024-01-22,Masculino,Notebook,800.0,1,2400,,São paulo
Pedro alves,2024-04-01,,Mouse,120.0,1,1600,,Porto alegre
João silva,2024-05-10,Masculino,Teclado,120.0,3,1200,01:09:48,Belo horizonte
João silva,0023-03-04,Masculino,Monitor,120.0,1,,,Curitiba
Maria souza,2023-11-23,,Cadeira,120.0,0,115,,Rio de janeiro
Ana clara,2024-09-08,Masculino,Mouse,1200.0,1,50,,Rio de janeiro
Pedro alves,2023-08-10,,Monitor,50.0,3,1200,02:46:50,Rio de janeiro
Carlos lima,2023-02-01,,Monitor,50.0,2,800,0:03:20,Rio de janeiro
Ana clara,2024-01-24,Masculino,Mouse,800.0,2,800,0:01:58,Curitiba
Ana clara,2023-07-28,,Notebook,50.0,3,2400,02:45:35,Belo horizonte
Pedro alves,2024-09-09,,Mouse,3500.0,2,7,0:01:04,Belo horizonte
Carlos lima,2023-11-21,Masculino,Monitor,3500.0,3,3600,02:04:52,Curitiba
Ana clara,2024-08-08,Masculino,Cadeira,1200.0,1,120,,Curitiba
Maria souza,2024-03-07,,Cadeira,120.0,2,1200,0:03:56,Belo horizonte
Maria souza,2024-02-15,,Notebook,120.0,1,120,,Belo horizonte
João silva,2023-07-07,Masculino,Teclado,800.0,2,141,0:00:22,Belo horizonte
João silva,2023-03-11,Masculino,Mouse,50.0,0,240,,São paulo
Maria souza,2023-09-28,,Notebook,3500.0,0,3600,,Curitiba
João silva,0023-10-24,,Notebook,800.0,1,1600,,Rio de janeiro
Ana clara,0023-01-01,Masculino,Teclado,800.0,2,122,0:02:15,Curitiba
Pedro alves,2024-11-01,,Cadeira,50.0,3,10500,00:51:47,Curitiba
Carlos lima,0024-05-24,Masculino,Cadeira,50.0,1,,,São paulo
João silva,0023-07-12,,Cadeira,50.0,2,800,0:02:05,Curitiba
Maria souza,2024-11-08,Masculino,Mouse,1200.0,3,150,00:27:58,São paulo
João silva,0024-06-12,Masculino,Monitor,800.0,0,120,,Belo horizonte
Carlos lima,2023-11-11,,Mouse,1200.0,0,1584,,Curitiba
Maria souza,2024-06-02,,Teclado,800.0,0,2351,,São paulo
João silva,2023-12-24,,Mouse,1200.0,1,138,,São paulo
Pedro alves,0024-07-09,Masculino,Teclado,1200.0,2,1225,0:00:39,Rio de janeiro
Pedro alves,2023-01-20,Masculino,Cadeira,120.0,3,2400,02:45:47,Curitiba
Ana clara,2024-12-12,,Cadeira,120.0,2,240,0:00:22,Rio de janeiro
João silva,2024-12-20,Masculino,Notebook,3500.0,2,120,0:00:44,São paulo
Ana clara,2024-03-24,,Cadeira,50.0,3,120,00:21:58,São paulo
Ana clara,2023-07-19,,Monitor,120.0,3,1600,01:42:07,Belo horizonte
Pedro alves,2023-06-23,,Monitor,1200.0,3,405,02:43:27,Curitiba
Pedro alves,0024-03-20,Masculino,Monitor,800.0,0,,,Curitiba
Maria souza,2023-01-03,,Cadeira,120.0,2,10471,0:00:35,Rio de janeiro
João silva,0023-04-01,,Teclado,800.0,2,800,0:00:02,Porto alegre
Pedro alves,2024-12-11,Masculino,Monitor,3500.0,2,3500,0:00:13,Curitiba
Ana clara,2023-01-02,,Monitor,3500.0,1,120,,São paulo
Pedro alves,2023-04-21,Masculino,Monitor,1200.0,0,81,,Curitiba
Maria souza,2023-03-04,,Teclado,1200.0,0,360,,São paulo
Pedro alves,2023-04-25,Masculino,Monitor,3500.0,0,843,,Curitiba
Carlos lima,0024-10-28,,Monitor,3500.0,1,3500,,Rio de janeiro
Carlos lima,2023-10-23,,Mouse,1200.0,2,120,0:03:36,São paulo
Carlos lima,2024-10-12,Masculino,Teclado,50.0,2,240,0:01:37,Belo horizonte
Carlos lima,2024-04-01,,Cadeira,800.0,1,,,Belo horizonte
João silva,2024-01-03,,Teclado,800.0,0,6966,,Curitiba
Pedro alves,0024-08-19,,Notebook,120.0,3,2400,02:24:59,São paulo
Ana clara,0024-05-05,,Mouse,3500.0,1,,,Belo horizonte
João silva,2024-12-24,Masculino,Teclado,120.0,1,150,,Porto alegre
Carlos lima,0023-01-18,,Monitor,3500.0,0,2371,,Porto alegre
Carlos lima,2024-10-06,Masculino,Monitor,1200.0,2,100,0:01:55,Porto alegre
Maria souza,2024-03-16,Masculino,Mouse,1200.0,2,7000,0:01:33,Curitiba
Carlos lima,2023-06-22,,Mouse,1200.0,1,360,,Porto alegre
Pedro alves,0024-06-18,,Teclado,3500.0,3,,00:41:15,São paulo
João silva,2023-03-10,Masculino,Mouse,3500.0,3,50,00:01:10,Curitiba
Ana clara,0023-07-07,,Monitor,1200.0,0,800,,Belo horizonte
Ana clara,2024-04-25,,Mouse,800.0,3,800,00:39:28,São paulo
Ana clara,2024-11-03,Masculino,Teclado,50.0,3,3638,02:02:31,Belo horizonte
Ana clara,0023-07-18,Masculino,Teclado,800.0,3,7000,02:12:29,Belo horizonte
Pedro alves,0023-08-09,Masculino,Notebook,50.0,2,1600,0:00:36,Curitiba
Carlos lima,0023-06-16,Masculino,Monitor,120.0,2,2439,0:02:42,Rio de janeiro
Carlos lima,2024-10-04,Masculino,Notebook,50.0,0,800,,Curitiba
Ana clara,2024-03-22,,Monitor,1200.0,0,3500,,Porto alegre
Pedro alves,0024-03-15,,Mouse,1200.0,0,360,,São paulo
Pedro alves,2024-07-17,,Cadeira,50.0,2,50,0:02:49,São paulo
Pedro alves,2023-10-23,Masculino,Cadeira,50.0,1,1600,,Rio de janeiro
Carlos lima,2024-03-08,,Notebook,1200.0,3,1577,02:59:38,Curitiba
Maria souza,2023-06-23,Masculino,Teclado,50.0,0,1600,,Rio de janeiro
Pedro alves,2023-08-09,,Notebook,50.0,0,3500,,Rio de janeiro
Maria souza,0023-06-17,,Monitor,3500.0,1,10500,,Porto alegre
Pedro alves,2024-01-22,,Monitor,120.0,0,2400,,Curitiba
Maria souza,2024-02-26,,Monitor,1200.0,0,800,,São paulo
Maria souza,0024-03-05,Masculino,Mouse,50.0,3,2400,02:08:03,São paulo
João silva,2023-07-24,Masculino,Teclado,1200.0,0,3600,,Rio de janeiro
Maria souza,2024-09-16,,Notebook,120.0,0,3646,,Rio de janeiro
Maria souza,2023-10-19,Masculino,Teclado,120.0,0,240,,Belo horizonte
Carlos lima,2024-10-27,,Teclado,50.0,0,3500,,São paulo
Carlos lima,2023-07-10,,Mouse,3500.0,0,3500,,Curitiba
Ana clara,0024-01-24,,Monitor,50.0,1,240,,São paulo
João silva,0023-09-11,Masculino,Teclado,120.0,3,2400,00:05:28,Rio de janeiro
Ana clara,2023-04-19,Masculino,Monitor,3500.0,1,800,,São paulo
Pedro alves,0024-07-20,Masculino,Cadeira,3500.0,1,1600,,São paulo
João silva,2024-05-20,,Cadeira,1200.0,2,800,0:02:55,Curitiba
João silva,2023-12-16,,Notebook,50.0,1,,,São paulo
João silva,2023-01-04,Masculino,Teclado,800.0,1,7000,,São paulo
Pedro alves,2024-02-13,,Mouse,800.0,1,360,,Curitiba
Pedro alves,2024-07-07,,Cadeira,50.0,0,171,,Porto alegre
Maria souza,0023-10-25,,Notebook,1200.0,2,1600,0:02:13,São paulo
Maria souza,0024-12-19,,Cadeira,1200.0,3,,00:36:38,Belo horizonte
Ana clara,2024-07-20,Masculino,Cadeira,1200.0,0,2400,,Curitiba
Ana clara,2024-12-23,Masculino,Teclado,50.0,1,7000,,Belo horizonte
Maria souza,2023-07-05,Masculino,Mouse,800.0,1,1600,,Belo horizonte
Maria souza,0024-12-24,Masculino,Monitor,50.0,0,3500,,Curitiba
João silva,2023-05-28,Masculino,Mouse,1200.0,3,2400,00:03:46,Rio de janeiro
João silva,0024-03-16,,Monitor,800.0,1,,,Belo horizonte
Ana clara,0023-08-05,,Teclado,3500.0,2,,0:00:43,Porto alegre
Ana clara,2023-05-26,,Notebook,1200.0,1,3600,,Belo horizonte
Ana clara,2024-12-06,Masculino,Monitor,1200.0,3,2400,00:55:01,Rio de janeiro
Ana clara,2023-08-04,Masculino,Notebook,800.0,1,7000,,Curitiba
Ana clara,2024-10-13,Masculino,Teclado,3500.0,1,326,,Rio de janeiro
Carlos lima,0024-01-02,Masculino,Teclado,1200.0,1,100,,Curitiba
Maria souza,2023-04-25,,Cadeira,800.0,2,,0:00:38,Porto alegre
Maria souza,2023-10-09,Masculino,Monitor,120.0,3,,01:22:51,Curitiba
Carlos lima,0024-04-25,,Notebook,3500.0,1,50,,São paulo
João silva,2024-11-21,,Mouse,3500.0,3,3600,01:49:49,Curitiba
João silva,0024-08-04,Masculino,Teclado,1200.0,1,,,São paulo
Carlos lima,0024-03-24,Masculino,Cadeira,1200.0,2,1247,0:03:22,Rio de janeiro
Maria souza,2024-12-16,,Monitor,800.0,3,836,02:15:35,São paulo
Pedro alves,2023-01-09,Masculino,Teclado,1200.0,2,100,0:00:29,São paulo
João silva,2023-08-11,,Cadeira,50.0,0,120,,Belo horizonte
João silva,2023-01-13,Masculino,Teclado,1200.0,3,,00:53:31,Porto alegre
Carlos lima,2023-02-16,,Monitor,800.0,3,800,01:56:33,São paulo
Maria souza,2024-10-21,Masculino,Cadeira,50.0,3,800,02:52:08,São paulo
Ana clara,2023-08-12,Masculino,Teclado,50.0,3,10500,01:02:55,Porto alegre
Ana clara,0023-06-27,,Mouse,50.0,2,120,0:02:06,Porto alegre
João silva,2024-03-07,,Mouse,3500.0,3,120,00:06:57,Rio de janeiro
João silva,0023-01-14,Masculino,Mouse,800.0,1,2400,,Porto alegre
Carlos lima,2024-09-07,Masculino,Teclado,800.0,2,10500,0:03:16,Porto alegre
João silva,0023-07-17,Masculino,Teclado,50.0,1,160,,São paulo
Carlos lima,2023-05-05,,Mouse,120.0,1,2400,,Porto alegre
Pedro alves,0024-07-08,,Notebook,50.0,0,150,,Porto alegre
Carlos lima,2023-11-01,,Notebook,800.0,3,7000,02:56:38,Belo horizonte
Maria souza,2024-02-12,,Notebook,50.0,0,360,,Rio de janeiro
Maria souza,2024-08-17,,Monitor,800.0,0,2400,,Belo horizonte
Pedro alves,2024-11-01,Masculino,Cadeira,50.0,0,1600,,Curitiba
Pedro alves,0023-07-02,Masculino,Notebook,50.0,0,2400,,Porto alegre
Carlos lima,0024-07-20,,Monitor,3500.0,1,3500,,Curitiba
João silva,2024-10-12,Masculino,Teclado,120.0,1,3500,,São paulo
Maria souza,0024-05-13,Masculino,Mouse,3500.0,2,2400,0:00:26,Rio de janeiro
Maria souza,0023-12-03,Masculino,Cadeira,1200.0,2,3500,0:00:16,São paulo
Maria souza,2023-02-15,,Teclado,800.0,1,240,,São paulo
Pedro alves,2023-06-20,,Mouse,3500.0,1,123,,Curitiba
João silva,2023-10-09,Masculino,Notebook,1200.0,0,1200,,Porto alegre
João silva,2024-05-01,,Monitor,800.0,3,,02:26:35,Rio de janeiro
Maria souza,2023-02-19,,Monitor,800.0,0,3600,,Porto alegre
Carlos lima,2024-07-21,,Notebook,1200.0,0,,,Porto alegre
Ana clara,2023-11-03,Masculino,Cadeira,800.0,3,2400,00:50:20,Curitiba
Pedro alves,2024-12-02,Masculino,Mouse,3500.0,1,3500,,Rio de janeiro
Ana clara,2024-04-20,,Notebook,3500.0,0,10458,,São paulo
João silva,2024-09-02,Masculino,Monitor,120.0,2,153,0:01:31,São paulo
Ana clara,2024-03-05,Masculino,Mouse,120.0,3,,01:52:08,Porto alegre
Ana clara,2024-02-20,,Monitor,3500.0,2,100,0:02:50,Curitiba
Maria souza,2024-06-25,,Notebook,800.0,0,3505,,Belo horizonte
Pedro alves,0024-04-06,,Cadeira,50.0,3,240,02:45:03,Rio de janeiro
João silva,2023-04-28,,Notebook,3500.0,3,240,01:42:36,Rio de janeiro
Maria souza,2023-08-04,Masculino,Notebook,800.0,3,50,00:46:40,São paulo
Ana clara,2023-05-26,,Cadeira,800.0,2,360,0:01:01,São paulo
Carlos lima,2023-05-02,,Teclado,1200.0,2,7005,0:01:15,São paulo
Pedro alves,2023-09-09,,Monitor,120.0,3,3600,02:52:07,Rio de janeiro
Maria souza,0024-01-10,Masculino,Mouse,3500.0,0,,,São paulo
Ana clara,0023-01-01,,Monitor,3500.0,3,50,02:46:30,Porto alegre
Pedro alves,0024-04-12,,Notebook,50.0,1,,,Rio de janeiro
Pedro alves,0024-11-10,Masculino,Mouse,3500.0,1,10500,,Rio de janeiro
Carlos lima,0023-02-05,,Teclado,1200.0,1,,,São paulo
Carlos lima,2024-10-20,,Teclado,50.0,0,120,,Curitiba
Carlos lima,2024-07-03,,Monitor,1200.0,0,,,São paulo
Maria souza,2023-12-01,Masculino,Monitor,3500.0,0,210,,Porto alegre
Maria souza,2023-04-03,,Cadeira,50.0,2,1200,0:01:22,Belo horizonte
Pedro alves,2024-11-23,Masculino,Teclado,3500.0,1,2400,,Porto alegre
João silva,2023-03-27,,Teclado,800.0,0,1200,,Belo horizonte
João silva,0024-05-23,Masculino,Monitor,3500.0,1,360,,Belo horizonte
João silva,2023-08-12,,Teclado,1200.0,3,,02:11:22,Porto alegre
Pedro alves,2024-07-03,Masculino,Mouse,1200.0,1,150,,Belo horizonte
João silva,0024-12-09,Masculino,Teclado,3500.0,3,150,00:14:13,Curitiba
Carlos lima,0023-05-01,Masculino,Notebook,3500.0,0,78,,Belo horizonte
Ana clara,2024-06-09,Masculino,Notebook,1200.0,2,,0:03:26,Curitiba
Ana clara,2023-03-28,Masculino,Cadeira,800.0,2,7000,0:02:47,Rio de janeiro
João silva,2023-04-14,,Monitor,3500.0,3,10500,02:22:50,Belo horizonte
Maria souza,0023-11-11,,Monitor,1200.0,3,3553,01:50:09,Rio de janeiro
Pedro alves,0024-08-13,,Mouse,800.0,1,1600,,Belo horizonte
João silva,2023-04-11,,Notebook,800.0,1,1200,,Belo horizonte
João silva,2024-11-25,Masculino,Mouse,1200.0,1,360,,Belo horizonte
Maria souza,2024-05-13,Masculino,Teclado,3500.0,2,,0:02:11,Curitiba
Pedro alves,2023-12-09,Masculino,Notebook,1200.0,1,7000,,Porto alegre
Carlos lima,2024-10-24,Masculino,Monitor,120.0,3,1600,00:02:35,Rio de janeiro
Ana clara,2024-11-14,Masculino,Cadeira,120.0,3,100,02:21:43,Porto alegre
Maria souza,2024-02-13,,Cadeira,50.0,3,3500,00:53:54,Porto alegre
Maria souza,2023-04-11,Masculino,Mouse,120.0,0,360,,Porto alegre
João silva,2024-03-12,,Cadeira,800.0,0,360,,Rio de janeiro
Maria souza,2023-04-20,,Cadeira,50.0,0,2400,,São paulo
João silva,2023-06-27,,Mouse,800.0,1,69,,Curitiba
João silva,2023-08-11,Masculino,Cadeira,3500.0,2,155,0:01:09,Rio de janeiro
Pedro alves,0023-05-03,,Notebook,50.0,0,3600,,Rio de janeiro
Pedro alves,0023-02-27,,Cadeira,800.0,3,1600,01:09:41,São paulo
Carlos lima,2024-09-18,Masculino,Notebook,50.0,3,3500,00:56:47,Belo horizonte
João silva,2023-06-24,Masculino,Cadeira,3500.0,2,3500,0:03:54,Curitiba
Pedro alves,0023-04-01,,Cadeira,3500.0,3,2400,02:13:13,Curitiba
Pedro alves,2023-12-16,Masculino,Monitor,1200.0,0,150,,Curitiba
Pedro alves,2024-05-12,,Cadeira,50.0,2,2400,0:01:55,Belo horizonte
Pedro alves,2023-10-03,Masculino,Mouse,50.0,1,150,,Belo horizonte
Carlos lima,2024-09-11,Masculino,Teclado,1200.0,1,,,Curitiba
Pedro alves,2023-06-16,,Cadeira,120.0,2,,0:03:07,Curitiba
Pedro alves,2024-09-03,,Cadeira,800.0,0,120,,Curitiba
Ana clara,2024-05-18,Masculino,Cadeira,120.0,2,800,0:02:33,Porto alegre
João silva,2023-10-11,,Teclado,1200.0,3,240,01:30:57,Porto alegre
Pedro alves,2023-09-07,Masculino,Cadeira,800.0,2,360,0:02:52,São paulo
Pedro alves,0024-02-27,Masculino,Notebook,50.0,1,195,,Belo horizonte
Pedro alves,0024-02-16,Masculino,Mouse,50.0,1,7000,,Belo horizonte
Carlos lima,2024-04-10,,Teclado,1200.0,1,1200,,Rio de janeiro
João silva,2024-10-06,,Cadeira,800.0,3,3510,00:39:20,Belo horizonte
João silva,0023-11-03,,Mouse,3500.0,2,1200,0:02:21,Belo horizonte
Carlos lima,2024-07-14,,Teclado,1200.0,0,150,,Porto alegre
Maria souza,2024-06-12,,Mouse,50.0,1,100,,Belo horizonte
João silva,0023-02-19,Masculino,Monitor,1200.0,3,800,01:49:58,Curitiba
Pedro alves,0024-02-18,Masculino,Cadeira,800.0,2,3500,0:02:12,São paulo
João silva,2023-11-17,,Notebook,120.0,1,3500,,Rio de janeiro
Pedro alves,2024-07-02,,Mouse,1200.0,2,,0:00:41,Rio de janeiro
Pedro alves,2024-11-02,,Mouse,800.0,0,2400,,Porto alegre
Pedro alves,2023-05-04,Masculino,Notebook,3500.0,0,,,Curitiba
Ana clara,2024-09-20,Masculino,Notebook,800.0,2,,0:01:27,Belo horizonte
Ana clara,0024-02-06,,Mouse,800.0,3,2400,01:56:21,Curitiba
Pedro alves,0024-10-16,,Notebook,800.0,2,1600,0:02:27,Rio de janeiro
Ana clara,2023-11-15,Masculino,Teclado,3500.0,0,800,,São paulo
Pedro alves,2023-07-18,Masculino,Mouse,1200.0,3,360,02:03:23,Curitiba
Carlos lima,2023-05-05,,Monitor,120.0,3,2400,01:01:56,São paulo
João silva,0024-01-16,,Monitor,3500.0,3,168,01:15:21,Curitiba
Ana clara,0023-04-26,Masculino,Mouse,1200.0,3,2410,00:23:27,São paulo
Carlos lima,2024-06-19,,Cadeira,50.0,2,136,0:00:42,Curitiba
Carlos lima,0023-01-10,,Notebook,3500.0,1,110,,Belo horizonte
Ana clara,2023-02-19,,Notebook,800.0,2,,0:00:24,Curitiba
Pedro alves,2024-04-07,Masculino,Mouse,800.0,3,1231,01:29:01,Curitiba
Maria souza,2023-09-24,Masculino,Monitor,120.0,0,,,São paulo
Maria souza,2023-07-06,,Cadeira,800.0,2,360,0:00:15,Porto alegre
João silva,2023-06-09,,Cadeira,50.0,2,2400,0:03:23,Belo horizonte
Maria souza,2023-06-01,Masculino,Teclado,50.0,3,3566,02:15:43,Curitiba
Pedro alves,2024-08-16,Masculino,Mouse,800.0,2,3600,0:02:00,Rio de janeiro
Carlos lima,2024-03-19,Masculino,Cadeira,1200.0,0,240,,Porto alegre
Ana clara,2023-10-14,Masculino,Notebook,50.0,3,360,00:21:30,Porto alegre
Maria souza,2024-03-06,,Teclado,120.0,3,1200,01:47:09,Rio de janeiro
João silva,2024-01-11,,Notebook,120.0,0,50,,Rio de janeiro
João silva,0023-05-06,Masculino,Cadeira,3500.0,0,2400,,Curitiba
Maria souza,2024-04-13,Masculino,Teclado,1200.0,0,240,,São paulo
Pedro alves,2023-01-08,,Monitor,800.0,0,150,,Porto alegre
Maria souza,2023-12-09,Masculino,Cadeira,1200.0,1,10500,,Curitiba
Maria souza,0023-12-24,Masculino,Teclado,50.0,1,50,,Porto alegre
Carlos lima,2023-05-03,,Notebook,50.0,3,188,00:55:57,Rio de janeiro
João silva,0023-07-20,,Notebook,1200.0,3,2400,00:22:02,Rio de janeiro
Pedro alves,0023-10-13,,Cadeira,50.0,0,7000,,Curitiba
Pedro alves,0023-10-06,,Cadeira,120.0,3,1600,00:15:50,Curitiba
Ana clara,2023-01-18,,Monitor,50.0,1,83,,Belo horizonte
Maria souza,2024-09-06,Masculino,Cadeira,800.0,0,,,São paulo
Pedro alves,2024-04-03,Masculino,Monitor,50.0,0,,,Curitiba
João silva,2024-07-16,,Teclado,120.0,0,2400,,Belo horizonte
Pedro alves,2024-06-26,,Teclado,3500.0,1,2400,,Belo horizonte
Pedro alves,0024-03-15,,Teclado,1200.0,1,800,,Curitiba
Pedro alves,0023-07-17,Masculino,Cadeira,120.0,3,120,00:09:01,São paulo
Carlos lima,0023-01-14,Masculino,Mouse,3500.0,3,10500,01:52:43,São paulo
Carlos lima,2024-08-28,Masculino,Cadeira,120.0,1,240,,Porto alegre
Maria souza,0024-10-05,,Teclado,3500.0,3,3500,02:44:47,São paulo
Maria souza,2024-01-12,Masculino,Cadeira,800.0,2,,0:02:08,Rio de janeiro
Carlos lima,2023-09-18,,Monitor,1200.0,2,50,0:00:53,Curitiba
Carlos lima,0024-07-27,,Mouse,3500.0,0,3500,,Curitiba
Carlos lima,2023-02-23,Masculino,Teclado,1200.0,1,,,Rio de janeiro
Maria souza,0024-03-05,Masculino,Cadeira,120.0,1,240,,São paulo
Maria souza,2024-10-12,,Mouse,120.0,0,2400,,Belo horizonte
Carlos lima,0024-03-27,Masculino,Teclado,50.0,2,3500,0:00:39,Rio de janeiro
Maria souza,2024-04-22,,Monitor,50.0,2,150,0:03:47,Belo horizonte
Pedro alves,2024-10-26,Masculino,Teclado,800.0,1,833,,Belo horizonte
Pedro alves,0024-06-19,Masculino,Teclado,50.0,0,772,,Curitiba
Carlos lima,0024-04-15,,Monitor,3500.0,3,3500,00:05:35,Curitiba
Maria souza,2023-09-09,,Notebook,50.0,0,,,Belo horizonte
João silva,2023-05-08,Masculino,Mouse,3500.0,2,800,0:02:11,São paulo
Maria souza,2024-08-18,,Teclado,1200.0,0,2400,,São paulo
Pedro alves,2023-04-22,Masculino,Mouse,120.0,3,360,00:46:13,Rio de janeiro
João silva,2024-12-01,Masculino,Teclado,50.0,3,50,00:20:07,Curitiba
João silva,2023-04-24,,Cadeira,1200.0,0,7000,,São paulo
Pedro alves,2024-04-01,,Monitor,800.0,1,1200,,São paulo
Pedro alves,2024-11-28,,Mouse,1200.0,3,240,00:45:29,Belo horizonte
João silva,0023-10-02,,Notebook,1200.0,1,,,Porto alegre
João silva,2024-03-17,Masculino,Monitor,50.0,3,100,00:30:02,Belo horizonte
Carlos lima,2024-03-23,,Mouse,1200.0,0,,,Curitiba
Carlos lima,2024-04-28,Masculino,Mouse,1200.0,0,7000,,Belo horizonte
Ana clara,2023-03-03,,Teclado,1200.0,2,150,0:03:34,São paulo
Maria souza,2023-01-27,Masculino,Teclado,3500.0,0,10500,,Curitiba
Maria souza,2024-01-09,,Monitor,120.0,1,,,Porto alegre
Carlos lima,0023-04-11,Masculino,Notebook,1200.0,1,1600,,Curitiba
Maria souza,2024-02-13,Masculino,Cadeira,3500.0,1,1200,,Belo horizonte
Ana clara,2023-04-21,,Teclado,120.0,2,120,0:03:53,Rio de janeiro
Ana clara,2024-07-04,Masculino,Cadeira,1200.0,3,,02:32:58,Curitiba
João silva,2023-08-11,Masculino,Notebook,800.0,2,3600,0:02:15,Belo horizonte
Carlos lima,2023-11-24,,Notebook,50.0,2,120,0:01:45,Porto alegre
João silva,2023-04-06,,Notebook,50.0,2,240,0:00:29,Porto alegre
João silva,0023-01-15,,Teclado,1200.0,0,,,Curitiba
João silva,2023-04-20,,Monitor,1200.0,3,240,00:34:18,Curitiba
Pedro alves,2023-09-23,,Notebook,120.0,3,100,00:45:51,Rio de janeiro
João silva,2024-04-18,,Cadeira,1200.0,1,50,,Curitiba
João silva,2024-05-09,Masculino,Monitor,120.0,0,240,,Porto alegre
João silva,0024-06-25,,Notebook,120.0,0,100,,São paulo
Carlos lima,2024-10-26,,Monitor,1200.0,3,2400,02:12:22,Rio de janeiro
Carlos lima,2024-10-09,,Teclado,1200.0,1,2403,,São paulo
Pedro alves,0023-11-09,,Notebook,3500.0,3,1600,02:56:47,Belo horizonte
Ana clara,2023-06-11,,Notebook,800.0,1,150,,Porto alegre
João silva,2023-11-23,,Teclado,120.0,1,100,,Belo horizonte
Maria souza,2024-01-19,Masculino,Teclado,1200.0,2,2400,0:00:04,São paulo
Ana clara,2024-10-17,,Cadeira,3500.0,2,120,0:03:44,Rio de janeiro
Ana clara,2024-12-04,Masculino,Mouse,800.0,3,10500,02:59:40,São paulo
Ana clara,0023-12-03,Masculino,Cadeira,3500.0,1,120,,Porto alegre
Ana clara,0023-08-24,,Teclado,50.0,0,3600,,São paulo
Carlos lima,0024-06-18,Masculino,Cadeira,3500.0,0,116,,Curitiba
João silva,0023-06-21,,Cadeira,3500.0,0,7000,,Rio de janeiro
Pedro alves,2024-02-08,Masculino,Cadeira,800.0,0,360,,São paulo
Pedro alves,0023-04-19,Masculino,Monitor,800.0,0,,,Porto alegre
Ana clara,2023-11-18,Masculino,Notebook,1200.0,0,,,Belo horizonte
Ana clara,2024-08-22,Masculino,Notebook,1200.0,0,2400,,Porto alegre
João silva,0024-01-17,,Notebook,1200.0,0,360,,Rio de janeiro
João silva,2024-12-20,Masculino,Monitor,120.0,2,120,0:02:33,Belo horizonte
Maria souza,2023-03-16,,Mouse,1200.0,1,360,,Belo horizonte
Ana clara,2024-03-20,Masculino,Teclado,3500.0,0,120,,Belo horizonte
Ana clara,2024-09-01,Masculino,Monitor,1200.0,1,,,Porto alegre
Carlos lima,2024-10-18,Masculino,Teclado,3500.0,2,50,0:00:46,Belo horizonte
Ana clara,2024-05-23,,Mouse,50.0,0,50,,Porto alegre
Maria souza,0024-07-02,,Notebook,120.0,1,150,,Belo horizonte
Maria souza,0024-07-24,Masculino,Mouse,50.0,2,50,0:02:38,Belo horizonte
Ana clara,2023-06-20,,Notebook,1200.0,3,150,02:41:40,Belo horizonte
João silva,0024-06-02,Masculino,Cadeira,120.0,0,2400,,Curitiba
João silva,2024-07-04,,Teclado,3500.0,2,1600,0:01:23,Porto alegre
Maria souza,0024-07-14,Masculino,Mouse,800.0,2,,0:02:10,Rio de janeiro
Maria souza,2024-01-19,,Teclado,3500.0,1,240,,São paulo
Carlos lima,2023-08-18,Masculino,Notebook,120.0,3,360,00:12:15,Porto alegre
Ana clara,2024-08-19,,Teclado,120.0,3,10501,01:15:13,Rio de janeiro
Carlos lima,0024-07-04,,Notebook,120.0,3,1200,00:31:16,São paulo
Carlos lima,2024-09-28,Masculino,Monitor,1200.0,2,,0:00:04,Belo horizonte
Pedro alves,2023-06-07,Masculino,Notebook,3500.0,3,3598,00:02:44,Rio de janeiro
Pedro alves,2024-08-09,Masculino,Teclado,120.0,3,,01:12:44,São paulo
Pedro alves,2024-12-08,,Teclado,1200.0,2,120,0:00:09,Curitiba
Pedro alves,2024-05-12,Masculino,Teclado,120.0,3,,00:38:15,Rio de janeiro
Pedro alves,2024-07-18,,Teclado,50.0,1,3500,,Rio de janeiro
Maria souza,2023-08-24,Masculino,Notebook,120.0,3,150,01:43:11,Porto alegre
Pedro alves,2024-07-18,,Cadeira,800.0,2,800,0:01:03,Rio de janeiro
João silva,0023-04-25,Masculino,Monitor,1200.0,3,1200,01:46:37,Porto alegre
Ana clara,2024-05-13,Masculino,Monitor,1200.0,3,,01:24:18,Curitiba
João silva,2023-12-23,Masculino,Cadeira,1200.0,0,,,Rio de janeiro
João silva,2023-04-07,Masculino,Cadeira,50.0,0,,,Curitiba
Pedro alves,0023-08-04,,Notebook,50.0,3,3600,00:18:24,São paulo
Carlos lima,2023-11-19,Masculino,Notebook,3500.0,2,,0:00:57,Curitiba
João silva,2023-08-23,,Teclado,1200.0,1,240,,Porto alegre
João silva,2024-03-22,Masculino,Notebook,120.0,1,800,,Rio de janeiro
João silva,2024-06-23,Masculino,Monitor,800.0,2,800,0:02:56,Curitiba
João silva,0023-05-11,Masculino,Mouse,50.0,0,360,,São paulo
João silva,0023-06-10,,Notebook,3500.0,3,,02:08:02,Rio de janeiro
Ana clara,2024-02-02,Masculino,Cadeira,3500.0,1,10500,,São paulo
Maria souza,0024-06-26,,Teclado,1200.0,1,360,,Rio de janeiro
Maria souza,0023-07-06,,Mouse,3500.0,0,130,,Porto alegre
Carlos lima,2023-11-07,Masculino,Teclado,1200.0,0,3600,,Rio de janeiro
Carlos lima,2024-01-07,Masculino,Monitor,800.0,0,2400,,Porto alegre
João silva,2023-07-22,,Cadeira,50.0,2,784,0:02:23,São paulo
Pedro alves,2023-08-09,Masculino,Cadeira,800.0,0,3500,,Porto alegre
Carlos lima,2023-11-04,Masculino,Cadeira,800.0,1,240,,São paulo
João silva,2023-08-10,Masculino,Mouse,800.0,1,7000,,Porto alegre
Pedro alves,2023-07-14,Masculino,Teclado,50.0,2,,0:03:00,Rio de janeiro
Pedro alves,0024-09-21,,Mouse,120.0,3,240,02:02:44,Porto alegre
Maria souza,2023-10-06,Masculino,Monitor,800.0,0,3573,,São paulo
João silva,0024-10-03,,Teclado,120.0,0,2400,,Rio de janeiro
João silva,2024-12-03,,Mouse,50.0,2,2426,0:03:21,Rio de janeiro
Maria souza,2023-01-02,Masculino,Cadeira,1200.0,3,360,00:06:51,Curitiba
Carlos lima,2024-02-17,Masculino,Monitor,800.0,0,213,,Porto alegre
Ana clara,2024-02-06,,Teclado,50.0,0,10500,,Curitiba
Pedro alves,2024-05-08,Masculino,Notebook,800.0,0,150,,Rio de janeiro
Pedro alves,2023-09-03,Masculino,Teclado,120.0,2,7000,0:01:28,Belo horizonte
Pedro alves,2023-02-04,Masculino,Teclado,50.0,3,,02:05:40,Belo horizonte
João silva,0024-06-08,,Monitor,120.0,2,50,0:01:18,Rio de janeiro
João silva,2023-03-10,Masculino,Mouse,50.0,2,,0:02:21,São paulo
Ana clara,2024-11-09,,Mouse,50.0,2,3500,0:02:53,São paulo
Pedro alves,2023-08-12,Masculino,Notebook,120.0,1,120,,Curitiba
Pedro alves,2023-02-24,Masculino,Cadeira,3500.0,3,50,02:24:58,Rio de janeiro
Maria souza,2023-12-19,Masculino,Teclado,1200.0,0,3600,,Curitiba
João silva,2023-04-18,,Monitor,3500.0,1,2400,,São paulo
João silva,0023-12-11,Masculino,Teclado,3500.0,3,100,00:17:28,Rio de janeiro
Pedro alves,2024-02-28,Masculino,Mouse,800.0,3,1200,00:32:26,Rio de janeiro
Maria souza,2023-07-05,,Cadeira,50.0,2,3500,0:03:40,Porto alegre
Pedro alves,2023-06-17,Masculino,Notebook,50.0,2,150,0:02:36,Rio de janeiro
Ana clara,2024-10-01,Masculino,Notebook,50.0,1,1200,,Belo horizonte
Carlos lima,2024-11-06,,Teclado,1200.0,0,7000,,Porto alegre
Ana clara,2024-09-07,Masculino,Cadeira,120.0,0,,,Curitiba
Pedro alves,2024-04-22,Masculino,Notebook,3500.0,2,120,0:01:17,Belo horizonte
Pedro alves,2023-07-23,,Cadeira,50.0,0,10465,,São paulo
João silva,2024-03-17,Masculino,Notebook,3500.0,0,3500,,Belo horizonte
Ana clara,2024-08-07,,Notebook,50.0,3,10517,00:44:59,São paulo
Pedro alves,0024-03-26,Masculino,Cadeira,120.0,1,1616,,Rio de janeiro
Pedro alves,2024-03-21,Masculino,Teclado,50.0,3,10500,00:11:07,Rio de janeiro
Pedro alves,2023-12-07,Masculino,Teclado,120.0,2,150,0:00:44,Belo horizonte
Pedro alves,2023-09-05,,Teclado,50.0,3,1600,02:27:47,Curitiba
Ana clara,2024-03-23,,Monitor,1200.0,3,240,01:25:33,Curitiba
Pedro alves,2023-09-17,Masculino,Mouse,120.0,2,1200,0:01:52,Curitiba
Ana clara,0023-11-10,,Monitor,800.0,1,10535,,Belo horizonte
Ana clara,0023-01-04,Masculino,Teclado,120.0,1,10511,,Belo horizonte
Ana clara,0023-07-10,Masculino,Cadeira,3500.0,0,2400,,Curitiba
Ana clara,2023-04-16,,Mouse,120.0,2,100,0:03:49,Rio de janeiro
João silva,2023-08-28,Masculino,Monitor,800.0,0,240,,Rio de janeiro
Pedro alves,0024-08-27,Masculino,Teclado,1200.0,3,163,02:02:36,São paulo
Pedro alves,0024-01-23,,Cadeira,50.0,0,240,,Curitiba
João silva,0023-06-11,Masculino,Teclado,3500.0,2,,0:00:25,Rio de janeiro
João silva,2024-09-28,Masculino,Notebook,800.0,0,,,Curitiba
Carlos lima,0024-01-19,,Cadeira,800.0,1,,,Rio de janeiro
Ana clara,2023-06-08,Masculino,Teclado,1200.0,1,,,Belo horizonte
João silva,0023-03-05,,Notebook,50.0,1,,,Belo horizonte
Carlos lima,2024-08-05,Masculino,Cadeira,120.0,3,177,00:00:22,Curitiba
Pedro alves,2024-11-09,Masculino,Monitor,1200.0,1,,,Rio de janeiro
Pedro alves,2023-02-17,,Cadeira,120.0,2,1200,0:02:45,Curitiba
Pedro alves,2023-09-13,,Teclado,1200.0,1,250,,Belo horizonte
Maria souza,2023-10-18,Masculino,Cadeira,3500.0,2,3600,0:01:16,São paulo
Maria souza,2023-03-28,Masculino,Notebook,800.0,3,1571,01:04:00,Rio de janeiro
Maria souza,2023-07-05,Masculino,Cadeira,800.0,2,,0:03:22,Porto alegre
João silva,2024-09-08,Masculino,Mouse,50.0,0,3600,,São paulo
Carlos lima,2024-06-02,Masculino,Monitor,120.0,2,,0:02:37,Curitiba
Pedro alves,2024-11-11,Masculino,Monitor,1200.0,3,,01:00:33,Rio de janeiro
Carlos lima,2023-03-23,Masculino,Notebook,1200.0,0,2400,,São paulo
Carlos lima,2024-01-28,,Mouse,50.0,0,3600,,Curitiba
João silva,2023-02-23,,Teclado,120.0,1,10500,,Porto alegre
Carlos lima,2024-07-13,Masculino,Mouse,1200.0,0,120,,Curitiba
Carlos lima,2024-08-16,,Teclado,120.0,2,10500,0:02:30,Porto alegre
Pedro alves,0023-08-07,,Mouse,120.0,1,65,,Belo horizonte
Ana clara,2023-04-25,,Teclado,800.0,0,2400,,Porto alegre
Ana clara,2024-12-14,,Notebook,800.0,1,3600,,Belo horizonte
Carlos lima,2024-04-22,Masculino,Mouse,800.0,3,2433,01:01:37,Rio de janeiro
Ana clara,2023-11-03,,Teclado,50.0,1,3603,,Porto alegre
João silva,0024-09-26,Masculino,Mouse,800.0,0,137,,Rio de janeiro
João silva,2023-11-01,,Monitor,800.0,2,1561,0:03:43,São paulo
Ana clara,2024-06-09,Masculino,Mouse,50.0,3,100,00:48:34,Belo horizonte
Carlos lima,0023-03-19,,Notebook,1200.0,1,100,,São paulo
Carlos lima,2023-11-27,Masculino,Mouse,50.0,2,2400,0:02:55,Porto alegre
Carlos lima,2024-11-02,Masculino,Monitor,1200.0,3,3471,01:37:16,Porto alegre
Carlos lima,0024-01-03,Masculino,Notebook,50.0,0,360,,Porto alegre
Pedro alves,2023-07-09,,Notebook,120.0,0,,,Rio de janeiro
Maria souza,0024-12-14,Masculino,Notebook,3500.0,3,50,02:09:02,Rio de janeiro
Maria souza,2023-07-10,Masculino,Monitor,1200.0,2,3600,0:01:01,Belo horizonte
Carlos lima,2024-11-22,Masculino,Monitor,1200.0,2,1600,0:01:46,Belo horizonte
Ana clara,2023-05-26,Masculino,Cadeira,1200.0,1,3500,,Curitiba
Ana clara,0023-02-28,,Teclado,120.0,0,,,Belo horizonte
João silva,2023-04-22,Masculino,Teclado,800.0,3,,01:50:24,São paulo
Ana clara,0023-11-20,,Cadeira,3500.0,1,10500,,São paulo
Ana clara,2024-08-02,Masculino,Teclado,50.0,2,,0:02:11,Porto alegre
Pedro alves,2024-11-12,,Mouse,50.0,0,150,,Curitiba
Pedro alves,2024-08-10,Masculino,Notebook,1200.0,2,3500,0:00:40,Rio de janeiro
Carlos lima,2024-12-02,Masculino,Cadeira,50.0,0,10500,,Rio de janeiro
Maria souza,2024-01-06,,Monitor,120.0,0,6995,,Rio de janeiro
Maria souza,2023-03-18,,Cadeira,3500.0,0,3500,,Porto alegre
Maria souza,0024-03-21,Masculino,Monitor,3500.0,1,3500,,São paulo
Maria souza,0024-03-03,,Teclado,800.0,0,2400,,Curitiba
Ana clara,2023-12-03,Masculino,Notebook,50.0,0,1234,,Rio de janeiro
Ana clara,2024-10-14,Masculino,Monitor,1200.0,3,10550,00:29:43,Belo horizonte
João silva,2023-02-04,,Mouse,800.0,1,25,,Porto alegre
Pedro alves,2024-09-15,Masculino,Mouse,1200.0,1,800,,Curitiba
Pedro alves,2024-07-27,Masculino,Notebook,1200.0,3,2400,01:35:15,São paulo
Pedro alves,2024-02-24,Masculino,Mouse,3500.0,0,3459,,Rio de janeiro
Pedro alves,2024-08-22,Masculino,Mouse,1200.0,0,100,,Porto alegre
Pedro alves,0024-05-20,Masculino,Notebook,800.0,3,800,02:15:20,Porto alegre
João silva,2023-09-25,Masculino,Teclado,120.0,0,1600,,Rio de janeiro
Pedro alves,2024-03-12,,Notebook,120.0,2,2400,0:03:44,Rio de janeiro
Ana clara,0023-03-01,Masculino,Mouse,50.0,0,3537,,Belo horizonte
Pedro alves,2024-01-21,,Notebook,1200.0,0,240,,Porto alegre
Ana clara,2024-07-20,,Notebook,1200.0,1,100,,Rio de janeiro
Ana clara,2024-09-16,,Mouse,120.0,2,2400,0:02:26,Curitiba
Maria souza,2023-06-14,Masculino,Monitor,120.0,1,50,,Curitiba
Pedro alves,2023-12-11,Masculino,Teclado,3500.0,0,150,,Curitiba
Pedro alves,2023-04-08,,Monitor,120.0,3,120,02:39:39,Curitiba
Maria souza,2023-10-08,,Monitor,50.0,2,,0:01:10,São paulo
Ana clara,0023-11-22,Masculino,Cadeira,800.0,1,3500,,Belo horizonte
Ana clara,0023-01-27,Masculino,Notebook,50.0,1,100,,Belo horizonte
Maria souza,2023-06-28,Masculino,Notebook,1200.0,3,,00:18:18,Porto alegre
Maria souza,2024-12-07,Masculino,Teclado,120.0,2,,0:00:12,Rio de janeiro
Carlos lima,2023-08-10,Masculino,Notebook,3500.0,1,360,,Rio de janeiro
João silva,2024-12-22,,Teclado,3500.0,2,3500,0:01:27,Belo horizonte
Pedro alves,2024-10-15,,Teclado,800.0,3,1200,02:58:19,Porto alegre
Pedro alves,2024-01-18,Masculino,Teclado,120.0,2,10500,0:03:52,Belo horizonte
Pedro alves,2023-06-10,Masculino,Monitor,1200.0,3,50,01:10:23,Rio de janeiro
Ana clara,2023-10-12,,Monitor,120.0,1,98,,Curitiba
Carlos lima,2024-03-03,,Mouse,3500.0,1,,,Rio de janeiro
Carlos lima,2024-09-18,Masculino,Teclado,800.0,3,10500,00:54:18,Belo horizonte
Pedro alves,2024-09-13,Masculino,Notebook,800.0,0,800,,Rio de janeiro
Pedro alves,0023-12-11,,Cadeira,50.0,3,360,01:14:27,Rio de janeiro
Carlos lima,2023-02-05,,Monitor,1200.0,3,361,00:43:16,Porto alegre
Maria souza,2023-12-20,Masculino,Notebook,3500.0,3,10500,02:19:26,Porto alegre
Ana clara,2023-10-18,Masculino,Teclado,3500.0,3,120,01:54:42,Belo horizonte
Carlos lima,2024-11-13,Masculino,Cadeira,3500.0,3,50,01:43:05,São paulo
Maria souza,2024-06-26,,Teclado,1200.0,3,3600,02:36:01,Belo horizonte
Maria souza,2023-06-03,,Teclado,50.0,2,3600,0:02:46,São paulo
Maria souza,2023-11-01,Masculino,Mouse,1200.0,0,150,,São paulo
Pedro alves,2024-09-16,,Mouse,120.0,1,120,,Rio de janeiro
João silva,2023-04-17,Masculino,Mouse,1200.0,3,3600,02:39:00,São paulo
Carlos lima,2023-09-17,,Monitor,1200.0,2,2400,0:02:06,Porto alegre
Pedro alves,2023-07-05,,Mouse,1200.0,0,1598,,Curitiba
João silva,2024-10-01,Masculino,Teclado,120.0,2,50,0:02:04,Curitiba
Carlos lima,2023-03-28,Masculino,Cadeira,3500.0,2,,0:03:33,Porto alegre
Pedro alves,0023-02-28,Masculino,Mouse,120.0,0,7000,,São paulo
Ana clara,2024-10-20,,Mouse,3500.0,2,360,0:02:31,Belo horizonte
Maria souza,2023-02-28,,Notebook,1200.0,3,2400,00:40:37,São paulo
Maria souza,2023-09-18,,Teclado,3500.0,1,2400,,São paulo
João silva,2023-07-06,,Cadeira,1200.0,3,1200,01:56:14,São paulo
João silva,2023-04-24,Masculino,Teclado,3500.0,3,,01:31:35,Belo horizonte
Pedro alves,2024-05-04,Masculino,Monitor,800.0,3,,01:51:45,Rio de janeiro
Pedro alves,0024-05-13,Masculino,Teclado,1200.0,1,3600,,Curitiba
Pedro alves,2023-02-02,Masculino,Notebook,1200.0,0,10500,,Porto alegre
Ana clara,2023-01-10,,Teclado,800.0,0,,,Curitiba
Pedro alves,2023-11-08,Masculino,Mouse,1200.0,3,1600,02:00:23,Porto alegre
Carlos lima,2024-01-21,Masculino,Mouse,1200.0,1,1200,,Curitiba
Maria souza,0023-10-15,,Notebook,120.0,2,1200,0:02:32,Porto alegre
Ana clara,2024-04-25,,Notebook,800.0,2,240,0:01:52,Belo horizonte
Ana clara,0024-10-10,,Teclado,50.0,1,3623,,São paulo
Pedro alves,2023-03-14,,Teclado,1200.0,2,1200,0:00:30,Curitiba
João silva,2023-08-03,Masculino,Teclado,800.0,0,800,,Porto alegre
Carlos lima,2023-10-01,,Cadeira,800.0,1,329,,Rio de janeiro
Pedro alves,2024-02-17,,Mouse,120.0,2,,0:01:18,Belo horizonte
Ana clara,0023-09-17,,Notebook,800.0,2,,0:03:49,Belo horizonte
Pedro alves,2024-07-11,Masculino,Mouse,120.0,1,150,,Belo horizonte
Maria souza,2023-11-12,,Notebook,120.0,3,100,00:18:01,Porto alegre
João silva,2024-04-17,Masculino,Notebook,1200.0,1,,,Porto alegre
João silva,2023-11-17,Masculino,Teclado,800.0,3,10500,00:02:29,Belo horizonte
Maria souza,2023-09-20,Masculino,Monitor,50.0,2,150,0:03:29,São paulo
Pedro alves,0024-04-09,Masculino,Cadeira,3500.0,2,1240,0:00:07,Belo horizonte
João silva,2024-11-15,,Cadeira,3500.0,1,3600,,Porto alegre
Ana clara,2024-07-24,Masculino,Cadeira,50.0,2,10500,0:02:40,São paulo
Carlos lima,0024-08-01,,Monitor,120.0,3,3500,02:23:21,Curitiba
Carlos lima,0023-04-06,,Cadeira,3500.0,3,2400,00:14:13,Belo horizonte
Ana clara,0023-02-23,,Mouse,1200.0,1,360,,Porto alegre
Ana clara,2023-07-03,,Mouse,3500.0,2,2419,0:00:10,Rio de janeiro
João silva,2023-08-27,,Mouse,1200.0,1,150,,São paulo
Carlos lima,2024-10-17,,Teclado,3500.0,1,100,,Curitiba
Carlos lima,0023-11-24,Masculino,Teclado,50.0,0,120,,Curitiba
Carlos lima,2024-11-04,Masculino,Cadeira,1200.0,0,100,,Curitiba
João silva,2024-07-18,,Notebook,50.0,2,1600,0:00:47,São paulo
Maria souza,2023-12-27,Masculino,Monitor,120.0,1,,,São paulo
Pedro alves,0023-03-18,Masculino,Teclado,120.0,0,240,,Rio de janeiro
Pedro alves,0023-10-22,,Monitor,800.0,2,2400,0:00:27,São paulo
Pedro alves,0024-03-15,,Notebook,800.0,0,167,,Curitiba
Ana clara,0024-11-12,,Monitor,800.0,3,3600,02:16:13,Curitiba
Maria souza,2023-11-19,Masculino,Cadeira,3500.0,3,100,02:29:35,Curitiba
Maria souza,0023-07-25,,Teclado,120.0,2,391,0:01:45,Rio de janeiro
Maria souza,2023-03-23,,Notebook,50.0,0,7000,,Porto alegre
Maria souza,2023-02-02,Masculino,Monitor,800.0,3,3600,00:59:38,Porto alegre
Carlos lima,2024-07-28,,Teclado,50.0,3,7000,01:18:17,Belo horizonte
João silva,2024-08-20,Masculino,Notebook,800.0,0,800,,Porto alegre
João silva,2023-05-12,,Notebook,800.0,0,800,,Belo horizonte
João silva,2023-09-15,,Mouse,1200.0,1,3583,,Porto alegre
Pedro alves,2023-05-18,,Notebook,120.0,0,,,Porto alegre
Ana clara,2023-09-28,,Monitor,120.0,2,2400,0:01:35,Rio de janeiro
Ana clara,2023-05-26,,Cadeira,1200.0,0,360,,Rio de janeiro
Carlos lima,2024-10-20,,Cadeira,50.0,1,,,Curitiba
Carlos lima,2023-05-23,,Monitor,50.0,3,,00:27:51,Belo horizonte
Carlos lima,0024-04-11,Masculino,Cadeira,120.0,3,59,00:22:20,Curitiba
Carlos lima,2024-04-16,,Monitor,120.0,2,360,0:01:00,São paulo
Carlos lima,2023-12-15,Masculino,Cadeira,1200.0,2,1582,0:03:03,Belo horizonte
Pedro alves,2023-11-20,,Cadeira,1200.0,2,10500,0:02:58,Rio de janeiro
Pedro alves,2024-03-13,Masculino,Cadeira,1200.0,3,,02:47:30,Belo horizonte
Carlos lima,0024-12-22,Masculino,Notebook,50.0,2,1600,0:03:19,Curitiba
Pedro alves,2024-01-20,Masculino,Monitor,3500.0,1,2400,,Porto alegre
Ana clara,2024-07-15,,Teclado,3500.0,2,,0:00:24,Porto alegre
João silva,2023-03-20,Masculino,Teclado,1200.0,0,844,,Curitiba
Maria souza,2024-05-27,,Notebook,50.0,2,2400,0:03:07,Belo horizonte
João silva,0024-11-03,,Notebook,50.0,3,800,02:03:16,Curitiba
Maria souza,2023-08-13,,Monitor,800.0,0,2421,,Porto alegre
João silva,0024-09-18,Masculino,Monitor,1200.0,3,2400,01:42:32,Belo horizonte
Ana clara,0024-07-22,Masculino,Monitor,50.0,3,,00:24:40,Belo horizonte
Maria souza,2024-05-03,Masculino,Cadeira,50.0,0,3647,,Porto alegre
Pedro alves,0024-01-06,,Teclado,1200.0,2,120,0:03:31,Belo horizonte
Pedro alves,2023-11-22,Masculino,Teclado,50.0,1,120,,Curitiba
João silva,2023-11-09,,Mouse,120.0,1,100,,Curitiba
Maria souza,2023-04-18,Masculino,Notebook,50.0,2,120,0:02:10,Belo horizonte
Pedro alves,2023-02-06,Masculino,Mouse,3500.0,0,,,Porto alegre
Maria souza,2023-08-10,,Notebook,1200.0,2,10500,0:02:35,Belo horizonte
João silva,2023-11-12,,Teclado,120.0,0,3566,,Rio de janeiro
Carlos lima,2024-09-24,Masculino,Teclado,800.0,1,2400,,Curitiba
Pedro alves,0023-02-25,Masculino,Notebook,120.0,1,1600,,Curitiba
João silva,2023-02-13,Masculino,Monitor,50.0,2,120,0:01:01,Porto alegre
Ana clara,2024-08-27,,Monitor,3500.0,0,100,,Belo horizonte
Carlos lima,2024-10-11,Masculino,Cadeira,1200.0,1,,,Curitiba
Pedro alves,2023-07-19,,Cadeira,3500.0,1,3500,,Rio de janeiro
Pedro alves,2023-06-19,,Teclado,3500.0,0,7017,,Curitiba
Carlos lima,0023-07-04,Masculino,Teclado,50.0,2,,0:01:11,Porto alegre
Ana clara,0023-02-08,Masculino,Teclado,50.0,2,,0:01:38,Belo horizonte
Maria souza,2023-12-16,,Teclado,3500.0,1,2400,,Porto alegre
Pedro alves,2024-10-20,,Cadeira,800.0,1,118,,Porto alegre
Maria souza,0024-10-04,,Teclado,800.0,3,7043,02:40:05,Porto alegre
Ana clara,0023-08-14,,Notebook,50.0,2,,0:02:36,São paulo
João silva,2024-02-24,,Monitor,800.0,1,2406,,Rio de janeiro
Carlos lima,0023-02-07,,Notebook,50.0,1,2400,,Belo horizonte
Carlos lima,0023-05-03,,Teclado,1200.0,1,150,,Rio de janeiro
Maria souza,2024-12-27,,Notebook,800.0,1,360,,Rio de janeiro
Maria souza,2023-09-22,Masculino,Cadeira,800.0,2,1200,0:03:44,Belo horizonte
Pedro alves,2023-12-11,Masculino,Cadeira,1200.0,0,,,Curitiba
Pedro alves,2024-09-10,Masculino,Notebook,50.0,0,2414,,Rio de janeiro
Maria souza,2023-12-28,Masculino,Notebook,3500.0,3,100,01:03:51,São paulo
João silva,2023-10-02,,Monitor,120.0,1,2400,,Belo horizonte
Pedro alves,2023-04-15,Masculino,Mouse,120.0,2,800,0:02:54,Belo horizonte
Maria souza,2024-12-10,Masculino,Notebook,800.0,0,50,,Curitiba
Maria souza,0023-05-07,,Notebook,800.0,1,2400,,Porto alegre
João silva,2023-06-21,,Teclado,800.0,1,50,,São paulo
Maria souza,2024-08-21,Masculino,Notebook,3500.0,1,1596,,Rio de janeiro
Maria souza,2024-07-18,Masculino,Monitor,1200.0,1,50,,Porto alegre
João silva,0023-09-11,,Mouse,3500.0,3,2400,00:46:22,Belo horizonte
João silva,2023-03-27,Masculino,Teclado,120.0,2,3500,0:00:27,São paulo
Ana clara,2023-10-13,Masculino,Monitor,50.0,0,10500,,Porto alegre
Maria souza,2023-08-16,Masculino,Teclado,50.0,3,10500,02:57:18,São paulo
João silva,2024-10-13,,Teclado,800.0,0,6997,,São paulo
João silva,2023-04-06,,Monitor,50.0,3,,01:28:19,São paulo
João silva,0024-11-26,Masculino,Monitor,3500.0,2,1200,0:03:01,São paulo
Maria souza,2024-02-14,,Notebook,800.0,0,,,Porto alegre
Carlos lima,2024-05-04,,Notebook,50.0,2,2400,0:00:09,Belo horizonte
Pedro alves,2023-08-04,Masculino,Mouse,1200.0,1,2387,,Belo horizonte
Ana clara,2024-02-26,,Mouse,800.0,0,360,,Rio de janeiro
Carlos lima,2023-05-03,Masculino,Teclado,50.0,3,3475,01:28:03,Porto alegre
João silva,0024-08-05,,Monitor,50.0,3,50,02:41:27,Porto alegre
Carlos lima,2024-01-21,,Teclado,120.0,1,2400,,São paulo
Carlos lima,2023-08-12,,Mouse,800.0,3,100,02:29:21,Rio de janeiro
Maria souza,2023-11-17,,Mouse,120.0,1,6951,,Porto alegre
Carlos lima,0024-09-04,Masculino,Notebook,800.0,0,360,,Rio de janeiro
João silva,0023-08-04,Masculino,Mouse,1200.0,2,3600,0:03:12,São paulo
Pedro alves,2024-06-13,Masculino,Mouse,50.0,1,,,Porto alegre
Carlos lima,0024-07-07,,Monitor,1200.0,0,120,,Porto alegre
João silva,0024-01-11,Masculino,Notebook,120.0,3,3600,00:01:51,Belo horizonte
Carlos lima,0024-11-05,,Teclado,3500.0,1,3500,,São paulo
João silva,2024-09-23,,Mouse,1200.0,0,2400,,São paulo
João silva,2023-12-18,Masculino,Cadeira,1200.0,0,100,,Rio de janeiro
João silva,0024-09-20,,Monitor,3500.0,2,,0:00:43,Belo horizonte
Pedro alves,2024-05-06,,Notebook,3500.0,0,50,,Rio de janeiro
Carlos lima,2024-03-08,,Notebook,1200.0,3,240,01:29:25,Curitiba
Carlos lima,2024-06-19,Masculino,Monitor,3500.0,1,1220,,São paulo
Maria souza,2023-03-08,,Mouse,1200.0,2,120,0:01:21,Rio de janeiro
Maria souza,2023-05-19,Masculino,Cadeira,3500.0,3,360,02:42:12,Belo horizonte
Maria souza,2024-02-03,,Notebook,800.0,3,800,00:43:56,Belo horizonte
João silva,0024-02-09,Masculino,Teclado,800.0,1,765,,Belo horizonte
Ana clara,0023-04-02,,Teclado,50.0,3,100,02:08:55,Belo horizonte
Carlos lima,2023-08-19,,Notebook,3500.0,2,2400,0:02:10,Rio de janeiro
Ana clara,2023-09-13,,Monitor,50.0,3,,00:15:00,São paulo
Ana clara,2023-07-01,Masculino,Teclado,800.0,2,7000,0:00:17,Rio de janeiro
Maria souza,2024-05-02,,Mouse,800.0,0,3600,,Porto alegre
Pedro alves,2023-02-01,,Cadeira,120.0,2,,0:00:14,Rio de janeiro
Maria souza,0024-03-06,Masculino,Teclado,1200.0,0,2400,,Porto alegre
João silva,2024-09-20,,Teclado,800.0,1,150,,São paulo
João silva,2024-08-16,,Notebook,120.0,3,2400,00:15:46,Belo horizonte
João silva,2024-01-22,,Cadeira,3500.0,1,2400,,Rio de janeiro
João silva,2024-09-12,Masculino,Teclado,120.0,2,100,0:03:21,São paulo
João silva,2023-09-08,Masculino,Teclado,120.0,0,1636,,Porto alegre
Carlos lima,2023-04-27,Masculino,Teclado,1200.0,2,2424,0:00:02,Rio de janeiro
Maria souza,2023-04-25,Masculino,Monitor,120.0,1,1200,,Belo horizonte
Maria souza,2024-02-16,Masculino,Monitor,120.0,3,1600,00:11:28,São paulo
Pedro alves,0023-10-21,,Monitor,50.0,1,,,Curitiba
Carlos lima,0024-10-28,Masculino,Notebook,800.0,1,,,Porto alegre
Ana clara,0024-08-28,Masculino,Cadeira,120.0,0,7000,,Belo horizonte
Ana clara,2024-01-12,Masculino,Teclado,120.0,3,3500,02:04:40,Rio de janeiro
Ana clara,2023-06-06,,Cadeira,120.0,2,,0:02:17,Curitiba
Carlos lima,0024-03-02,,Notebook,50.0,1,1600,,Rio de janeiro
Carlos lima,0024-01-01,Masculino,Teclado,800.0,3,3600,00:48:17,Rio de janeiro
Carlos lima,2023-12-25,,Cadeira,800.0,1,,,Porto alegre
João silva,2024-12-03,,Cadeira,1200.0,2,2400,0:01:18,Porto alegre
João silva,2024-06-20,,Monitor,800.0,1,2400,,Curitiba
Carlos lima,2024-09-01,Masculino,Cadeira,50.0,3,50,00:22:08,Porto alegre
Maria souza,2024-02-05,Masculino,Teclado,50.0,2,3600,0:00:50,São paulo
Pedro alves,2024-03-09,Masculino,Teclado,3500.0,1,3500,,Porto alegre
João silva,2024-10-01,,Mouse,800.0,1,3600,,Porto alegre
João silva,2023-11-04,,Mouse,1200.0,2,50,0:03:00,Porto alegre
João silva,2023-11-18,Masculino,Mouse,120.0,0,360,,Belo horizonte
João silva,2024-06-18,Masculino,Notebook,800.0,2,1200,0:01:19,São paulo
João silva,2023-09-18,,Monitor,1200.0,3,,02:14:17,Curitiba
Pedro alves,2023-10-01,Masculino,Monitor,3500.0,2,158,0:01:08,São paulo
Pedro alves,2024-05-16,,Teclado,3500.0,1,2400,,Porto alegre
Pedro alves,2023-01-13,,Teclado,120.0,2,3487,0:03:33,Curitiba
Ana clara,2024-02-26,,Teclado,1200.0,0,3600,,Curitiba
João silva,2024-03-16,Masculino,Mouse,800.0,2,,0:02:35,Rio de janeiro
Pedro alves,2024-04-21,Masculino,Cadeira,120.0,0,82,,Porto alegre
Carlos lima,2023-02-09,,Monitor,3500.0,0,,,São paulo
João silva,2024-08-27,Masculino,Mouse,1200.0,3,2400,00:24:51,Curitiba
Ana clara,2023-04-12,,Notebook,120.0,3,,01:38:15,Rio de janeiro
Ana clara,2023-07-23,,Monitor,1200.0,0,800,,Belo horizonte
Pedro alves,0023-08-21,,Monitor,3500.0,3,10500,00:47:01,Belo horizonte
João silva,2024-02-01,,Notebook,800.0,2,240,0:00:07,Rio de janeiro
Pedro alves,2024-02-20,Masculino,Notebook,3500.0,0,95,,Porto alegre
Pedro alves,0024-10-10,Masculino,Monitor,3500.0,1,,,Porto alegre
Pedro alves,0024-06-05,,Monitor,1200.0,0,,,Porto alegre
Ana clara,0023-12-05,Masculino,Notebook,3500.0,2,117,0:02:48,Belo horizonte
Maria souza,2024-07-05,Masculino,Teclado,1200.0,0,50,,Porto alegre
João silva,0023-01-13,Masculino,Notebook,1200.0,1,,,São paulo
João silva,2023-05-25,Masculino,Notebook,50.0,1,1200,,Curitiba
Carlos lima,2024-06-19,Masculino,Notebook,120.0,0,360,,Porto alegre
Ana clara,0024-01-16,Masculino,Monitor,800.0,3,7000,00:02:29,Belo horizonte
João silva,2024-04-03,,Mouse,3500.0,0,1200,,Rio de janeiro
João silva,2024-08-18,Masculino,Teclado,120.0,2,1600,0:00:55,São paulo
João silva,2023-10-16,Masculino,Cadeira,50.0,1,7020,,São paulo
Carlos lima,2023-03-09,Masculino,Cadeira,50.0,1,800,,Belo horizonte
João silva,2023-03-17,Masculino,Teclado,1200.0,2,3570,0:01:28,Belo horizonte
João silva,0024-12-22,Masculino,Notebook,1200.0,3,120,00:57:45,Porto alegre
Carlos lima,2023-07-20,Masculino,Cadeira,800.0,3,3600,02:42:09,Rio de janeiro
Carlos lima,2023-06-10,Masculino,Notebook,50.0,2,1164,0:02:09,Rio de janeiro
Pedro alves,0024-06-27,Masculino,Mouse,120.0,0,255,,Porto alegre
Ana clara,0024-11-17,Masculino,Cadeira,800.0,1,10500,,São paulo
Pedro alves,2024-09-22,Masculino,Monitor,120.0,3,6986,00:43:16,Belo horizonte
Maria souza,2024-04-25,,Notebook,120.0,1,,,Porto alegre
Carlos lima,2023-03-16,,Mouse,800.0,1,3500,,São paulo
Carlos lima,2023-04-04,,Monitor,1200.0,1,120,,Belo horizonte
Carlos lima,2023-12-11,Masculino,Notebook,1200.0,2,2400,0:01:29,São paulo
João silva,2024-09-07,Masculino,Notebook,120.0,1,1600,,Curitiba
Maria souza,0023-04-27,Masculino,Cadeira,800.0,3,10500,00:38:14,Porto alegre
Pedro alves,2024-07-19,Masculino,Teclado,800.0,0,,,Rio de janeiro
João silva,2024-10-16,Masculino,Monitor,1200.0,3,1600,01:40:25,Belo horizonte
João silva,2024-09-19,Masculino,Teclado,800.0,3,,00:13:09,São paulo
Ana clara,2024-08-07,Masculino,Mouse,3500.0,1,3500,,Rio de janeiro
Pedro alves,0023-10-15,,Notebook,50.0,0,10529,,Curitiba
Ana clara,2023-05-26,Masculino,Mouse,3500.0,1,2400,,São paulo
Pedro alves,2024-12-13,,Notebook,3500.0,3,,01:03:11,São paulo
Carlos lima,2024-05-20,Masculino,Notebook,1200.0,1,360,,Rio de janeiro
Pedro alves,0023-12-16,Masculino,Monitor,1200.0,0,2400,,Belo horizonte
Pedro alves,2024-03-07,Masculino,Monitor,800.0,0,,,Rio de janeiro
Pedro alves,2023-04-26,,Monitor,120.0,0,360,,São paulo
João silva,2023-08-23,Masculino,Notebook,50.0,1,1159,,Curitiba
Maria souza,2023-06-22,,Notebook,3500.0,1,1200,,Rio de janeiro
João silva,2023-11-16,Masculino,Teclado,3500.0,2,3500,0:00:44,Curitiba
Carlos lima,2024-09-25,Masculino,Cadeira,50.0,0,,,Porto alegre
Carlos lima,0024-08-09,Masculino,Teclado,1200.0,3,360,01:20:30,Porto alegre
Carlos lima,2023-02-01,,Teclado,1200.0,1,2438,,Porto alegre
Carlos lima,2024-05-13,,Mouse,1200.0,0,,,Curitiba
Maria souza,2024-07-23,,Cadeira,800.0,2,100,0:00:42,Belo horizonte
Pedro alves,2023-04-21,Masculino,Notebook,800.0,3,150,01:30:25,Curitiba
João silva,0024-02-05,,Cadeira,120.0,0,,,Rio de janeiro
Pedro alves,2024-06-06,Masculino,Notebook,3500.0,2,7000,0:03:02,Rio de janeiro
Pedro alves,2024-07-16,Masculino,Monitor,3500.0,2,120,0:01:05,Rio de janeiro
Pedro alves,2023-04-11,Masculino,Monitor,120.0,0,3600,,Curitiba
Pedro alves,2023-03-17,,Teclado,120.0,2,1200,0:00:40,Rio de janeiro
Maria souza,2023-09-23,Masculino,Cadeira,50.0,3,150,00:17:09,São paulo
Pedro alves,0023-09-06,,Notebook,800.0,0,,,Belo horizonte
João silva,2024-09-28,Masculino,Cadeira,50.0,1,3500,,Curitiba
Carlos lima,2024-12-12,,Mouse,50.0,1,360,,São paulo
Maria souza,2023-11-08,Masculino,Cadeira,1200.0,2,2400,0:01:43,São paulo
Maria souza,0023-09-13,Masculino,Mouse,3500.0,3,360,01:50:14,Rio de janeiro
Ana clara,2023-08-28,Masculino,Mouse,50.0,1,,,Rio de janeiro
Ana clara,0024-09-15,Masculino,Mouse,120.0,3,10500,00:47:27,São paulo
Carlos lima,2024-08-06,Masculino,Notebook,120.0,2,3600,0:03:05,Belo horizonte
Pedro alves,0023-09-17,Masculino,Cadeira,3500.0,3,7000,02:56:20,Rio de janeiro
Pedro alves,2024-09-02,Masculino,Cadeira,800.0,0,1200,,Porto alegre
João silva,2023-02-07,,Notebook,50.0,0,1600,,São paulo
João silva,0023-04-03,,Teclado,120.0,2,240,0:02:25,Rio de janeiro
Carlos lima,0023-05-23,Masculino,Mouse,120.0,3,,02:18:05,Rio de janeiro
Maria souza,0023-01-04,Masculino,Notebook,3500.0,3,,01:41:40,Rio de janeiro
João silva,2023-01-02,,Mouse,50.0,1,240,,Porto alegre
Pedro alves,2023-03-27,,Notebook,50.0,1,,,Curitiba
Carlos lima,2024-12-12,Masculino,Notebook,50.0,3,,02:18:52,São paulo
Ana clara,2024-07-02,Masculino,Notebook,800.0,1,2400,,Belo horizonte
Maria souza,0023-03-02,,Teclado,800.0,1,120,,São paulo
Maria souza,2024-07-26,Masculino,Mouse,1200.0,1,104,,Belo horizonte
Maria souza,0024-09-01,Masculino,Teclado,800.0,3,150,00:59:01,Belo horizonte
Maria souza,0023-01-15,Masculino,Monitor,800.0,2,3600,0:03:26,Curitiba
João silva,2024-01-23,Masculino,Notebook,800.0,0,150,,Curitiba
Carlos lima,2024-09-05,Masculino,Cadeira,800.0,1,2406,,Rio de janeiro
João silva,0023-06-06,,Monitor,3500.0,0,3600,,Belo horizonte
Carlos lima,2023-07-14,,Monitor,800.0,1,50,,São paulo
João silva,0023-08-21,Masculino,Notebook,800.0,2,240,0:01:57,Curitiba
Pedro alves,2024-09-05,Masculino,Mouse,50.0,3,,02:58:53,Porto alegre
Ana clara,0023-05-17,,Monitor,800.0,0,120,,Rio de janeiro
Ana clara,2023-04-23,Masculino,Mouse,3500.0,3,150,01:42:33,Rio de janeiro
Maria souza,2023-09-25,Masculino,Notebook,800.0,0,1200,,Rio de janeiro
Carlos lima,0023-06-10,,Monitor,3500.0,3,3500,02:56:57,Rio de janeiro
Carlos lima,2023-11-13,,Notebook,50.0,3,1200,01:16:49,Rio de janeiro
Ana clara,2023-08-20,Masculino,Monitor,120.0,1,41,,Belo horizonte
Pedro alves,2023-01-19,Masculino,Notebook,3500.0,2,,0:03:35,Curitiba
João silva,0024-12-24,,Teclado,3500.0,1,1600,,São paulo
Maria souza,2023-02-18,,Notebook,50.0,2,2400,0:00:21,Rio de janeiro
Maria souza,2023-12-07,,Monitor,800.0,3,98,01:24:45,Curitiba
Ana clara,0024-11-01,Masculino,Teclado,1200.0,3,3600,02:36:09,Rio de janeiro
João silva,2024-02-10,,Teclado,50.0,0,2384,,Rio de janeiro
João silva,0024-02-19,Masculino,Notebook,3500.0,1,800,,Belo horizonte
Ana clara,2023-04-28,,Teclado,3500.0,2,7045,0:02:38,São paulo
João silva,0024-01-13,,Notebook,50.0,3,,02:01:20,Curitiba
Pedro alves,2024-08-14,Masculino,Mouse,120.0,2,240,0:02:12,Curitiba
Ana clara,2024-11-09,Masculino,Monitor,50.0,1,10500,,Porto alegre
Carlos lima,2024-02-13,,Cadeira,3500.0,3,,01:27:13,Rio de janeiro
Carlos lima,0024-08-21,Masculino,Teclado,1200.0,0,,,Curitiba
João silva,2024-12-07,Masculino,Monitor,800.0,3,50,02:04:25,Porto alegre
João silva,2023-01-26,Masculino,Notebook,50.0,0,50,,Rio de janeiro
Pedro alves,2024-05-05,,Cadeira,3500.0,2,1200,0:03:16,São paulo
Maria souza,2024-04-02,Masculino,Cadeira,50.0,0,,,São paulo
João silva,2024-01-15,,Notebook,3500.0,0,3600,,São paulo
João silva,2024-05-07,Masculino,Cadeira,120.0,2,100,0:01:37,Belo horizonte
Carlos lima,2023-01-23,,Monitor,1200.0,2,367,0:01:22,São paulo
Carlos lima,0023-02-03,,Teclado,1200.0,3,87,02:51:07,Rio de janeiro
Carlos lima,2024-01-21,Masculino,Cadeira,800.0,3,360,01:55:50,Belo horizonte
Maria souza,0023-09-01,,Notebook,50.0,1,,,Curitiba
Maria souza,2023-07-20,Masculino,Notebook,50.0,2,2400,0:02:37,Curitiba
Carlos lima,2024-01-02,Masculino,Cadeira,50.0,3,10489,02:08:42,Rio de janeiro
Maria souza,2023-03-03,,Mouse,1200.0,3,240,02:20:02,São paulo
Maria souza,2023-06-05,,Cadeira,120.0,2,2400,0:03:00,São paulo
João silva,2024-12-24,,Monitor,120.0,0,1600,,São paulo
Maria souza,0024-01-20,,Mouse,1200.0,1,10500,,Curitiba
Ana clara,2024-08-14,Masculino,Teclado,800.0,1,1600,,Belo horizonte
Maria souza,2023-08-04,Masculino,Cadeira,50.0,1,120,,Rio de janeiro
Maria souza,0024-09-10,Masculino,Notebook,50.0,1,,,Belo horizonte
Carlos lima,0023-09-07,Masculino,Monitor,1200.0,0,240,,Porto alegre
Carlos lima,2024-09-07,,Cadeira,1200.0,3,150,02:42:58,Rio de janeiro
Maria souza,2023-01-17,Masculino,Cadeira,1200.0,2,150,0:02:55,São paulo
Maria souza,2024-03-23,,Monitor,120.0,1,3500,,Porto alegre
Ana clara,2024-08-14,,Cadeira,1200.0,0,2402,,Rio de janeiro
Ana clara,0024-10-04,Masculino,Cadeira,1200.0,3,800,00:47:27,São paulo
Maria souza,2024-09-23,Masculino,Notebook,1200.0,2,2383,0:01:53,Curitiba
Carlos lima,0024-05-28,,Cadeira,1200.0,3,120,00:20:59,Belo horizonte
Ana clara,2023-10-16,Masculino,Teclado,120.0,1,,,São paulo
João silva,2024-12-19,Masculino,Mouse,800.0,1,,,Curitiba
João silva,0024-12-19,Masculino,Teclado,1200.0,3,2400,01:02:37,Belo horizonte
Carlos lima,0024-08-09,,Cadeira,50.0,3,1200,02:13:47,São paulo
Maria souza,0023-12-04,,Monitor,50.0,1,800,,São paulo
Maria souza,2023-08-01,Masculino,Notebook,800.0,2,2400,0:01:49,São paulo
Pedro alves,2024-01-11,Masculino,Teclado,120.0,3,50,02:18:44,São paulo
Carlos lima,0024-07-02,Masculino,Mouse,3500.0,1,,,São paulo
Carlos lima,2024-08-03,Masculino,Teclado,800.0,2,,0:01:56,Belo horizonte
Carlos lima,0024-09-07,,Notebook,50.0,3,,02:51:13,São paulo
João silva,2024-06-15,Masculino,Cadeira,3500.0,2,354,0:01:47,Porto alegre
João silva,2023-07-28,,Cadeira,3500.0,3,120,01:38:31,Rio de janeiro
Pedro alves,2023-09-01,Masculino,Cadeira,1200.0,2,10500,0:01:42,Curitiba
Pedro alves,2024-08-10,Masculino,Notebook,120.0,0,2400,,Porto alegre
João silva,2024-06-07,,Notebook,1200.0,2,,0:03:50,Rio de janeiro
Maria souza,2023-10-26,,Monitor,50.0,2,800,0:03:26,Porto alegre
Carlos lima,0024-09-14,Masculino,Notebook,800.0,0,1200,,Curitiba
Carlos lima,2023-10-01,Masculino,Cadeira,1200.0,0,,,Curitiba
Maria souza,2023-10-19,,Monitor,3500.0,2,1200,0:03:26,Curitiba
Pedro alves,0023-09-27,Masculino,Cadeira,1200.0,2,150,0:02:11,Rio de janeiro
João silva,2023-10-11,Masculino,Teclado,1200.0,3,,01:44:54,Porto alegre
Pedro alves,0024-01-04,,Mouse,1200.0,1,150,,São paulo
Carlos lima,2023-07-24,Masculino,Monitor,50.0,1,2400,,Rio de janeiro
Carlos lima,2024-07-27,Masculino,Monitor,3500.0,3,2400,01:14:08,Porto alegre
João silva,0024-06-05,Masculino,Monitor,1200.0,2,2400,0:01:38,Belo horizonte
João silva,2024-07-28,Masculino,Cadeira,1200.0,3,50,00:41:33,Porto alegre
Ana clara,2024-05-14,,Monitor,800.0,0,,,São paulo
Carlos lima,2023-12-18,,Mouse,800.0,3,10500,02:11:31,Porto alegre
Ana clara,2024-02-28,Masculino,Teclado,120.0,3,360,02:56:16,Porto alegre
Ana clara,2024-11-03,,Notebook,50.0,3,50,02:31:26,Porto alegre
Carlos lima,0024-08-27,Masculino,Teclado,120.0,2,2400,0:00:20,São paulo
João silva,0024-09-11,,Mouse,3500.0,1,3500,,Rio de janeiro
João silva,2023-10-23,Masculino,Mouse,1200.0,3,,00:21:32,São paulo
Maria souza,2023-12-19,,Monitor,1200.0,3,360,00:12:30,Curitiba
Maria souza,2024-01-01,,Teclado,3500.0,0,3641,,São paulo
Ana clara,2023-03-15,,Mouse,1200.0,3,2400,01:02:55,São paulo
Maria souza,2024-08-18,Masculino,Mouse,1200.0,3,,02:02:03,Belo horizonte
Ana clara,2024-09-13,Masculino,Cadeira,1200.0,2,50,0:00:41,Porto alegre
Pedro alves,0024-02-10,Masculino,Teclado,3500.0,3,,02:55:29,São paulo
João silva,2024-03-04,,Monitor,1200.0,2,,0:02:07,Porto alegre
Pedro alves,2023-08-22,Masculino,Notebook,1200.0,3,382,02:20:48,Rio de janeiro
Pedro alves,0024-06-11,Masculino,Notebook,3500.0,1,2400,,Rio de janeiro
Pedro alves,2024-06-22,Masculino,Notebook,3500.0,1,2400,,Curitiba
Ana clara,2024-01-28,,Notebook,800.0,2,50,0:02:09,Rio de janeiro
Maria souza,2024-05-23,Masculino,Mouse,120.0,3,2400,02:39:09,Curitiba
Ana clara,0024-01-09,,Notebook,800.0,2,150,0:02:48,São paulo
Ana clara,0024-05-26,,Mouse,800.0,1,1600,,São paulo
Maria souza,2023-11-20,Masculino,Teclado,3500.0,2,100,0:02:47,Rio de janeiro
João silva,2024-06-06,,Notebook,3500.0,0,10500,,Belo horizonte
Ana clara,2023-02-03,Masculino,Cadeira,1200.0,2,240,0:00:36,Curitiba
Pedro alves,2024-08-28,Masculino,Cadeira,50.0,3,100,00:05:03,Porto alegre
Pedro alves,2024-10-13,Masculino,Notebook,1200.0,1,1568,,Curitiba
Carlos lima,2024-01-28,Masculino,Teclado,800.0,3,7000,02:31:29,Belo horizonte
Carlos lima,2024-02-08,Masculino,Teclado,120.0,3,1200,00:13:27,Belo horizonte
Carlos lima,2023-07-24,Masculino,Notebook,800.0,1,120,,Curitiba
João silva,2023-12-11,,Mouse,120.0,3,1200,02:54:11,Belo horizonte
Maria souza,0024-03-28,,Mouse,3500.0,1,3600,,São paulo
Carlos lima,2023-06-18,,Cadeira,50.0,2,,0:01:51,Rio de janeiro
Maria souza,2023-11-11,,Teclado,50.0,1,7000,,Porto alegre
Maria souza,2024-11-01,,Cadeira,800.0,3,1200,00:46:21,Curitiba
Maria souza,2023-04-24,Masculino,Monitor,50.0,1,360,,Curitiba
Carlos lima,2023-06-03,Masculino,Mouse,120.0,0,3600,,Curitiba
Maria souza,2024-04-07,Masculino,Notebook,3500.0,1,2433,,Curitiba
Ana clara,0023-09-10,Masculino,Teclado,120.0,0,,,Curitiba
Ana clara,0023-03-12,Masculino,Mouse,3500.0,0,50,,Porto alegre
Ana clara,2023-05-05,Masculino,Cadeira,3500.0,3,240,00:54:49,Curitiba
João silva,2023-04-05,,Mouse,800.0,0,3600,,Curitiba
João silva,2024-01-15,Masculino,Notebook,50.0,0,120,,Porto alegre
Maria souza,2024-01-01,Masculino,Cadeira,120.0,0,7000,,Belo horizonte
João silva,2023-04-28,Masculino,Notebook,800.0,1,,,Porto alegre
João silva,2024-02-02,,Cadeira,1200.0,3,100,00:41:34,Porto alegre
Maria souza,0024-11-14,Masculino,Monitor,1200.0,3,,02:19:36,Porto alegre
João silva,2024-12-04,,Notebook,1200.0,1,1610,,Rio de janeiro
João silva,2023-12-16,Masculino,Notebook,50.0,0,3600,,Curitiba
Maria souza,2024-09-03,Masculino,Mouse,50.0,3,800,02:29:24,Rio de janeiro
Maria souza,2024-06-19,Masculino,Notebook,50.0,1,2400,,São paulo
Pedro alves,2024-06-18,,Teclado,120.0,2,800,0:02:12,Porto alegre
Pedro alves,2024-08-18,Masculino,Notebook,1200.0,1,800,,Curitiba
João silva,0023-11-09,Masculino,Mouse,800.0,1,150,,Curitiba
João silva,2024-10-27,,Notebook,800.0,0,150,,Belo horizonte
Carlos lima,0024-12-21,Masculino,Notebook,800.0,3,150,02:01:25,São paulo
Pedro alves,0023-02-14,,Notebook,1200.0,3,764,00:24:15,Curitiba
Pedro alves,2024-01-04,,Monitor,800.0,1,100,,São paulo
João silva,2024-05-28,Masculino,Mouse,120.0,0,10500,,Porto alegre
Ana clara,2024-12-07,,Teclado,3500.0,0,2426,,Rio de janeiro
Carlos lima,2024-08-22,,Teclado,3500.0,1,2400,,São paulo
Ana clara,0023-03-06,Masculino,Monitor,800.0,3,1246,00:57:38,Belo horizonte
Maria souza,2023-04-03,,Mouse,120.0,0,,,Porto alegre
Maria souza,2024-02-11,Masculino,Notebook,800.0,0,320,,Curitiba
João silva,2023-04-08,,Monitor,3500.0,1,800,,Porto alegre
Maria souza,0023-06-13,Masculino,Cadeira,50.0,1,150,,Curitiba
Carlos lima,2024-05-03,Masculino,Notebook,120.0,0,,,São paulo
Carlos lima,0024-12-07,,Notebook,800.0,3,3600,01:42:23,Curitiba
Carlos lima,2024-07-21,Masculino,Cadeira,800.0,3,120,00:26:39,Rio de janeiro
Pedro alves,2024-05-01,Masculino,Cadeira,1200.0,1,149,,Belo horizonte
João silva,2024-10-10,Masculino,Cadeira,120.0,3,3500,02:11:58,São paulo
Pedro alves,2024-07-01,Masculino,Cadeira,3500.0,1,3500,,Belo horizonte
Pedro alves,2023-06-21,Masculino,Monitor,1200.0,0,10484,,Curitiba
Pedro alves,2024-06-09,,Notebook,3500.0,0,1600,,Rio de janeiro
Maria souza,2023-10-15,Masculino,Teclado,1200.0,2,50,0:02:25,Belo horizonte
Maria souza,2024-04-20,Masculino,Cadeira,3500.0,3,120,01:35:51,Belo horizonte
Pedro alves,2023-12-10,Masculino,Monitor,3500.0,2,7000,0:00:50,Rio de janeiro
Ana clara,2024-12-17,,Mouse,50.0,1,2359,,São paulo
Pedro alves,0023-06-11,Masculino,Monitor,120.0,0,7000,,São paulo
Maria souza,0023-11-18,,Mouse,50.0,2,1200,0:03:40,Curitiba
Maria souza,2023-12-11,,Cadeira,120.0,0,,,Curitiba
Pedro alves,2023-08-11,,Cadeira,800.0,0,360,,Porto alegre
Carlos lima,2024-08-14,Masculino,Monitor,1200.0,3,,00:48:06,Curitiba
Carlos lima,2024-03-25,,Teclado,1200.0,2,,0:02:11,Porto alegre
João silva,2024-04-03,,Mouse,120.0,1,,,Belo horizonte
João silva,2024-02-21,Masculino,Mouse,3500.0,0,129,,Porto alegre
Ana clara,2023-07-15,,Notebook,800.0,3,,02:35:58,Curitiba
Pedro alves,0023-07-16,Masculino,Teclado,120.0,0,120,,Porto alegre
Maria souza,0023-01-13,Masculino,Teclado,1200.0,1,120,,Rio de janeiro
João silva,2024-01-05,Masculino,Monitor,3500.0,0,50,,Curitiba
Ana clara,2024-07-25,,Cadeira,50.0,1,120,,Curitiba
Ana clara,0023-08-15,Masculino,Cadeira,50.0,1,800,,Curitiba
Carlos lima,2023-02-15,Masculino,Cadeira,120.0,3,10490,02:12:22,Porto alegre
Carlos lima,2023-08-25,Masculino,Teclado,120.0,0,3463,,Porto alegre
João silva,2024-06-02,,Mouse,800.0,2,,0:01:18,São paulo
Ana clara,0024-07-17,,Mouse,1200.0,3,7000,02:01:41,Curitiba
Maria souza,2023-08-18,Masculino,Teclado,3500.0,1,150,,Curitiba
Pedro alves,2023-03-12,Masculino,Mouse,1200.0,2,,0:01:52,Curitiba
Maria souza,2023-05-24,Masculino,Notebook,120.0,1,240,,São paulo
Ana clara,0024-09-28,Masculino,Monitor,120.0,3,3598,02:10:04,Rio de janeiro
Ana clara,2024-03-23,,Mouse,120.0,1,100,,Porto alegre
Pedro alves,2023-11-11,Masculino,Cadeira,800.0,2,150,0:03:54,São paulo
Maria souza,2023-11-10,,Mouse,3500.0,2,100,0:02:10,São paulo
Pedro alves,2024-09-22,,Monitor,3500.0,0,1600,,Rio de janeiro
João silva,2023-10-23,Masculino,Teclado,50.0,2,360,0:00:04,Curitiba
João silva,2023-11-11,,Mouse,120.0,1,3500,,Belo horizonte
Pedro alves,2024-04-08,Masculino,Teclado,800.0,0,,,Belo horizonte
Carlos lima,0024-09-03,Masculino,Monitor,120.0,3,393,01:56:53,Porto alegre
Pedro alves,2023-12-26,,Notebook,800.0,2,50,0:01:14,São paulo
Pedro alves,2023-06-23,Masculino,Teclado,1200.0,2,10500,0:02:45,Porto alegre
João silva,2023-10-17,Masculino,Teclado,800.0,1,800,,Belo horizonte
Pedro alves,2024-09-12,,Notebook,1200.0,2,,0:00:02,Belo horizonte
Maria souza,2024-11-08,,Monitor,120.0,0,10500,,Belo horizonte
Maria souza,0023-01-28,,Notebook,3500.0,1,,,Belo horizonte
Maria souza,2023-11-22,,Teclado,50.0,0,3600,,Porto alegre
Ana clara,2023-04-21,Masculino,Cadeira,3500.0,3,,00:18:34,Rio de janeiro
Ana clara,2024-05-08,,Cadeira,1200.0,0,42,,Curitiba
Maria souza,0024-12-18,,Mouse,800.0,1,2400,,Porto alegre
Ana clara,0024-06-27,Masculino,Monitor,50.0,0,,,Rio de janeiro
Maria souza,2023-08-24,Masculino,Monitor,3500.0,2,3500,0:02:09,Curitiba
Maria souza,0023-07-09,,Teclado,50.0,1,784,,São paulo
Maria souza,2023-05-02,,Notebook,3500.0,0,100,,Curitiba
Pedro alves,2024-03-28,Masculino,Monitor,50.0,1,,,Porto alegre
Carlos lima,2023-06-25,,Mouse,50.0,1,,,Rio de janeiro
Pedro alves,2023-05-11,Masculino,Mouse,800.0,3,2400,00:54:49,Porto alegre
Maria souza,2024-08-13,,Cadeira,50.0,3,3600,00:55:48,Porto alegre
Carlos lima,2023-12-15,,Cadeira,1200.0,1,2397,,São paulo
Ana clara,2024-08-10,Masculino,Mouse,1200.0,2,1638,0:03:05,Porto alegre
Maria souza,2024-08-17,Masculino,Mouse,3500.0,2,150,0:03:47,Belo horizonte
Maria souza,2023-07-20,Masculino,Cadeira,3500.0,0,,,Belo horizonte
Ana clara,0024-08-13,,Notebook,120.0,2,50,0:02:50,Rio de janeiro
Ana clara,2024-04-03,Masculino,Monitor,800.0,2,100,0:00:06,Porto alegre
Pedro alves,2024-09-19,,Monitor,120.0,0,3600,,Porto alegre
Pedro alves,2023-05-28,Masculino,Monitor,1200.0,3,150,00:33:54,Rio de janeiro
Pedro alves,2024-03-02,Masculino,Teclado,50.0,1,50,,Belo horizonte
Pedro alves,2023-06-19,Masculino,Notebook,3500.0,1,50,,Rio de janeiro
Maria souza,0024-12-01,Masculino,Notebook,1200.0,2,3512,0:00:38,Porto alegre
Maria souza,0024-11-26,Masculino,Monitor,1200.0,3,360,00:01:27,São paulo
Maria souza,2024-02-01,Masculino,Teclado,120.0,2,,0:03:46,São paulo
João silva,2023-06-10,,Cadeira,1200.0,2,360,0:02:33,São paulo
João silva,2023-08-27,Masculino,Monitor,50.0,0,360,,Curitiba
Pedro alves,2024-08-28,,Mouse,3500.0,1,100,,São paulo
Maria souza,2023-06-12,Masculino,Cadeira,3500.0,1,,,Curitiba
Maria souza,2023-04-04,,Notebook,50.0,2,,0:03:03,Porto alegre
Carlos lima,2023-10-04,,Cadeira,800.0,3,3600,00:05:33,Rio de janeiro
Ana clara,0024-05-23,,Teclado,3500.0,2,1200,0:01:54,Porto alegre
Pedro alves,2023-06-18,Masculino,Notebook,800.0,1,1550,,Belo horizonte
Carlos lima,2023-06-14,,Teclado,50.0,2,,0:02:06,Rio de janeiro
Carlos lima,2024-09-06,Masculino,Monitor,50.0,1,120,,Belo horizonte
Carlos lima,2024-12-11,Masculino,Notebook,120.0,0,120,,Curitiba
Pedro alves,2023-07-15,,Cadeira,1200.0,3,3600,01:47:51,Curitiba
Pedro alves,2023-11-16,,Teclado,120.0,3,,02:26:38,Curitiba
Pedro alves,2024-07-21,Masculino,Mouse,1200.0,3,,00:28:21,Belo horizonte
Pedro alves,0024-06-25,Masculino,Mouse,120.0,0,100,,Porto alegre
Pedro alves,0023-12-20,Masculino,Teclado,50.0,1,3500,,Rio de janeiro
Carlos lima,2023-09-20,,Teclado,3500.0,2,120,0:03:35,Porto alegre
João silva,0024-07-27,Masculino,Teclado,50.0,2,84,0:02:50,Porto alegre
João silva,2024-08-23,,Cadeira,800.0,0,,,Porto alegre
Ana clara,2023-09-16,Masculino,Teclado,1200.0,1,204,,Rio de janeiro
Pedro alves,2023-11-07,,Cadeira,800.0,2,3600,0:03:01,Belo horizonte
Ana clara,2023-03-11,Masculino,Monitor,3500.0,1,1600,,Curitiba
João silva,2024-08-23,Masculino,Notebook,120.0,2,10481,0:03:59,Rio de janeiro
João silva,2024-02-15,Masculino,Teclado,1200.0,1,10500,,Belo horizonte
João silva,0023-11-17,Masculino,Teclado,1200.0,2,800,0:02:52,São paulo
Maria souza,2023-08-04,,Notebook,3500.0,2,3500,0:03:55,São paulo
Ana clara,0024-12-23,,Teclado,50.0,1,1600,,Porto alegre
João silva,2024-07-18,Masculino,Cadeira,3500.0,0,2400,,Belo horizonte
João silva,2024-05-25,Masculino,Monitor,800.0,2,10500,0:01:03,Belo horizonte
Ana clara,0023-04-13,Masculino,Mouse,3500.0,1,800,,São paulo
João silva,2024-04-10,,Monitor,120.0,1,2409,,Curitiba
Carlos lima,2024-03-01,,Cadeira,50.0,2,,0:00:45,Belo horizonte
Pedro alves,2024-09-02,,Notebook,800.0,0,,,Rio de janeiro
Maria souza,2024-12-02,,Teclado,50.0,1,259,,Curitiba
Pedro alves,2023-12-22,,Mouse,3500.0,2,10500,0:00:10,Curitiba
João silva,2023-04-17,Masculino,Mouse,50.0,0,1183,,Belo horizonte
Ana clara,2023-03-20,Masculino,Teclado,3500.0,0,,,Porto alegre
João silva,2024-03-17,,Cadeira,1200.0,1,360,,Rio de janeiro
Maria souza,2023-02-20,,Mouse,1200.0,0,3500,,Porto alegre
João silva,2023-04-08,Masculino,Monitor,50.0,0,,,Rio de janeiro
Ana clara,2023-06-17,,Notebook,50.0,3,120,01:08:40,Porto alegre
Pedro alves,0023-01-13,Masculino,Mouse,50.0,3,2445,02:34:08,Belo horizonte
Carlos lima,0024-06-07,Masculino,Cadeira,800.0,3,1200,02:40:03,São paulo
João silva,2024-11-27,,Monitor,120.0,2,3553,0:02:11,Porto alegre
João silva,2023-01-06,,Mouse,800.0,3,7000,00:28:26,Curitiba
João silva,2023-03-24,,Cadeira,1200.0,0,,,Rio de janeiro
Carlos lima,0023-04-17,,Teclado,50.0,0,2400,,Belo horizonte
João silva,2023-12-25,Masculino,Cadeira,3500.0,3,7000,02:39:05,Curitiba
Carlos lima,2024-03-18,,Teclado,50.0,2,240,0:00:44,Rio de janeiro
Maria souza,2023-07-16,Masculino,Notebook,50.0,0,3600,,Belo horizonte
Pedro alves,2023-02-17,,Mouse,800.0,3,3627,00:21:17,Rio de janeiro
Carlos lima,0024-09-13,,Teclado,800.0,3,7000,00:12:57,Rio de janeiro
Carlos lima,2023-04-05,Masculino,Cadeira,1200.0,0,,,São paulo
Pedro alves,0023-02-26,Masculino,Cadeira,1200.0,2,,0:00:32,São paulo
Pedro alves,0023-01-05,,Teclado,120.0,0,2400,,Belo horizonte
Carlos lima,2023-08-18,,Notebook,120.0,2,,0:02:37,Curitiba
Pedro alves,2023-12-23,Masculino,Cadeira,50.0,0,2400,,Curitiba
Pedro alves,0024-10-28,Masculino,Mouse,50.0,3,7000,01:14:36,Curitiba
João silva,2024-01-17,,Notebook,3500.0,3,800,01:00:30,Porto alegre
Carlos lima,2023-07-27,Masculino,Cadeira,3500.0,2,240,0:01:45,São paulo
João silva,2024-07-24,,Teclado,1200.0,0,2446,,Belo horizonte
João silva,2024-05-07,Masculino,Teclado,3500.0,0,2400,,Curitiba
João silva,2024-09-24,Masculino,Cadeira,50.0,0,,,Porto alegre
Carlos lima,2023-10-22,,Mouse,800.0,2,150,0:02:47,Curitiba
Maria souza,2024-10-18,Masculino,Mouse,800.0,2,1200,0:03:29,Belo horizonte
Carlos lima,0023-12-09,Masculino,Monitor,800.0,1,7000,,Porto alegre
Ana clara,2023-02-17,,Monitor,3500.0,2,,0:01:32,Rio de janeiro
João silva,2024-05-16,Masculino,Monitor,50.0,1,,,São paulo
Ana clara,0023-09-17,,Monitor,1200.0,0,2400,,Curitiba
Pedro alves,2023-10-03,,Teclado,3500.0,1,1600,,Belo horizonte
Maria souza,2024-06-25,Masculino,Mouse,1200.0,2,7000,0:01:42,São paulo
Maria souza,2024-09-27,Masculino,Cadeira,50.0,2,100,0:02:57,Curitiba
Maria souza,0024-03-24,Masculino,Notebook,3500.0,1,275,,Porto alegre
Carlos lima,2024-10-26,Masculino,Notebook,3500.0,3,240,01:46:50,Porto alegre
Carlos lima,2023-02-16,Masculino,Notebook,120.0,3,50,01:02:32,Belo horizonte
Pedro alves,2024-07-14,,Cadeira,3500.0,1,14,,Curitiba
Ana clara,0024-05-01,Masculino,Teclado,50.0,3,10500,02:37:12,Porto alegre
Ana clara,2023-07-15,,Mouse,50.0,0,1237,,Porto alegre
Ana clara,2024-03-15,Masculino,Notebook,3500.0,3,1600,00:39:48,Rio de janeiro
Pedro alves,0023-12-12,,Mouse,120.0,3,360,02:37:04,São paulo
Maria souza,2023-02-10,,Monitor,1200.0,3,3507,00:30:54,Rio de janeiro
Maria souza,2023-03-01,Masculino,Cadeira,120.0,2,10500,0:02:06,Rio de janeiro
Ana clara,0023-02-06,Masculino,Mouse,3500.0,0,50,,Belo horizonte
João silva,2024-03-08,,Cadeira,120.0,0,3468,,Curitiba
João silva,2024-06-13,,Cadeira,1200.0,3,,02:47:49,Curitiba
Ana clara,2023-01-21,,Teclado,120.0,3,10522,01:48:57,Porto alegre
Ana clara,2024-11-07,,Notebook,800.0,1,100,,Porto alegre
João silva,2023-12-24,,Cadeira,1200.0,2,240,0:03:43,Rio de janeiro
Carlos lima,0023-10-20,,Notebook,120.0,2,2400,0:01:43,Porto alegre
Maria souza,2023-07-06,Masculino,Mouse,1200.0,2,,0:00:36,Porto alegre
Pedro alves,0023-04-12,,Notebook,800.0,1,3500,,Curitiba
Maria souza,0023-04-24,Masculino,Mouse,1200.0,3,75,00:52:22,São paulo
Ana clara,0024-11-01,,Monitor,120.0,1,1200,,Curitiba
Pedro alves,2023-11-19,,Mouse,120.0,1,120,,Porto alegre
Pedro alves,0024-11-25,,Teclado,3500.0,3,7000,01:40:38,Curitiba
Maria souza,2023-02-07,Masculino,Cadeira,1200.0,0,,,Porto alegre
João silva,2024-07-03,Masculino,Teclado,3500.0,0,360,,São paulo
João silva,2024-04-25,Masculino,Mouse,120.0,0,1200,,São paulo
Maria souza,2024-08-28,Masculino,Monitor,120.0,3,360,00:56:50,Rio de janeiro
Maria souza,0023-08-11,,Teclado,800.0,1,100,,Rio de janeiro
Maria souza,2023-03-14,,Cadeira,1200.0,2,,0:01:52,Curitiba
Carlos lima,2024-11-14,,Notebook,120.0,2,7000,0:02:32,Rio de janeiro
Carlos lima,2023-04-09,Masculino,Teclado,800.0,3,2400,02:34:59,Belo horizonte
Pedro alves,2023-04-14,Masculino,Cadeira,1200.0,2,,0:02:59,Rio de janeiro
Pedro alves,2024-03-19,Masculino,Cadeira,50.0,3,3550,00:07:30,Rio de janeiro
Maria souza,2023-06-07,Masculino,Cadeira,1200.0,1,1586,,Porto alegre
Carlos lima,2024-05-05,Masculino,Notebook,120.0,2,2418,0:02:23,Porto alegre
Carlos lima,2024-11-17,Masculino,Notebook,3500.0,3,3600,01:09:09,Curitiba
Carlos lima,2024-07-01,,Notebook,3500.0,3,3500,02:59:06,São paulo
Pedro alves,2023-09-22,,Monitor,800.0,3,120,02:24:24,Belo horizonte
Pedro alves,0024-08-23,,Teclado,3500.0,0,3500,,Belo horizonte
João silva,2023-03-26,Masculino,Monitor,120.0,0,100,,Curitiba
Carlos lima,2024-04-27,,Notebook,120.0,1,,,Porto alegre
Carlos lima,2024-10-01,Masculino,Mouse,3500.0,3,,01:27:23,São paulo
Carlos lima,2023-06-10,Masculino,Notebook,120.0,1,,,São paulo
Maria souza,2023-04-11,Masculino,Mouse,3500.0,1,3600,,Curitiba
Pedro alves,2023-02-26,,Notebook,120.0,0,7000,,Rio de janeiro
João silva,0024-12-18,,Mouse,800.0,2,1200,0:00:05,Curitiba
João silva,2024-03-10,Masculino,Teclado,120.0,2,3600,0:00:56,Curitiba
João silva,2023-11-07,Masculino,Monitor,1200.0,2,,0:00:54,São paulo
Carlos lima,2024-07-25,,Cadeira,50.0,0,374,,Belo horizonte
Pedro alves,2023-12-13,Masculino,Mouse,1200.0,1,,,Curitiba
Pedro alves,2024-05-09,,Monitor,3500.0,1,2400,,São paulo
Maria souza,2024-12-04,,Teclado,3500.0,2,1200,0:00:07,Curitiba
Maria souza,2023-06-24,,Notebook,50.0,1,240,,Porto alegre
João silva,2023-04-20,Masculino,Mouse,800.0,3,2400,02:37:34,São paulo
João silva,2023-08-12,Masculino,Mouse,120.0,2,7000,0:02:10,Porto alegre
Ana clara,2024-10-13,,Teclado,800.0,0,240,,Rio de janeiro
Maria souza,0023-02-23,Masculino,Cadeira,1200.0,2,50,0:00:51,Curitiba
Maria souza,2023-03-23,,Notebook,3500.0,3,1200,02:59:04,Rio de janeiro
Maria souza,2023-03-27,,Teclado,3500.0,3,360,01:45:39,Rio de janeiro
Maria souza,2023-12-11,,Cadeira,3500.0,3,100,01:07:19,Curitiba
Maria souza,2024-03-26,Masculino,Cadeira,50.0,3,240,01:38:47,Belo horizonte
Pedro alves,2024-03-03,Masculino,Cadeira,800.0,0,240,,Curitiba
Ana clara,2023-01-09,Masculino,Mouse,1200.0,3,50,00:06:28,Rio de janeiro
Maria souza,2023-01-12,,Cadeira,1200.0,2,2400,0:03:43,São paulo
Maria souza,2023-11-16,,Teclado,1200.0,1,360,,São paulo
Ana clara,0023-12-17,,Notebook,120.0,1,800,,Rio de janeiro
Maria souza,2024-07-07,Masculino,Cadeira,3500.0,3,1200,00:13:50,Rio de janeiro
Maria souza,2024-01-01,Masculino,Monitor,120.0,1,3600,,Porto alegre
Maria souza,2024-03-18,,Notebook,120.0,0,82,,Porto alegre
Maria souza,2024-01-23,Masculino,Mouse,3500.0,3,99,01:15:37,São paulo
Carlos lima,0023-04-28,,Notebook,50.0,0,120,,Belo horizonte
Carlos lima,0023-09-19,Masculino,Cadeira,50.0,1,360,,Curitiba
Carlos lima,2024-01-06,Masculino,Mouse,50.0,3,7000,00:16:45,Rio de janeiro
Maria souza,2023-04-07,,Cadeira,50.0,2,2400,0:02:58,Rio de janeiro
Ana clara,0023-09-26,Masculino,Notebook,50.0,2,50,0:02:30,Belo horizonte
João silva,2024-10-12,,Monitor,3500.0,3,3600,00:34:33,São paulo
Carlos lima,0024-08-08,Masculino,Cadeira,3500.0,1,240,,Curitiba
João silva,0024-01-04,Masculino,Monitor,50.0,2,360,0:03:57,Rio de janeiro
Ana clara,2023-01-16,,Mouse,800.0,1,,,Porto alegre
Ana clara,2024-07-15,Masculino,Cadeira,50.0,1,3600,,Belo horizonte
Ana clara,0023-08-16,Masculino,Mouse,800.0,2,10500,0:03:16,Belo horizonte
Carlos lima,2024-06-15,,Monitor,3500.0,0,360,,Rio de janeiro
Carlos lima,2024-12-01,,Monitor,1200.0,1,1203,,Curitiba
João silva,2023-09-06,Masculino,Mouse,120.0,1,10500,,São paulo
Ana clara,2023-07-16,Masculino,Monitor,3500.0,3,,00:59:27,São paulo
Maria souza,0024-02-07,,Cadeira,50.0,1,120,,Belo horizonte
Carlos lima,0024-05-17,,Teclado,50.0,3,258,02:44:57,Belo horizonte
Ana clara,0023-12-04,Masculino,Monitor,50.0,3,2400,02:22:56,Rio de janeiro
Ana clara,2023-10-07,Masculino,Notebook,120.0,0,3500,,Belo horizonte
João silva,2023-01-25,Masculino,Mouse,800.0,0,109,,Rio de janeiro
Ana clara,2023-09-12,,Monitor,50.0,1,1600,,Porto alegre
Carlos lima,2023-10-02,,Mouse,800.0,3,223,00:50:56,Curitiba
Carlos lima,0023-10-22,,Teclado,1200.0,0,340,,Porto alegre
Carlos lima,2024-06-13,Masculino,Cadeira,50.0,0,1200,,São paulo
João silva,0023-09-25,Masculino,Mouse,50.0,1,1600,,Belo horizonte
João silva,2023-03-01,,Teclado,800.0,1,6999,,Porto alegre
Pedro alves,2023-08-06,,Mouse,3500.0,2,,0:02:48,Curitiba
Pedro alves,2023-03-19,Masculino,Cadeira,800.0,0,,,São paulo
Carlos lima,2024-03-04,,Monitor,3500.0,3,10536,02:52:00,São paulo
Maria souza,2024-01-20,,Notebook,3500.0,0,2400,,Belo horizonte
Ana clara,2024-04-28,Masculino,Monitor,800.0,1,174,,Belo horizonte
Pedro alves,2023-01-08,Masculino,Cadeira,120.0,1,360,,Curitiba
Maria souza,2023-04-24,Masculino,Cadeira,800.0,2,240,0:03:10,Curitiba
Carlos lima,2023-03-09,Masculino,Monitor,120.0,3,50,02:25:50,São paulo
Pedro alves,0024-09-06,Masculino,Cadeira,120.0,2,360,0:00:28,Belo horizonte
Ana clara,2024-04-27,,Teclado,50.0,0,2427,,Porto alegre
João silva,2023-10-08,,Teclado,800.0,0,800,,Rio de janeiro
Maria souza,2024-04-24,Masculino,Cadeira,3500.0,2,10519,0:02:14,Porto alegre
Carlos lima,0024-01-01,,Teclado,50.0,3,,02:21:49,Belo horizonte
Carlos lima,0024-08-07,,Cadeira,50.0,1,10500,,Curitiba
Carlos lima,2023-08-05,,Cadeira,3500.0,3,,01:25:12,Porto alegre
Maria souza,2023-12-13,,Mouse,3500.0,0,2400,,Porto alegre
Pedro alves,2024-01-05,Masculino,Monitor,800.0,2,800,0:02:29,Porto alegre
Pedro alves,0024-04-25,Masculino,Teclado,3500.0,2,,0:02:59,Rio de janeiro
Pedro alves,2024-04-20,,Notebook,1200.0,2,3600,0:03:45,Belo horizonte
João silva,2023-08-01,,Teclado,1200.0,1,,,Curitiba
Carlos lima,2024-01-23,,Notebook,3500.0,3,2400,02:41:31,Porto alegre
Carlos lima,2024-10-16,,Teclado,1200.0,0,328,,Porto alegre
Carlos lima,0024-09-12,,Teclado,50.0,0,,,Porto alegre
João silva,0023-07-11,,Cadeira,800.0,1,800,,São paulo
João silva,0023-01-13,,Monitor,800.0,0,150,,Belo horizonte
Carlos lima,2024-08-21,Masculino,Monitor,120.0,0,150,,Rio de janeiro
Carlos lima,2024-08-20,,Mouse,3500.0,2,150,0:02:46,Belo horizonte
Carlos lima,0024-02-21,,Teclado,120.0,0,,,Belo horizonte
João silva,0023-12-12,,Cadeira,50.0,2,50,0:00:38,Belo horizonte
João silva,2024-09-19,,Teclado,50.0,2,3500,0:03:41,Porto alegre
Ana clara,2023-06-06,,Monitor,120.0,1,3500,,Rio de janeiro
Ana clara,2024-12-03,,Monitor,120.0,3,3600,00:54:57,Curitiba
João silva,2023-02-05,,Monitor,120.0,3,240,00:02:57,Rio de janeiro
Carlos lima,2024-02-12,Masculino,Mouse,1200.0,1,800,,Rio de janeiro
Carlos lima,2024-04-19,Masculino,Monitor,120.0,0,121,,São paulo
Ana clara,2024-02-17,,Notebook,50.0,0,360,,Rio de janeiro
Maria souza,2024-03-06,Masculino,Mouse,1200.0,2,1600,0:03:18,São paulo
Maria souza,2024-07-28,,Notebook,1200.0,3,1200,00:39:49,São paulo
Pedro alves,2024-11-18,Masculino,Mouse,800.0,2,,0:00:11,Belo horizonte
Pedro alves,0023-09-13,,Teclado,3500.0,1,240,,São paulo
João silva,2023-04-02,Masculino,Monitor,800.0,3,,02:39:48,Porto alegre
Pedro alves,2024-05-25,Masculino,Teclado,120.0,2,2400,0:03:38,Curitiba
Ana clara,2023-05-16,,Mouse,50.0,0,6989,,Porto alegre
Maria souza,2023-11-05,Masculino,Monitor,800.0,3,120,00:13:06,Curitiba
João silva,2023-04-05,,Notebook,800.0,2,3500,0:02:24,Porto alegre
João silva,2023-12-02,,Mouse,1200.0,2,10526,0:00:35,Curitiba
Ana clara,0023-06-24,Masculino,Cadeira,1200.0,2,,0:01:05,Curitiba
Carlos lima,0023-05-27,,Cadeira,120.0,1,10500,,Rio de janeiro
Carlos lima,2023-09-09,,Notebook,3500.0,3,1600,01:24:55,Rio de janeiro
Pedro alves,2024-12-04,Masculino,Mouse,3500.0,2,120,0:03:58,Porto alegre
Maria souza,2024-08-28,,Cadeira,3500.0,1,1242,,Porto alegre
Maria souza,2024-10-16,Masculino,Teclado,120.0,1,,,Curitiba
Maria souza,0024-08-10,Masculino,Teclado,3500.0,0,100,,São paulo
Carlos lima,2024-10-19,Masculino,Monitor,1200.0,1,150,,Belo horizonte
Ana clara,0023-01-22,Masculino,Monitor,1200.0,1,240,,Porto alegre
Carlos lima,2024-12-15,,Teclado,800.0,2,2400,0:03:44,Porto alegre
João silva,2024-07-20,Masculino,Monitor,3500.0,2,240,0:02:29,São paulo
Maria souza,0024-08-23,Masculino,Mouse,50.0,2,121,0:01:57,Porto alegre
Maria souza,2024-04-14,Masculino,Cadeira,800.0,3,2400,02:43:30,Belo horizonte
Maria souza,0024-10-11,Masculino,Mouse,3500.0,2,3494,0:03:41,Curitiba
Ana clara,0023-11-07,,Monitor,800.0,1,100,,Porto alegre
Ana clara,2024-01-26,Masculino,Mouse,1200.0,1,2400,,Belo horizonte
Pedro alves,2023-07-28,,Mouse,800.0,2,2400,0:01:28,Curitiba
João silva,2023-04-02,,Monitor,3500.0,2,3500,0:03:19,Porto alegre
Maria souza,0024-09-17,,Monitor,1200.0,0,760,,Rio de janeiro
João silva,2023-10-21,,Teclado,50.0,1,72,,São paulo
Maria souza,0023-12-27,Masculino,Monitor,50.0,0,50,,Rio de janeiro
Carlos lima,2023-10-05,Masculino,Cadeira,3500.0,2,240,0:03:38,Rio de janeiro
Carlos lima,2023-10-19,Masculino,Teclado,800.0,3,120,02:32:29,Belo horizonte
Pedro alves,2023-02-22,,Mouse,50.0,0,,,Porto alegre
Ana clara,0024-02-14,,Cadeira,1200.0,1,2417,,Curitiba
Carlos lima,2024-09-06,Masculino,Notebook,3500.0,1,,,São paulo
João silva,2024-09-28,,Monitor,50.0,3,,01:09:09,Rio de janeiro
Ana clara,0023-04-26,Masculino,Teclado,50.0,2,800,0:02:22,São paulo
Maria souza,2023-02-19,,Notebook,800.0,0,764,,Curitiba
Maria souza,2023-03-04,Masculino,Monitor,50.0,1,360,,Porto alegre
Maria souza,2023-05-22,,Mouse,50.0,3,240,00:38:04,Porto alegre
Maria souza,2023-11-17,Masculino,Cadeira,1200.0,1,,,Curitiba
Ana clara,2024-11-21,Masculino,Mouse,120.0,3,401,00:02:07,Porto alegre
Carlos lima,0024-01-24,,Mouse,3500.0,3,2400,02:28:59,Belo horizonte
Ana clara,0024-04-04,,Teclado,50.0,0,7020,,Curitiba
Ana clara,2023-04-07,Masculino,Notebook,800.0,2,,0:03:53,Belo horizonte
João silva,0024-10-23,,Teclado,50.0,0,1600,,Belo horizonte
João silva,2024-03-06,,Teclado,50.0,1,3500,,Porto alegre
João silva,2023-08-22,Masculino,Mouse,1200.0,1,1600,,Rio de janeiro
João silva,2024-07-13,,Teclado,120.0,2,120,0:02:06,Belo horizonte
Ana clara,2023-09-23,,Notebook,800.0,1,150,,Porto alegre
Pedro alves,2023-12-27,,Cadeira,120.0,0,260,,Porto alegre
João silva,2024-01-09,Masculino,Teclado,1200.0,1,,,Curitiba
Maria souza,2023-09-10,Masculino,Notebook,50.0,0,2400,,Rio de janeiro
Maria souza,2024-04-06,,Mouse,800.0,0,360,,São paulo
Pedro alves,2024-07-16,Masculino,Monitor,120.0,0,360,,Belo horizonte
Maria souza,2024-03-23,,Monitor,3500.0,3,1200,00:08:37,Curitiba
Carlos lima,0023-05-08,,Teclado,800.0,3,1600,00:04:58,Rio de janeiro
Ana clara,2024-04-04,,Mouse,50.0,0,100,,São paulo
Maria souza,2023-05-15,,Cadeira,120.0,1,2400,,Rio de janeiro
Maria souza,0024-11-23,,Cadeira,3500.0,2,7000,0:03:59,Porto alegre
João silva,2023-02-14,Masculino,Cadeira,1200.0,1,150,,Belo horizonte
Ana clara,2023-03-17,Masculino,Notebook,1200.0,0,1600,,Rio de janeiro
Maria souza,2023-05-19,Masculino,Cadeira,800.0,0,2400,,Rio de janeiro
João silva,2023-04-11,,Mouse,1200.0,0,10500,,São paulo
Pedro alves,2023-02-06,,Notebook,800.0,3,3600,02:01:27,São paulo
Pedro alves,2023-07-22,,Notebook,120.0,2,3500,0:03:58,Rio de janeiro
Pedro alves,2024-12-12,Masculino,Mouse,1200.0,3,120,01:25:58,Curitiba
João silva,2024-05-24,,Teclado,120.0,1,,,São paulo
Pedro alves,0024-03-04,,Notebook,800.0,3,360,02:25:14,Belo horizonte
Pedro alves,2023-04-13,,Notebook,3500.0,3,3635,02:30:31,Porto alegre
Pedro alves,0024-04-09,,Teclado,1200.0,0,240,,Curitiba
Pedro alves,2023-04-15,,Monitor,50.0,1,2377,,Belo horizonte
Pedro alves,2023-08-09,,Cadeira,120.0,2,3500,0:01:27,Curitiba
Pedro alves,2023-02-19,,Teclado,120.0,1,2400,,Belo horizonte
Carlos lima,0023-03-08,,Teclado,3500.0,0,240,,Belo horizonte
Carlos lima,0024-05-16,Masculino,Monitor,3500.0,0,100,,Belo horizonte
Maria souza,0023-11-11,,Cadeira,1200.0,2,240,0:02:46,Rio de janeiro
Ana clara,2024-01-20,,Notebook,3500.0,0,10500,,Porto alegre
Ana clara,2023-09-03,Masculino,Teclado,50.0,2,3600,0:01:05,Porto alegre
Ana clara,2024-01-26,Masculino,Cadeira,3500.0,3,2420,00:00:17,Belo horizonte
Ana clara,2023-05-05,,Teclado,1200.0,1,3500,,Rio de janeiro
Maria souza,2023-11-13,,Monitor,3500.0,1,1600,,Belo horizonte
Carlos lima,2024-09-12,Masculino,Mouse,50.0,1,360,,Belo horizonte
João silva,2023-10-13,Masculino,Cadeira,3500.0,2,818,0:02:41,Belo horizonte
João silva,0023-08-10,Masculino,Notebook,120.0,2,120,0:03:18,Porto alegre
Pedro alves,2024-01-12,Masculino,Monitor,3500.0,3,360,02:59:15,Belo horizonte
Ana clara,2023-07-27,,Mouse,3500.0,1,,,Curitiba
Carlos lima,2024-06-01,,Teclado,120.0,2,240,0:02:11,Porto alegre
Pedro alves,2024-02-04,,Notebook,50.0,3,1200,01:16:42,Porto alegre
Ana clara,0023-05-22,Masculino,Teclado,50.0,2,3500,0:02:53,Rio de janeiro
João silva,2023-01-02,,Monitor,800.0,0,,,Porto alegre
Pedro alves,2024-06-18,Masculino,Mouse,120.0,2,100,0:01:04,São paulo
Carlos lima,2024-06-16,Masculino,Teclado,800.0,1,2400,,Curitiba
João silva,2024-03-02,Masculino,Cadeira,800.0,1,10500,,Curitiba
Ana clara,2024-02-01,,Mouse,120.0,1,100,,Curitiba
Ana clara,2023-09-22,Masculino,Monitor,1200.0,0,,,Rio de janeiro
Pedro alves,2023-12-28,,Teclado,3500.0,1,2400,,São paulo
Pedro alves,0024-08-12,,Cadeira,120.0,0,,,São paulo
Pedro alves,0023-11-04,,Teclado,800.0,0,,,Porto alegre
Pedro alves,2024-11-09,,Teclado,120.0,3,7000,00:49:10,Belo horizonte
Pedro alves,2024-06-14,,Mouse,3500.0,0,360,,Porto alegre
João silva,2023-08-23,,Notebook,1200.0,3,2357,00:26:47,Rio de janeiro
Ana clara,2023-07-27,Masculino,Notebook,50.0,2,1600,0:02:45,Porto alegre
Ana clara,0023-11-08,,Teclado,50.0,2,,0:03:43,Curitiba
Ana clara,2024-01-28,,Notebook,120.0,2,7000,0:00:21,São paulo
João silva,2023-01-24,,Mouse,3500.0,1,,,Rio de janeiro
João silva,2024-12-17,,Monitor,120.0,2,,0:01:25,Curitiba
Maria souza,2023-02-28,,Monitor,800.0,0,120,,São paulo
Carlos lima,2023-09-17,Masculino,Monitor,800.0,3,1600,00:52:31,Rio de janeiro
Ana clara,0024-09-15,Masculino,Mouse,50.0,0,192,,Curitiba
João silva,2024-02-07,Masculino,Mouse,3500.0,3,1200,01:54:14,São paulo
Ana clara,0024-10-01,,Notebook,120.0,0,100,,Porto alegre
Ana clara,2024-07-04,Masculino,Notebook,3500.0,3,2400,02:00:23,Curitiba
Ana clara,0024-08-15,Masculino,Mouse,800.0,1,3486,,Rio de janeiro
Carlos lima,2024-10-02,,Mouse,120.0,2,100,0:03:31,Curitiba
Maria souza,2024-11-07,Masculino,Notebook,800.0,2,7000,0:02:04,São paulo
Carlos lima,2024-02-22,Masculino,Monitor,1200.0,3,,02:23:03,São paulo
Ana clara,2023-10-09,Masculino,Cadeira,1200.0,0,360,,Rio de janeiro
Pedro alves,2023-05-14,Masculino,Monitor,120.0,3,1600,01:25:44,Belo horizonte
Pedro alves,2024-09-20,Masculino,Notebook,50.0,2,,0:02:12,Curitiba
Ana clara,2023-09-18,,Monitor,50.0,3,99,00:40:26,Rio de janeiro
João silva,2024-02-28,,Notebook,3500.0,2,1177,0:03:04,Curitiba
João silva,2024-05-02,,Cadeira,3500.0,3,10500,00:16:29,Curitiba
Maria souza,2024-04-06,Masculino,Cadeira,1200.0,2,100,0:02:31,São paulo
Carlos lima,2023-06-17,,Mouse,120.0,3,2400,02:40:44,Curitiba
Ana clara,2023-06-14,Masculino,Teclado,50.0,1,122,,São paulo
Ana clara,2023-04-10,Masculino,Teclado,3500.0,2,,0:03:34,Rio de janeiro
João silva,2024-07-08,,Notebook,3500.0,0,,,São paulo
Pedro alves,2023-11-04,,Teclado,800.0,3,240,01:15:09,Porto alegre
Pedro alves,0023-06-24,Masculino,Cadeira,3500.0,3,120,01:22:36,Belo horizonte
Maria souza,2023-07-03,,Monitor,50.0,3,2400,00:03:31,Belo horizonte
Maria souza,0023-07-25,,Cadeira,120.0,0,830,,Belo horizonte
João silva,2024-03-28,Masculino,Monitor,120.0,2,120,0:00:02,Belo horizonte
Carlos lima,2023-08-13,,Monitor,1200.0,2,3600,0:01:45,São paulo
Carlos lima,2023-12-15,,Teclado,3500.0,3,813,01:57:08,Rio de janeiro
João silva,2024-03-13,,Teclado,1200.0,3,120,02:41:07,São paulo
Carlos lima,2024-05-06,Masculino,Monitor,800.0,1,800,,São paulo
João silva,0024-10-04,,Teclado,1200.0,3,10500,01:16:04,Porto alegre
Ana clara,2023-04-12,Masculino,Teclado,800.0,2,120,0:01:37,Curitiba
Ana clara,2023-04-28,,Teclado,1200.0,2,246,0:02:48,Rio de janeiro
Maria souza,2023-03-05,Masculino,Cadeira,120.0,0,116,,Porto alegre
Maria souza,2024-12-02,,Teclado,50.0,1,10458,,Belo horizonte
Ana clara,2023-04-03,,Teclado,120.0,3,,02:56:26,Rio de janeiro
Ana clara,2023-11-06,Masculino,Monitor,50.0,0,1203,,Curitiba
Maria souza,2023-11-16,,Notebook,120.0,2,360,0:02:32,Curitiba
Ana clara,2024-06-11,Masculino,Monitor,1200.0,3,800,01:53:45,Curitiba
Ana clara,0024-09-03,Masculino,Cadeira,3500.0,0,2400,,São paulo
Pedro alves,2024-11-23,,Mouse,800.0,0,,,Curitiba
Maria souza,2023-06-11,,Mouse,3500.0,1,10500,,Porto alegre
Carlos lima,0024-09-08,,Mouse,3500.0,0,2400,,São paulo
João silva,2023-04-22,,Mouse,800.0,0,,,Belo horizonte
Pedro alves,2024-11-01,,Cadeira,50.0,2,,0:03:24,São paulo
João silva,2024-12-03,Masculino,Monitor,800.0,1,2364,,São paulo
Pedro alves,2023-01-02,Masculino,Cadeira,1200.0,0,100,,Belo horizonte
Ana clara,2024-11-03,,Mouse,800.0,2,3500,0:01:47,Belo horizonte
Pedro alves,2023-10-16,Masculino,Cadeira,120.0,0,2400,,Belo horizonte
João silva,2024-11-11,Masculino,Notebook,1200.0,1,3500,,Curitiba
Maria souza,2023-05-20,Masculino,Mouse,1200.0,1,2372,,Rio de janeiro
João silva,2023-01-26,,Monitor,1200.0,0,800,,São paulo
Maria souza,2023-05-13,Masculino,Cadeira,1200.0,3,1560,01:02:39,São paulo
Maria souza,0024-02-15,Masculino,Teclado,120.0,0,800,,São paulo
Pedro alves,2023-01-05,Masculino,Monitor,1200.0,1,240,,Curitiba
Pedro alves,2023-10-17,Masculino,Notebook,1200.0,1,2441,,Curitiba
Pedro alves,2024-12-21,Masculino,Mouse,800.0,1,,,Rio de janeiro
Maria souza,0024-04-19,Masculino,Notebook,3500.0,3,50,02:41:36,São paulo
Pedro alves,2024-01-17,,Teclado,50.0,3,100,00:01:04,Porto alegre
João silva,2024-01-16,Masculino,Cadeira,50.0,3,120,01:46:22,Porto alegre
João silva,2024-11-13,,Mouse,50.0,3,2400,02:50:28,Porto alegre
João silva,0024-02-01,,Monitor,1200.0,0,1200,,Porto alegre
João silva,2024-05-08,,Notebook,1200.0,1,,,Rio de janeiro
Pedro alves,2024-11-10,Masculino,Teclado,3500.0,1,360,,Curitiba
João silva,2024-10-20,,Notebook,3500.0,1,29,,São paulo
João silva,0024-06-23,Masculino,Monitor,800.0,0,120,,Curitiba
João silva,2023-12-21,Masculino,Teclado,120.0,2,,0:00:25,Rio de janeiro
Ana clara,2024-01-15,Masculino,Monitor,3500.0,2,,0:03:32,Porto alegre
Carlos lima,0023-02-06,,Mouse,1200.0,1,2400,,Rio de janeiro
Pedro alves,2024-03-28,,Cadeira,50.0,0,3500,,Belo horizonte
Carlos lima,2024-07-07,Masculino,Monitor,1200.0,3,10500,01:43:46,Belo horizonte
Pedro alves,2023-12-26,Masculino,Monitor,50.0,2,360,0:00:14,Belo horizonte
João silva,2024-09-27,,Monitor,800.0,2,7047,0:01:37,Belo horizonte
Pedro alves,2023-06-23,,Monitor,800.0,1,10500,,Porto alegre
Pedro alves,2024-04-25,,Teclado,50.0,3,2400,02:35:56,Curitiba
Ana clara,2023-08-24,,Monitor,120.0,3,10452,01:04:58,Curitiba
Ana clara,0023-08-12,Masculino,Teclado,120.0,1,2400,,Rio de janeiro
Ana clara,2024-02-11,Masculino,Mouse,3500.0,0,,,Curitiba
Ana clara,2023-02-23,,Mouse,1200.0,3,240,01:45:07,São paulo
Ana clara,2023-06-14,Masculino,Monitor,1200.0,3,,01:27:43,Curitiba
João silva,2023-01-21,,Mouse,50.0,0,3500,,Porto alegre
Pedro alves,2024-03-20,Masculino,Mouse,120.0,3,100,02:24:04,Curitiba
Maria souza,2024-09-14,Masculino,Teclado,1200.0,1,2357,,Porto alegre
João silva,2024-07-25,,Monitor,3500.0,3,3500,01:38:47,Curitiba
Maria souza,2023-07-23,Masculino,Cadeira,800.0,3,1200,01:39:41,Curitiba
Pedro alves,2024-01-07,Masculino,Notebook,800.0,2,150,0:01:51,Curitiba
Ana clara,0024-07-19,,Notebook,1200.0,2,240,0:03:50,São paulo
Ana clara,2024-05-14,Masculino,Mouse,800.0,1,50,,Porto alegre
Carlos lima,2023-11-07,,Teclado,120.0,3,1200,02:16:55,Porto alegre
Carlos lima,2024-01-10,Masculino,Mouse,1200.0,1,1200,,Porto alegre
Carlos lima,2023-09-14,,Teclado,50.0,2,124,0:01:54,Belo horizonte
Ana clara,0023-03-14,,Mouse,50.0,3,800,02:27:59,São paulo
Pedro alves,2024-04-25,,Monitor,50.0,2,,0:01:36,Rio de janeiro
Pedro alves,2023-01-21,Masculino,Mouse,120.0,2,120,0:00:21,Belo horizonte
Maria souza,2024-07-18,Masculino,Teclado,120.0,0,,,Porto alegre
Pedro alves,2023-04-26,Masculino,Cadeira,1200.0,0,71,,Rio de janeiro
Maria souza,0023-06-26,Masculino,Cadeira,1200.0,1,,,São paulo
Ana clara,2023-05-10,,Cadeira,800.0,0,2400,,Belo horizonte
João silva,2023-03-28,,Mouse,120.0,0,2417,,São paulo
Carlos lima,2024-02-08,Masculino,Monitor,3500.0,3,10500,01:32:28,Belo horizonte
Pedro alves,2024-02-28,,Teclado,50.0,3,150,00:54:38,Rio de janeiro
Carlos lima,2024-01-27,,Mouse,800.0,0,77,,Rio de janeiro
João silva,2023-04-07,Masculino,Monitor,120.0,2,7000,0:03:51,Rio de janeiro
Maria souza,2023-09-26,,Notebook,50.0,1,1582,,Porto alegre
Maria souza,2023-12-16,Masculino,Teclado,3500.0,1,3600,,São paulo
Maria souza,0023-10-26,,Mouse,800.0,1,2400,,Porto alegre
Maria souza,0023-08-06,Masculino,Notebook,120.0,1,3500,,Belo horizonte
Maria souza,2024-02-05,,Notebook,3500.0,3,100,00:08:07,Porto alegre
Ana clara,0024-11-05,Masculino,Notebook,3500.0,1,2400,,Belo horizonte
Pedro alves,2023-01-20,Masculino,Notebook,1200.0,2,99,0:00:03,Porto alegre
Ana clara,2024-06-06,Masculino,Cadeira,800.0,0,2400,,Porto alegre
Pedro alves,2023-01-11,,Teclado,50.0,0,3600,,Belo horizonte
Pedro alves,2023-04-07,,Cadeira,120.0,1,150,,Curitiba
Pedro alves,2023-06-05,,Teclado,800.0,3,2400,00:16:36,Curitiba
Ana clara,2024-02-01,Masculino,Mouse,3500.0,0,240,,Porto alegre
Maria souza,2024-07-05,,Notebook,3500.0,0,1226,,São paulo
Maria souza,2024-08-18,Masculino,Cadeira,120.0,0,,,Porto alegre
Pedro alves,2024-02-01,,Mouse,50.0,0,120,,Curitiba
Pedro alves,2023-01-23,,Teclado,800.0,0,10500,,Curitiba
Pedro alves,2023-12-20,,Teclado,3500.0,1,2400,,Curitiba
Pedro alves,0024-01-07,,Monitor,120.0,2,,0:02:01,Porto alegre
Carlos lima,0024-03-22,Masculino,Monitor,120.0,0,,,Porto alegre
Pedro alves,0023-12-15,,Teclado,120.0,0,3500,,Belo horizonte
Pedro alves,2023-05-14,Masculino,Mouse,800.0,0,50,,Curitiba
Ana clara,2023-07-19,Masculino,Teclado,50.0,3,120,00:45:53,Curitiba
Carlos lima,2023-11-06,,Monitor,800.0,3,7045,02:51:05,São paulo
João silva,2023-05-13,,Cadeira,120.0,1,,,Porto alegre
João silva,2024-08-18,,Cadeira,50.0,3,3600,02:00:20,Porto alegre
João silva,2024-10-22,,Teclado,120.0,2,,0:03:36,Porto alegre
João silva,2024-11-05,Masculino,Cadeira,1200.0,2,2400,0:01:56,São paulo
João silva,2023-11-20,,Mouse,120.0,1,800,,Porto alegre
Maria souza,2023-04-23,Masculino,Notebook,800.0,2,7000,0:01:22,São paulo
Pedro alves,2023-03-12,Masculino,Mouse,50.0,3,,00:27:51,São paulo
Maria souza,0023-10-06,Masculino,Notebook,1200.0,2,150,0:02:09,Belo horizonte
Pedro alves,0024-05-24,Masculino,Monitor,800.0,3,2400,01:37:09,São paulo
Carlos lima,2024-10-16,Masculino,Notebook,1200.0,1,89,,Porto alegre
Ana clara,2023-07-06,,Mouse,800.0,1,,,Porto alegre
Carlos lima,2023-02-04,,Notebook,1200.0,1,1200,,São paulo
João silva,2023-07-24,,Cadeira,3500.0,0,3600,,São paulo
Pedro alves,2024-09-20,,Mouse,3500.0,2,1600,0:01:52,Rio de janeiro
Ana clara,2023-02-10,Masculino,Cadeira,3500.0,2,7000,0:01:48,Curitiba
Carlos lima,2024-02-18,Masculino,Cadeira,800.0,1,3612,,São paulo
Maria souza,0024-01-07,,Teclado,3500.0,0,10500,,Belo horizonte
Carlos lima,2023-04-20,,Cadeira,120.0,2,3600,0:00:40,Belo horizonte
Maria souza,2024-09-28,Masculino,Monitor,800.0,1,,,Belo horizonte
João silva,0024-05-14,Masculino,Cadeira,1200.0,3,,00:40:20,Belo horizonte
Carlos lima,2023-02-19,,Teclado,3500.0,2,150,0:00:36,Curitiba
Carlos lima,2024-11-22,,Cadeira,50.0,0,100,,São paulo
Carlos lima,2023-10-13,Masculino,Monitor,3500.0,3,800,02:23:19,Porto alegre
Carlos lima,2023-01-11,,Monitor,3500.0,2,14,0:03:21,São paulo
Carlos lima,2023-06-22,Masculino,Mouse,120.0,0,,,Porto alegre
Carlos lima,2024-12-20,Masculino,Cadeira,3500.0,2,2400,0:01:48,Rio de janeiro
Maria souza,2023-10-05,Masculino,Monitor,3500.0,2,120,0:02:48,Curitiba
Carlos lima,2023-11-07,,Teclado,120.0,0,337,,São paulo
Pedro alves,0024-08-24,,Monitor,3500.0,0,2400,,Rio de janeiro
Maria souza,2023-09-15,Masculino,Teclado,3500.0,3,7000,01:36:38,Belo horizonte
João silva,2023-08-06,Masculino,Notebook,1200.0,3,3627,02:24:03,Curitiba
Pedro alves,2024-05-01,Masculino,Teclado,120.0,1,240,,Rio de janeiro
Pedro alves,2024-03-24,,Teclado,50.0,2,150,0:02:40,São paulo
Pedro alves,0023-06-02,,Cadeira,3500.0,3,2400,00:44:43,Rio de janeiro
Ana clara,2024-08-08,,Monitor,3500.0,1,,,Porto alegre
Pedro alves,2024-11-12,Masculino,Cadeira,120.0,2,360,0:03:10,Belo horizonte
Pedro alves,2023-11-06,,Cadeira,120.0,2,384,0:03:15,Curitiba
Pedro alves,2023-08-17,Masculino,Cadeira,50.0,1,150,,São paulo
João silva,2024-03-05,,Mouse,1200.0,3,7000,01:14:00,Curitiba
Maria souza,0023-08-27,Masculino,Monitor,50.0,0,,,São paulo
Pedro alves,2024-01-16,Masculino,Cadeira,120.0,1,1600,,Belo horizonte
Pedro alves,2024-07-27,,Notebook,3500.0,2,1200,0:02:34,Rio de janeiro
Pedro alves,2023-09-25,Masculino,Cadeira,50.0,0,,,São paulo
Pedro alves,0023-09-19,Masculino,Monitor,1200.0,3,,02:39:24,Porto alegre
Pedro alves,0024-08-14,,Monitor,1200.0,2,800,0:01:36,Porto alegre
Pedro alves,2023-08-14,Masculino,Teclado,1200.0,3,50,02:22:28,Curitiba
Ana clara,2024-10-14,,Mouse,1200.0,2,7048,0:01:45,Belo horizonte
Pedro alves,2024-06-24,Masculino,Teclado,800.0,0,405,,Curitiba
Carlos lima,2023-07-16,Masculino,Notebook,120.0,2,100,0:03:14,Curitiba
Pedro alves,2023-11-01,,Mouse,50.0,1,150,,Rio de janeiro
Pedro alves,2023-05-08,,Notebook,120.0,0,150,,Curitiba
Pedro alves,2023-01-04,,Notebook,1200.0,1,50,,Curitiba
Maria souza,2023-10-15,,Mouse,3500.0,3,360,02:12:52,São paulo
Pedro alves,0023-11-27,Masculino,Notebook,3500.0,0,,,Curitiba
João silva,2023-04-14,,Teclado,120.0,2,240,0:03:36,Porto alegre
Ana clara,0023-04-12,,Cadeira,800.0,0,100,,Porto alegre
Maria souza,2023-02-25,,Teclado,800.0,0,120,,Curitiba
Ana clara,2023-07-14,,Mouse,3500.0,3,800,02:13:52,Belo horizonte
João silva,2024-05-13,,Teclado,1200.0,0,,,Curitiba
Ana clara,2024-07-21,Masculino,Notebook,800.0,1,360,,Belo horizonte
Ana clara,2023-10-22,Masculino,Teclado,800.0,0,50,,Curitiba
Pedro alves,0023-08-19,,Monitor,800.0,2,240,0:02:32,São paulo
Maria souza,2023-04-04,Masculino,Mouse,120.0,1,,,Porto alegre
Pedro alves,2024-08-25,Masculino,Cadeira,800.0,2,10526,0:01:00,Porto alegre
Pedro alves,0023-05-13,Masculino,Cadeira,800.0,1,360,,Rio de janeiro
Pedro alves,2024-03-25,,Notebook,1200.0,3,,00:09:42,Porto alegre
Pedro alves,2023-06-11,,Notebook,1200.0,2,120,0:02:57,São paulo
Maria souza,0023-05-10,,Mouse,800.0,2,150,0:00:40,São paulo
João silva,2023-09-19,Masculino,Mouse,50.0,1,150,,Porto alegre
Ana clara,2024-10-18,,Notebook,800.0,2,183,0:01:47,Porto alegre
Ana clara,2024-08-22,Masculino,Teclado,120.0,1,,,Belo horizonte
Pedro alves,2024-06-07,,Teclado,1200.0,0,360,,São paulo
João silva,0024-09-02,,Mouse,800.0,2,,0:00:12,Rio de janeiro
Maria souza,2024-03-19,,Notebook,800.0,1,3600,,Porto alegre
João silva,0023-12-07,Masculino,Notebook,800.0,1,100,,Belo horizonte
Ana clara,2024-08-09,,Mouse,120.0,0,,,Curitiba
Ana clara,0023-03-03,Masculino,Teclado,800.0,1,3528,,Porto alegre
Ana clara,0024-05-05,,Notebook,120.0,3,2400,02:40:03,São paulo
Ana clara,0023-10-21,,Cadeira,50.0,1,50,,Rio de janeiro
Ana clara,0024-10-27,,Mouse,50.0,3,150,00:18:24,Belo horizonte
Ana clara,2024-11-21,Masculino,Monitor,120.0,3,,02:50:35,Rio de janeiro
Carlos lima,2023-03-27,,Notebook,120.0,0,2400,,Belo horizonte
Carlos lima,2024-07-15,,Teclado,120.0,0,59,,Curitiba
Carlos lima,2023-02-17,Masculino,Monitor,3500.0,3,,01:48:36,Porto alegre
João silva,2023-08-26,,Teclado,1200.0,3,3500,02:26:19,Curitiba
Maria souza,2023-01-25,,Teclado,50.0,2,120,0:01:39,São paulo
João silva,0024-04-04,Masculino,Cadeira,1200.0,1,120,,Belo horizonte
Ana clara,2024-10-02,,Mouse,120.0,1,3600,,Porto alegre
Carlos lima,2024-02-12,,Teclado,800.0,2,2400,0:00:02,Belo horizonte
Carlos lima,2023-11-18,Masculino,Cadeira,3500.0,2,,0:02:17,São paulo
Pedro alves,2023-06-01,,Mouse,1200.0,0,,,Curitiba
Ana clara,2023-09-27,Masculino,Cadeira,50.0,0,7000,,Curitiba
Carlos lima,0023-10-27,,Mouse,120.0,1,,,Belo horizonte
Ana clara,2023-07-21,Masculino,Mouse,3500.0,3,800,02:52:42,Belo horizonte
Pedro alves,0024-01-05,Masculino,Teclado,1200.0,1,806,,São paulo
Pedro alves,0023-11-05,Masculino,Mouse,1200.0,2,120,0:00:38,Belo horizonte
Pedro alves,0023-01-27,,Teclado,50.0,1,10500,,Belo horizonte
Pedro alves,0024-04-14,Masculino,Mouse,800.0,2,120,0:01:20,Porto alegre
João silva,2024-07-18,,Teclado,120.0,2,,0:00:12,Rio de janeiro
Ana clara,2024-01-21,,Notebook,1200.0,0,150,,São paulo
Ana clara,2024-09-20,Masculino,Teclado,3500.0,0,1626,,São paulo
Ana clara,2023-09-02,,Monitor,800.0,3,360,02:20:58,Curitiba
Ana clara,2024-07-16,Masculino,Cadeira,800.0,1,240,,Curitiba
João silva,2024-10-13,Masculino,Cadeira,1200.0,2,50,0:02:15,Porto alegre
Carlos lima,2024-04-19,,Monitor,1200.0,1,1200,,Curitiba
Maria souza,2023-08-10,Masculino,Notebook,50.0,1,1600,,Curitiba
Ana clara,2023-06-22,,Cadeira,1200.0,3,800,00:43:45,Rio de janeiro
Pedro alves,2024-09-01,,Teclado,1200.0,2,2400,0:02:32,Curitiba
Pedro alves,0024-09-19,,Mouse,120.0,0,150,,Belo horizonte
Pedro alves,2024-07-14,,Cadeira,120.0,1,3500,,Curitiba
Ana clara,2024-11-22,Masculino,Monitor,800.0,2,,0:00:40,São paulo
Maria souza,2023-02-07,Masculino,Teclado,3500.0,2,,0:01:54,Belo horizonte
Maria souza,0023-04-02,Masculino,Monitor,800.0,2,240,0:02:42,Curitiba
Pedro alves,2024-11-24,Masculino,Teclado,50.0,0,50,,São paulo
Maria souza,2023-03-07,,Mouse,50.0,0,1170,,Porto alegre
Maria souza,2023-08-01,,Teclado,50.0,3,2400,00:35:52,Belo horizonte
Maria souza,0024-08-05,,Cadeira,50.0,0,7000,,Belo horizonte
Maria souza,0023-02-14,,Notebook,3500.0,0,120,,Belo horizonte
Pedro alves,2024-03-11,Masculino,Teclado,1200.0,2,10500,0:01:45,Curitiba
Ana clara,0023-09-22,Masculino,Cadeira,50.0,2,800,0:00:19,Rio de janeiro
Carlos lima,2023-05-19,,Teclado,800.0,1,1200,,São paulo
Maria souza,2024-06-14,,Teclado,50.0,0,800,,Curitiba
Maria souza,2024-03-20,Masculino,Monitor,800.0,2,50,0:00:27,Porto alegre
Pedro alves,2024-05-09,Masculino,Cadeira,50.0,2,1200,0:01:20,Curitiba
Pedro alves,2024-08-28,Masculino,Teclado,800.0,2,,0:00:23,Rio de janeiro
Carlos lima,2023-10-02,Masculino,Teclado,3500.0,3,140,02:43:34,Curitiba
Ana clara,2024-08-10,,Cadeira,50.0,3,1200,00:56:03,Curitiba
Ana clara,0024-01-23,,Monitor,120.0,1,7000,,São paulo
Ana clara,2023-10-27,Masculino,Monitor,120.0,2,150,0:01:50,Porto alegre
Ana clara,2024-09-10,,Notebook,800.0,0,7000,,São paulo
Ana clara,2023-03-26,Masculino,Mouse,120.0,3,3600,00:57:18,Rio de janeiro
Maria souza,0023-01-15,,Monitor,1200.0,3,3600,02:31:07,Porto alegre
Pedro alves,2024-05-04,,Mouse,50.0,3,,01:13:59,Belo horizonte
Pedro alves,2023-09-18,,Notebook,800.0,0,120,,Rio de janeiro
Maria souza,2023-10-02,Masculino,Cadeira,800.0,1,50,,Belo horizonte
Pedro alves,2023-02-15,Masculino,Mouse,50.0,1,3500,,São paulo
Maria souza,0023-05-14,,Monitor,3500.0,0,2400,,Belo horizonte
Pedro alves,2024-10-25,,Cadeira,1200.0,2,1200,0:00:22,São paulo
Maria souza,0024-10-08,Masculino,Teclado,800.0,0,3600,,Porto alegre
Maria souza,2023-01-21,Masculino,Mouse,3500.0,3,1600,01:58:51,Rio de janeiro
Ana clara,2023-01-10,,Mouse,3500.0,0,7000,,Belo horizonte
Ana clara,2024-08-14,,Monitor,3500.0,0,,,Porto alegre
Ana clara,2023-08-28,Masculino,Monitor,800.0,0,1200,,São paulo
João silva,2023-02-04,Masculino,Cadeira,120.0,1,,,Belo horizonte
Maria souza,2024-11-06,,Cadeira,50.0,1,2400,,Curitiba
Ana clara,0023-03-15,Masculino,Mouse,1200.0,1,120,,Porto alegre
Maria souza,0023-04-19,,Mouse,3500.0,1,1600,,Belo horizonte
Ana clara,0023-03-17,,Notebook,1200.0,2,,0:03:33,São paulo
Maria souza,2023-12-20,,Mouse,800.0,2,1600,0:00:51,Curitiba
Pedro alves,2024-10-09,,Notebook,50.0,0,3600,,Curitiba
Pedro alves,2023-02-14,Masculino,Teclado,50.0,2,2351,0:02:24,Rio de janeiro
Maria souza,2024-05-06,Masculino,Notebook,50.0,1,10500,,Belo horizonte
Pedro alves,2024-08-04,,Monitor,800.0,2,,0:00:35,São paulo
Maria souza,2024-04-09,,Mouse,50.0,0,,,Curitiba
Carlos lima,2023-07-09,,Cadeira,50.0,2,10500,0:00:18,Belo horizonte
João silva,2023-02-03,Masculino,Notebook,120.0,3,10500,01:08:40,Belo horizonte
João silva,2024-03-04,,Teclado,120.0,2,360,0:01:54,Curitiba
Ana clara,2023-06-09,Masculino,Monitor,120.0,1,,,Belo horizonte
João silva,2024-02-10,Masculino,Mouse,800.0,1,2420,,Rio de janeiro
João silva,2023-11-21,Masculino,Cadeira,120.0,2,150,0:00:30,Rio de janeiro
João silva,0023-12-15,Masculino,Mouse,800.0,0,2400,,São paulo
Carlos lima,2024-07-12,,Teclado,120.0,1,2400,,Porto alegre
João silva,2024-09-19,,Cadeira,120.0,2,100,0:01:57,Rio de janeiro
Pedro alves,0023-11-09,Masculino,Mouse,120.0,0,2400,,Rio de janeiro
Pedro alves,0023-03-07,,Teclado,120.0,0,120,,São paulo
Maria souza,2024-11-23,,Monitor,800.0,2,,0:00:23,Rio de janeiro
Pedro alves,2023-06-03,,Cadeira,3500.0,2,1600,0:03:16,São paulo
Maria souza,2023-03-26,,Cadeira,50.0,0,,,Rio de janeiro
Maria souza,2023-04-17,,Monitor,1200.0,3,2400,02:39:26,São paulo
Maria souza,0023-08-13,,Mouse,120.0,1,1200,,Belo horizonte
João silva,0024-12-18,,Monitor,800.0,0,3500,,Curitiba
João silva,0024-11-24,,Mouse,120.0,3,1200,02:55:15,Curitiba
Carlos lima,2024-05-09,Masculino,Notebook,120.0,1,10500,,Curitiba
Carlos lima,2024-08-08,,Mouse,1200.0,3,800,02:00:02,Porto alegre
Maria souza,2023-10-21,,Teclado,120.0,0,1600,,Curitiba
João silva,2024-02-20,,Cadeira,120.0,0,240,,Curitiba
João silva,0024-03-23,,Mouse,1200.0,3,,00:00:02,Curitiba
Carlos lima,2024-06-22,,Mouse,120.0,3,,00:52:12,São paulo
Carlos lima,2023-10-17,,Mouse,120.0,2,800,0:02:47,Porto alegre
Pedro alves,2023-01-04,Masculino,Monitor,800.0,0,800,,Curitiba
Ana clara,2023-12-09,Masculino,Monitor,120.0,2,100,0:03:10,Porto alegre
Ana clara,0023-06-14,,Monitor,50.0,0,10500,,Rio de janeiro
Ana clara,2023-12-24,Masculino,Notebook,3500.0,3,3600,02:28:03,Porto alegre
Maria souza,2024-04-23,,Cadeira,800.0,3,6998,00:06:34,Belo horizonte
João silva,2024-09-22,Masculino,Notebook,800.0,1,3500,,Curitiba
Pedro alves,2023-05-06,Masculino,Notebook,800.0,1,7036,,Belo horizonte
Carlos lima,2023-08-05,,Monitor,50.0,2,3600,0:00:57,Porto alegre
Carlos lima,2024-10-13,Masculino,Teclado,50.0,2,120,0:01:24,Porto alegre
João silva,2023-01-16,Masculino,Mouse,120.0,2,3600,0:01:47,Rio de janeiro
João silva,2023-07-04,Masculino,Monitor,50.0,3,,00:01:48,São paulo
João silva,0023-12-08,Masculino,Monitor,50.0,2,3500,0:01:25,São paulo
Ana clara,2023-07-12,Masculino,Mouse,800.0,1,3500,,Belo horizonte
João silva,2024-07-20,,Notebook,1200.0,2,3600,0:02:50,Belo horizonte
Ana clara,0023-01-26,,Mouse,800.0,3,,01:21:02,Curitiba
Pedro alves,2024-10-28,,Teclado,800.0,2,50,0:03:31,Belo horizonte
Carlos lima,0024-08-01,Masculino,Teclado,800.0,2,7000,0:00:00,Belo horizonte
João silva,0023-12-10,,Cadeira,1200.0,1,7000,,Curitiba
Ana clara,2023-08-19,Masculino,Notebook,1200.0,3,2400,00:07:15,Porto alegre
Ana clara,2024-06-12,,Cadeira,800.0,2,3500,0:01:42,São paulo
Ana clara,2023-01-03,,Cadeira,1200.0,2,100,0:01:40,São paulo
Ana clara,2023-09-15,Masculino,Mouse,120.0,0,7000,,São paulo
Maria souza,2023-06-12,Masculino,Mouse,800.0,0,1200,,Belo horizonte
João silva,2024-08-12,,Mouse,3500.0,1,3600,,Belo horizonte
João silva,2023-06-14,Masculino,Teclado,800.0,0,150,,Rio de janeiro
Maria souza,0023-12-10,Masculino,Cadeira,120.0,2,3476,0:01:13,Belo horizonte
Pedro alves,2024-05-06,,Cadeira,3500.0,0,,,Curitiba
Carlos lima,2024-12-12,,Monitor,3500.0,1,,,Rio de janeiro
João silva,2023-03-15,,Cadeira,120.0,0,50,,Rio de janeiro
Ana clara,2024-04-12,Masculino,Mouse,50.0,1,2400,,Belo horizonte
Ana clara,2023-06-11,,Mouse,3500.0,0,240,,Belo horizonte
Carlos lima,2024-10-07,Masculino,Notebook,3500.0,3,240,02:35:40,São paulo
Maria souza,2023-02-15,Masculino,Monitor,800.0,2,50,0:01:45,Rio de janeiro
Carlos lima,2024-12-01,,Teclado,50.0,0,10511,,Belo horizonte
Carlos lima,0023-11-02,,Mouse,800.0,3,150,02:15:14,Curitiba
Ana clara,0023-11-01,,Monitor,3500.0,0,360,,Belo horizonte
João silva,0024-05-22,Masculino,Notebook,120.0,2,,0:00:08,Porto alegre
Ana clara,2024-11-23,Masculino,Notebook,120.0,3,120,01:25:10,São paulo
Carlos lima,2023-01-15,Masculino,Notebook,800.0,2,,0:01:57,Belo horizonte
Maria souza,2024-11-10,Masculino,Notebook,50.0,0,240,,Belo horizonte
Ana clara,2024-05-23,Masculino,Monitor,3500.0,2,2400,0:00:49,Belo horizonte
Carlos lima,2024-09-05,,Cadeira,50.0,3,3600,00:53:48,Porto alegre
Maria souza,2024-04-17,Masculino,Teclado,800.0,1,3500,,Porto alegre
Maria souza,2024-02-09,,Teclado,1200.0,2,3565,0:02:48,Porto alegre
Ana clara,0023-07-04,Masculino,Teclado,800.0,2,240,0:02:36,Curitiba
Carlos lima,2023-04-09,Masculino,Mouse,1200.0,0,,,São paulo
João silva,2024-04-05,,Cadeira,3500.0,1,2400,,Rio de janeiro
Carlos lima,0024-11-19,Masculino,Notebook,50.0,1,345,,Curitiba
João silva,2024-12-26,,Teclado,3500.0,2,10500,0:01:11,Rio de janeiro
João silva,0023-01-02,,Notebook,50.0,3,1600,01:24:32,Rio de janeiro
Carlos lima,2024-08-24,Masculino,Mouse,800.0,0,,,Rio de janeiro
Carlos lima,0024-09-21,Masculino,Notebook,3500.0,1,2400,,Curitiba
João silva,2023-06-14,,Mouse,120.0,1,,,Belo horizonte
Ana clara,0023-12-10,Masculino,Mouse,120.0,0,2380,,São paulo
Carlos lima,0024-05-12,,Notebook,3500.0,3,3600,00:33:52,Rio de janeiro
Maria souza,2024-01-25,Masculino,Mouse,50.0,2,3500,0:02:03,São paulo
Ana clara,2024-01-24,,Notebook,800.0,3,,02:56:43,São paulo
Pedro alves,2024-04-11,Masculino,Teclado,1200.0,3,100,00:30:49,Porto alegre
Carlos lima,2024-01-24,,Notebook,1200.0,3,1600,00:46:44,Curitiba
João silva,2024-05-02,Masculino,Mouse,50.0,3,,00:54:55,São paulo
Pedro alves,0023-01-02,,Monitor,1200.0,2,,0:03:39,São paulo
João silva,0023-10-10,Masculino,Cadeira,3500.0,2,3500,0:02:03,Rio de janeiro
Carlos lima,2023-10-09,Masculino,Mouse,800.0,3,360,00:00:49,Porto alegre
Carlos lima,2023-11-18,,Mouse,3500.0,2,240,0:02:17,Curitiba
Maria souza,0024-10-07,Masculino,Monitor,1200.0,2,800,0:01:29,Rio de janeiro
Carlos lima,2023-09-07,,Monitor,120.0,2,100,0:02:12,Rio de janeiro
João silva,2024-10-04,Masculino,Monitor,800.0,1,10500,,Porto alegre
João silva,0024-05-16,Masculino,Teclado,3500.0,1,7000,,Belo horizonte
Pedro alves,2024-07-14,,Notebook,120.0,2,1200,0:01:54,Rio de janeiro
Pedro alves,0024-06-26,Masculino,Mouse,50.0,1,,,Belo horizonte
Ana clara,2024-08-21,,Mouse,3500.0,0,240,,Rio de janeiro
Carlos lima,0023-12-18,,Mouse,800.0,2,2382,0:01:06,Belo horizonte
Carlos lima,2023-05-19,,Cadeira,800.0,2,,0:02:05,Rio de janeiro
Maria souza,2024-07-08,,Notebook,3500.0,3,1200,02:36:01,Curitiba
Maria souza,2023-04-20,,Mouse,1200.0,2,340,0:03:20,Porto alegre
João silva,0024-02-08,,Monitor,120.0,2,1600,0:02:36,Rio de janeiro
Pedro alves,2024-02-28,Masculino,Monitor,3500.0,3,2400,00:09:31,Curitiba
Ana clara,2024-09-11,,Teclado,1200.0,3,100,01:20:06,Curitiba
Ana clara,2024-06-15,Masculino,Mouse,50.0,0,10500,,Porto alegre
João silva,2023-11-03,,Teclado,50.0,0,50,,Curitiba
Pedro alves,2023-02-11,,Mouse,3500.0,2,2400,0:03:03,Rio de janeiro
Pedro alves,2024-12-03,Masculino,Notebook,120.0,1,50,,São paulo
João silva,2024-05-06,,Notebook,120.0,2,1600,0:01:16,Rio de janeiro
Ana clara,0024-05-27,,Monitor,3500.0,2,100,0:03:34,São paulo
Ana clara,2023-05-21,Masculino,Notebook,3500.0,0,3600,,Curitiba
Pedro alves,2024-05-18,Masculino,Teclado,1200.0,2,1171,0:02:58,Belo horizonte
João silva,0024-11-15,,Teclado,50.0,2,3500,0:01:11,Porto alegre
João silva,2024-05-20,,Monitor,120.0,2,2400,0:01:48,Porto alegre
Ana clara,0023-02-23,,Teclado,50.0,1,,,Curitiba
Ana clara,2024-07-24,,Monitor,1200.0,3,,01:07:18,São paulo
Pedro alves,2024-09-03,Masculino,Mouse,3500.0,0,1562,,Curitiba
Pedro alves,2024-09-16,Masculino,Monitor,50.0,0,360,,Rio de janeiro
Pedro alves,0024-10-10,Masculino,Cadeira,120.0,0,800,,Belo horizonte
Maria souza,2023-04-02,,Teclado,1200.0,1,279,,Rio de janeiro
Maria souza,0023-06-05,Masculino,Cadeira,800.0,3,,02:04:36,Belo horizonte
Carlos lima,2024-06-04,Masculino,Mouse,120.0,1,,,Curitiba
Maria souza,0023-09-27,,Teclado,3500.0,0,10500,,São paulo
Carlos lima,2023-09-21,Masculino,Mouse,800.0,2,1200,0:01:02,Curitiba
Pedro alves,2024-10-28,,Teclado,3500.0,1,850,,Curitiba
Maria souza,0023-09-08,,Mouse,800.0,2,,0:00:20,Rio de janeiro
Maria souza,0023-08-05,Masculino,Notebook,50.0,2,3527,0:00:25,Rio de janeiro
Maria souza,2024-10-22,,Teclado,1200.0,1,800,,Rio de janeiro
João silva,2024-03-28,Masculino,Cadeira,800.0,0,41,,Porto alegre
Maria souza,2024-06-16,Masculino,Notebook,3500.0,2,,0:03:23,São paulo
Maria souza,2024-10-22,,Notebook,50.0,1,1200,,Rio de janeiro
Maria souza,2023-07-28,,Cadeira,50.0,1,120,,São paulo
João silva,2024-07-11,Masculino,Notebook,1200.0,1,2400,,São paulo
Pedro alves,0024-02-12,,Mouse,800.0,3,,02:25:32,Porto alegre
Ana clara,2024-07-27,Masculino,Monitor,3500.0,1,800,,São paulo
Maria souza,2024-12-17,,Notebook,1200.0,3,100,00:15:48,Curitiba
Pedro alves,0023-06-16,,Mouse,50.0,1,1600,,São paulo
João silva,2023-11-02,Masculino,Monitor,800.0,3,3600,00:43:19,Rio de janeiro
João silva,2024-09-15,Masculino,Cadeira,3500.0,2,100,0:00:46,São paulo
Ana clara,2023-07-23,Masculino,Cadeira,800.0,3,125,01:41:55,Rio de janeiro
Pedro alves,0024-07-04,,Notebook,3500.0,2,,0:01:50,Curitiba
Maria souza,2023-07-28,,Monitor,800.0,1,,,Curitiba
Maria souza,2023-09-20,,Notebook,3500.0,2,11,0:00:52,Belo horizonte
Ana clara,0024-05-05,,Cadeira,50.0,1,3500,,Belo horizonte
Maria souza,2024-04-04,Masculino,Cadeira,120.0,1,,,Rio de janeiro
Maria souza,2023-12-12,,Teclado,50.0,3,150,02:00:44,Curitiba
Pedro alves,2023-07-18,Masculino,Mouse,800.0,2,3500,0:01:00,Porto alegre
Ana clara,2023-03-18,Masculino,Teclado,3500.0,3,2400,00:55:47,São paulo
Ana clara,2024-10-27,,Monitor,1200.0,1,,,Rio de janeiro
Ana clara,2023-07-03,,Mouse,120.0,1,360,,Porto alegre
Pedro alves,2023-07-12,Masculino,Mouse,120.0,1,240,,São paulo
João silva,2024-02-12,Masculino,Teclado,120.0,2,1615,0:02:40,Curitiba
Maria souza,0024-09-21,,Mouse,50.0,0,6954,,Porto alegre
Ana clara,2024-08-26,,Monitor,120.0,3,,00:17:49,Rio de janeiro
Maria souza,0023-10-04,,Monitor,3500.0,1,120,,Rio de janeiro
Maria souza,2023-11-14,Masculino,Notebook,1200.0,1,1600,,Belo horizonte
Ana clara,0024-12-14,Masculino,Teclado,1200.0,2,1200,0:01:21,Porto alegre
Ana clara,2024-09-18,Masculino,Notebook,1200.0,1,203,,Rio de janeiro
João silva,2024-06-20,,Monitor,120.0,1,50,,São paulo
Carlos lima,2024-06-02,Masculino,Cadeira,800.0,2,2400,0:00:41,Curitiba
Carlos lima,2024-07-17,Masculino,Mouse,3500.0,1,50,,Rio de janeiro
Ana clara,2024-06-24,,Teclado,800.0,0,,,Curitiba
Ana clara,2024-02-03,,Monitor,120.0,2,1600,0:02:49,Curitiba
Maria souza,2023-12-22,,Notebook,120.0,3,7000,00:04:05,São paulo
Ana clara,2024-08-19,Masculino,Cadeira,1200.0,3,240,01:40:38,Rio de janeiro
João silva,2024-02-21,Masculino,Monitor,3500.0,1,369,,Porto alegre
João silva,2024-01-27,,Monitor,800.0,1,3500,,Curitiba
Pedro alves,0023-05-03,Masculino,Notebook,3500.0,2,,0:01:06,Belo horizonte
Maria souza,2024-08-10,,Mouse,120.0,0,1205,,Belo horizonte
Carlos lima,2024-08-24,Masculino,Monitor,800.0,2,1600,0:00:49,São paulo
Ana clara,0024-05-23,,Cadeira,1200.0,2,150,0:03:53,Porto alegre
João silva,0024-03-21,Masculino,Cadeira,800.0,0,2400,,Rio de janeiro
Ana clara,2024-04-12,,Cadeira,50.0,3,,02:36:13,Porto alegre
Maria souza,2024-01-10,Masculino,Notebook,800.0,2,3636,0:01:59,Curitiba
Maria souza,2023-06-02,,Cadeira,120.0,0,64,,Belo horizonte
Ana clara,2024-05-18,Masculino,Monitor,800.0,2,50,0:03:46,Curitiba
Ana clara,2023-12-02,Masculino,Teclado,3500.0,1,1200,,São paulo
Carlos lima,2024-05-05,Masculino,Cadeira,3500.0,3,1200,00:53:05,São paulo
Carlos lima,2024-02-13,Masculino,Notebook,120.0,2,50,0:02:51,São paulo
Ana clara,0024-05-08,Masculino,Teclado,800.0,0,360,,Rio de janeiro
Pedro alves,0024-07-11,Masculino,Teclado,3500.0,0,,,São paulo
Pedro alves,2023-08-10,,Teclado,1200.0,3,10500,00:04:05,Curitiba
Maria souza,2023-03-28,,Mouse,3500.0,0,360,,São paulo
Pedro alves,2023-11-08,Masculino,Monitor,120.0,0,7000,,Rio de janeiro
Maria souza,2024-10-14,Masculino,Monitor,800.0,0,1200,,Curitiba
Carlos lima,2024-04-21,Masculino,Mouse,50.0,0,100,,Porto alegre
Pedro alves,2023-02-22,Masculino,Teclado,800.0,2,360,0:03:52,São paulo
Ana clara,2023-12-04,Masculino,Monitor,1200.0,2,240,0:02:14,Curitiba
João silva,2024-12-28,,Notebook,800.0,2,50,0:00:55,Porto alegre
Ana clara,2023-05-05,,Notebook,120.0,2,1185,0:00:05,Rio de janeiro
Ana clara,2024-03-04,,Cadeira,120.0,2,,0:01:49,Curitiba
Maria souza,2023-09-27,,Notebook,120.0,2,,0:01:20,Rio de janeiro
Pedro alves,2023-10-13,Masculino,Monitor,120.0,0,,,Rio de janeiro
Pedro alves,2023-05-04,,Mouse,1200.0,0,1200,,Porto alegre
Maria souza,2023-03-02,,Monitor,120.0,0,800,,Porto alegre
Maria souza,2023-05-19,,Teclado,1200.0,0,7000,,Curitiba
Carlos lima,2024-10-03,,Monitor,120.0,2,800,0:02:28,Curitiba
Maria souza,0024-07-16,Masculino,Cadeira,800.0,3,1214,00:58:46,São paulo
Maria souza,2023-01-16,Masculino,Notebook,50.0,2,7000,0:03:25,Porto alegre
Ana clara,2024-01-25,Masculino,Teclado,1200.0,0,225,,Curitiba
Ana clara,2024-02-06,Masculino,Notebook,1200.0,1,2400,,Porto alegre
Carlos lima,0024-04-10,Masculino,Notebook,120.0,0,150,,Porto alegre
João silva,2023-06-21,,Teclado,50.0,3,,00:45:57,Curitiba
Ana clara,0024-06-08,,Monitor,800.0,0,1550,,São paulo
Pedro alves,2023-07-04,,Notebook,50.0,1,,,São paulo
Pedro alves,2023-04-16,Masculino,Cadeira,120.0,2,,0:00:07,Porto alegre
Carlos lima,2023-05-06,,Monitor,800.0,1,3600,,Rio de janeiro
Carlos lima,2023-06-17,Masculino,Monitor,800.0,2,1600,0:02:58,Rio de janeiro
Pedro alves,0023-03-16,Masculino,Monitor,800.0,3,25,00:51:30,Curitiba
Carlos lima,2024-05-20,Masculino,Monitor,1200.0,3,7000,00:07:31,Belo horizonte
Pedro alves,2024-11-08,,Notebook,120.0,0,,,Porto alegre
Pedro alves,2023-01-24,,Monitor,50.0,0,150,,Rio de janeiro
Ana clara,2023-06-21,,Mouse,1200.0,1,50,,Belo horizonte
Ana clara,0024-01-01,,Notebook,50.0,1,2400,,Porto alegre
João silva,2023-07-21,,Monitor,800.0,3,1200,01:45:53,Belo horizonte
Pedro alves,2023-11-19,,Mouse,800.0,3,10500,02:31:38,Rio de janeiro
Carlos lima,0024-09-18,,Mouse,50.0,1,120,,Porto alegre
João silva,2023-06-27,Masculino,Cadeira,800.0,2,,0:03:41,Rio de janeiro
João silva,2024-07-17,Masculino,Cadeira,50.0,2,10532,0:02:04,Rio de janeiro
Carlos lima,2024-06-17,Masculino,Mouse,800.0,0,800,,São paulo
Carlos lima,0023-06-21,,Cadeira,3500.0,0,,,Porto alegre
Ana clara,2023-05-16,,Monitor,120.0,1,1200,,Rio de janeiro
Ana clara,2023-08-23,Masculino,Cadeira,1200.0,1,846,,Rio de janeiro
Ana clara,2023-06-26,Masculino,Monitor,120.0,1,1600,,Belo horizonte
Ana clara,2023-07-18,Masculino,Monitor,50.0,0,1600,,Curitiba
João silva,0024-09-08,Masculino,Mouse,1200.0,3,,02:36:54,São paulo
João silva,0024-03-17,Masculino,Monitor,800.0,2,6950,0:01:53,São paulo
Carlos lima,2024-08-21,,Teclado,50.0,0,1600,,Porto alegre
Carlos lima,2024-12-12,,Notebook,800.0,2,3500,0:03:15,Belo horizonte
João silva,2024-07-15,,Monitor,1200.0,2,2400,0:01:15,Porto alegre
Carlos lima,0024-10-04,Masculino,Notebook,800.0,1,7000,,Rio de janeiro
Carlos lima,2023-01-02,,Notebook,120.0,3,800,00:24:55,Rio de janeiro
Ana clara,2024-12-18,Masculino,Teclado,800.0,0,,,São paulo
Ana clara,2023-02-13,,Mouse,3500.0,1,3554,,Belo horizonte
Carlos lima,2024-01-14,,Notebook,800.0,0,1200,,Belo horizonte
Carlos lima,2023-04-25,Masculino,Cadeira,50.0,2,150,0:01:27,Porto alegre
Carlos lima,0023-10-14,Masculino,Mouse,1200.0,1,,,Belo horizonte
Carlos lima,2024-05-09,,Notebook,1200.0,3,240,01:48:29,Porto alegre
Maria souza,2024-12-26,,Notebook,1200.0,2,,0:01:42,Curitiba
Maria souza,0024-10-12,,Notebook,800.0,3,3637,02:36:13,Rio de janeiro
Carlos lima,2024-05-02,,Teclado,50.0,0,,,São paulo
Maria souza,2023-09-02,,Cadeira,1200.0,1,2400,,Rio de janeiro
Maria souza,0024-11-12,,Mouse,50.0,0,147,,Belo horizonte
Maria souza,2023-03-25,,Monitor,800.0,1,1200,,Curitiba
Maria souza,2023-02-23,,Monitor,800.0,3,7000,01:40:43,São paulo
Maria souza,2024-06-26,,Mouse,3500.0,3,2400,00:46:13,Rio de janeiro
Maria souza,0024-01-09,Masculino,Teclado,1200.0,2,3600,0:02:26,Curitiba
Pedro alves,2024-08-26,,Notebook,1200.0,1,800,,São paulo
Pedro alves,0023-06-20,Masculino,Notebook,1200.0,3,1174,00:40:19,São paulo
Carlos lima,2023-03-13,,Monitor,50.0,1,360,,Rio de janeiro
Carlos lima,2024-12-20,,Monitor,50.0,0,7000,,Belo horizonte
Ana clara,2023-10-23,,Teclado,120.0,0,3556,,Rio de janeiro
Ana clara,2023-07-20,,Teclado,800.0,3,,00:43:48,Rio de janeiro
Maria souza,2024-03-17,,Notebook,1200.0,1,800,,Curitiba
João silva,2024-01-21,Masculino,Monitor,50.0,2,800,0:00:33,São paulo
Carlos lima,2024-12-24,Masculino,Mouse,120.0,0,3500,,Belo horizonte
Carlos lima,2024-11-07,Masculino,Cadeira,800.0,1,800,,Rio de janeiro
Pedro alves,2023-04-28,,Monitor,3500.0,3,,01:10:21,São paulo
João silva,0024-09-26,Masculino,Cadeira,800.0,3,800,02:59:12,São paulo
Ana clara,2023-12-07,,Mouse,1200.0,3,,00:21:37,São paulo
Maria souza,0023-03-26,,Teclado,50.0,1,2400,,São paulo
João silva,2023-02-22,,Notebook,3500.0,2,240,0:00:08,Rio de janeiro
Carlos lima,2023-09-12,Masculino,Monitor,1200.0,2,3469,0:00:30,Curitiba
Carlos lima,2023-10-08,Masculino,Notebook,120.0,3,,00:19:22,Rio de janeiro
João silva,0023-08-27,,Monitor,1200.0,3,,00:08:20,Rio de janeiro
Maria souza,0023-10-07,Masculino,Teclado,3500.0,1,360,,São paulo
Maria souza,2023-08-21,Masculino,Notebook,1200.0,3,10450,00:08:55,São paulo
Maria souza,0023-07-02,Masculino,Cadeira,1200.0,0,120,,São paulo
Pedro alves,0023-04-19,Masculino,Mouse,50.0,1,7000,,Porto alegre
Maria souza,2023-07-22,,Teclado,800.0,0,100,,Porto alegre
Ana clara,0024-06-02,,Cadeira,120.0,1,103,,Belo horizonte
João silva,2023-03-06,,Cadeira,800.0,0,50,,São paulo
Carlos lima,2024-10-10,Masculino,Monitor,1200.0,0,2400,,Porto alegre
Carlos lima,0023-02-07,Masculino,Mouse,120.0,0,1621,,São paulo
João silva,2024-01-26,Masculino,Mouse,1200.0,1,10500,,Curitiba
Ana clara,2024-07-18,Masculino,Mouse,3500.0,3,120,01:11:46,Rio de janeiro
Ana clara,2023-04-03,Masculino,Mouse,3500.0,3,800,02:40:41,São paulo
João silva,2024-07-20,Masculino,Notebook,50.0,0,50,,Porto alegre
Maria souza,2023-12-05,,Monitor,120.0,3,330,01:17:25,Belo horizonte
Pedro alves,2024-03-07,,Cadeira,1200.0,1,100,,Curitiba
Pedro alves,0023-10-02,Masculino,Mouse,120.0,0,362,,Porto alegre
João silva,0023-11-17,Masculino,Monitor,1200.0,3,1200,00:13:06,Porto alegre
Pedro alves,2024-04-15,Masculino,Notebook,800.0,1,,,Belo horizonte
Carlos lima,0024-07-05,Masculino,Monitor,120.0,3,150,01:33:42,Belo horizonte
Pedro alves,2024-10-07,Masculino,Cadeira,3500.0,3,2400,02:08:09,São paulo
Pedro alves,2024-08-16,,Teclado,120.0,2,7000,0:01:11,São paulo
Maria souza,2024-05-17,Masculino,Teclado,1200.0,0,1200,,São paulo
Pedro alves,0023-10-20,,Notebook,1200.0,3,10508,02:15:47,Curitiba
Pedro alves,2023-09-14,,Cadeira,120.0,0,7000,,Belo horizonte
Maria souza,2023-07-08,,Teclado,120.0,3,1200,00:32:40,Porto alegre
Carlos lima,2024-01-12,,Teclado,120.0,0,7000,,São paulo
Carlos lima,2024-04-20,Masculino,Monitor,50.0,3,800,01:58:22,Curitiba
Maria souza,2023-06-19,,Notebook,120.0,3,378,02:14:30,Porto alegre
Pedro alves,0024-12-22,,Mouse,1200.0,3,,00:52:41,Rio de janeiro
Maria souza,2023-07-05,Masculino,Notebook,120.0,0,,,São paulo
Pedro alves,0023-03-01,Masculino,Teclado,50.0,2,800,0:01:10,Belo horizonte
Pedro alves,2024-12-11,Masculino,Teclado,1200.0,3,,00:49:14,Rio de janeiro
Ana clara,0024-04-27,Masculino,Cadeira,800.0,0,360,,Curitiba
João silva,0023-08-13,Masculino,Cadeira,50.0,3,,00:45:10,Belo horizonte
Pedro alves,2023-12-14,Masculino,Cadeira,800.0,2,2400,0:00:20,Porto alegre
Maria souza,2023-02-05,Masculino,Teclado,1200.0,1,93,,Rio de janeiro
Ana clara,0023-05-27,,Mouse,1200.0,0,1200,,Belo horizonte
Carlos lima,2023-06-14,Masculino,Notebook,1200.0,2,1600,0:02:17,Belo horizonte
Pedro alves,0023-03-18,,Monitor,1200.0,2,3600,0:00:08,Porto alegre
Pedro alves,2023-12-24,Masculino,Notebook,1200.0,2,3600,0:01:25,São paulo
Carlos lima,2023-10-20,Masculino,Notebook,3500.0,3,8,02:35:39,Rio de janeiro
Carlos lima,0023-01-23,,Mouse,800.0,1,,,São paulo
Pedro alves,2024-04-12,Masculino,Mouse,120.0,3,800,01:41:24,Curitiba
Carlos lima,2024-03-23,Masculino,Teclado,800.0,0,,,Curitiba
Carlos lima,0024-04-14,,Cadeira,800.0,2,1200,0:02:47,Belo horizonte
João silva,2024-12-28,Masculino,Teclado,1200.0,0,,,Porto alegre
João silva,2023-04-26,Masculino,Mouse,800.0,1,766,,Belo horizonte
Pedro alves,0024-12-03,,Notebook,50.0,1,150,,Curitiba
Pedro alves,2024-02-23,,Monitor,50.0,0,,,Belo horizonte
Ana clara,0023-04-19,,Monitor,120.0,3,360,00:56:18,Curitiba
Ana clara,2024-11-25,,Monitor,1200.0,1,1600,,São paulo
Ana clara,2024-04-01,Masculino,Notebook,50.0,3,800,02:23:44,Belo horizonte
Pedro alves,2023-07-18,Masculino,Mouse,1200.0,0,10500,,São paulo
João silva,0024-03-08,,Mouse,3500.0,3,100,02:58:44,Belo horizonte
Ana clara,0023-06-26,Masculino,Cadeira,50.0,0,2400,,Rio de janeiro
Ana clara,0023-10-02,,Cadeira,50.0,2,1200,0:00:29,São paulo
João silva,2024-06-13,Masculino,Teclado,800.0,1,,,Belo horizonte
João silva,2023-10-24,Masculino,Mouse,50.0,3,240,02:17:51,Curitiba
Maria souza,0024-04-10,Masculino,Teclado,3500.0,3,50,02:44:31,São paulo
Carlos lima,0024-05-25,Masculino,Mouse,120.0,3,3500,00:53:30,Porto alegre
Ana clara,2023-03-10,,Mouse,1200.0,3,,01:30:10,São paulo
Pedro alves,2024-07-02,,Teclado,120.0,1,7000,,Belo horizonte
Carlos lima,2024-10-06,Masculino,Notebook,3500.0,3,,00:34:46,Curitiba
Maria souza,2024-08-10,,Monitor,1200.0,3,6996,02:50:26,Rio de janeiro
João silva,2023-05-10,,Mouse,800.0,1,10468,,Rio de janeiro
Ana clara,2024-10-20,Masculino,Notebook,800.0,2,1620,0:03:51,São paulo
Carlos lima,2024-10-06,,Cadeira,50.0,3,1200,02:52:41,Curitiba
Ana clara,2023-01-09,Masculino,Teclado,800.0,1,100,,São paulo
Ana clara,2023-07-04,,Teclado,120.0,3,,00:54:35,Porto alegre
Carlos lima,2024-05-18,Masculino,Cadeira,800.0,3,10500,01:36:26,Belo horizonte
Carlos lima,0024-06-10,,Cadeira,120.0,0,3600,,Curitiba
Pedro alves,2023-09-26,Masculino,Cadeira,3500.0,3,1200,02:58:53,Belo horizonte
Maria souza,2024-06-20,,Cadeira,120.0,3,,01:51:08,Belo horizonte
Maria souza,2023-12-15,,Monitor,800.0,2,100,0:00:34,Curitiba
João silva,2024-11-21,,Monitor,120.0,1,,,Rio de janeiro
Carlos lima,0024-11-17,,Teclado,50.0,0,3600,,Porto alegre
Ana clara,2024-09-07,,Mouse,800.0,0,133,,Curitiba
Maria souza,2023-06-09,Masculino,Mouse,800.0,3,3595,01:40:07,Curitiba
Ana clara,0023-01-25,,Teclado,50.0,1,139,,Belo horizonte
João silva,0024-10-25,Masculino,Cadeira,120.0,1,2400,,São paulo
João silva,0024-02-26,Masculino,Mouse,3500.0,2,7000,0:00:27,Curitiba
Carlos lima,2024-04-14,,Notebook,1200.0,2,2366,0:01:07,Belo horizonte
Pedro alves,2023-04-19,,Mouse,3500.0,2,,0:01:48,Rio de janeiro
Ana clara,0024-10-25,,Monitor,800.0,1,3500,,Curitiba
Maria souza,2024-10-25,Masculino,Monitor,3500.0,3,,02:47:04,Curitiba
Maria souza,2023-07-10,,Monitor,3500.0,1,240,,Rio de janeiro
Maria souza,0024-02-20,Masculino,Mouse,120.0,2,120,0:01:39,Rio de janeiro
Maria souza,2024-11-13,Masculino,Monitor,50.0,0,387,,Porto alegre
Maria souza,0024-08-07,,Notebook,120.0,2,3600,0:02:52,Belo horizonte
Maria souza,2023-12-03,Masculino,Mouse,50.0,0,240,,Rio de janeiro
Pedro alves,2024-04-11,,Monitor,1200.0,3,10500,01:07:06,Belo horizonte
João silva,2023-12-01,,Teclado,800.0,2,10500,0:00:17,Porto alegre
Carlos lima,2024-08-17,Masculino,Notebook,800.0,2,150,0:02:24,Curitiba
Carlos lima,2024-12-23,Masculino,Notebook,50.0,0,3600,,Curitiba
Maria souza,2023-02-12,Masculino,Teclado,800.0,3,7000,02:47:13,São paulo
Maria souza,2024-02-09,,Mouse,3500.0,2,100,0:02:07,Rio de janeiro
João silva,0024-06-27,Masculino,Monitor,120.0,0,360,,Belo horizonte
João silva,2023-02-28,Masculino,Mouse,800.0,0,81,,Belo horizonte
Ana clara,0024-11-01,,Teclado,800.0,3,2448,02:56:22,Porto alegre
João silva,2024-01-25,Masculino,Cadeira,120.0,0,2400,,Curitiba
João silva,0024-10-28,Masculino,Notebook,120.0,2,120,0:01:06,Porto alegre
Maria souza,2023-05-20,,Notebook,800.0,3,50,02:32:51,São paulo
Ana clara,2023-11-10,Masculino,Cadeira,3500.0,2,7000,0:03:43,Rio de janeiro
Carlos lima,2023-11-24,Masculino,Mouse,3500.0,3,,00:12:49,São paulo
João silva,2024-07-01,Masculino,Monitor,3500.0,2,2418,0:00:42,Rio de janeiro
Maria souza,2023-03-19,Masculino,Mouse,3500.0,1,,,Rio de janeiro
João silva,2024-05-09,Masculino,Monitor,1200.0,3,3500,01:51:19,Curitiba
João silva,2023-12-26,,Mouse,50.0,1,50,,Belo horizonte
João silva,2024-03-03,Masculino,Teclado,800.0,0,1200,,Rio de janeiro
Carlos lima,0023-11-02,Masculino,Mouse,800.0,3,1200,01:19:06,Rio de janeiro
Ana clara,2024-01-03,Masculino,Monitor,50.0,2,2400,0:02:55,São paulo
Ana clara,2024-07-28,,Notebook,800.0,1,7020,,Curitiba
Ana clara,2023-11-20,,Monitor,3500.0,0,,,Curitiba
João silva,2023-05-02,Masculino,Mouse,1200.0,0,74,,Rio de janeiro
João silva,2023-08-21,,Notebook,1200.0,3,3600,00:19:26,São paulo
João silva,2024-10-16,Masculino,Monitor,120.0,1,1600,,São paulo
João silva,2023-12-03,,Cadeira,1200.0,2,2400,0:02:31,Curitiba
Pedro alves,2024-07-18,,Teclado,1200.0,2,150,0:03:33,Rio de janeiro
Pedro alves,2024-12-28,Masculino,Cadeira,120.0,3,,01:04:12,São paulo
Pedro alves,2024-05-16,Masculino,Mouse,120.0,2,800,0:03:40,Curitiba
João silva,2023-09-09,Masculino,Notebook,1200.0,0,3582,,São paulo
Ana clara,2024-05-21,,Mouse,800.0,0,2400,,Rio de janeiro
Ana clara,0024-06-19,Masculino,Mouse,800.0,0,240,,São paulo
João silva,2023-08-20,,Monitor,800.0,2,7000,0:00:54,Rio de janeiro
Maria souza,2023-02-03,,Cadeira,1200.0,0,1600,,Curitiba
Pedro alves,2023-09-11,,Mouse,800.0,1,100,,Curitiba
João silva,2024-04-11,,Notebook,1200.0,0,50,,Rio de janeiro
Pedro alves,2023-09-13,,Notebook,120.0,3,800,00:56:03,Porto alegre
João silva,2023-11-23,,Monitor,3500.0,3,10500,00:03:41,Porto alegre
João silva,0023-01-15,Masculino,Notebook,1200.0,1,3500,,Belo horizonte
Pedro alves,2023-10-01,,Cadeira,800.0,3,7000,02:25:12,São paulo
Maria souza,0023-08-16,,Cadeira,3500.0,3,10500,02:09:55,Belo horizonte
Ana clara,2024-12-20,Masculino,Monitor,1200.0,2,3500,0:02:11,Porto alegre
Ana clara,2023-08-04,Masculino,Notebook,50.0,3,2445,01:47:22,São paulo
João silva,2024-10-04,Masculino,Notebook,50.0,1,,,Rio de janeiro
João silva,0023-12-04,,Teclado,3500.0,1,10509,,Curitiba
João silva,2023-07-10,,Monitor,50.0,2,57,0:02:30,Belo horizonte
Ana clara,2023-04-23,Masculino,Mouse,800.0,0,360,,Belo horizonte
João silva,2024-04-25,,Monitor,3500.0,0,3509,,Belo horizonte
João silva,2023-11-21,,Mouse,50.0,3,124,00:23:46,Curitiba
Ana clara,2024-03-13,,Mouse,3500.0,3,800,01:14:19,Rio de janeiro
Ana clara,2023-03-20,Masculino,Cadeira,800.0,0,,,Curitiba
João silva,2023-05-21,Masculino,Mouse,1200.0,1,,,Porto alegre
Maria souza,2023-05-28,Masculino,Notebook,1200.0,3,3600,00:11:40,São paulo
Carlos lima,2024-04-15,,Cadeira,50.0,1,,,Porto alegre
Carlos lima,2024-07-23,,Teclado,50.0,1,10483,,Rio de janeiro
Maria souza,2024-02-10,Masculino,Cadeira,1200.0,1,1200,,Belo horizonte
Ana clara,2023-10-07,,Notebook,1200.0,0,1200,,Curitiba
Pedro alves,0024-05-20,Masculino,Teclado,800.0,1,360,,Belo horizonte
Ana clara,0024-08-18,Masculino,Mouse,3500.0,1,2400,,Belo horizonte
Ana clara,2024-01-03,,Monitor,1200.0,2,2423,0:01:34,Curitiba
Carlos lima,2023-11-27,Masculino,Cadeira,120.0,2,3600,0:03:42,São paulo
Carlos lima,0023-01-22,,Notebook,3500.0,0,50,,Porto alegre
Ana clara,2024-05-03,,Cadeira,50.0,0,788,,Porto alegre
Pedro alves,2024-05-06,,Cadeira,120.0,2,800,0:00:09,Belo horizonte
Pedro alves,2024-10-06,Masculino,Teclado,120.0,0,2400,,Curitiba
Pedro alves,2024-02-22,,Mouse,3500.0,3,2400,01:46:09,São paulo
Pedro alves,2024-10-23,Masculino,Cadeira,120.0,0,3600,,Porto alegre
Carlos lima,2024-04-05,Masculino,Cadeira,120.0,2,1200,0:02:09,Porto alegre
Carlos lima,2023-09-18,,Notebook,1200.0,2,100,0:02:47,Curitiba
Ana clara,2023-08-11,Masculino,Notebook,1200.0,1,,,Belo horizonte
Carlos lima,2023-02-26,Masculino,Notebook,50.0,3,3500,02:54:06,Belo horizonte
Maria souza,2023-05-16,Masculino,Teclado,3500.0,0,50,,Rio de janeiro
Pedro alves,2024-11-08,Masculino,Cadeira,120.0,1,360,,Curitiba
Maria souza,0023-09-10,Masculino,Mouse,120.0,2,,0:03:44,Belo horizonte
Ana clara,0024-04-12,,Teclado,50.0,1,150,,Porto alegre
Maria souza,2023-05-14,,Notebook,1200.0,1,100,,São paulo
Carlos lima,2023-10-23,Masculino,Monitor,120.0,2,800,0:02:51,São paulo
Carlos lima,2023-09-22,Masculino,Mouse,120.0,2,,0:01:24,Porto alegre
João silva,0024-11-24,Masculino,Monitor,3500.0,0,184,,Rio de janeiro
João silva,2023-08-03,Masculino,Teclado,800.0,1,1200,,Belo horizonte
Ana clara,2024-10-04,,Mouse,800.0,3,240,01:05:30,Porto alegre
Ana clara,2023-04-05,,Cadeira,3500.0,3,3600,02:52:27,São paulo
Maria souza,2023-06-02,Masculino,Mouse,3500.0,0,240,,Curitiba
Carlos lima,2024-02-09,,Mouse,800.0,2,100,0:01:18,Rio de janeiro
Carlos lima,2023-12-20,Masculino,Cadeira,1200.0,2,150,0:01:52,Rio de janeiro
Maria souza,2024-08-12,,Monitor,800.0,0,2400,,São paulo
Pedro alves,0024-05-02,Masculino,Mouse,3500.0,2,10500,0:03:06,Curitiba
Maria souza,2024-04-11,Masculino,Teclado,120.0,1,2400,,São paulo
Ana clara,2024-05-02,Masculino,Notebook,50.0,2,,0:00:13,Curitiba
Ana clara,2024-04-17,,Monitor,1200.0,2,,0:00:04,Porto alegre
Carlos lima,0023-05-13,,Cadeira,120.0,2,219,0:03:40,Rio de janeiro
Maria souza,2024-11-19,,Notebook,1200.0,3,360,01:55:39,Rio de janeiro
João silva,2023-06-28,,Notebook,1200.0,1,3500,,São paulo
João silva,2023-08-15,Masculino,Notebook,50.0,2,,0:02:20,Porto alegre
João silva,2024-04-19,Masculino,Monitor,50.0,0,3600,,Rio de janeiro
João silva,2023-06-24,Masculino,Teclado,1200.0,0,2400,,Rio de janeiro
João silva,0024-04-09,Masculino,Mouse,800.0,2,120,0:00:21,São paulo
Carlos lima,0023-09-21,,Teclado,800.0,1,7000,,Rio de janeiro
Pedro alves,2023-08-04,Masculino,Teclado,120.0,0,50,,Porto alegre
Carlos lima,0024-04-17,,Notebook,3500.0,1,240,,Porto alegre
Ana clara,2023-09-09,Masculino,Mouse,120.0,1,240,,São paulo
Ana clara,2023-01-27,,Mouse,1200.0,0,,,Curitiba
Ana clara,0023-12-06,Masculino,Mouse,3500.0,3,360,00:18:06,São paulo
Carlos lima,2023-05-28,,Teclado,1200.0,2,,0:01:16,Rio de janeiro
Pedro alves,2023-11-20,,Cadeira,1200.0,2,1200,0:00:33,São paulo
Pedro alves,2023-05-18,Masculino,Cadeira,50.0,3,1600,01:12:13,Porto alegre
João silva,0023-07-10,Masculino,Teclado,120.0,1,2400,,São paulo
João silva,0024-11-06,Masculino,Teclado,1200.0,3,,01:09:06,Curitiba
Pedro alves,2023-05-21,,Mouse,800.0,1,240,,Rio de janeiro
Maria souza,2024-08-17,,Notebook,120.0,1,,,Porto alegre
Carlos lima,0024-06-21,,Cadeira,50.0,0,,,São paulo
Carlos lima,2023-07-28,Masculino,Notebook,50.0,2,7000,0:00:31,Belo horizonte
Carlos lima,0024-11-06,,Cadeira,50.0,1,100,,Rio de janeiro
Maria souza,0023-05-05,,Notebook,3500.0,1,50,,Porto alegre
João silva,2024-03-03,,Monitor,800.0,0,,,Porto alegre
Ana clara,2023-02-23,,Notebook,1200.0,3,,01:33:02,São paulo
Ana clara,2024-05-05,,Mouse,1200.0,1,16,,Porto alegre
João silva,0024-01-19,Masculino,Teclado,50.0,2,,0:00:48,Curitiba
Maria souza,2024-03-24,,Cadeira,120.0,1,3500,,Rio de janeiro
Maria souza,2023-05-11,,Cadeira,120.0,0,100,,Curitiba
João silva,0024-03-27,,Teclado,800.0,1,3500,,Belo horizonte
Ana clara,2024-03-01,Masculino,Mouse,50.0,2,120,0:00:18,Rio de janeiro
Ana clara,2023-03-27,,Cadeira,1200.0,1,143,,Curitiba
Carlos lima,2024-03-22,Masculino,Mouse,120.0,1,120,,Porto alegre
Ana clara,2024-11-26,,Monitor,120.0,1,10500,,Belo horizonte
Pedro alves,2024-03-01,Masculino,Mouse,800.0,2,120,0:00:27,Belo horizonte
Pedro alves,2023-12-19,Masculino,Notebook,800.0,1,50,,Belo horizonte
Pedro alves,0023-11-15,Masculino,Teclado,120.0,2,,0:02:34,São paulo
Maria souza,2024-02-08,,Mouse,1200.0,2,,0:03:30,São paulo
Ana clara,2023-02-05,Masculino,Notebook,1200.0,2,,0:01:07,Belo horizonte
Maria souza,2024-08-01,,Cadeira,1200.0,1,3600,,Belo horizonte
Maria souza,2023-03-07,Masculino,Notebook,800.0,2,6987,0:02:43,Belo horizonte
Maria souza,2023-12-07,Masculino,Notebook,50.0,2,150,0:01:36,Rio de janeiro
Ana clara,2023-04-27,,Cadeira,3500.0,3,,02:58:55,Porto alegre
Maria souza,2024-11-27,,Monitor,50.0,1,150,,Porto alegre
Ana clara,2023-09-13,Masculino,Teclado,800.0,0,3500,,São paulo
Ana clara,2023-10-09,Masculino,Monitor,120.0,2,3500,0:00:09,Curitiba
João silva,0024-09-22,,Cadeira,800.0,1,10500,,Rio de janeiro
Ana clara,2023-03-02,Masculino,Cadeira,800.0,0,10500,,Curitiba
Pedro alves,2023-10-27,,Mouse,50.0,2,360,0:01:36,Curitiba
Ana clara,2023-05-17,,Mouse,3500.0,2,100,0:02:55,Porto alegre
Carlos lima,2023-02-04,Masculino,Teclado,120.0,0,79,,Curitiba
Carlos lima,2023-06-10,,Notebook,1200.0,2,1600,0:02:15,Porto alegre
Ana clara,2023-11-03,,Monitor,120.0,1,,,Porto alegre
João silva,2024-09-10,,Teclado,50.0,2,1200,0:02:07,Curitiba
João silva,2024-03-17,,Monitor,50.0,0,150,,Rio de janeiro
João silva,2024-06-20,Masculino,Notebook,50.0,3,10500,01:03:36,São paulo
Ana clara,0024-03-22,,Mouse,120.0,2,360,0:02:44,Rio de janeiro
Ana clara,2024-01-21,,Notebook,120.0,2,3600,0:02:32,Rio de janeiro
Pedro alves,2024-04-18,,Teclado,50.0,0,,,Rio de janeiro
Ana clara,2023-11-09,,Notebook,3500.0,1,,,Porto alegre
João silva,2024-01-07,,Cadeira,800.0,1,50,,Curitiba
Pedro alves,2023-12-26,Masculino,Teclado,3500.0,3,240,00:17:02,Rio de janeiro
Ana clara,2023-09-07,Masculino,Mouse,1200.0,2,2400,0:00:51,São paulo
João silva,2023-03-04,Masculino,Monitor,1200.0,2,3500,0:00:58,Rio de janeiro
Ana clara,2023-01-01,,Mouse,50.0,2,7000,0:02:27,Belo horizonte
Ana clara,2023-09-16,,Notebook,120.0,0,800,,Porto alegre
João silva,0024-03-19,,Notebook,120.0,1,800,,Belo horizonte
Pedro alves,2024-12-13,,Cadeira,1200.0,2,2400,0:02:41,Rio de janeiro
Pedro alves,0023-08-20,,Teclado,1200.0,1,150,,Porto alegre
João silva,2023-07-10,,Cadeira,1200.0,0,197,,Porto alegre
Pedro alves,2023-10-17,,Cadeira,3500.0,3,100,02:41:22,Belo horizonte
Pedro alves,2023-10-08,,Cadeira,50.0,0,10500,,Belo horizonte
Ana clara,2023-04-27,Masculino,Notebook,800.0,1,2400,,Curitiba
Pedro alves,2024-01-03,,Teclado,1200.0,0,3500,,Porto alegre
Carlos lima,2023-10-27,,Cadeira,800.0,1,120,,Belo horizonte
Pedro alves,2024-08-28,Masculino,Cadeira,120.0,0,800,,Porto alegre
Carlos lima,2023-04-14,Masculino,Notebook,3500.0,3,,01:53:40,Porto alegre
João silva,2024-05-21,,Notebook,1200.0,2,150,0:02:03,Porto alegre
João silva,2023-01-12,,Mouse,800.0,2,800,0:02:17,Curitiba
Maria souza,0024-05-07,,Teclado,3500.0,2,,0:01:31,Rio de janeiro
Pedro alves,2023-01-03,Masculino,Mouse,3500.0,3,1197,01:14:15,São paulo
Maria souza,0024-11-08,,Teclado,3500.0,3,240,02:09:08,Porto alegre
Pedro alves,2023-07-17,,Notebook,50.0,1,1200,,Curitiba
João silva,2023-12-25,,Mouse,120.0,0,150,,Belo horizonte
Pedro alves,2023-12-13,,Mouse,50.0,1,1600,,Belo horizonte
Ana clara,2023-05-17,,Notebook,3500.0,1,,,Curitiba
Carlos lima,0024-02-06,,Notebook,50.0,0,7000,,São paulo
Carlos lima,2023-01-04,Masculino,Monitor,3500.0,3,,02:02:48,Porto alegre
Carlos lima,2024-01-05,,Mouse,50.0,3,10500,02:26:18,Curitiba
Ana clara,2024-08-01,,Teclado,1200.0,2,3600,0:02:30,Belo horizonte
João silva,0023-08-02,Masculino,Mouse,3500.0,0,50,,Porto alegre
Ana clara,0024-11-09,,Monitor,800.0,1,360,,Belo horizonte
Carlos lima,2023-01-13,Masculino,Cadeira,1200.0,0,1600,,Rio de janeiro
Pedro alves,2023-11-23,,Mouse,50.0,1,50,,Porto alegre
Pedro alves,2024-03-17,Masculino,Monitor,800.0,0,150,,Belo horizonte
Carlos lima,0023-03-23,,Notebook,1200.0,3,7000,00:57:57,Belo horizonte
Maria souza,2023-02-23,,Notebook,120.0,2,335,0:02:54,Belo horizonte
Pedro alves,2024-06-06,,Monitor,120.0,3,10500,02:49:34,Rio de janeiro
Pedro alves,2023-11-07,,Cadeira,50.0,1,2400,,Rio de janeiro
Pedro alves,2024-03-21,,Teclado,800.0,2,1200,0:02:28,Porto alegre
Pedro alves,0023-02-20,Masculino,Mouse,50.0,1,240,,Belo horizonte
Pedro alves,0024-12-26,Masculino,Cadeira,120.0,3,322,01:30:44,Rio de janeiro
Carlos lima,0023-02-28,,Mouse,1200.0,3,3500,00:25:07,Porto alegre
Ana clara,2023-01-27,Masculino,Cadeira,120.0,2,7000,0:02:47,Belo horizonte
Maria souza,2024-01-13,,Notebook,800.0,3,50,01:54:43,Curitiba
Carlos lima,2023-06-06,,Cadeira,3500.0,1,2400,,São paulo
Carlos lima,0024-05-09,Masculino,Teclado,120.0,2,97,0:00:25,Curitiba
Pedro alves,2024-04-22,,Notebook,50.0,2,117,0:00:43,Curitiba
Pedro alves,2023-12-03,Masculino,Monitor,800.0,1,1600,,São paulo
Pedro alves,2023-11-01,Masculino,Monitor,50.0,0,,,Rio de janeiro
Ana clara,2024-04-06,,Cadeira,800.0,2,360,0:03:59,São paulo
Ana clara,2024-04-21,Masculino,Mouse,3500.0,0,1200,,Porto alegre
Maria souza,2023-11-04,,Notebook,1200.0,0,2400,,Rio de janeiro
Maria souza,2023-02-06,Masculino,Notebook,120.0,1,100,,Porto alegre
Maria souza,0024-03-03,,Teclado,50.0,1,50,,Curitiba
João silva,0024-06-27,,Teclado,50.0,0,150,,São paulo
Carlos lima,2023-12-11,,Mouse,800.0,3,190,02:35:45,Rio de janeiro
Pedro alves,2024-09-17,Masculino,Mouse,1200.0,0,100,,Belo horizonte
João silva,2024-06-26,Masculino,Mouse,1200.0,0,,,São paulo
Pedro alves,0023-03-26,Masculino,Mouse,800.0,0,3500,,Curitiba
Maria souza,2024-12-27,,Cadeira,1200.0,0,360,,Belo horizonte
Pedro alves,0024-08-19,Masculino,Teclado,120.0,2,,0:03:21,Porto alegre
Pedro alves,2024-09-24,,Notebook,1200.0,0,,,Rio de janeiro
Pedro alves,2023-12-14,Masculino,Teclado,1200.0,3,,01:46:45,Rio de janeiro
Carlos lima,2023-01-11,Masculino,Notebook,50.0,2,10500,0:02:16,Curitiba
João silva,2023-05-12,Masculino,Teclado,3500.0,1,3600,,São paulo
Ana clara,2023-04-08,Masculino,Mouse,1200.0,1,2400,,Belo horizonte
Ana clara,2023-07-03,Masculino,Cadeira,50.0,3,,00:40:24,Rio de janeiro
Carlos lima,2023-06-25,Masculino,Mouse,120.0,3,100,01:08:19,São paulo
Maria souza,2023-11-27,Masculino,Mouse,1200.0,0,800,,Belo horizonte
Pedro alves,2023-01-18,Masculino,Cadeira,1200.0,0,1600,,São paulo
Ana clara,2023-07-01,,Teclado,120.0,2,,0:00:11,Rio de janeiro
Ana clara,2023-12-23,Masculino,Notebook,50.0,1,360,,Curitiba
Maria souza,2024-05-04,Masculino,Mouse,3500.0,3,360,02:50:13,Rio de janeiro
João silva,2024-09-20,Masculino,Monitor,50.0,1,1200,,Porto alegre
Pedro alves,0024-04-04,Masculino,Cadeira,1200.0,2,120,0:02:30,São paulo
Ana clara,0024-07-10,,Notebook,50.0,3,120,01:11:11,Porto alegre
João silva,2023-05-11,,Teclado,800.0,0,150,,Porto alegre
Pedro alves,2023-08-06,,Cadeira,3500.0,0,369,,São paulo
Pedro alves,0023-08-27,,Teclado,50.0,0,7000,,Belo horizonte
Pedro alves,0024-11-21,Masculino,Monitor,50.0,2,2400,0:02:54,Curitiba
Ana clara,2023-05-01,Masculino,Teclado,800.0,3,2400,00:57:17,Curitiba
Maria souza,0023-11-07,,Cadeira,800.0,3,10500,02:48:10,Belo horizonte
Ana clara,2024-03-25,,Mouse,120.0,0,150,,São paulo
João silva,2023-12-04,,Monitor,3500.0,2,1600,0:01:35,São paulo
Pedro alves,2024-09-13,Masculino,Notebook,50.0,3,,01:15:02,Belo horizonte
Ana clara,0024-09-18,Masculino,Teclado,120.0,1,10500,,Belo horizonte
Maria souza,2023-07-20,,Teclado,3500.0,3,7000,02:19:02,Rio de janeiro
Pedro alves,2023-12-25,,Mouse,3500.0,0,150,,Belo horizonte
Carlos lima,0023-06-03,,Monitor,1200.0,0,240,,Porto alegre
João silva,0024-10-06,Masculino,Cadeira,50.0,1,800,,Curitiba
João silva,2024-06-07,Masculino,Notebook,1200.0,1,1600,,Curitiba
Pedro alves,2024-06-05,Masculino,Cadeira,120.0,0,50,,Belo horizonte
Ana clara,2023-07-10,,Mouse,1200.0,2,1171,0:03:15,Belo horizonte
João silva,0024-08-15,,Teclado,120.0,1,7000,,São paulo
Carlos lima,2023-09-01,Masculino,Teclado,800.0,0,,,Belo horizonte
Pedro alves,2023-11-10,,Teclado,800.0,1,50,,Belo horizonte
João silva,2023-08-21,,Mouse,1200.0,3,2400,00:49:29,Belo horizonte
João silva,0024-03-01,,Mouse,3500.0,3,3500,01:36:43,São paulo
João silva,2023-01-10,Masculino,Mouse,50.0,1,,,Porto alegre
João silva,2023-05-02,,Monitor,1200.0,0,240,,Rio de janeiro
Carlos lima,2023-02-02,,Monitor,800.0,3,120,00:41:24,Porto alegre
Carlos lima,0023-05-02,,Teclado,800.0,3,240,02:54:36,Porto alegre
João silva,2024-07-18,Masculino,Cadeira,50.0,2,,0:01:51,São paulo
Maria souza,2023-09-26,,Teclado,800.0,1,800,,São paulo
João silva,2023-10-28,Masculino,Teclado,50.0,2,197,0:02:57,São paulo
Carlos lima,0023-02-22,,Mouse,1200.0,2,50,0:00:20,Porto alegre
Ana clara,0024-04-12,,Notebook,1200.0,0,7000,,São paulo
Ana clara,2024-08-04,Masculino,Mouse,3500.0,3,,01:26:29,Porto alegre
Ana clara,2024-07-02,,Mouse,1200.0,1,360,,Rio de janeiro
Ana clara,2024-11-21,Masculino,Cadeira,3500.0,0,100,,Belo horizonte
Ana clara,0023-02-25,,Notebook,120.0,1,800,,São paulo
Ana clara,2023-03-22,,Monitor,50.0,3,7000,01:26:12,São paulo
Pedro alves,2024-01-04,,Notebook,1200.0,3,,00:30:50,Porto alegre
Maria souza,2023-10-24,Masculino,Cadeira,1200.0,0,2400,,Curitiba
Ana clara,0024-08-07,,Notebook,120.0,0,1200,,Belo horizonte
João silva,2024-02-11,,Notebook,50.0,1,74,,Porto alegre
Pedro alves,2024-04-03,,Notebook,3500.0,0,2400,,Rio de janeiro
Pedro alves,2024-01-06,,Cadeira,1200.0,1,10500,,Rio de janeiro
Carlos lima,2024-05-22,Masculino,Cadeira,3500.0,2,100,0:00:44,Belo horizonte
Maria souza,2023-12-26,Masculino,Cadeira,50.0,0,2400,,Belo horizonte
Carlos lima,2023-06-16,,Notebook,800.0,1,3600,,Rio de janeiro
Carlos lima,0024-11-28,,Teclado,800.0,0,10500,,Curitiba
João silva,2023-11-04,,Teclado,800.0,0,3600,,Rio de janeiro
João silva,2023-04-26,,Cadeira,50.0,0,120,,Belo horizonte
Maria souza,2024-07-04,,Notebook,120.0,0,,,São paulo
Pedro alves,2023-11-26,Masculino,Monitor,1200.0,1,,,Rio de janeiro
Maria souza,0023-10-02,,Teclado,50.0,1,,,Porto alegre
Maria souza,2023-01-14,,Mouse,1200.0,0,240,,Belo horizonte
João silva,2024-05-25,,Mouse,120.0,2,813,0:01:32,Porto alegre
Maria souza,2023-06-10,,Notebook,50.0,2,1171,0:00:32,São paulo
Maria souza,2024-01-13,,Monitor,120.0,2,1200,0:02:28,Porto alegre
Carlos lima,2023-08-09,Masculino,Monitor,50.0,2,,0:03:26,Porto alegre
Pedro alves,2024-11-24,Masculino,Cadeira,120.0,3,,00:01:01,Curitiba
Maria souza,0023-09-20,Masculino,Monitor,120.0,1,800,,Porto alegre
Carlos lima,0023-12-09,Masculino,Cadeira,50.0,0,1200,,São paulo
Pedro alves,2024-02-17,,Cadeira,3500.0,2,,0:02:25,São paulo
Maria souza,0024-02-21,,Notebook,3500.0,0,3500,,Belo horizonte
Maria souza,2023-11-04,,Notebook,3500.0,1,,,Curitiba
Pedro alves,2024-12-12,Masculino,Notebook,50.0,2,,0:03:20,Porto alegre
Carlos lima,2024-09-15,,Mouse,3500.0,2,360,0:02:36,Belo horizonte
Carlos lima,0023-04-23,,Monitor,120.0,2,343,0:02:05,Rio de janeiro
João silva,2023-11-16,,Teclado,120.0,3,2400,01:06:54,São paulo
Ana clara,2023-11-05,,Mouse,120.0,2,10500,0:02:30,Curitiba
Maria souza,0023-10-27,Masculino,Teclado,50.0,1,10500,,Belo horizonte
Carlos lima,2023-12-17,,Teclado,800.0,0,,,Belo horizonte
Maria souza,0023-07-13,Masculino,Notebook,1200.0,2,120,0:03:33,Curitiba
Maria souza,0023-10-17,Masculino,Mouse,1200.0,3,1600,01:39:10,São paulo
Maria souza,2024-04-08,,Mouse,800.0,1,2366,,Rio de janeiro
Ana clara,2024-01-09,Masculino,Cadeira,3500.0,2,240,0:01:44,Curitiba
Carlos lima,0023-01-04,,Cadeira,1200.0,0,360,,Belo horizonte
João silva,0024-06-17,Masculino,Cadeira,120.0,2,10500,0:03:37,Rio de janeiro
Ana clara,2023-11-16,Masculino,Monitor,120.0,2,1600,0:00:51,Belo horizonte
Maria souza,2024-05-05,Masculino,Mouse,800.0,3,100,00:09:45,São paulo
Carlos lima,0023-01-27,,Teclado,1200.0,1,800,,Belo horizonte
João silva,2024-06-03,,Notebook,120.0,3,2400,00:47:07,Porto alegre
João silva,2024-08-23,Masculino,Monitor,3500.0,3,150,02:30:49,Belo horizonte
João silva,0024-09-16,Masculino,Cadeira,50.0,3,,01:32:04,Porto alegre
João silva,0023-01-09,,Teclado,1200.0,2,150,0:00:47,Belo horizonte
Carlos lima,2024-06-15,,Notebook,800.0,2,,0:01:02,São paulo
Carlos lima,2024-05-02,,Notebook,800.0,1,3500,,Belo horizonte
Maria souza,0024-06-10,Masculino,Teclado,50.0,2,,0:00:20,Porto alegre
Carlos lima,2024-08-19,,Cadeira,120.0,0,,,Porto alegre
Carlos lima,2024-12-19,Masculino,Teclado,120.0,0,,,Belo horizonte
Maria souza,2024-06-02,Masculino,Mouse,3500.0,3,,00:38:00,São paulo
Maria souza,2024-09-16,,Notebook,50.0,3,1600,00:53:59,Porto alegre
João silva,0024-01-23,,Notebook,1200.0,0,7000,,Curitiba
João silva,2023-06-24,Masculino,Notebook,1200.0,3,100,00:09:38,Belo horizonte
Maria souza,0023-04-05,Masculino,Cadeira,50.0,1,10500,,Curitiba
Maria souza,2024-03-18,Masculino,Notebook,50.0,3,3600,02:59:27,Belo horizonte
Ana clara,2024-06-09,Masculino,Mouse,120.0,0,3600,,Belo horizonte
Pedro alves,2023-02-06,Masculino,Mouse,800.0,2,2400,0:02:03,São paulo
Pedro alves,0024-05-25,Masculino,Teclado,1200.0,1,1200,,Belo horizonte
Ana clara,2023-09-26,,Notebook,50.0,0,90,,Curitiba
Ana clara,0023-02-12,Masculino,Notebook,800.0,0,100,,Rio de janeiro
Ana clara,2023-03-25,,Cadeira,120.0,1,,,São paulo
Ana clara,2023-06-12,Masculino,Mouse,800.0,2,,0:01:25,Belo horizonte
Pedro alves,0024-09-08,Masculino,Teclado,800.0,2,240,0:01:28,Curitiba
Pedro alves,0024-01-11,Masculino,Cadeira,800.0,3,340,00:50:24,São paulo
João silva,2024-06-13,,Mouse,800.0,0,360,,Curitiba
João silva,0024-01-02,,Teclado,3500.0,1,360,,Rio de janeiro
João silva,2023-09-02,Masculino,Notebook,800.0,0,1600,,Porto alegre
Maria souza,0023-01-13,Masculino,Mouse,120.0,3,100,00:46:11,Belo horizonte
Maria souza,2024-03-25,,Cadeira,3500.0,0,1600,,Belo horizonte
Carlos lima,0024-03-18,,Mouse,800.0,0,50,,Curitiba
João silva,2024-09-25,Masculino,Cadeira,120.0,0,50,,Curitiba
Pedro alves,0024-02-13,,Cadeira,120.0,0,,,Curitiba
João silva,2024-06-10,Masculino,Notebook,50.0,0,2400,,São paulo
Ana clara,0024-02-10,,Teclado,50.0,1,,,Belo horizonte
Ana clara,2024-09-06,,Mouse,120.0,2,,0:03:47,São paulo
Carlos lima,2023-10-08,Masculino,Cadeira,3500.0,1,2400,,Porto alegre
Carlos lima,2024-05-28,,Cadeira,3500.0,1,120,,Curitiba
Pedro alves,2023-09-01,Masculino,Notebook,800.0,1,58,,Rio de janeiro
João silva,2023-08-24,,Teclado,50.0,0,360,,Belo horizonte
Carlos lima,2023-12-12,,Monitor,3500.0,1,100,,São paulo
Maria souza,2024-08-27,Masculino,Teclado,3500.0,2,150,0:00:53,Rio de janeiro
João silva,2024-04-03,,Teclado,800.0,1,150,,São paulo
Carlos lima,2023-12-20,,Teclado,800.0,0,10500,,Porto alegre
Carlos lima,2024-07-09,Masculino,Notebook,120.0,0,10506,,Belo horizonte
Ana clara,2024-01-17,,Teclado,120.0,0,3500,,Rio de janeiro
João silva,0023-12-13,Masculino,Mouse,120.0,3,3600,01:04:02,Belo horizonte
Maria souza,0023-04-06,Masculino,Mouse,800.0,1,2400,,São paulo
Carlos lima,0023-06-15,Masculino,Mouse,1200.0,2,2400,0:01:43,Curitiba
Carlos lima,2023-10-27,,Monitor,120.0,0,,,São paulo
João silva,0024-08-15,Masculino,Cadeira,1200.0,1,2400,,Rio de janeiro
João silva,0024-03-25,,Mouse,3500.0,1,3520,,Belo horizonte
João silva,2023-06-09,Masculino,Notebook,1200.0,2,7000,0:03:03,Rio de janeiro
Pedro alves,2024-09-11,,Monitor,120.0,3,,01:12:56,Porto alegre
Ana clara,2023-08-08,Masculino,Cadeira,1200.0,0,3500,,Rio de janeiro
Maria souza,2024-08-06,,Notebook,3500.0,0,1600,,Belo horizonte
Maria souza,2024-06-12,Masculino,Mouse,3500.0,1,,,Curitiba
Pedro alves,2023-06-13,,Mouse,50.0,2,10476,0:02:50,São paulo
Pedro alves,2024-11-12,Masculino,Cadeira,1200.0,1,813,,Curitiba
Ana clara,2024-06-02,,Mouse,3500.0,1,50,,Porto alegre
Maria souza,0023-06-24,,Cadeira,120.0,3,,00:46:05,Curitiba
Ana clara,2023-12-19,,Monitor,3500.0,3,150,01:11:11,Porto alegre
Pedro alves,2024-09-27,,Cadeira,800.0,0,,,São paulo
João silva,2023-08-09,,Cadeira,120.0,3,7000,00:00:54,São paulo
João silva,2024-09-23,Masculino,Monitor,120.0,1,2415,,Belo horizonte
Carlos lima,2023-10-19,,Monitor,3500.0,0,3481,,Porto alegre
Carlos lima,0023-02-25,,Monitor,50.0,1,240,,Curitiba
Carlos lima,2023-10-10,,Monitor,50.0,1,2400,,São paulo
Ana clara,2024-12-20,Masculino,Cadeira,3500.0,3,10500,02:13:42,Belo horizonte
Ana clara,2024-03-06,,Mouse,1200.0,0,271,,São paulo
Pedro alves,2023-02-23,,Mouse,800.0,0,100,,Rio de janeiro
João silva,2024-09-20,,Notebook,120.0,3,100,00:32:16,Rio de janeiro
Carlos lima,2024-01-07,,Cadeira,120.0,3,7049,02:10:10,Curitiba
Carlos lima,2024-08-03,,Cadeira,120.0,0,1200,,São paulo
Carlos lima,0023-01-24,,Cadeira,120.0,2,50,0:03:03,São paulo
Pedro alves,2023-04-15,Masculino,Cadeira,800.0,1,,,Belo horizonte
Carlos lima,0023-02-03,,Teclado,800.0,3,3600,00:04:02,Rio de janeiro
Carlos lima,2024-02-19,,Cadeira,120.0,1,,,Rio de janeiro
Carlos lima,2024-10-07,,Mouse,120.0,0,2400,,Belo horizonte
Ana clara,2024-11-13,Masculino,Mouse,50.0,1,3567,,Curitiba
Ana clara,2024-01-05,Masculino,Cadeira,120.0,2,3461,0:01:25,Curitiba
Ana clara,2023-11-12,,Cadeira,50.0,3,,00:32:24,Rio de janeiro
Carlos lima,2023-03-24,Masculino,Notebook,50.0,3,100,02:57:27,Porto alegre
Ana clara,0024-01-12,,Monitor,3500.0,3,,02:04:31,Curitiba
Ana clara,2024-04-10,Masculino,Mouse,120.0,3,120,01:17:54,São paulo
João silva,2024-03-19,Masculino,Mouse,3500.0,2,1600,0:00:49,São paulo
Ana clara,2023-12-01,,Cadeira,800.0,3,50,00:19:27,Porto alegre
João silva,2024-12-28,Masculino,Mouse,120.0,0,,,Porto alegre
Ana clara,0024-11-12,Masculino,Cadeira,50.0,2,132,0:01:10,Belo horizonte
Ana clara,2024-06-06,Masculino,Cadeira,3500.0,0,7000,,Curitiba
João silva,2023-02-05,,Cadeira,3500.0,2,1600,0:03:39,Porto alegre
Maria souza,2023-01-23,,Teclado,120.0,1,357,,Porto alegre
Maria souza,2023-01-07,Masculino,Monitor,3500.0,0,,,Rio de janeiro
Ana clara,2024-06-21,,Cadeira,50.0,1,50,,Porto alegre
Maria souza,0024-07-22,,Mouse,120.0,2,1200,0:02:09,Curitiba
Pedro alves,0023-12-19,,Notebook,120.0,3,,02:09:22,Curitiba
Carlos lima,0024-11-07,Masculino,Teclado,120.0,0,2400,,Belo horizonte
Pedro alves,2024-03-15,,Cadeira,1200.0,0,240,,Rio de janeiro
Pedro alves,2024-04-07,,Notebook,1200.0,0,800,,Porto alegre
Maria souza,2023-12-02,Masculino,Mouse,50.0,1,392,,Belo horizonte
Maria souza,0023-04-12,Masculino,Monitor,120.0,3,100,01:13:02,São paulo
Carlos lima,2023-03-27,,Monitor,120.0,3,2400,01:54:46,Curitiba
Carlos lima,2023-12-23,,Teclado,800.0,1,3500,,Porto alegre
Carlos lima,0023-02-01,,Notebook,3500.0,2,10500,0:00:46,Curitiba
João silva,0024-07-18,Masculino,Mouse,1200.0,1,1600,,São paulo
Maria souza,2024-05-07,Masculino,Mouse,120.0,0,100,,Curitiba
Carlos lima,0023-12-22,,Teclado,120.0,0,1600,,São paulo
Carlos lima,0023-02-09,,Teclado,120.0,2,10500,0:02:20,Belo horizonte
Ana clara,2024-11-07,Masculino,Mouse,120.0,0,7025,,Belo horizonte
Pedro alves,2023-11-02,Masculino,Mouse,50.0,2,3490,0:03:08,Curitiba
Maria souza,2024-09-06,Masculino,Teclado,1200.0,1,100,,Porto alegre
Maria souza,2024-02-14,Masculino,Notebook,800.0,3,150,00:45:23,Rio de janeiro
Ana clara,2023-10-21,Masculino,Mouse,800.0,1,10506,,São paulo
Ana clara,2023-03-26,,Mouse,1200.0,2,240,0:02:29,Curitiba
Ana clara,0023-07-05,,Teclado,1200.0,1,2400,,Belo horizonte
Maria souza,2023-01-14,Masculino,Mouse,1200.0,3,7000,00:44:22,Belo horizonte
Ana clara,2024-08-28,,Teclado,50.0,1,98,,Curitiba
Pedro alves,2024-07-03,,Notebook,3500.0,2,100,0:00:17,Porto alegre
João silva,0024-10-13,Masculino,Notebook,120.0,3,240,02:32:03,Belo horizonte
Maria souza,2023-02-27,Masculino,Monitor,800.0,3,120,02:09:14,Belo horizonte
Ana clara,2023-01-17,,Cadeira,50.0,1,100,,Curitiba
Ana clara,2023-10-11,,Cadeira,50.0,3,,02:18:34,Belo horizonte
Carlos lima,2023-05-22,Masculino,Mouse,3500.0,2,10500,0:01:50,Porto alegre
Ana clara,2023-09-26,Masculino,Monitor,3500.0,3,240,02:39:40,Rio de janeiro
Maria souza,2023-01-18,Masculino,Teclado,3500.0,3,3487,02:06:31,Belo horizonte
Pedro alves,2023-02-21,Masculino,Cadeira,1200.0,0,800,,Porto alegre
Pedro alves,2024-03-27,,Notebook,800.0,1,192,,Porto alegre
Maria souza,2024-05-26,Masculino,Notebook,800.0,3,2357,02:58:27,Rio de janeiro
Carlos lima,0024-05-08,,Cadeira,50.0,3,3612,01:38:15,Belo horizonte
Pedro alves,0023-06-26,,Teclado,50.0,2,800,0:00:39,Rio de janeiro
Maria souza,2023-08-04,,Cadeira,1200.0,1,50,,Curitiba
Ana clara,0024-05-03,Masculino,Notebook,3500.0,2,,0:00:51,Curitiba
Carlos lima,2024-12-12,Masculino,Cadeira,1200.0,3,1600,02:28:24,Porto alegre
João silva,2024-08-25,,Mouse,1200.0,0,2400,,Porto alegre
Maria souza,2024-01-02,,Teclado,50.0,3,6987,00:48:47,Rio de janeiro
Carlos lima,2024-07-08,Masculino,Cadeira,3500.0,2,800,0:01:18,Rio de janeiro
Pedro alves,2024-10-20,,Mouse,800.0,3,3500,00:53:12,Curitiba
João silva,2024-05-07,Masculino,Notebook,3500.0,0,800,,São paulo
João silva,2023-04-15,,Notebook,800.0,2,,0:01:50,Curitiba
Ana clara,2024-02-10,Masculino,Mouse,1200.0,0,2400,,Belo horizonte
Maria souza,2024-08-24,,Notebook,1200.0,3,1600,01:20:32,São paulo
Carlos lima,2024-08-15,Masculino,Teclado,1200.0,0,1600,,Belo horizonte
Carlos lima,2024-08-15,,Mouse,1200.0,2,10500,0:01:19,Curitiba
Maria souza,2024-04-19,Masculino,Notebook,800.0,3,2400,00:30:40,São paulo
Ana clara,0023-09-16,,Monitor,50.0,1,,,Rio de janeiro
Pedro alves,2024-01-17,Masculino,Monitor,3500.0,2,850,0:01:18,Curitiba
João silva,2023-11-04,,Mouse,120.0,2,201,0:01:56,Rio de janeiro
João silva,2023-07-22,Masculino,Notebook,1200.0,2,3595,0:03:16,Rio de janeiro
Ana clara,2023-10-27,,Cadeira,800.0,0,360,,Porto alegre
Ana clara,2024-12-27,Masculino,Mouse,800.0,0,2400,,Belo horizonte
Ana clara,2023-11-16,Masculino,Cadeira,800.0,2,3500,0:02:55,São paulo
Ana clara,2023-08-08,Masculino,Monitor,50.0,0,100,,Porto alegre
Carlos lima,0023-02-24,Masculino,Teclado,3500.0,0,7000,,Rio de janeiro
Maria souza,0024-06-14,Masculino,Mouse,1200.0,0,73,,Curitiba
Maria souza,2024-01-12,Masculino,Cadeira,50.0,2,3600,0:00:25,Belo horizonte
Pedro alves,0024-05-10,,Cadeira,3500.0,2,,0:03:06,Rio de janeiro
João silva,2024-04-25,,Notebook,800.0,1,7017,,Curitiba
João silva,2023-09-21,,Cadeira,50.0,2,,0:02:25,São paulo
Carlos lima,2024-09-09,,Cadeira,1200.0,3,,00:00:08,Curitiba
Carlos lima,2023-12-11,,Teclado,800.0,1,67,,Rio de janeiro
Maria souza,2023-07-27,,Mouse,120.0,2,100,0:02:29,Belo horizonte
Pedro alves,2024-08-09,Masculino,Notebook,800.0,1,800,,Belo horizonte
Carlos lima,2023-05-11,Masculino,Notebook,50.0,1,,,Belo horizonte
João silva,2023-04-25,,Mouse,800.0,3,,01:24:04,Porto alegre
Ana clara,0023-03-21,Masculino,Notebook,120.0,1,7000,,São paulo
Ana clara,2024-06-15,Masculino,Teclado,120.0,0,50,,São paulo
Maria souza,2023-10-23,,Mouse,800.0,2,240,0:00:36,Rio de janeiro
Maria souza,0024-03-15,Masculino,Notebook,1200.0,2,800,0:01:00,Rio de janeiro
Maria souza,2023-08-27,,Monitor,3500.0,1,7000,,Curitiba
Ana clara,2024-11-28,,Cadeira,800.0,0,,,Porto alegre
Maria souza,2023-07-10,,Cadeira,3500.0,1,2400,,Curitiba
Carlos lima,2023-12-25,,Monitor,800.0,1,10500,,Rio de janeiro
Ana clara,2024-06-14,Masculino,Cadeira,3500.0,3,,00:09:33,Curitiba
Ana clara,2023-10-02,,Notebook,800.0,3,360,01:22:25,Belo horizonte
Ana clara,2024-03-18,,Notebook,1200.0,2,410,0:02:43,Curitiba
Maria souza,0023-01-12,,Teclado,3500.0,1,100,,São paulo
Ana clara,2023-12-17,Masculino,Cadeira,50.0,2,100,0:02:52,São paulo
Ana clara,2024-05-24,,Mouse,50.0,2,240,0:01:10,Porto alegre
Ana clara,2023-04-23,,Monitor,120.0,1,3600,,Belo horizonte
Ana clara,0024-04-26,Masculino,Mouse,1200.0,2,360,0:02:30,Belo horizonte
Ana clara,2024-01-11,Masculino,Cadeira,1200.0,3,3600,02:04:12,Curitiba
João silva,2023-07-01,Masculino,Cadeira,50.0,1,240,,Belo horizonte
João silva,2024-03-17,,Notebook,1200.0,1,240,,São paulo
João silva,2024-12-27,,Notebook,120.0,0,,,Rio de janeiro
Carlos lima,2023-12-10,Masculino,Monitor,1200.0,1,50,,Rio de janeiro
Carlos lima,0023-10-10,,Notebook,800.0,0,3500,,Porto alegre
Maria souza,2024-03-24,,Teclado,3500.0,3,360,00:29:58,Belo horizonte
Ana clara,2023-04-08,,Mouse,1200.0,0,2442,,Rio de janeiro
Ana clara,2024-06-27,,Monitor,120.0,1,1576,,Belo horizonte
Pedro alves,2023-08-20,Masculino,Mouse,120.0,0,76,,São paulo
Ana clara,0024-04-21,Masculino,Notebook,3500.0,0,1600,,Belo horizonte
Pedro alves,2024-02-22,Masculino,Teclado,50.0,3,150,01:55:01,Belo horizonte
Maria souza,0023-02-25,Masculino,Notebook,1200.0,0,2400,,São paulo
Maria souza,0023-05-10,,Teclado,50.0,1,240,,Belo horizonte
Carlos lima,2023-12-05,,Teclado,3500.0,1,275,,Belo horizonte
Carlos lima,2023-09-03,Masculino,Teclado,3500.0,3,,00:51:32,São paulo
Carlos lima,2023-12-04,,Notebook,120.0,1,3500,,Rio de janeiro
Pedro alves,2023-12-22,Masculino,Monitor,800.0,0,360,,Porto alegre
Pedro alves,2024-02-12,,Monitor,1200.0,0,2400,,Porto alegre
Pedro alves,2024-12-03,,Notebook,120.0,0,800,,Belo horizonte
Ana clara,2023-08-26,,Teclado,800.0,1,3500,,São paulo
Maria souza,2023-05-22,Masculino,Notebook,1200.0,0,194,,Porto alegre
Ana clara,2023-05-14,Masculino,Notebook,50.0,3,240,01:08:44,São paulo
Maria souza,2024-10-15,,Mouse,50.0,1,50,,Porto alegre
João silva,2023-02-22,,Cadeira,120.0,0,7000,,Curitiba
Ana clara,2024-05-17,,Mouse,800.0,2,7000,0:00:55,Rio de janeiro
João silva,0024-09-04,Masculino,Mouse,120.0,0,,,Rio de janeiro
Pedro alves,0024-05-04,Masculino,Teclado,1200.0,1,,,Porto alegre
Ana clara,2023-04-21,,Cadeira,1200.0,1,,,Rio de janeiro
Ana clara,2024-04-24,Masculino,Cadeira,50.0,3,,01:53:00,Porto alegre
Pedro alves,2023-08-05,Masculino,Cadeira,120.0,0,120,,Porto alegre
João silva,2024-07-23,,Monitor,1200.0,3,1600,01:40:51,Belo horizonte
Carlos lima,2024-11-20,Masculino,Cadeira,800.0,3,100,00:02:10,Porto alegre
Maria souza,2024-06-20,Masculino,Mouse,3500.0,0,3500,,Porto alegre
João silva,2023-07-05,,Teclado,120.0,0,10500,,Belo horizonte
Maria souza,2024-02-16,Masculino,Monitor,120.0,1,,,Belo horizonte
Pedro alves,2024-09-12,Masculino,Teclado,120.0,1,,,São paulo
João silva,2024-08-19,Masculino,Cadeira,3500.0,0,,,Belo horizonte
Pedro alves,2024-08-15,,Monitor,1200.0,3,,02:37:26,Porto alegre
Pedro alves,2024-06-14,,Cadeira,3500.0,3,240,00:59:36,Belo horizonte
Pedro alves,2024-01-24,Masculino,Notebook,120.0,0,6952,,Porto alegre
Maria souza,2024-03-16,Masculino,Mouse,120.0,3,10500,01:44:48,Porto alegre
Pedro alves,2024-07-02,Masculino,Notebook,1200.0,3,150,00:29:11,São paulo
Pedro alves,2024-01-17,,Cadeira,3500.0,3,,01:22:50,São paulo
Pedro alves,2023-11-11,Masculino,Cadeira,1200.0,3,7000,00:51:48,Belo horizonte
Pedro alves,0023-11-06,Masculino,Cadeira,120.0,2,100,0:00:46,Curitiba
Carlos lima,0024-01-04,Masculino,Teclado,50.0,2,2400,0:01:53,Rio de janeiro
João silva,0023-07-07,Masculino,Notebook,800.0,1,240,,Curitiba
João silva,0023-12-13,,Monitor,3500.0,3,1600,01:31:46,Porto alegre
Ana clara,0023-06-03,,Teclado,120.0,2,100,0:02:49,Porto alegre
Ana clara,2023-01-07,Masculino,Monitor,1200.0,0,,,São paulo
Ana clara,2023-10-03,Masculino,Notebook,50.0,0,100,,Curitiba
Ana clara,0023-02-17,,Teclado,3500.0,0,3500,,Belo horizonte
Ana clara,2023-04-06,Masculino,Monitor,800.0,3,157,01:54:00,Porto alegre
Ana clara,2023-02-18,Masculino,Monitor,3500.0,1,3500,,Belo horizonte
Carlos lima,2024-04-05,,Teclado,800.0,0,800,,Belo horizonte
Ana clara,2023-09-17,Masculino,Mouse,120.0,0,150,,Porto alegre
Ana clara,2024-12-27,Masculino,Teclado,3500.0,0,50,,Rio de janeiro
Ana clara,2024-09-20,,Notebook,120.0,3,7000,00:46:48,Porto alegre
Ana clara,2023-03-19,Masculino,Cadeira,1200.0,2,2400,0:02:12,Porto alegre
Maria souza,0024-05-01,Masculino,Teclado,1200.0,2,1600,0:00:31,Curitiba
Carlos lima,2023-04-17,,Notebook,3500.0,2,,0:01:31,Curitiba
Carlos lima,2023-05-25,,Teclado,50.0,3,2400,01:14:22,Curitiba
Carlos lima,2024-08-14,Masculino,Notebook,1200.0,2,10493,0:02:06,Rio de janeiro
Ana clara,2023-04-13,Masculino,Teclado,3500.0,2,,0:02:29,Rio de janeiro
Pedro alves,0023-10-11,Masculino,Mouse,3500.0,2,,0:02:38,Belo horizonte
João silva,2023-12-11,,Teclado,1200.0,2,120,0:02:50,Curitiba
João silva,2023-12-22,Masculino,Mouse,3500.0,1,120,,São paulo
João silva,2023-05-16,Masculino,Teclado,1200.0,2,120,0:01:46,Curitiba
Carlos lima,2023-05-11,,Mouse,120.0,1,2400,,Porto alegre
Ana clara,2023-07-27,Masculino,Cadeira,120.0,0,50,,Curitiba
Pedro alves,0024-03-03,,Notebook,120.0,2,2400,0:02:18,Porto alegre
Carlos lima,0024-12-16,Masculino,Mouse,120.0,2,2400,0:00:12,Belo horizonte
Ana clara,2023-08-07,,Teclado,50.0,2,387,0:00:28,Belo horizonte
Ana clara,0024-02-14,,Cadeira,800.0,0,360,,Porto alegre
Carlos lima,2023-10-04,Masculino,Notebook,800.0,0,2357,,Belo horizonte
Ana clara,0023-02-03,Masculino,Notebook,3500.0,2,53,0:00:57,São paulo
Pedro alves,2023-04-16,Masculino,Teclado,3500.0,3,360,00:19:41,Curitiba
Carlos lima,2023-04-16,Masculino,Cadeira,3500.0,2,244,0:03:52,Curitiba
Carlos lima,2024-04-01,Masculino,Cadeira,120.0,2,7000,0:02:55,Rio de janeiro
Maria souza,0024-06-25,,Mouse,3500.0,2,,0:01:32,Curitiba
Carlos lima,2024-06-28,Masculino,Monitor,50.0,2,,0:03:18,Belo horizonte
Carlos lima,0024-01-08,,Teclado,3500.0,1,3500,,Porto alegre
Maria souza,0023-07-02,Masculino,Mouse,50.0,2,120,0:02:09,Belo horizonte
Maria souza,2023-12-17,Masculino,Teclado,50.0,3,360,02:46:35,Belo horizonte
Carlos lima,2024-08-07,Masculino,Cadeira,1200.0,2,,0:03:20,Curitiba
Ana clara,0024-11-11,,Mouse,50.0,3,,01:19:36,Curitiba
Maria souza,2024-04-05,,Teclado,50.0,2,120,0:00:45,Belo horizonte
João silva,2023-11-11,Masculino,Notebook,120.0,3,10500,02:11:19,Curitiba
Ana clara,2024-02-02,Masculino,Monitor,1200.0,2,,0:02:36,Curitiba
Carlos lima,2024-02-04,Masculino,Teclado,120.0,0,,,São paulo
Carlos lima,2023-11-23,Masculino,Teclado,50.0,3,240,01:22:05,Rio de janeiro
Maria souza,0023-01-19,,Cadeira,120.0,1,,,Curitiba
Maria souza,0024-01-13,,Monitor,1200.0,3,150,02:22:24,Belo horizonte
João silva,2024-05-06,,Notebook,800.0,0,1600,,Rio de janeiro
João silva,2023-08-22,,Notebook,800.0,1,3500,,Porto alegre
Maria souza,2024-09-21,Masculino,Mouse,800.0,1,,,Porto alegre
Maria souza,2024-07-02,,Cadeira,3500.0,3,1643,02:07:46,Curitiba
Ana clara,2024-11-18,Masculino,Cadeira,120.0,2,800,0:03:39,Belo horizonte
Ana clara,2024-08-26,Masculino,Monitor,50.0,1,,,Belo horizonte
Maria souza,2023-10-02,Masculino,Teclado,800.0,2,,0:00:50,Curitiba
Maria souza,2023-11-18,Masculino,Monitor,800.0,0,,,Belo horizonte
Carlos lima,2023-05-07,Masculino,Mouse,800.0,2,,0:01:15,Curitiba
Ana clara,2023-11-20,Masculino,Cadeira,120.0,2,,0:02:45,Belo horizonte
Maria souza,2024-09-15,Masculino,Notebook,120.0,2,1200,0:03:38,São paulo
Maria souza,2024-09-22,,Mouse,1200.0,0,173,,Belo horizonte
Carlos lima,0024-06-09,Masculino,Cadeira,120.0,1,,,Belo horizonte
Maria souza,0023-11-18,,Notebook,1200.0,0,,,São paulo
João silva,2023-01-17,,Monitor,120.0,3,120,00:47:39,Porto alegre
Ana clara,2024-01-05,Masculino,Notebook,1200.0,2,150,0:01:05,São paulo
João silva,2024-11-18,Masculino,Mouse,120.0,0,3500,,Rio de janeiro
João silva,2024-01-03,Masculino,Mouse,1200.0,3,100,02:38:19,Rio de janeiro
João silva,2024-01-04,Masculino,Notebook,50.0,0,10500,,Porto alegre
Maria souza,2023-12-17,Masculino,Teclado,3500.0,2,,0:02:06,Porto alegre
Ana clara,2023-08-15,,Monitor,3500.0,2,820,0:01:05,Belo horizonte
Carlos lima,2023-02-16,Masculino,Monitor,120.0,2,150,0:00:15,Rio de janeiro
Maria souza,2024-01-07,,Cadeira,3500.0,1,,,São paulo
Carlos lima,0023-08-21,Masculino,Mouse,800.0,3,335,02:20:16,São paulo
João silva,0024-05-24,,Monitor,1200.0,3,3600,00:21:03,Curitiba
João silva,2024-03-25,,Teclado,1200.0,2,150,0:03:41,Curitiba
João silva,2023-01-22,,Teclado,50.0,0,,,Curitiba
Ana clara,2023-07-18,Masculino,Teclado,3500.0,0,120,,São paulo
Ana clara,2023-10-25,Masculino,Mouse,120.0,1,100,,Rio de janeiro
Maria souza,2024-10-10,,Cadeira,1200.0,0,3500,,Rio de janeiro
Maria souza,2024-09-21,,Teclado,1200.0,1,240,,Curitiba
Carlos lima,0023-11-11,Masculino,Teclado,800.0,0,1200,,São paulo
Carlos lima,0023-04-22,Masculino,Notebook,3500.0,3,7000,01:54:23,Rio de janeiro
Carlos lima,0024-07-14,Masculino,Mouse,1200.0,2,382,0:01:34,Porto alegre
Ana clara,2024-08-09,Masculino,Monitor,800.0,2,360,0:02:52,Rio de janeiro
Carlos lima,2024-04-02,Masculino,Monitor,120.0,1,1600,,São paulo
João silva,0023-02-01,,Mouse,50.0,1,7000,,Curitiba
Maria souza,2024-05-08,,Notebook,120.0,1,1200,,Belo horizonte
João silva,0024-02-14,,Teclado,1200.0,1,1600,,São paulo
Ana clara,0024-09-17,,Monitor,50.0,0,800,,São paulo
Ana clara,2024-11-10,,Cadeira,3500.0,1,800,,Belo horizonte
Ana clara,2023-08-13,Masculino,Monitor,50.0,3,150,00:30:47,Belo horizonte
Ana clara,2023-07-07,,Cadeira,50.0,1,7047,,Porto alegre
João silva,2023-02-22,,Teclado,1200.0,2,240,0:00:44,Belo horizonte
Maria souza,2024-10-13,,Mouse,1200.0,2,3500,0:00:07,Porto alegre
João silva,0023-06-13,,Teclado,800.0,2,128,0:00:22,Rio de janeiro
Ana clara,2024-01-24,,Mouse,3500.0,2,7000,0:02:35,Curitiba
João silva,0023-07-04,Masculino,Teclado,120.0,0,,,Rio de janeiro
João silva,0024-01-14,Masculino,Notebook,50.0,2,7000,0:02:05,São paulo
João silva,2023-10-18,,Monitor,1200.0,1,,,Rio de janeiro
Ana clara,0024-07-09,Masculino,Cadeira,120.0,0,2400,,Porto alegre
Ana clara,0024-03-01,Masculino,Mouse,3500.0,2,,0:03:33,Belo horizonte
Ana clara,0024-09-02,,Teclado,800.0,2,,0:00:16,Curitiba
Ana clara,2024-01-11,,Notebook,3500.0,3,,00:32:05,Porto alegre
Ana clara,0023-04-06,Masculino,Teclado,800.0,2,3500,0:03:47,Belo horizonte
Pedro alves,2024-08-12,,Notebook,1200.0,2,10500,0:03:42,São paulo
Pedro alves,2023-12-11,Masculino,Cadeira,800.0,0,,,Curitiba
Pedro alves,2023-02-02,,Mouse,50.0,3,2400,01:21:14,Porto alegre
Pedro alves,2023-02-01,Masculino,Notebook,3500.0,3,120,00:54:38,Porto alegre
Pedro alves,2024-06-12,,Teclado,50.0,2,,0:01:48,Curitiba
Ana clara,2024-10-05,Masculino,Monitor,1200.0,2,1579,0:00:36,Rio de janeiro
Pedro alves,0024-06-13,,Notebook,120.0,3,,00:58:11,Curitiba
João silva,2024-05-05,Masculino,Cadeira,50.0,0,800,,Belo horizonte
João silva,2024-08-03,,Notebook,3500.0,1,,,Rio de janeiro
Pedro alves,2024-03-06,,Notebook,50.0,1,10500,,Rio de janeiro
Pedro alves,2023-09-01,Masculino,Monitor,1200.0,0,240,,Belo horizonte
Pedro alves,2023-09-21,,Monitor,120.0,3,100,00:53:04,Rio de janeiro
João silva,0024-06-01,Masculino,Notebook,120.0,3,1179,01:04:52,Porto alegre
Carlos lima,0024-11-22,Masculino,Monitor,50.0,1,3600,,Belo horizonte
Carlos lima,0024-02-06,Masculino,Cadeira,3500.0,2,2449,0:00:13,São paulo
Pedro alves,2024-07-06,,Monitor,120.0,1,100,,Curitiba
Pedro alves,0024-05-02,,Mouse,800.0,0,,,São paulo
João silva,0024-05-27,,Monitor,50.0,2,240,0:03:43,São paulo
Ana clara,0023-04-09,Masculino,Cadeira,1200.0,0,50,,Curitiba
João silva,2024-01-15,,Cadeira,120.0,2,,0:00:25,Curitiba
Ana clara,2024-12-16,Masculino,Cadeira,1200.0,1,360,,Porto alegre
Carlos lima,0023-02-16,,Notebook,50.0,0,3500,,Porto alegre
Carlos lima,2024-02-10,Masculino,Mouse,1200.0,1,2400,,Rio de janeiro
Maria souza,2024-10-10,Masculino,Notebook,50.0,3,,02:18:35,Rio de janeiro
Carlos lima,2024-09-13,,Teclado,50.0,3,2400,00:34:47,Porto alegre
Pedro alves,2023-07-11,Masculino,Monitor,1200.0,3,800,01:57:36,Curitiba
Pedro alves,2024-05-06,,Mouse,50.0,0,3472,,Rio de janeiro
Carlos lima,2023-04-28,Masculino,Mouse,3500.0,2,7000,0:02:42,Belo horizonte
Pedro alves,2023-02-08,Masculino,Monitor,1200.0,2,1573,0:02:51,Rio de janeiro
Pedro alves,2023-09-06,,Mouse,120.0,2,240,0:01:12,São paulo
Pedro alves,0023-02-12,Masculino,Notebook,50.0,3,3500,00:08:08,Belo horizonte
Carlos lima,2023-03-17,Masculino,Monitor,3500.0,3,2448,00:50:21,Belo horizonte
Carlos lima,2024-07-26,Masculino,Teclado,3500.0,1,3600,,São paulo
Ana clara,0023-09-23,Masculino,Monitor,120.0,1,800,,Curitiba
Carlos lima,2023-04-13,Masculino,Cadeira,800.0,2,50,0:02:27,São paulo
Maria souza,2024-01-07,,Teclado,50.0,3,100,02:12:08,Rio de janeiro
Ana clara,2023-11-24,,Cadeira,800.0,2,1200,0:00:36,Belo horizonte
Pedro alves,2023-05-27,,Notebook,1200.0,1,800,,Curitiba
Pedro alves,0023-02-12,Masculino,Notebook,1200.0,3,360,02:01:20,São paulo
Carlos lima,0024-08-08,,Notebook,120.0,3,,01:39:10,Belo horizonte
Carlos lima,2023-07-24,Masculino,Notebook,120.0,0,50,,Curitiba
Ana clara,2023-08-27,,Mouse,1200.0,0,1200,,Belo horizonte
Ana clara,2024-02-07,,Monitor,50.0,1,50,,Curitiba
Carlos lima,2024-03-10,Masculino,Cadeira,3500.0,0,1600,,Rio de janeiro
Carlos lima,2024-08-18,,Notebook,50.0,0,2400,,São paulo
Ana clara,0023-03-15,,Cadeira,120.0,1,3500,,Porto alegre
João silva,2023-03-05,,Notebook,120.0,3,,00:25:00,Rio de janeiro
João silva,2023-10-21,Masculino,Teclado,50.0,0,2352,,Porto alegre
Ana clara,2023-03-12,Masculino,Mouse,120.0,1,50,,Curitiba
Ana clara,0023-05-01,Masculino,Cadeira,3500.0,1,150,,Curitiba
João silva,2024-05-15,,Cadeira,1200.0,2,150,0:03:25,São paulo
João silva,0023-01-09,Masculino,Teclado,120.0,2,240,0:02:24,Curitiba
Maria souza,2024-04-25,Masculino,Cadeira,1200.0,0,7000,,Curitiba
Carlos lima,0024-03-13,,Notebook,800.0,0,150,,Rio de janeiro
Maria souza,2024-05-24,Masculino,Cadeira,3500.0,1,100,,Curitiba
Maria souza,2024-05-06,,Cadeira,3500.0,0,3500,,Porto alegre
Ana clara,2024-10-17,,Teclado,1200.0,3,,00:37:27,Porto alegre
Ana clara,2024-01-08,Masculino,Mouse,50.0,1,,,Belo horizonte
Pedro alves,2024-02-06,,Teclado,3500.0,0,150,,Rio de janeiro
Ana clara,0023-09-13,,Teclado,120.0,1,227,,Porto alegre
Carlos lima,2024-02-04,,Notebook,50.0,1,1600,,Belo horizonte
Pedro alves,2024-03-22,,Mouse,3500.0,0,,,Rio de janeiro
Carlos lima,2023-06-17,Masculino,Cadeira,800.0,2,240,0:02:49,Belo horizonte
Maria souza,2023-06-04,,Mouse,800.0,2,2400,0:01:39,Curitiba
Pedro alves,2023-08-23,,Mouse,50.0,1,1200,,Porto alegre
Ana clara,2023-08-28,Masculino,Mouse,3500.0,1,50,,Rio de janeiro
Ana clara,2024-12-28,Masculino,Mouse,3500.0,0,1600,,São paulo
Maria souza,2024-02-14,Masculino,Cadeira,3500.0,1,6991,,Belo horizonte
Maria souza,2023-10-10,,Cadeira,120.0,2,10500,0:03:49,Rio de janeiro
Maria souza,2023-08-12,,Cadeira,1200.0,2,800,0:03:51,Curitiba
Carlos lima,2023-12-22,Masculino,Mouse,3500.0,3,800,00:34:02,São paulo
Ana clara,2023-01-17,,Monitor,800.0,1,,,Curitiba
Pedro alves,2023-01-15,Masculino,Cadeira,50.0,0,360,,Belo horizonte
Carlos lima,2023-05-19,,Monitor,1200.0,0,2400,,Porto alegre
Pedro alves,0024-09-02,,Monitor,3500.0,1,2400,,Belo horizonte
Maria souza,0023-02-17,,Notebook,3500.0,2,10500,0:02:13,São paulo
João silva,2024-11-22,Masculino,Notebook,1200.0,3,10500,01:38:10,Rio de janeiro
João silva,2023-12-03,Masculino,Notebook,50.0,3,1200,02:19:17,Belo horizonte
Carlos lima,0023-11-14,,Notebook,50.0,3,3500,01:16:58,Belo horizonte
Maria souza,2024-06-07,Masculino,Mouse,50.0,3,120,02:19:49,Rio de janeiro
João silva,2024-07-11,,Teclado,120.0,2,,0:01:58,Porto alegre
João silva,2023-03-08,Masculino,Cadeira,1200.0,3,2400,00:50:36,Curitiba
João silva,0024-04-07,Masculino,Teclado,800.0,3,,01:47:12,Curitiba
João silva,2023-01-16,,Notebook,3500.0,1,150,,Belo horizonte
Pedro alves,2023-03-05,,Cadeira,3500.0,0,150,,Curitiba
João silva,2024-04-07,Masculino,Notebook,50.0,1,10500,,São paulo
Ana clara,2023-03-13,,Teclado,1200.0,2,782,0:03:50,Curitiba
Pedro alves,2024-06-14,Masculino,Teclado,800.0,2,2432,0:01:35,São paulo
Maria souza,2024-07-01,Masculino,Mouse,800.0,3,1600,01:53:10,Belo horizonte
Pedro alves,2024-11-10,,Teclado,3500.0,1,,,São paulo
Maria souza,2024-02-07,Masculino,Cadeira,50.0,3,2400,01:28:16,Curitiba
Pedro alves,2023-02-02,Masculino,Monitor,50.0,3,,00:05:44,Rio de janeiro
João silva,2023-05-02,,Mouse,800.0,2,58,0:02:35,Porto alegre
João silva,2023-05-01,,Notebook,50.0,3,1200,02:31:38,Rio de janeiro
Maria souza,2024-10-03,,Teclado,3500.0,2,2400,0:03:22,São paulo
Ana clara,2024-10-18,Masculino,Mouse,50.0,1,,,Curitiba
Maria souza,2024-03-22,Masculino,Mouse,3500.0,1,1200,,Belo horizonte
Maria souza,2024-02-04,Masculino,Teclado,1200.0,2,50,0:01:52,Rio de janeiro
Maria souza,0024-04-13,Masculino,Monitor,50.0,0,7000,,Rio de janeiro
Maria souza,0024-04-20,Masculino,Cadeira,800.0,3,150,00:13:11,São paulo
Maria souza,2024-03-08,,Teclado,120.0,3,100,02:51:53,Rio de janeiro
Maria souza,2023-02-19,Masculino,Notebook,50.0,3,7000,01:14:05,São paulo
João silva,2023-01-13,Masculino,Mouse,50.0,1,3500,,Curitiba
Carlos lima,2024-09-03,Masculino,Mouse,120.0,0,,,Belo horizonte
Carlos lima,2023-12-16,Masculino,Cadeira,3500.0,3,3600,00:01:23,São paulo
Ana clara,0023-08-16,,Cadeira,1200.0,3,240,00:58:28,São paulo
Ana clara,0023-05-20,Masculino,Teclado,50.0,2,2400,0:01:04,Porto alegre
Ana clara,2024-06-24,Masculino,Teclado,3500.0,0,360,,Belo horizonte
Maria souza,2024-10-20,,Cadeira,50.0,2,1600,0:01:40,São paulo
Pedro alves,2023-09-28,,Teclado,800.0,3,2400,02:00:43,São paulo
Pedro alves,2023-03-04,,Teclado,50.0,2,,0:03:46,Curitiba
Ana clara,2024-12-17,Masculino,Cadeira,800.0,3,10500,00:05:20,Porto alegre
Maria souza,0024-11-19,Masculino,Notebook,120.0,1,240,,Rio de janeiro
João silva,2024-08-01,,Notebook,3500.0,0,150,,Belo horizonte
Carlos lima,2023-12-09,Masculino,Cadeira,120.0,2,1600,0:01:26,Curitiba
Maria souza,2023-10-18,Masculino,Cadeira,800.0,3,206,01:56:48,Belo horizonte
Carlos lima,2024-03-17,Masculino,Mouse,120.0,0,150,,Belo horizonte
João silva,0023-06-04,,Monitor,3500.0,3,800,00:39:45,Belo horizonte
João silva,2023-03-16,,Mouse,1200.0,2,360,0:01:43,Rio de janeiro
Carlos lima,0023-05-14,Masculino,Notebook,3500.0,3,2414,02:45:02,Belo horizonte
Carlos lima,2024-02-05,Masculino,Teclado,120.0,2,1600,0:01:56,São paulo
Ana clara,2024-06-03,Masculino,Monitor,120.0,2,7000,0:01:19,Belo horizonte
Pedro alves,2023-04-21,Masculino,Teclado,120.0,1,240,,Curitiba
Pedro alves,0023-02-02,,Teclado,1200.0,3,,02:02:25,São paulo
Pedro alves,2024-09-19,,Cadeira,50.0,0,2400,,Rio de janeiro
Ana clara,2024-01-08,,Teclado,800.0,0,1600,,Rio de janeiro
João silva,2024-10-14,Masculino,Teclado,120.0,3,7000,00:57:39,São paulo
Pedro alves,2023-03-06,Masculino,Mouse,800.0,2,,0:00:44,São paulo
Pedro alves,0023-10-09,,Teclado,50.0,3,120,02:47:17,Curitiba
Pedro alves,0024-10-14,,Mouse,3500.0,0,826,,Rio de janeiro
Pedro alves,2023-11-06,,Mouse,50.0,1,100,,Porto alegre
Maria souza,2023-09-23,,Cadeira,120.0,0,3600,,Porto alegre
Pedro alves,2024-08-23,Masculino,Notebook,1200.0,1,2400,,Belo horizonte
João silva,0024-02-21,,Mouse,1200.0,3,2400,01:56:28,Rio de janeiro
João silva,2024-08-09,Masculino,Teclado,800.0,3,2400,01:38:41,Belo horizonte
Maria souza,2023-08-01,Masculino,Teclado,1200.0,0,,,Porto alegre
Carlos lima,0023-09-13,Masculino,Mouse,120.0,0,203,,Porto alegre
Carlos lima,2024-09-16,Masculino,Notebook,1200.0,0,317,,Porto alegre
Maria souza,0024-02-22,Masculino,Cadeira,1200.0,3,10500,01:43:42,Porto alegre
Ana clara,2024-03-07,,Monitor,3500.0,3,3600,01:38:59,Rio de janeiro
João silva,2023-03-16,Masculino,Notebook,50.0,2,10500,0:00:39,Curitiba
Ana clara,0024-04-24,,Monitor,50.0,2,7000,0:03:26,Curitiba
Ana clara,2024-07-05,,Cadeira,3500.0,3,1600,01:07:03,Rio de janeiro
Pedro alves,0023-02-01,,Cadeira,1200.0,2,2400,0:03:40,Belo horizonte
Pedro alves,0023-12-17,,Teclado,800.0,3,10500,00:05:21,Belo horizonte
João silva,2023-07-16,,Cadeira,1200.0,0,276,,Curitiba
João silva,0023-10-27,Masculino,Monitor,1200.0,2,7000,0:02:43,Porto alegre
Pedro alves,2023-10-23,,Notebook,120.0,2,800,0:02:35,Rio de janeiro
Ana clara,2024-12-22,Masculino,Cadeira,50.0,3,,02:59:56,Porto alegre
Carlos lima,2023-07-16,,Monitor,120.0,2,,0:02:04,Belo horizonte
Carlos lima,2023-09-11,,Cadeira,1200.0,3,10500,01:34:17,Porto alegre
Pedro alves,2024-03-23,,Monitor,1200.0,0,,,Rio de janeiro
João silva,2023-09-15,,Cadeira,800.0,0,,,Rio de janeiro
Carlos lima,2024-02-22,Masculino,Monitor,800.0,0,10500,,Rio de janeiro
Maria souza,0023-10-09,,Teclado,120.0,0,,,Rio de janeiro
Maria souza,2024-07-25,,Monitor,50.0,1,100,,Curitiba
João silva,2024-08-26,,Teclado,3500.0,1,2400,,Rio de janeiro
João silva,2024-10-28,,Mouse,1200.0,3,800,01:49:59,São paulo
Carlos lima,2023-12-08,,Notebook,50.0,3,360,00:06:16,Rio de janeiro
Maria souza,2024-11-05,Masculino,Teclado,1200.0,2,96,0:03:35,Belo horizonte
Pedro alves,2024-06-13,Masculino,Teclado,3500.0,1,2400,,Rio de janeiro
Pedro alves,0023-08-21,,Mouse,3500.0,3,50,00:02:20,Rio de janeiro
Maria souza,2024-05-09,,Cadeira,50.0,2,,0:00:42,Porto alegre
Maria souza,0023-04-23,Masculino,Teclado,120.0,1,3500,,Porto alegre
Pedro alves,0024-08-15,,Notebook,3500.0,2,150,0:00:01,Rio de janeiro
João silva,2024-06-27,Masculino,Teclado,1200.0,0,2400,,Rio de janeiro
João silva,2024-08-14,,Cadeira,800.0,3,120,00:41:09,Porto alegre
João silva,2023-03-14,Masculino,Mouse,120.0,2,2400,0:01:58,Belo horizonte
Pedro alves,2024-06-14,Masculino,Cadeira,1200.0,2,2400,0:01:01,Porto alegre
Maria souza,2024-09-22,Masculino,Cadeira,800.0,2,240,0:03:30,São paulo
Maria souza,0023-02-01,,Cadeira,120.0,2,150,0:00:40,Curitiba
Carlos lima,0024-12-27,Masculino,Cadeira,800.0,0,150,,Curitiba
Maria souza,2023-06-21,Masculino,Cadeira,800.0,1,3500,,São paulo
Ana clara,0023-08-20,,Cadeira,800.0,3,3500,02:48:42,Porto alegre
Maria souza,2023-05-23,,Teclado,50.0,3,1600,01:23:14,Rio de janeiro
Carlos lima,2023-07-25,Masculino,Cadeira,1200.0,0,800,,Rio de janeiro
João silva,2024-03-05,,Teclado,3500.0,2,3500,0:03:07,Porto alegre
João silva,2024-06-23,,Mouse,800.0,0,50,,São paulo
João silva,2024-11-24,Masculino,Monitor,50.0,0,6973,,Rio de janeiro
Pedro alves,2023-02-03,Masculino,Monitor,1200.0,2,,0:02:18,Rio de janeiro
Carlos lima,2024-04-22,,Mouse,120.0,0,10500,,Rio de janeiro
Pedro alves,2024-07-06,,Monitor,50.0,0,6958,,Belo horizonte
Carlos lima,2024-04-19,,Mouse,800.0,1,2400,,Curitiba
João silva,2024-03-23,,Mouse,50.0,3,3500,00:46:43,São paulo
Carlos lima,2023-05-16,,Teclado,50.0,3,1200,02:44:34,Belo horizonte
João silva,0024-08-19,Masculino,Teclado,120.0,2,1600,0:00:06,Curitiba
Ana clara,2023-01-10,,Notebook,50.0,0,1600,,Porto alegre
Maria souza,2024-08-20,Masculino,Mouse,50.0,0,800,,São paulo
Pedro alves,2024-02-14,,Teclado,800.0,0,800,,Porto alegre
Carlos lima,2024-12-23,Masculino,Teclado,50.0,3,,02:58:30,Belo horizonte
Ana clara,2023-04-06,,Mouse,120.0,0,,,Porto alegre
Maria souza,2023-02-24,,Notebook,3500.0,1,120,,Belo horizonte
Pedro alves,2023-04-14,Masculino,Mouse,800.0,0,,,Porto alegre
Carlos lima,2024-10-05,,Notebook,800.0,1,360,,São paulo
Carlos lima,2023-01-19,Masculino,Notebook,800.0,1,,,Curitiba
João silva,2024-10-11,Masculino,Mouse,120.0,1,100,,Curitiba
João silva,2024-09-07,Masculino,Teclado,120.0,2,,0:02:29,São paulo
Maria souza,2023-07-09,Masculino,Monitor,3500.0,0,,,São paulo
Maria souza,2023-12-02,Masculino,Monitor,120.0,2,,0:03:10,São paulo
Pedro alves,2023-11-21,,Teclado,1200.0,1,,,Rio de janeiro
Pedro alves,2023-10-23,Masculino,Monitor,1200.0,1,7000,,Belo horizonte
Pedro alves,2023-10-16,,Mouse,50.0,1,360,,Porto alegre
Pedro alves,2023-01-21,,Notebook,3500.0,0,,,Porto alegre
Pedro alves,2024-10-23,,Monitor,120.0,1,10500,,Belo horizonte
Maria souza,2023-04-03,Masculino,Teclado,120.0,2,50,0:03:43,Porto alegre
Pedro alves,2023-10-01,,Monitor,3500.0,1,360,,São paulo
Pedro alves,0024-09-15,Masculino,Cadeira,3500.0,1,800,,Rio de janeiro
Pedro alves,2023-04-19,,Notebook,1200.0,2,360,0:01:25,Porto alegre
Ana clara,2024-04-03,,Mouse,3500.0,3,3600,02:10:12,São paulo
Carlos lima,2024-08-20,Masculino,Mouse,50.0,1,1600,,São paulo
Maria souza,2024-04-27,,Notebook,3500.0,2,120,0:00:24,Porto alegre
Maria souza,2024-02-24,Masculino,Notebook,800.0,0,85,,Porto alegre
Ana clara,0023-12-28,Masculino,Monitor,1200.0,1,240,,Rio de janeiro
Pedro alves,2023-04-04,,Teclado,3500.0,3,7000,02:10:09,Curitiba
Pedro alves,0024-06-28,,Mouse,50.0,1,1200,,Porto alegre
Pedro alves,2023-06-09,,Teclado,120.0,3,1200,00:48:19,Belo horizonte
Pedro alves,2023-11-07,,Teclado,50.0,0,360,,Porto alegre
Pedro alves,2024-12-15,,Notebook,1200.0,2,1200,0:03:03,Curitiba
Pedro alves,2023-06-15,,Monitor,800.0,0,2400,,São paulo
Pedro alves,2024-06-11,,Monitor,120.0,1,,,Rio de janeiro
Carlos lima,0023-11-08,Masculino,Teclado,1200.0,1,10500,,São paulo
João silva,0023-11-09,,Mouse,120.0,0,100,,Belo horizonte
Pedro alves,0024-07-11,,Notebook,120.0,0,50,,Porto alegre
Maria souza,2023-06-16,,Monitor,50.0,3,1575,02:23:14,Belo horizonte
Carlos lima,2024-08-19,Masculino,Mouse,50.0,3,,01:21:39,Curitiba
Carlos lima,2023-08-27,Masculino,Monitor,50.0,3,1600,02:47:37,São paulo
Carlos lima,0024-07-09,,Teclado,800.0,3,50,01:26:57,Porto alegre
João silva,2024-04-01,Masculino,Teclado,120.0,0,,,Curitiba
Carlos lima,2023-01-04,Masculino,Teclado,3500.0,1,3600,,Belo horizonte
Carlos lima,2024-07-26,Masculino,Teclado,1200.0,1,800,,Belo horizonte
Carlos lima,2023-03-14,Masculino,Mouse,120.0,2,7000,0:00:20,Curitiba
Ana clara,2023-02-18,Masculino,Cadeira,1200.0,1,240,,Belo horizonte
Maria souza,2024-06-08,Masculino,Monitor,3500.0,3,,00:47:29,Belo horizonte
Maria souza,2024-09-28,,Cadeira,3500.0,3,240,01:31:46,Curitiba
Pedro alves,2024-05-08,,Cadeira,3500.0,2,,0:02:13,Belo horizonte
Pedro alves,0024-11-21,Masculino,Cadeira,1200.0,2,1600,0:01:07,Curitiba
Pedro alves,2024-01-11,Masculino,Cadeira,1200.0,1,1600,,Curitiba
Carlos lima,0024-07-17,Masculino,Notebook,800.0,1,,,Porto alegre
Pedro alves,2023-02-19,Masculino,Monitor,3500.0,2,2383,0:01:40,Porto alegre
Ana clara,0023-06-09,Masculino,Notebook,1200.0,1,800,,Porto alegre
Ana clara,2024-05-10,,Cadeira,120.0,3,3600,02:40:28,São paulo
Ana clara,2023-10-20,,Notebook,800.0,0,240,,Porto alegre
Carlos lima,0024-10-15,Masculino,Teclado,3500.0,0,1200,,Porto alegre
João silva,2023-01-27,Masculino,Monitor,800.0,0,1649,,Porto alegre
João silva,2023-11-11,Masculino,Monitor,1200.0,3,50,02:45:44,Rio de janeiro
João silva,2024-01-11,Masculino,Cadeira,3500.0,1,,,Porto alegre
Pedro alves,0024-04-13,,Teclado,1200.0,0,2400,,São paulo
Pedro alves,0024-05-03,Masculino,Teclado,1200.0,3,,01:35:08,Porto alegre
Carlos lima,0024-04-27,Masculino,Teclado,120.0,2,2400,0:02:44,Belo horizonte
Maria souza,2024-05-23,Masculino,Monitor,3500.0,2,,0:00:17,Rio de janeiro
Maria souza,2023-12-11,Masculino,Cadeira,3500.0,2,10530,0:01:28,São paulo
Ana clara,2024-03-18,Masculino,Monitor,50.0,1,2405,,Porto alegre
Carlos lima,2023-02-20,,Mouse,1200.0,0,1159,,Porto alegre
Maria souza,0024-09-12,,Teclado,120.0,0,1200,,Belo horizonte
Carlos lima,2023-09-01,Masculino,Mouse,50.0,0,360,,Porto alegre
Carlos lima,0024-02-08,Masculino,Notebook,120.0,0,240,,São paulo
Carlos lima,2024-01-18,Masculino,Mouse,1200.0,3,3600,00:04:26,Rio de janeiro
Pedro alves,2024-11-28,Masculino,Teclado,50.0,3,,02:41:33,Rio de janeiro
Ana clara,2024-10-02,,Mouse,800.0,3,800,00:53:08,Belo horizonte
Ana clara,2024-09-06,Masculino,Mouse,120.0,2,1600,0:01:22,Belo horizonte
Pedro alves,2024-09-03,,Monitor,3500.0,0,,,São paulo
Pedro alves,2023-08-27,,Teclado,50.0,1,240,,Belo horizonte
Pedro alves,2024-12-04,Masculino,Cadeira,800.0,2,150,0:02:36,Belo horizonte
Pedro alves,2023-09-05,Masculino,Mouse,1200.0,1,150,,Porto alegre
Maria souza,0023-03-03,Masculino,Monitor,120.0,1,10500,,São paulo
Pedro alves,0024-09-24,Masculino,Monitor,50.0,2,1600,0:02:31,Rio de janeiro
Carlos lima,2024-12-07,Masculino,Mouse,50.0,3,,00:27:01,Belo horizonte
João silva,2024-12-14,Masculino,Teclado,50.0,2,240,0:00:01,Rio de janeiro
Maria souza,0024-08-01,,Teclado,50.0,1,,,São paulo
João silva,2024-11-07,,Mouse,800.0,0,,,São paulo
João silva,2023-05-01,Masculino,Teclado,1200.0,0,750,,Belo horizonte
Carlos lima,2023-10-22,,Teclado,800.0,1,1600,,Curitiba
Maria souza,0024-12-24,Masculino,Mouse,3500.0,3,39,00:57:55,Belo horizonte
Ana clara,2024-02-06,,Monitor,120.0,1,240,,Porto alegre
João silva,0023-05-05,Masculino,Teclado,800.0,3,,01:04:24,São paulo
João silva,2023-03-23,Masculino,Monitor,120.0,1,2400,,Porto alegre
João silva,2024-11-01,Masculino,Teclado,1200.0,2,,0:00:11,São paulo
Maria souza,2024-01-10,,Notebook,1200.0,1,,,Belo horizonte
Carlos lima,2024-01-15,Masculino,Notebook,120.0,2,120,0:02:00,São paulo
Maria souza,2023-04-21,Masculino,Teclado,50.0,2,800,0:02:26,São paulo
Pedro alves,2023-12-21,,Notebook,3500.0,1,120,,Belo horizonte
Pedro alves,0024-07-11,Masculino,Mouse,800.0,1,3600,,Porto alegre
Maria souza,2024-05-23,,Monitor,800.0,2,3600,0:03:48,Belo horizonte
Maria souza,2023-06-03,Masculino,Teclado,800.0,2,3600,0:03:14,Curitiba
Carlos lima,2024-05-03,,Mouse,120.0,3,10500,02:04:49,Porto alegre
João silva,2024-12-27,Masculino,Mouse,50.0,0,240,,Rio de janeiro
Maria souza,2023-02-25,Masculino,Cadeira,3500.0,1,,,Belo horizonte
Maria souza,0024-02-06,Masculino,Monitor,800.0,2,1600,0:00:02,Curitiba
Pedro alves,2024-01-23,,Mouse,120.0,1,7000,,Porto alegre
Carlos lima,2024-01-03,,Cadeira,50.0,0,100,,Porto alegre
João silva,0023-04-04,,Monitor,50.0,3,2400,01:45:00,Rio de janeiro
Ana clara,0024-05-18,,Notebook,800.0,2,7000,0:03:05,Curitiba
Maria souza,0024-10-25,Masculino,Monitor,50.0,2,62,0:01:32,São paulo
Ana clara,0024-11-12,Masculino,Mouse,50.0,1,800,,Porto alegre
Carlos lima,2024-04-27,Masculino,Mouse,3500.0,0,150,,Porto alegre
João silva,2023-04-01,,Monitor,3500.0,2,100,0:00:17,Curitiba
Pedro alves,2023-02-04,Masculino,Teclado,1200.0,0,3500,,Curitiba
Pedro alves,2024-05-18,Masculino,Cadeira,3500.0,3,,00:41:17,Belo horizonte
Maria souza,2024-08-27,Masculino,Teclado,120.0,1,150,,Curitiba
Pedro alves,2023-02-28,,Cadeira,3500.0,3,150,01:08:02,Curitiba
Pedro alves,2024-09-06,,Notebook,120.0,0,,,Belo horizonte
João silva,0023-08-08,,Mouse,1200.0,2,7000,0:03:38,Belo horizonte
Maria souza,2023-10-03,,Teclado,3500.0,1,3500,,Belo horizonte
Ana clara,2024-03-17,,Mouse,3500.0,2,1600,0:00:41,São paulo
João silva,2024-09-08,,Monitor,1200.0,0,,,Rio de janeiro
João silva,2024-10-05,,Cadeira,3500.0,1,50,,São paulo
Pedro alves,2024-12-02,Masculino,Cadeira,1200.0,1,3601,,Belo horizonte
Pedro alves,2023-02-18,,Monitor,50.0,2,150,0:00:06,Curitiba
Carlos lima,2023-12-14,,Cadeira,120.0,3,2400,02:43:41,Curitiba
Ana clara,0023-04-07,Masculino,Monitor,1200.0,0,50,,Curitiba
Carlos lima,2024-11-03,Masculino,Cadeira,3500.0,1,120,,Porto alegre
Carlos lima,0023-08-04,,Teclado,3500.0,3,800,02:45:24,Porto alegre
João silva,2024-09-14,,Teclado,1200.0,0,2400,,Curitiba
Ana clara,2024-03-19,Masculino,Mouse,50.0,1,800,,Belo horizonte
Ana clara,2023-11-16,Masculino,Mouse,1200.0,0,3520,,Belo horizonte
Pedro alves,2024-12-05,Masculino,Cadeira,120.0,1,,,São paulo
Maria souza,2023-07-16,Masculino,Mouse,1200.0,1,2422,,Rio de janeiro
Maria souza,0023-02-07,,Mouse,120.0,0,7000,,São paulo
Ana clara,0024-07-09,,Teclado,50.0,3,120,00:04:41,Rio de janeiro
Maria souza,2024-12-24,,Notebook,800.0,2,342,0:00:08,Rio de janeiro
Maria souza,0023-12-16,,Monitor,800.0,0,150,,Belo horizonte
Carlos lima,2024-08-07,Masculino,Notebook,50.0,1,1600,,Curitiba
Carlos lima,2024-12-09,,Notebook,3500.0,2,,0:02:28,Curitiba
Carlos lima,0023-03-20,,Teclado,800.0,3,120,01:27:13,Porto alegre
Ana clara,2024-08-28,,Cadeira,800.0,3,,00:55:48,São paulo
Ana clara,2024-01-28,,Cadeira,1200.0,3,7000,02:13:31,Rio de janeiro
Carlos lima,2023-06-14,Masculino,Notebook,3500.0,3,254,00:56:37,Curitiba
João silva,2024-12-16,,Mouse,120.0,3,,02:48:16,Rio de janeiro
João silva,0023-11-23,,Teclado,120.0,3,2400,01:53:05,Porto alegre
Maria souza,0024-02-27,Masculino,Mouse,1200.0,2,10500,0:03:02,São paulo
Pedro alves,2024-09-05,,Monitor,3500.0,1,2400,,Rio de janeiro
Pedro alves,2024-05-01,,Teclado,800.0,3,,00:23:06,São paulo
Ana clara,0023-04-13,Masculino,Cadeira,800.0,3,3600,02:41:09,São paulo
Pedro alves,2023-08-25,Masculino,Teclado,3500.0,3,2400,00:49:03,Rio de janeiro
Pedro alves,2023-05-01,Masculino,Monitor,1200.0,1,360,,Belo horizonte
Carlos lima,2023-01-25,Masculino,Cadeira,3500.0,3,1217,02:23:37,Belo horizonte
Maria souza,0023-08-23,,Monitor,120.0,0,150,,Rio de janeiro
Ana clara,2024-10-02,,Monitor,800.0,0,2400,,São paulo
Pedro alves,2024-07-01,Masculino,Notebook,3500.0,0,1612,,Rio de janeiro
Carlos lima,2024-12-15,,Mouse,3500.0,3,150,02:26:38,Porto alegre
Pedro alves,2024-06-03,Masculino,Cadeira,800.0,0,2400,,Belo horizonte
Pedro alves,2023-12-04,Masculino,Cadeira,3500.0,3,,00:28:36,Rio de janeiro
Ana clara,2024-01-01,Masculino,Mouse,50.0,3,1600,02:29:32,Porto alegre
Ana clara,2023-03-12,Masculino,Teclado,3500.0,2,,0:03:35,São paulo
Carlos lima,2023-06-10,,Notebook,120.0,3,,01:40:20,Belo horizonte
Ana clara,0024-09-25,Masculino,Cadeira,50.0,3,800,01:04:36,São paulo
Carlos lima,0023-06-10,,Teclado,3500.0,3,,02:26:33,São paulo
Pedro alves,2023-09-05,,Mouse,1200.0,2,,0:01:38,Porto alegre
Carlos lima,2024-04-19,,Mouse,800.0,1,,,Porto alegre
Carlos lima,2024-09-23,,Cadeira,1200.0,2,7000,0:03:45,Belo horizonte
Maria souza,2024-08-06,Masculino,Notebook,3500.0,2,100,0:03:58,São paulo
Ana clara,2023-08-01,,Notebook,800.0,3,50,02:10:26,Curitiba
Maria souza,0023-10-07,Masculino,Teclado,1200.0,0,800,,Curitiba
Carlos lima,2023-06-07,Masculino,Monitor,50.0,0,150,,Curitiba
Carlos lima,2024-02-08,,Teclado,800.0,0,,,Rio de janeiro
Ana clara,0023-05-27,,Teclado,3500.0,0,117,,São paulo
Pedro alves,2023-05-04,,Mouse,1200.0,2,360,0:02:49,Belo horizonte
Carlos lima,2024-09-01,Masculino,Teclado,50.0,2,1200,0:03:09,Porto alegre
Carlos lima,2023-07-11,,Teclado,800.0,0,360,,São paulo
Ana clara,2024-08-15,Masculino,Teclado,3500.0,0,2400,,Curitiba
Ana clara,2023-11-12,,Teclado,800.0,1,2400,,Rio de janeiro
Carlos lima,2024-09-04,,Monitor,1200.0,0,,,Rio de janeiro
Carlos lima,2023-02-27,,Cadeira,1200.0,0,1224,,Rio de janeiro
Maria souza,2023-12-13,,Notebook,120.0,0,,,São paulo
Maria souza,2023-12-11,Masculino,Notebook,120.0,2,,0:00:14,Curitiba
Carlos lima,0024-12-13,,Monitor,3500.0,3,7000,02:11:28,São paulo
Pedro alves,0024-08-11,,Mouse,120.0,1,360,,Curitiba
João silva,0023-05-27,,Monitor,800.0,1,2400,,Belo horizonte
Carlos lima,2023-03-05,,Cadeira,50.0,3,,02:40:26,Porto alegre
Carlos lima,2024-08-19,,Notebook,50.0,1,50,,Curitiba
Maria souza,0023-07-13,Masculino,Monitor,1200.0,3,800,02:06:15,Porto alegre
Maria souza,2024-01-12,,Teclado,50.0,2,2400,0:00:06,Rio de janeiro
Pedro alves,2023-06-28,Masculino,Mouse,800.0,2,,0:01:47,Belo horizonte
Pedro alves,2023-04-16,Masculino,Monitor,50.0,2,2400,0:02:36,Belo horizonte
Ana clara,0024-04-16,,Teclado,120.0,3,7000,00:11:18,Belo horizonte
João silva,0024-04-06,,Teclado,3500.0,0,100,,São paulo
Maria souza,2024-08-12,,Monitor,50.0,1,360,,São paulo
Maria souza,2023-03-13,,Cadeira,3500.0,0,,,Belo horizonte
Maria souza,0024-08-06,Masculino,Teclado,1200.0,3,1200,02:17:33,São paulo
Pedro alves,2024-11-10,,Cadeira,800.0,2,,0:03:08,Rio de janeiro
Pedro alves,2024-02-08,Masculino,Teclado,50.0,1,150,,São paulo
Ana clara,2024-04-20,Masculino,Teclado,120.0,1,7000,,São paulo
Ana clara,2024-10-17,,Mouse,120.0,3,60,02:28:13,Rio de janeiro
Carlos lima,2023-12-22,Masculino,Notebook,3500.0,2,2400,0:00:18,Rio de janeiro
Ana clara,2024-02-27,Masculino,Cadeira,800.0,0,,,Belo horizonte
Ana clara,2024-09-26,,Monitor,120.0,0,3600,,Curitiba
Maria souza,2023-08-07,Masculino,Mouse,800.0,0,50,,Belo horizonte
João silva,2023-02-25,,Monitor,1200.0,2,7000,0:02:20,Curitiba
João silva,2023-10-07,,Cadeira,1200.0,3,2400,01:27:29,Rio de janeiro
Pedro alves,2024-11-04,,Teclado,1200.0,3,120,01:26:09,Belo horizonte
João silva,2023-02-26,Masculino,Mouse,3500.0,1,800,,Curitiba
João silva,0023-12-10,,Cadeira,800.0,3,2400,02:05:26,Belo horizonte
João silva,2024-12-20,Masculino,Mouse,3500.0,1,150,,Curitiba
João silva,2024-08-04,,Teclado,3500.0,1,100,,Belo horizonte
Maria souza,0024-03-22,,Mouse,3500.0,1,120,,São paulo
João silva,2023-10-21,,Notebook,3500.0,3,,00:14:14,Belo horizonte
Pedro alves,2023-12-11,Masculino,Notebook,1200.0,3,,00:04:01,São paulo
Ana clara,2023-11-08,,Cadeira,800.0,0,100,,Curitiba
Pedro alves,2024-02-15,,Mouse,50.0,0,2400,,Curitiba
Pedro alves,2024-11-05,Masculino,Monitor,1200.0,1,,,Curitiba
Carlos lima,2024-04-18,Masculino,Cadeira,3500.0,0,7048,,Curitiba
Carlos lima,0024-10-18,,Mouse,800.0,3,,02:37:36,Porto alegre
Carlos lima,2024-04-27,,Notebook,800.0,3,100,02:28:50,Rio de janeiro
João silva,0023-07-24,Masculino,Notebook,50.0,2,360,0:01:07,Curitiba
Ana clara,2023-08-08,Masculino,Mouse,3500.0,3,360,01:16:41,Rio de janeiro
Carlos lima,2023-03-05,Masculino,Teclado,3500.0,2,,0:01:44,São paulo
Ana clara,2023-04-27,,Cadeira,120.0,3,1600,01:16:53,Rio de janeiro
Ana clara,2023-09-08,Masculino,Teclado,120.0,0,10500,,Curitiba
Ana clara,2024-01-18,Masculino,Monitor,800.0,2,,0:01:01,Porto alegre
Ana clara,2023-08-18,,Mouse,1200.0,3,3600,00:44:33,Rio de janeiro
Ana clara,2023-11-15,Masculino,Mouse,50.0,3,120,00:42:50,Porto alegre
Pedro alves,2024-11-04,,Mouse,800.0,2,1200,0:02:53,Rio de janeiro
Maria souza,2024-05-11,,Notebook,50.0,3,4,01:04:42,Porto alegre
Ana clara,0024-04-08,Masculino,Notebook,1200.0,3,357,02:14:41,Belo horizonte
Ana clara,2023-02-20,Masculino,Mouse,1200.0,2,100,0:00:07,Belo horizonte
Carlos lima,0024-02-07,,Notebook,3500.0,3,3500,00:52:27,Rio de janeiro
Carlos lima,2024-10-25,Masculino,Monitor,1200.0,3,50,01:21:59,Porto alegre
Pedro alves,2023-10-23,Masculino,Teclado,50.0,3,,00:53:45,Belo horizonte
Maria souza,0024-11-19,,Mouse,50.0,0,87,,Rio de janeiro
Maria souza,2023-12-07,,Teclado,800.0,0,,,São paulo
Carlos lima,2023-05-21,Masculino,Cadeira,800.0,0,1168,,Porto alegre
João silva,2023-06-16,,Teclado,800.0,2,360,0:03:46,Curitiba
Maria souza,2024-09-17,Masculino,Teclado,50.0,0,10484,,Belo horizonte
Maria souza,2024-09-16,,Teclado,120.0,3,1200,00:07:46,São paulo
Carlos lima,2024-07-07,Masculino,Cadeira,800.0,3,3485,00:59:51,Belo horizonte
Carlos lima,2024-04-26,,Mouse,800.0,3,,00:59:57,Rio de janeiro
Ana clara,0023-09-27,,Monitor,50.0,0,240,,Rio de janeiro
Carlos lima,2024-04-19,Masculino,Mouse,120.0,3,240,02:09:57,Rio de janeiro
Carlos lima,0024-03-23,Masculino,Notebook,800.0,3,10500,00:51:37,Porto alegre
João silva,0024-01-25,,Teclado,1200.0,2,1600,0:01:13,São paulo
João silva,2023-10-07,Masculino,Monitor,50.0,1,360,,Porto alegre
Pedro alves,2024-09-24,,Mouse,1200.0,2,240,0:00:44,Belo horizonte
João silva,0023-06-04,,Cadeira,800.0,2,,0:02:33,Belo horizonte
Ana clara,0023-07-06,,Teclado,50.0,2,800,0:01:28,Porto alegre
Carlos lima,2023-10-27,Masculino,Monitor,50.0,3,2400,00:02:23,Belo horizonte
Pedro alves,0024-05-11,Masculino,Cadeira,1200.0,0,360,,Belo horizonte
João silva,2023-10-01,Masculino,Cadeira,1200.0,3,3600,01:53:22,Rio de janeiro
Ana clara,2024-05-03,,Monitor,3500.0,1,120,,São paulo
João silva,2024-07-28,,Teclado,3500.0,1,1200,,Porto alegre
João silva,2023-03-04,,Teclado,1200.0,2,7000,0:00:31,Curitiba
Carlos lima,2023-03-07,Masculino,Notebook,3500.0,3,360,00:50:05,Curitiba
Maria souza,2023-12-18,Masculino,Cadeira,800.0,0,249,,Porto alegre
Ana clara,0023-08-10,Masculino,Cadeira,3500.0,1,1600,,São paulo
João silva,2024-10-04,Masculino,Teclado,120.0,1,120,,Curitiba
Ana clara,2024-03-25,,Cadeira,1200.0,2,1200,0:00:44,Rio de janeiro
João silva,2023-10-26,,Teclado,1200.0,3,3586,01:50:35,Rio de janeiro
Maria souza,2023-02-04,Masculino,Teclado,50.0,3,150,01:50:22,Curitiba
Ana clara,2024-10-28,Masculino,Cadeira,800.0,1,150,,São paulo
Ana clara,2024-06-12,Masculino,Monitor,800.0,3,1179,01:04:31,Belo horizonte
Maria souza,2024-02-03,,Notebook,50.0,3,120,01:24:58,Porto alegre
Maria souza,2023-05-16,Masculino,Monitor,120.0,2,360,0:01:49,Porto alegre
João silva,0024-02-03,,Mouse,800.0,1,,,Belo horizonte
João silva,2023-12-01,,Teclado,50.0,3,,02:53:33,Porto alegre
Carlos lima,2023-02-14,,Mouse,3500.0,0,1600,,Porto alegre
João silva,2023-07-19,Masculino,Monitor,50.0,0,240,,Porto alegre
Pedro alves,0024-10-03,Masculino,Notebook,3500.0,2,50,0:02:38,Belo horizonte
João silva,2023-09-02,Masculino,Cadeira,1200.0,2,3600,0:02:25,Rio de janeiro
Pedro alves,0024-10-19,Masculino,Teclado,50.0,3,10500,02:17:43,São paulo
Ana clara,2024-06-02,Masculino,Teclado,800.0,2,10500,0:02:53,Rio de janeiro
Maria souza,2023-01-02,Masculino,Teclado,3500.0,2,240,0:02:27,Rio de janeiro
Maria souza,0023-09-21,,Notebook,1200.0,3,1600,01:47:42,Rio de janeiro
João silva,0023-09-27,Masculino,Mouse,120.0,2,1600,0:00:20,Porto alegre
Maria souza,2024-03-02,Masculino,Cadeira,800.0,2,1600,0:03:38,Curitiba
Pedro alves,0023-10-06,Masculino,Notebook,800.0,2,,0:00:55,Belo horizonte
Ana clara,0024-01-06,,Mouse,120.0,2,3595,0:00:47,Rio de janeiro
Maria souza,0024-12-08,Masculino,Teclado,3500.0,2,,0:01:43,Belo horizonte
Ana clara,2023-09-19,,Cadeira,3500.0,3,1200,00:29:25,Belo horizonte
Ana clara,2024-08-26,Masculino,Mouse,120.0,1,48,,Rio de janeiro
Ana clara,2023-07-05,,Cadeira,120.0,1,7000,,São paulo
Carlos lima,2024-08-04,Masculino,Monitor,800.0,1,1553,,São paulo
Carlos lima,2024-02-04,Masculino,Teclado,800.0,0,2400,,Curitiba
Pedro alves,2024-07-26,Masculino,Notebook,1200.0,2,240,0:01:29,São paulo
João silva,0023-04-01,,Mouse,50.0,0,,,Rio de janeiro
Ana clara,2024-10-11,,Monitor,1200.0,2,,0:00:19,Belo horizonte
Carlos lima,2023-03-20,,Teclado,800.0,3,2400,01:49:21,Belo horizonte
Carlos lima,2024-08-04,,Teclado,120.0,1,100,,Curitiba
Pedro alves,0023-07-12,Masculino,Teclado,50.0,1,235,,Rio de janeiro
Maria souza,2024-10-12,,Cadeira,1200.0,1,,,Porto alegre
Pedro alves,0023-10-09,,Mouse,1200.0,3,2400,02:45:26,Porto alegre
Pedro alves,2024-03-10,Masculino,Monitor,120.0,3,150,02:05:57,São paulo
João silva,2023-07-27,Masculino,Mouse,120.0,0,3600,,Belo horizonte
Maria souza,0024-12-09,Masculino,Mouse,120.0,1,150,,Belo horizonte
Pedro alves,2024-11-05,,Notebook,800.0,0,,,Porto alegre
Carlos lima,0023-10-22,,Monitor,800.0,0,360,,Curitiba
Pedro alves,2023-09-02,Masculino,Mouse,50.0,2,2400,0:00:04,Porto alegre
Pedro alves,2024-07-03,Masculino,Cadeira,3500.0,1,50,,Belo horizonte
Ana clara,0023-10-16,,Notebook,50.0,3,55,01:28:37,Porto alegre
João silva,0023-01-26,Masculino,Notebook,120.0,2,,0:00:25,Rio de janeiro
João silva,2024-10-23,Masculino,Cadeira,50.0,0,10500,,Porto alegre
Pedro alves,0024-05-11,,Notebook,1200.0,2,800,0:01:20,Belo horizonte
Ana clara,2023-04-08,,Notebook,120.0,3,,01:18:22,São paulo
João silva,2023-08-08,,Mouse,800.0,2,1600,0:00:07,Rio de janeiro
Ana clara,2023-03-15,Masculino,Mouse,800.0,0,3500,,Porto alegre
Pedro alves,2023-10-10,Masculino,Notebook,120.0,3,,02:03:31,São paulo
Carlos lima,2023-03-05,,Teclado,1200.0,3,,02:15:30,São paulo
Maria souza,2024-09-13,Masculino,Monitor,800.0,3,757,01:50:18,Curitiba
Maria souza,2023-03-07,Masculino,Mouse,1200.0,3,2400,01:33:44,São paulo
Maria souza,2024-08-04,Masculino,Notebook,1200.0,0,,,Curitiba
Carlos lima,0024-11-09,,Monitor,50.0,3,1600,00:35:38,Belo horizonte
Carlos lima,2023-06-02,,Teclado,120.0,1,1600,,Belo horizonte
Ana clara,2024-09-03,Masculino,Monitor,50.0,1,,,Rio de janeiro
Maria souza,2024-10-05,,Cadeira,3500.0,0,10500,,Rio de janeiro
Pedro alves,0023-10-23,Masculino,Teclado,800.0,2,360,0:01:57,São paulo
João silva,2024-04-20,Masculino,Cadeira,800.0,2,7000,0:03:17,Porto alegre
João silva,0023-05-16,,Mouse,50.0,1,,,Porto alegre
Ana clara,2024-04-17,,Notebook,120.0,1,10500,,Belo horizonte
Ana clara,0024-10-25,Masculino,Cadeira,3500.0,3,50,01:49:49,Porto alegre
Carlos lima,2023-12-09,Masculino,Mouse,120.0,1,150,,São paulo
Carlos lima,2024-08-16,Masculino,Monitor,50.0,3,3612,01:05:28,Curitiba
Carlos lima,2024-05-05,,Monitor,50.0,3,,02:01:08,São paulo
Carlos lima,0023-03-27,Masculino,Monitor,50.0,2,240,0:02:59,São paulo
Carlos lima,2023-04-08,,Notebook,800.0,0,,,Belo horizonte
Pedro alves,2023-09-01,Masculino,Monitor,120.0,2,124,0:03:27,Rio de janeiro
Ana clara,0024-09-12,,Mouse,1200.0,0,3500,,Belo horizonte
Pedro alves,2023-10-09,,Cadeira,3500.0,1,,,Rio de janeiro
Pedro alves,2024-03-21,Masculino,Monitor,120.0,1,,,Curitiba
Carlos lima,2024-11-14,,Cadeira,3500.0,3,86,00:56:57,Curitiba
Carlos lima,2023-12-24,Masculino,Notebook,1200.0,2,150,0:00:29,Rio de janeiro
Carlos lima,0023-09-27,,Teclado,800.0,0,50,,São paulo
Carlos lima,2024-03-03,Masculino,Cadeira,50.0,0,3600,,Porto alegre
Pedro alves,0023-08-20,,Cadeira,800.0,3,360,01:24:31,São paulo
Carlos lima,2023-09-12,,Teclado,1200.0,0,10500,,Rio de janeiro
Maria souza,0023-10-13,Masculino,Notebook,3500.0,0,800,,Curitiba
Ana clara,0024-01-21,,Monitor,3500.0,0,3600,,São paulo
João silva,2023-09-18,Masculino,Cadeira,3500.0,1,3500,,São paulo
João silva,2024-04-27,,Cadeira,1200.0,3,158,00:21:44,Rio de janeiro
Maria souza,2024-06-08,Masculino,Monitor,800.0,1,120,,São paulo
Maria souza,0024-04-03,,Monitor,3500.0,3,2400,02:45:26,São paulo
Carlos lima,2024-03-28,,Notebook,800.0,3,,02:21:14,Belo horizonte
Carlos lima,0023-01-01,Masculino,Cadeira,50.0,0,2401,,Porto alegre
Maria souza,0024-06-26,Masculino,Cadeira,1200.0,2,10500,0:02:02,Curitiba
Carlos lima,2023-06-18,Masculino,Cadeira,50.0,0,,,Porto alegre
Maria souza,0024-09-24,,Notebook,800.0,3,150,00:00:58,Belo horizonte
Carlos lima,2024-01-24,,Teclado,120.0,1,2384,,Curitiba
João silva,0024-07-20,,Notebook,3500.0,2,50,0:03:19,São paulo
João silva,0023-05-28,Masculino,Cadeira,50.0,2,3500,0:00:30,Porto alegre
Pedro alves,2024-11-11,Masculino,Monitor,1200.0,1,3600,,Belo horizonte
Ana clara,2023-10-05,,Mouse,800.0,0,,,Belo horizonte
Carlos lima,2024-12-27,,Notebook,50.0,0,10500,,Belo horizonte
Maria souza,0023-08-27,,Notebook,3500.0,2,216,0:02:38,São paulo
João silva,2024-09-15,Masculino,Mouse,3500.0,0,360,,São paulo
Pedro alves,2023-03-13,,Mouse,50.0,2,3500,0:02:27,Rio de janeiro
Pedro alves,0023-05-23,,Notebook,3500.0,2,3504,0:01:57,Rio de janeiro
Ana clara,0023-06-27,,Notebook,800.0,2,2400,0:03:46,Belo horizonte
Carlos lima,2024-06-14,,Teclado,120.0,1,360,,Rio de janeiro
Pedro alves,0023-11-03,Masculino,Teclado,120.0,1,,,Belo horizonte
Ana clara,0024-02-24,,Mouse,3500.0,2,,0:02:02,Rio de janeiro
Pedro alves,0024-10-11,Masculino,Monitor,3500.0,3,,00:35:13,Belo horizonte
Carlos lima,0023-11-18,Masculino,Teclado,50.0,0,150,,Belo horizonte
João silva,2024-09-18,,Monitor,1200.0,2,6977,0:03:06,Rio de janeiro
Carlos lima,2023-05-21,,Notebook,50.0,3,1561,00:06:07,Belo horizonte
Ana clara,2024-02-08,,Notebook,120.0,1,55,,Curitiba
Maria souza,2023-07-17,Masculino,Notebook,1200.0,0,120,,Porto alegre
Maria souza,2024-02-20,,Monitor,3500.0,2,10500,0:03:14,Porto alegre
João silva,2024-07-27,Masculino,Mouse,50.0,1,2428,,Belo horizonte
João silva,0024-06-26,,Mouse,50.0,0,2367,,São paulo
João silva,2024-09-18,,Cadeira,3500.0,0,7000,,Curitiba
João silva,0024-04-22,,Teclado,50.0,3,10500,01:30:07,São paulo
Pedro alves,2023-05-13,Masculino,Teclado,50.0,0,1188,,Belo horizonte
Pedro alves,2024-11-06,Masculino,Notebook,800.0,1,,,Curitiba
Maria souza,0024-01-25,Masculino,Monitor,120.0,0,50,,São paulo
João silva,0024-11-19,,Cadeira,800.0,0,1600,,Rio de janeiro
João silva,0023-02-18,Masculino,Mouse,1200.0,0,7000,,Rio de janeiro
Pedro alves,2024-01-11,Masculino,Cadeira,3500.0,2,10500,0:00:07,Porto alegre
João silva,2024-06-27,Masculino,Monitor,120.0,0,1200,,São paulo
Maria souza,0024-12-18,,Teclado,50.0,0,,,Rio de janeiro
João silva,0023-01-04,Masculino,Teclado,3500.0,0,,,São paulo
João silva,2024-12-22,Masculino,Teclado,50.0,3,800,01:38:51,Curitiba
João silva,0023-10-12,Masculino,Notebook,3500.0,2,6980,0:01:37,São paulo
João silva,2024-03-03,,Teclado,1200.0,2,3500,0:00:10,Porto alegre
João silva,2024-10-16,,Cadeira,120.0,3,2400,00:27:59,Belo horizonte
Maria souza,0023-01-21,Masculino,Cadeira,50.0,2,2400,0:00:42,Curitiba
Ana clara,2023-02-08,Masculino,Mouse,3500.0,3,150,00:34:00,Porto alegre
Ana clara,2024-10-23,Masculino,Cadeira,50.0,0,1600,,São paulo
Ana clara,2023-10-02,Masculino,Cadeira,1200.0,3,360,01:15:21,Rio de janeiro
Ana clara,2023-05-11,Masculino,Notebook,50.0,1,150,,Rio de janeiro
João silva,2023-09-22,,Mouse,3500.0,0,2400,,Rio de janeiro
João silva,2023-09-27,Masculino,Mouse,800.0,0,3500,,Curitiba
Pedro alves,2023-05-09,,Monitor,1200.0,0,,,São paulo
Pedro alves,2023-01-23,Masculino,Cadeira,50.0,1,240,,Belo horizonte
Maria souza,2024-02-16,Masculino,Teclado,800.0,2,,0:00:41,Porto alegre
João silva,2023-12-08,Masculino,Notebook,800.0,3,2400,00:17:00,São paulo
João silva,2024-08-23,Masculino,Monitor,800.0,2,360,0:00:35,Porto alegre
João silva,2023-10-10,Masculino,Notebook,120.0,1,240,,Belo horizonte
João silva,2023-07-19,,Mouse,50.0,3,7000,01:33:24,Rio de janeiro
João silva,2023-09-03,Masculino,Cadeira,50.0,1,10500,,Porto alegre
João silva,2023-04-13,Masculino,Monitor,800.0,3,3600,02:26:25,São paulo
João silva,2023-08-20,,Monitor,1200.0,3,7000,01:34:42,São paulo
João silva,0023-12-25,,Monitor,800.0,0,10500,,Curitiba
Ana clara,2024-03-04,,Teclado,800.0,3,100,02:37:46,Rio de janeiro
Carlos lima,0023-01-01,Masculino,Teclado,120.0,2,150,0:00:15,Rio de janeiro
Carlos lima,2024-11-06,Masculino,Teclado,120.0,1,240,,Curitiba
Carlos lima,2024-04-06,,Teclado,1200.0,2,800,0:01:06,São paulo
João silva,2023-06-26,,Cadeira,3500.0,2,,0:03:36,Curitiba
Pedro alves,0024-05-27,,Mouse,800.0,1,2400,,Belo horizonte
João silva,2024-08-08,Masculino,Notebook,800.0,3,791,00:32:26,Porto alegre
João silva,2024-03-27,,Monitor,800.0,3,800,01:01:47,Rio de janeiro
João silva,0023-06-25,,Notebook,1200.0,3,6954,00:11:46,São paulo
Ana clara,2024-05-21,,Teclado,3500.0,3,100,02:26:57,Rio de janeiro
Ana clara,0023-11-10,,Cadeira,50.0,0,,,São paulo
Pedro alves,0023-10-08,,Notebook,3500.0,1,1600,,Curitiba
Ana clara,0024-07-17,,Notebook,3500.0,0,3600,,Rio de janeiro
Pedro alves,0024-02-24,Masculino,Notebook,120.0,3,360,00:59:31,Curitiba
Carlos lima,0024-02-03,Masculino,Notebook,1200.0,3,120,00:00:27,Rio de janeiro
Maria souza,2023-10-15,,Teclado,50.0,3,114,01:37:16,São paulo
Maria souza,2024-09-14,Masculino,Mouse,50.0,1,50,,Rio de janeiro
Maria souza,2024-12-24,,Teclado,1200.0,2,2400,0:00:53,São paulo
João silva,2023-03-14,Masculino,Mouse,120.0,0,3500,,Rio de janeiro
Pedro alves,2023-01-06,,Cadeira,120.0,0,,,Curitiba
Maria souza,2023-07-22,Masculino,Monitor,3500.0,1,50,,Rio de janeiro
João silva,0024-09-20,,Monitor,1200.0,3,,00:46:11,Curitiba
João silva,2023-06-04,Masculino,Mouse,120.0,2,50,0:03:49,Curitiba
Carlos lima,2023-06-07,,Mouse,1200.0,0,120,,São paulo
Carlos lima,2024-12-27,,Notebook,3500.0,0,1600,,Belo horizonte
João silva,2023-07-16,Masculino,Mouse,120.0,1,120,,Belo horizonte
João silva,2023-03-07,Masculino,Mouse,120.0,2,10500,0:03:50,Belo horizonte
Maria souza,2024-06-14,Masculino,Monitor,3500.0,3,120,00:32:14,Rio de janeiro
Maria souza,2023-01-24,,Cadeira,120.0,2,3600,0:03:15,Porto alegre
Carlos lima,2024-11-20,Masculino,Cadeira,3500.0,3,7026,00:08:19,Curitiba
Maria souza,0024-08-14,,Cadeira,800.0,2,10514,0:03:19,Rio de janeiro
Pedro alves,2023-07-23,Masculino,Monitor,800.0,0,800,,Curitiba
João silva,2023-10-23,Masculino,Cadeira,120.0,3,3600,01:06:52,Curitiba
Maria souza,2024-11-20,,Cadeira,50.0,3,,00:02:19,Porto alegre
Maria souza,0023-07-06,,Cadeira,1200.0,2,10500,0:01:32,Rio de janeiro
Maria souza,2024-05-24,,Cadeira,1200.0,3,,02:44:49,Belo horizonte
Maria souza,2023-08-25,,Mouse,3500.0,0,360,,Belo horizonte
Maria souza,2024-09-18,,Mouse,50.0,0,100,,Porto alegre
Carlos lima,0023-06-04,,Cadeira,800.0,3,2400,00:39:48,São paulo
João silva,2023-08-04,Masculino,Notebook,3500.0,2,93,0:00:15,Belo horizonte
João silva,2023-09-11,,Teclado,50.0,2,,0:00:42,Porto alegre
João silva,0023-05-16,,Notebook,120.0,3,,00:44:41,Porto alegre
Ana clara,2024-10-08,,Cadeira,3500.0,3,,00:27:31,Rio de janeiro
Pedro alves,2024-05-09,,Teclado,50.0,2,1157,0:02:10,São paulo
Pedro alves,0023-05-08,,Cadeira,50.0,3,120,00:20:59,Rio de janeiro
Carlos lima,2024-11-13,Masculino,Cadeira,50.0,0,3559,,Belo horizonte
João silva,2023-07-03,Masculino,Mouse,1200.0,2,360,0:03:01,São paulo
João silva,2024-12-27,Masculino,Monitor,120.0,1,6983,,Porto alegre
Pedro alves,2023-05-09,,Teclado,3500.0,2,150,0:02:14,Rio de janeiro
Maria souza,2024-04-05,,Mouse,50.0,1,100,,Curitiba
Maria souza,0024-02-03,,Cadeira,120.0,2,3600,0:01:40,Curitiba
Maria souza,0023-09-27,Masculino,Teclado,50.0,1,,,Belo horizonte
Maria souza,2024-07-24,Masculino,Teclado,120.0,0,100,,Curitiba
João silva,0023-04-21,,Cadeira,50.0,0,100,,São paulo
Pedro alves,2023-12-25,Masculino,Monitor,3500.0,0,2400,,Belo horizonte
Ana clara,0023-02-24,,Mouse,800.0,1,1200,,São paulo
João silva,2024-08-09,Masculino,Teclado,120.0,0,3566,,São paulo
Carlos lima,2024-02-10,Masculino,Monitor,3500.0,0,1160,,Curitiba
Carlos lima,2024-04-25,Masculino,Notebook,50.0,0,7000,,Curitiba
Carlos lima,0023-11-02,,Notebook,50.0,1,800,,Rio de janeiro
Carlos lima,2024-05-05,Masculino,Mouse,120.0,2,10460,0:01:46,Porto alegre
Maria souza,2023-01-28,,Mouse,3500.0,1,360,,Belo horizonte
Maria souza,2024-09-22,Masculino,Teclado,800.0,3,100,01:12:10,Porto alegre
Carlos lima,2024-11-03,,Monitor,800.0,3,120,01:56:59,Rio de janeiro
Maria souza,0024-07-18,Masculino,Mouse,120.0,1,,,Porto alegre
Maria souza,2024-01-16,Masculino,Mouse,50.0,2,1600,0:02:28,São paulo
Maria souza,2023-09-17,,Cadeira,120.0,1,,,São paulo
Pedro alves,0023-08-24,,Monitor,3500.0,1,1600,,Belo horizonte
Pedro alves,0023-06-09,,Teclado,800.0,0,,,Rio de janeiro
Maria souza,2024-01-28,,Notebook,3500.0,1,239,,São paulo
Ana clara,2024-05-28,Masculino,Cadeira,3500.0,3,3600,01:29:09,Rio de janeiro
Carlos lima,2023-10-24,,Cadeira,3500.0,2,10512,0:01:08,Porto alegre
João silva,2023-04-11,,Teclado,1200.0,3,2400,01:53:39,Rio de janeiro
Ana clara,2023-10-11,Masculino,Teclado,800.0,1,133,,Porto alegre
Pedro alves,2023-05-02,,Mouse,120.0,1,,,Porto alegre
Pedro alves,0024-06-26,,Mouse,120.0,3,2400,00:22:31,Rio de janeiro
João silva,2023-03-26,,Mouse,120.0,2,800,0:02:10,Belo horizonte
Carlos lima,2023-10-01,Masculino,Notebook,800.0,0,836,,São paulo
Maria souza,0023-07-11,Masculino,Cadeira,50.0,1,2400,,Rio de janeiro
Maria souza,2024-12-16,Masculino,Notebook,800.0,0,360,,Porto alegre
João silva,2023-10-07,,Notebook,3500.0,0,,,São paulo
João silva,0024-01-07,Masculino,Notebook,120.0,3,2400,01:12:26,Porto alegre
Maria souza,2024-10-18,,Notebook,50.0,0,120,,Belo horizonte
Maria souza,2023-12-27,Masculino,Notebook,120.0,1,10509,,Curitiba
Pedro alves,2023-11-11,,Monitor,120.0,2,3600,0:00:15,Belo horizonte
Maria souza,0024-08-10,,Notebook,50.0,2,10500,0:01:53,Porto alegre
Ana clara,2024-07-05,,Cadeira,3500.0,3,2400,02:40:01,São paulo
Pedro alves,0023-08-27,Masculino,Notebook,120.0,0,2400,,Rio de janeiro
João silva,0024-07-01,,Monitor,800.0,3,1600,02:40:33,São paulo
Pedro alves,2023-05-15,Masculino,Cadeira,3500.0,3,2400,01:42:30,Curitiba
Carlos lima,0024-06-06,Masculino,Mouse,800.0,1,360,,Belo horizonte
Pedro alves,2023-09-28,,Monitor,120.0,3,10500,01:12:31,Rio de janeiro
Ana clara,2024-07-22,Masculino,Monitor,800.0,0,1200,,Curitiba
Pedro alves,2023-03-26,Masculino,Monitor,1200.0,1,100,,Porto alegre
Pedro alves,2023-07-28,Masculino,Teclado,1200.0,3,100,00:56:12,Curitiba
Pedro alves,2023-05-10,,Cadeira,800.0,2,240,0:02:01,Rio de janeiro
Maria souza,0023-11-02,Masculino,Monitor,800.0,2,6958,0:00:04,Curitiba
Carlos lima,2023-10-25,Masculino,Teclado,800.0,2,360,0:01:58,Rio de janeiro
Carlos lima,2023-06-01,Masculino,Teclado,50.0,3,,02:32:27,São paulo
Carlos lima,2023-07-20,,Cadeira,3500.0,2,,0:01:53,São paulo
Maria souza,2023-01-03,Masculino,Monitor,50.0,3,2400,00:54:39,Rio de janeiro
Pedro alves,2024-12-27,Masculino,Teclado,800.0,3,1600,02:19:29,Belo horizonte
Carlos lima,2023-06-22,Masculino,Mouse,3500.0,1,2400,,Curitiba
Maria souza,0024-11-13,Masculino,Notebook,50.0,2,3500,0:01:43,Belo horizonte
Pedro alves,2023-02-06,,Mouse,120.0,0,1600,,Curitiba
Carlos lima,2024-10-06,,Cadeira,1200.0,1,,,Rio de janeiro
Maria souza,2024-03-28,Masculino,Teclado,1200.0,2,223,0:01:00,Porto alegre
Pedro alves,0023-05-05,Masculino,Teclado,3500.0,0,1600,,Belo horizonte
João silva,2024-02-19,Masculino,Notebook,50.0,1,,,Porto alegre
João silva,2024-10-09,Masculino,Notebook,800.0,0,7000,,São paulo
Maria souza,0024-04-25,Masculino,Cadeira,1200.0,3,360,02:16:46,Curitiba
Pedro alves,2023-02-26,Masculino,Notebook,800.0,3,,02:41:01,São paulo
Ana clara,2023-10-03,,Monitor,1200.0,3,,01:57:47,Porto alegre
João silva,2024-01-21,,Notebook,3500.0,3,1200,00:49:39,Porto alegre
João silva,0024-04-23,Masculino,Notebook,1200.0,1,2400,,Curitiba
João silva,2023-07-15,Masculino,Notebook,1200.0,3,790,01:59:50,São paulo
João silva,2023-03-19,Masculino,Teclado,50.0,0,,,Porto alegre
Carlos lima,2024-03-02,,Notebook,50.0,0,10500,,Belo horizonte
Carlos lima,0024-09-22,Masculino,Mouse,1200.0,0,800,,Porto alegre
Pedro alves,2023-04-20,Masculino,Monitor,3500.0,2,1222,0:01:04,São paulo
Ana clara,0023-09-22,,Teclado,50.0,3,3600,01:23:45,São paulo
Carlos lima,2024-09-21,Masculino,Cadeira,1200.0,3,2400,00:52:13,Rio de janeiro
Maria souza,0024-12-01,,Monitor,120.0,0,2400,,Porto alegre
Maria souza,2024-07-07,Masculino,Cadeira,800.0,0,2400,,Belo horizonte
Pedro alves,0024-05-09,Masculino,Monitor,3500.0,1,10500,,São paulo
Carlos lima,0023-04-01,,Cadeira,3500.0,0,100,,Porto alegre
João silva,0024-07-20,,Cadeira,800.0,0,3500,,Porto alegre
João silva,2024-09-04,,Monitor,120.0,0,120,,São paulo
Carlos lima,0023-09-15,,Notebook,1200.0,3,103,01:53:47,Belo horizonte
Ana clara,2024-11-18,Masculino,Teclado,50.0,2,233,0:01:42,Curitiba
Carlos lima,2023-10-26,,Teclado,120.0,1,1200,,São paulo
Pedro alves,2024-05-03,Masculino,Teclado,120.0,3,120,00:58:47,Rio de janeiro
Pedro alves,2024-08-27,,Teclado,50.0,1,2400,,São paulo
Carlos lima,2024-11-14,,Cadeira,800.0,1,240,,Porto alegre
Ana clara,2024-08-18,,Cadeira,120.0,1,800,,Rio de janeiro
Ana clara,2024-02-22,Masculino,Cadeira,120.0,2,7000,0:02:34,Curitiba
Ana clara,2024-10-22,,Teclado,50.0,1,100,,São paulo
Ana clara,2023-07-14,Masculino,Monitor,1200.0,3,159,00:16:45,Rio de janeiro
Pedro alves,2023-10-13,,Monitor,3500.0,0,800,,Rio de janeiro
João silva,2023-09-05,Masculino,Notebook,120.0,2,,0:01:22,Rio de janeiro
Carlos lima,2023-10-23,Masculino,Monitor,50.0,3,166,02:02:25,São paulo
Carlos lima,0024-12-06,Masculino,Teclado,50.0,0,50,,São paulo
Maria souza,2023-10-18,Masculino,Mouse,3500.0,0,,,São paulo
João silva,0024-06-18,,Mouse,50.0,1,150,,Belo horizonte
Pedro alves,2024-05-18,,Cadeira,1200.0,1,3500,,São paulo
João silva,2024-12-12,,Monitor,800.0,0,,,Porto alegre
Maria souza,0023-08-21,,Monitor,800.0,0,360,,Belo horizonte
Ana clara,0024-09-03,Masculino,Cadeira,120.0,2,3600,0:00:00,Rio de janeiro
Ana clara,0023-02-21,Masculino,Cadeira,120.0,2,1200,0:02:26,Curitiba
Ana clara,2023-02-13,,Cadeira,120.0,0,1200,,Curitiba
João silva,2023-08-10,,Cadeira,50.0,1,,,Rio de janeiro
João silva,2023-02-27,,Mouse,3500.0,0,100,,Curitiba
João silva,0023-08-14,Masculino,Mouse,120.0,1,,,São paulo
Maria souza,2023-06-22,,Cadeira,120.0,0,800,,Curitiba
Carlos lima,0024-07-20,Masculino,Teclado,3500.0,2,2356,0:03:33,Rio de janeiro
Ana clara,2023-01-20,Masculino,Teclado,50.0,2,240,0:02:10,Porto alegre
Ana clara,0023-04-03,,Teclado,3500.0,1,1600,,Porto alegre
João silva,2024-08-02,,Mouse,3500.0,2,3598,0:01:01,Belo horizonte
João silva,2023-04-01,Masculino,Cadeira,50.0,1,,,Rio de janeiro
João silva,2023-09-14,Masculino,Teclado,120.0,1,2400,,São paulo
João silva,2023-10-11,,Monitor,800.0,3,223,01:11:55,Belo horizonte
Carlos lima,2023-04-02,Masculino,Notebook,50.0,1,,,Rio de janeiro
Carlos lima,2024-08-01,Masculino,Mouse,50.0,2,,0:01:40,Belo horizonte
Carlos lima,0024-03-18,,Mouse,3500.0,3,1628,02:26:27,São paulo
Carlos lima,0023-11-10,,Mouse,800.0,3,3500,02:22:50,São paulo
Maria souza,0023-04-17,Masculino,Notebook,3500.0,2,10500,0:03:05,Belo horizonte
Ana clara,0024-10-26,,Monitor,50.0,1,3600,,Rio de janeiro
Carlos lima,0024-02-09,Masculino,Monitor,800.0,1,,,Belo horizonte
Carlos lima,0023-12-01,Masculino,Monitor,1200.0,3,,02:05:05,Porto alegre
Carlos lima,2024-03-15,Masculino,Cadeira,120.0,1,150,,São paulo
Carlos lima,2023-01-16,,Teclado,50.0,3,3500,00:50:17,Porto alegre
João silva,0023-11-07,Masculino,Mouse,800.0,2,10500,0:03:31,Porto alegre
Maria souza,2024-01-03,Masculino,Monitor,120.0,3,240,01:34:26,Curitiba
Maria souza,2023-03-06,,Mouse,50.0,2,,0:02:05,Curitiba
Maria souza,0024-03-28,Masculino,Notebook,3500.0,2,,0:00:30,Belo horizonte
Pedro alves,2024-11-07,,Teclado,120.0,0,1200,,Curitiba
Pedro alves,2024-08-16,Masculino,Teclado,800.0,0,3600,,Curitiba
Maria souza,2023-11-27,Masculino,Cadeira,3500.0,3,800,01:00:20,Rio de janeiro
Maria souza,0024-12-16,Masculino,Cadeira,120.0,0,240,,Curitiba
Ana clara,0023-07-21,Masculino,Cadeira,800.0,0,400,,Porto alegre
João silva,2023-06-03,,Monitor,50.0,3,360,02:56:08,Belo horizonte
Pedro alves,0024-06-22,,Cadeira,800.0,1,123,,Porto alegre
João silva,2024-12-14,Masculino,Teclado,50.0,2,800,0:01:33,Porto alegre
Maria souza,2023-07-16,,Monitor,50.0,0,3600,,Rio de janeiro
Ana clara,0023-10-24,Masculino,Notebook,120.0,3,800,00:57:31,São paulo
Carlos lima,2023-12-25,,Mouse,120.0,1,,,Rio de janeiro
Ana clara,2024-02-23,Masculino,Cadeira,3500.0,1,3600,,Rio de janeiro
Maria souza,2023-09-05,,Cadeira,800.0,2,360,0:02:40,Porto alegre
Maria souza,0023-01-11,,Cadeira,1200.0,1,3500,,Porto alegre
João silva,2023-07-13,Masculino,Notebook,120.0,1,800,,Belo horizonte
João silva,2024-08-21,,Teclado,3500.0,1,240,,Curitiba
Maria souza,2023-03-13,Masculino,Monitor,800.0,1,100,,Rio de janeiro
Maria souza,2024-12-23,Masculino,Mouse,800.0,3,33,02:06:35,Belo horizonte
Maria souza,2024-07-06,,Cadeira,120.0,3,1600,00:52:07,Porto alegre
Ana clara,0024-07-01,,Notebook,120.0,2,1200,0:02:59,Belo horizonte
Maria souza,2023-01-24,,Monitor,3500.0,2,2400,0:02:04,Belo horizonte
Carlos lima,2023-02-17,Masculino,Mouse,120.0,0,3600,,São paulo
Carlos lima,2023-11-26,Masculino,Notebook,3500.0,3,374,00:02:07,Belo horizonte
Carlos lima,2023-07-14,,Monitor,3500.0,1,2400,,Curitiba
João silva,2024-03-18,,Monitor,3500.0,0,2400,,Curitiba
João silva,2024-10-11,Masculino,Notebook,1200.0,3,,01:21:00,Rio de janeiro
João silva,0023-12-04,Masculino,Monitor,3500.0,3,,00:07:10,Curitiba
João silva,2024-09-19,Masculino,Cadeira,800.0,1,,,Belo horizonte
Ana clara,2024-08-16,Masculino,Notebook,120.0,3,360,01:54:07,Belo horizonte
Pedro alves,2023-06-04,Masculino,Cadeira,120.0,0,2363,,Belo horizonte
João silva,2023-12-26,Masculino,Notebook,1200.0,1,,,Rio de janeiro
Maria souza,2023-08-19,Masculino,Cadeira,120.0,0,2415,,Porto alegre
Maria souza,0024-11-10,Masculino,Notebook,50.0,1,,,Curitiba
Carlos lima,0024-11-28,,Teclado,50.0,3,,00:13:51,Belo horizonte
Maria souza,0023-08-20,,Monitor,50.0,0,50,,Belo horizonte
Maria souza,2024-09-07,Masculino,Monitor,800.0,2,,0:02:17,São paulo
Maria souza,2024-05-22,,Teclado,50.0,2,,0:03:15,Rio de janeiro
Ana clara,2023-01-22,,Monitor,800.0,1,7000,,Curitiba
Ana clara,2024-02-16,,Monitor,1200.0,0,50,,Porto alegre
Pedro alves,2023-02-19,Masculino,Cadeira,120.0,3,240,01:55:03,Porto alegre
Pedro alves,2024-07-17,Masculino,Notebook,1200.0,0,7000,,São paulo
Pedro alves,0023-07-20,Masculino,Mouse,800.0,3,240,01:40:33,São paulo
Maria souza,2024-08-15,Masculino,Mouse,3500.0,3,,01:23:22,Porto alegre
João silva,2023-08-23,,Mouse,3500.0,0,3500,,Porto alegre
João silva,2023-04-05,Masculino,Mouse,1200.0,3,120,00:04:44,Belo horizonte
Pedro alves,0023-07-28,,Monitor,50.0,0,2400,,Belo horizonte
Pedro alves,0023-10-06,Masculino,Notebook,1200.0,1,1212,,Rio de janeiro
Maria souza,2024-03-08,,Notebook,3500.0,3,150,00:05:34,Rio de janeiro
Carlos lima,2024-06-15,Masculino,Teclado,50.0,2,2400,0:01:04,Belo horizonte
Carlos lima,2023-10-15,Masculino,Monitor,120.0,2,,0:01:24,Porto alegre
Carlos lima,2023-12-11,,Cadeira,50.0,0,360,,Rio de janeiro
Carlos lima,2023-04-24,,Notebook,50.0,2,1200,0:02:54,Belo horizonte
Carlos lima,2023-06-17,Masculino,Notebook,1200.0,3,,01:32:54,Porto alegre
Pedro alves,2024-07-20,,Teclado,1200.0,0,3500,,Rio de janeiro
Carlos lima,2024-09-17,,Notebook,1200.0,1,2400,,Porto alegre
Ana clara,2023-10-06,,Notebook,1200.0,1,120,,Porto alegre
João silva,2023-09-28,Masculino,Mouse,120.0,1,3500,,Rio de janeiro
Carlos lima,2024-11-15,Masculino,Teclado,50.0,2,7000,0:02:18,Curitiba
Maria souza,2023-10-14,,Notebook,800.0,0,1600,,São paulo
João silva,0024-09-01,Masculino,Monitor,50.0,2,,0:01:20,Porto alegre
Pedro alves,0023-11-23,,Teclado,800.0,1,2400,,Curitiba
Carlos lima,2024-03-06,,Cadeira,3500.0,3,2447,01:34:45,Belo horizonte
Carlos lima,2023-04-19,,Mouse,1200.0,0,1200,,Curitiba
Carlos lima,2023-10-06,,Cadeira,3500.0,0,3500,,São paulo
Maria souza,2024-04-11,Masculino,Cadeira,1200.0,2,3500,0:00:39,Curitiba
Carlos lima,2023-06-18,,Teclado,1200.0,3,240,00:45:31,Rio de janeiro
João silva,0024-06-14,,Cadeira,3500.0,3,,01:59:46,Porto alegre
Pedro alves,2023-06-18,Masculino,Notebook,3500.0,3,,00:39:52,Curitiba
Maria souza,2023-03-10,,Notebook,3500.0,3,240,00:47:19,Curitiba
Ana clara,0024-03-10,,Notebook,800.0,0,,,São paulo
Pedro alves,2024-05-17,Masculino,Mouse,120.0,2,7000,0:01:30,Porto alegre
Pedro alves,2024-06-23,,Teclado,1200.0,3,10515,00:23:31,Porto alegre
Pedro alves,2024-11-12,,Monitor,50.0,3,240,01:07:52,Belo horizonte
João silva,2023-06-08,,Teclado,120.0,1,120,,Curitiba
Ana clara,0024-01-10,Masculino,Notebook,50.0,3,1200,01:24:51,São paulo
Carlos lima,2024-11-22,,Mouse,800.0,3,2395,00:29:30,Porto alegre
Ana clara,2024-06-01,Masculino,Teclado,800.0,2,100,0:03:36,Curitiba
Pedro alves,2023-01-10,,Notebook,1200.0,0,7000,,Belo horizonte
Ana clara,2023-06-11,,Monitor,800.0,3,,02:53:03,Curitiba
Maria souza,2024-10-09,,Mouse,800.0,2,50,0:01:40,Curitiba
Carlos lima,0023-01-03,,Monitor,50.0,1,7000,,Curitiba
Pedro alves,2023-06-24,Masculino,Mouse,800.0,1,1200,,São paulo
Pedro alves,2024-12-15,,Mouse,120.0,1,,,Rio de janeiro
João silva,0024-10-18,Masculino,Mouse,120.0,2,287,0:01:53,Porto alegre
Maria souza,2023-05-15,Masculino,Teclado,50.0,3,,00:05:37,Curitiba
Pedro alves,0023-04-24,,Monitor,50.0,1,1176,,Rio de janeiro
Pedro alves,2023-04-12,Masculino,Monitor,120.0,1,1600,,Curitiba
Pedro alves,0023-08-06,Masculino,Teclado,1200.0,0,50,,Curitiba
Ana clara,2024-10-20,Masculino,Teclado,50.0,0,,,Rio de janeiro
João silva,0024-06-09,,Notebook,1200.0,3,3600,01:56:14,Rio de janeiro
Carlos lima,2023-03-27,Masculino,Monitor,1200.0,3,800,01:34:44,Porto alegre
João silva,0023-08-13,,Monitor,50.0,1,,,Rio de janeiro
João silva,2023-10-14,Masculino,Cadeira,50.0,2,150,0:01:48,São paulo
Carlos lima,2023-04-20,Masculino,Monitor,120.0,0,821,,São paulo
Pedro alves,2024-09-24,Masculino,Monitor,50.0,3,10500,00:46:07,Rio de janeiro
Pedro alves,0023-11-02,Masculino,Mouse,50.0,3,2400,01:50:00,Porto alegre
Carlos lima,2023-11-02,,Mouse,800.0,1,50,,Belo horizonte
Maria souza,0024-04-03,Masculino,Monitor,50.0,1,2400,,Belo horizonte
Carlos lima,2024-09-13,Masculino,Cadeira,800.0,2,120,0:01:20,Porto alegre
Ana clara,0024-02-07,,Mouse,120.0,3,7000,01:07:48,Rio de janeiro
Ana clara,2023-11-23,,Teclado,50.0,1,,,Rio de janeiro
Ana clara,2024-09-02,Masculino,Monitor,50.0,0,7000,,Rio de janeiro
Ana clara,2023-02-19,Masculino,Teclado,120.0,1,1600,,Porto alegre
Pedro alves,2024-12-11,,Cadeira,120.0,3,360,01:39:19,Porto alegre
Carlos lima,2023-01-03,,Cadeira,1200.0,1,801,,São paulo
Maria souza,2024-05-27,,Teclado,1200.0,1,,,Belo horizonte
Pedro alves,0024-03-12,,Teclado,800.0,0,7000,,Belo horizonte
Carlos lima,2024-05-14,Masculino,Mouse,1200.0,1,7000,,Curitiba
Ana clara,2024-10-06,Masculino,Cadeira,1200.0,1,150,,Porto alegre
Carlos lima,2024-03-21,Masculino,Teclado,120.0,3,,00:50:20,Curitiba
Maria souza,2023-07-20,,Mouse,50.0,3,119,02:19:33,Belo horizonte
Maria souza,2024-07-10,Masculino,Teclado,800.0,3,2400,00:50:25,São paulo
Maria souza,0024-11-20,Masculino,Cadeira,3500.0,0,,,Curitiba
João silva,2023-09-11,Masculino,Monitor,120.0,1,2400,,Rio de janeiro
João silva,2023-11-20,,Mouse,120.0,1,800,,Porto alegre
Maria souza,2024-01-23,,Monitor,800.0,0,2400,,São paulo
Carlos lima,2023-11-12,Masculino,Teclado,800.0,1,2400,,Belo horizonte
Carlos lima,2023-10-02,Masculino,Teclado,3500.0,2,240,0:01:39,Curitiba
Pedro alves,2023-09-07,Masculino,Cadeira,1200.0,2,379,0:03:48,São paulo
Pedro alves,2024-07-23,Masculino,Mouse,50.0,2,1600,0:01:30,São paulo
Carlos lima,2023-08-21,Masculino,Cadeira,1200.0,2,102,0:02:30,Porto alegre
Ana clara,2023-09-02,,Teclado,3500.0,1,2400,,São paulo
João silva,2024-08-24,,Notebook,1200.0,3,3611,00:09:02,Curitiba
Pedro alves,2023-09-05,Masculino,Monitor,3500.0,0,62,,Belo horizonte
Carlos lima,0024-11-05,,Mouse,1200.0,1,1600,,Belo horizonte
Carlos lima,2023-04-13,Masculino,Notebook,1200.0,0,270,,Rio de janeiro
Carlos lima,2023-03-13,Masculino,Mouse,120.0,2,100,0:03:25,Belo horizonte
Carlos lima,0024-12-13,,Cadeira,800.0,1,,,Belo horizonte
Carlos lima,2024-08-13,,Notebook,1200.0,1,1200,,Porto alegre
Pedro alves,2023-12-06,Masculino,Monitor,1200.0,2,120,0:03:20,Curitiba
Maria souza,2024-09-17,,Mouse,3500.0,1,800,,Rio de janeiro
Maria souza,2023-09-13,Masculino,Monitor,3500.0,1,800,,Curitiba
Maria souza,0023-06-14,,Teclado,120.0,2,3500,0:03:11,Curitiba
Maria souza,2023-07-08,Masculino,Teclado,3500.0,1,2400,,Curitiba
Carlos lima,2024-02-03,,Notebook,120.0,3,360,00:45:40,Rio de janeiro
Carlos lima,2024-08-24,Masculino,Teclado,50.0,1,1200,,Belo horizonte
Pedro alves,0024-07-21,,Notebook,3500.0,2,50,0:01:39,Belo horizonte
Pedro alves,2023-04-05,Masculino,Mouse,3500.0,0,3470,,Belo horizonte
Carlos lima,2023-01-24,Masculino,Mouse,800.0,3,96,00:42:17,Porto alegre
João silva,2023-02-07,Masculino,Teclado,800.0,1,3500,,São paulo
Maria souza,2023-09-24,,Notebook,50.0,1,800,,Curitiba
Maria souza,2023-05-20,,Mouse,800.0,2,360,0:01:19,Belo horizonte
Pedro alves,2024-02-01,,Monitor,120.0,1,57,,Belo horizonte
Carlos lima,2023-11-01,,Teclado,120.0,1,10540,,São paulo
Carlos lima,2024-03-14,,Cadeira,800.0,1,120,,Rio de janeiro
Carlos lima,2024-10-12,Masculino,Cadeira,50.0,1,,,Rio de janeiro
João silva,0023-12-05,Masculino,Teclado,50.0,2,100,0:03:16,Belo horizonte
Ana clara,2024-10-25,,Mouse,800.0,3,2400,00:07:50,Rio de janeiro
Maria souza,2024-01-15,Masculino,Cadeira,800.0,0,10529,,Curitiba
Ana clara,2023-12-27,,Mouse,3500.0,2,11,0:01:02,Porto alegre
Maria souza,2023-01-02,,Cadeira,120.0,1,2400,,Rio de janeiro
Maria souza,2024-08-19,Masculino,Mouse,800.0,3,240,02:58:14,São paulo
Carlos lima,2024-03-23,Masculino,Notebook,50.0,3,3600,02:14:55,Porto alegre
Ana clara,2024-04-24,Masculino,Teclado,50.0,3,100,02:13:08,São paulo
João silva,2023-07-07,,Mouse,50.0,2,,0:01:17,Curitiba
João silva,2023-06-11,,Monitor,50.0,2,120,0:03:48,Belo horizonte
Maria souza,0024-05-15,Masculino,Cadeira,3500.0,2,3600,0:01:40,Porto alegre
Maria souza,2023-03-28,Masculino,Monitor,120.0,1,50,,Porto alegre
Maria souza,2023-08-23,,Mouse,3500.0,1,3500,,Rio de janeiro
Pedro alves,2024-08-25,,Monitor,50.0,3,,00:58:25,Rio de janeiro
Maria souza,2024-09-16,,Mouse,3500.0,0,800,,Curitiba
Pedro alves,0023-03-25,,Teclado,3500.0,2,145,0:03:25,São paulo
Maria souza,0023-01-16,,Monitor,50.0,1,800,,Curitiba
Maria souza,2024-11-14,,Cadeira,120.0,3,800,00:17:01,São paulo
João silva,2023-06-03,,Notebook,3500.0,0,,,Porto alegre
Maria souza,2023-09-10,,Teclado,1200.0,1,150,,Rio de janeiro
Maria souza,0023-08-16,,Monitor,50.0,0,,,São paulo
Maria souza,2024-12-18,,Notebook,3500.0,0,1216,,Belo horizonte
Pedro alves,2023-07-17,,Mouse,50.0,3,1600,02:45:11,Belo horizonte
Maria souza,2024-06-15,,Monitor,3500.0,0,,,Curitiba
Pedro alves,0024-12-02,,Monitor,3500.0,3,,00:21:59,Rio de janeiro
Ana clara,2024-09-08,Masculino,Teclado,1200.0,3,100,01:59:30,Curitiba
Maria souza,2024-11-21,,Monitor,50.0,2,800,0:00:20,Porto alegre
Ana clara,2024-11-16,Masculino,Teclado,3500.0,0,150,,Belo horizonte
Ana clara,2023-09-10,,Teclado,50.0,0,1200,,Belo horizonte
Carlos lima,2024-07-19,Masculino,Mouse,120.0,3,,01:01:12,São paulo
Carlos lima,0023-07-19,,Mouse,120.0,1,1585,,Belo horizonte
Pedro alves,2023-05-08,,Teclado,120.0,0,,,São paulo
Pedro alves,2023-03-02,Masculino,Mouse,800.0,1,,,Belo horizonte
Carlos lima,2024-05-25,,Notebook,800.0,2,2416,0:02:58,Porto alegre
João silva,2024-06-02,Masculino,Teclado,50.0,1,1600,,Belo horizonte
Maria souza,2024-07-07,Masculino,Mouse,120.0,2,365,0:03:28,Rio de janeiro
Maria souza,2023-04-19,,Mouse,3500.0,1,800,,Rio de janeiro
Ana clara,2023-02-06,Masculino,Cadeira,3500.0,0,1600,,Belo horizonte
Carlos lima,2023-04-10,Masculino,Cadeira,800.0,1,10500,,Rio de janeiro
Pedro alves,0024-10-15,Masculino,Teclado,50.0,3,,02:14:10,São paulo
Maria souza,0023-11-19,Masculino,Cadeira,50.0,1,,,Belo horizonte
Pedro alves,0024-02-08,,Mouse,1200.0,2,,0:02:27,São paulo
Pedro alves,2023-11-26,,Mouse,1200.0,3,,00:36:43,Porto alegre
Maria souza,2023-05-24,,Notebook,50.0,0,800,,Porto alegre
Ana clara,0024-08-23,,Cadeira,1200.0,1,,,Rio de janeiro
Maria souza,2023-01-11,Masculino,Mouse,800.0,2,50,0:03:35,Curitiba
Maria souza,2023-06-28,Masculino,Teclado,1200.0,1,2400,,Rio de janeiro
Maria souza,0023-04-22,Masculino,Mouse,50.0,3,7000,00:03:17,Belo horizonte
Carlos lima,0024-10-16,Masculino,Monitor,50.0,0,,,Curitiba
Carlos lima,2024-06-23,,Notebook,800.0,1,150,,Belo horizonte
Ana clara,2024-10-07,Masculino,Teclado,120.0,3,360,02:37:07,Rio de janeiro
João silva,2023-05-06,Masculino,Mouse,800.0,2,100,0:01:12,Rio de janeiro
João silva,2024-10-24,,Cadeira,3500.0,3,74,01:15:33,Curitiba
João silva,2023-02-06,Masculino,Cadeira,3500.0,3,7000,01:22:31,Porto alegre
João silva,0024-03-16,Masculino,Teclado,1200.0,2,360,0:00:38,Belo horizonte
Carlos lima,2024-03-13,,Mouse,50.0,3,,01:04:37,São paulo
Carlos lima,2024-03-25,,Cadeira,120.0,2,1600,0:03:50,Rio de janeiro
Maria souza,2024-04-15,,Cadeira,800.0,2,360,0:03:33,Porto alegre
Pedro alves,2024-09-14,Masculino,Notebook,1200.0,1,3500,,Rio de janeiro
Ana clara,0024-04-19,,Notebook,1200.0,1,7000,,Curitiba
Maria souza,2023-06-19,,Teclado,800.0,1,1200,,Porto alegre
Pedro alves,2023-09-04,Masculino,Monitor,800.0,0,360,,Belo horizonte
João silva,0024-08-10,Masculino,Notebook,1200.0,3,120,00:35:41,Curitiba
Ana clara,2023-04-08,Masculino,Monitor,120.0,0,240,,São paulo
Ana clara,2024-12-01,Masculino,Teclado,800.0,3,120,00:21:38,Porto alegre
Pedro alves,2024-09-25,,Cadeira,50.0,1,2400,,Porto alegre
Maria souza,2024-04-10,,Notebook,120.0,2,800,0:00:45,São paulo
Pedro alves,2023-07-16,,Notebook,50.0,2,,0:01:40,São paulo
João silva,2023-12-22,,Mouse,3500.0,0,10500,,Belo horizonte
João silva,2024-04-10,Masculino,Notebook,120.0,1,1575,,Rio de janeiro
Maria souza,2024-11-18,,Cadeira,120.0,3,360,01:52:31,Curitiba
Ana clara,0023-07-01,,Mouse,3500.0,0,,,Rio de janeiro
Pedro alves,0024-12-11,,Cadeira,1200.0,2,1600,0:02:52,Belo horizonte
Maria souza,2024-12-02,Masculino,Cadeira,1200.0,3,1200,02:16:56,São paulo
Carlos lima,2024-11-26,,Notebook,50.0,2,800,0:02:00,Rio de janeiro
Carlos lima,2024-08-08,,Notebook,50.0,3,353,02:15:03,Rio de janeiro
Carlos lima,2023-10-06,Masculino,Teclado,800.0,3,3450,01:30:27,Porto alegre
Ana clara,2024-01-20,,Cadeira,1200.0,2,1600,0:01:34,São paulo
Pedro alves,0024-08-28,Masculino,Notebook,120.0,0,233,,São paulo
Pedro alves,2023-08-24,Masculino,Cadeira,800.0,3,,00:00:13,Porto alegre
Ana clara,2023-01-13,,Cadeira,120.0,3,10547,01:39:19,Porto alegre
Maria souza,2024-10-16,,Cadeira,1200.0,2,2400,0:01:28,Rio de janeiro
Pedro alves,2023-04-02,,Notebook,3500.0,3,50,01:23:27,Curitiba
Ana clara,0023-11-03,Masculino,Mouse,800.0,2,800,0:03:40,Rio de janeiro
Maria souza,2024-01-03,Masculino,Notebook,50.0,0,3500,,Belo horizonte
João silva,2024-04-15,Masculino,Notebook,800.0,0,150,,Rio de janeiro
Ana clara,2024-09-16,Masculino,Cadeira,1200.0,2,1158,0:01:19,Rio de janeiro
Pedro alves,0024-08-22,,Mouse,50.0,3,101,00:33:04,Curitiba
Pedro alves,0024-07-22,Masculino,Teclado,1200.0,3,150,01:08:20,Belo horizonte
Carlos lima,2024-03-11,,Notebook,120.0,0,7000,,Belo horizonte
Ana clara,0024-05-03,Masculino,Monitor,50.0,2,,0:01:58,Curitiba
Ana clara,2024-02-16,Masculino,Notebook,120.0,1,235,,Rio de janeiro
Ana clara,0023-07-03,Masculino,Monitor,50.0,1,150,,Curitiba
Maria souza,0024-03-12,Masculino,Teclado,3500.0,3,120,01:11:54,São paulo
Carlos lima,0023-10-07,,Cadeira,50.0,2,2400,0:03:44,Curitiba
Carlos lima,2023-02-12,Masculino,Teclado,50.0,2,,0:02:42,Porto alegre
Carlos lima,2023-03-16,Masculino,Monitor,1200.0,0,3500,,Rio de janeiro
Carlos lima,2024-02-07,,Notebook,120.0,1,1216,,Curitiba
Ana clara,0024-10-22,,Mouse,120.0,0,10500,,São paulo
João silva,2023-02-19,,Teclado,800.0,0,1607,,Curitiba
Pedro alves,2023-05-15,,Mouse,120.0,2,2400,0:03:47,Porto alegre
Ana clara,2023-02-16,,Mouse,1200.0,2,3500,0:03:24,São paulo
Carlos lima,2024-02-16,,Cadeira,50.0,2,150,0:01:35,Rio de janeiro
Carlos lima,0024-02-07,Masculino,Monitor,3500.0,1,7000,,Belo horizonte
João silva,2023-09-26,,Monitor,1200.0,1,,,Rio de janeiro
Ana clara,2024-02-27,Masculino,Monitor,120.0,0,3600,,Porto alegre
Pedro alves,0024-06-04,,Monitor,120.0,2,100,0:01:05,Curitiba
Carlos lima,2023-07-05,,Notebook,50.0,1,100,,Belo horizonte
Carlos lima,0023-12-16,,Notebook,800.0,0,,,Curitiba
João silva,2024-02-23,,Mouse,1200.0,2,2423,0:00:17,Belo horizonte
João silva,0024-11-22,Masculino,Cadeira,1200.0,0,7000,,São paulo
Maria souza,2024-06-09,,Monitor,120.0,3,3500,00:50:32,Curitiba
Pedro alves,2023-03-06,,Teclado,120.0,3,7000,00:21:14,Porto alegre
Pedro alves,0024-02-28,Masculino,Mouse,50.0,2,240,0:01:55,Belo horizonte
Pedro alves,2023-07-25,Masculino,Cadeira,3500.0,2,150,0:00:35,Curitiba
Pedro alves,2023-01-24,Masculino,Cadeira,1200.0,0,100,,Porto alegre
João silva,2024-08-27,Masculino,Monitor,3500.0,3,3500,02:54:22,Belo horizonte
Pedro alves,2024-02-07,Masculino,Notebook,800.0,3,50,00:53:25,Curitiba
João silva,2024-01-26,,Monitor,3500.0,1,800,,São paulo
Maria souza,2024-04-15,,Monitor,1200.0,0,3500,,São paulo
Carlos lima,2024-03-18,,Teclado,800.0,1,,,São paulo
João silva,2024-04-16,,Monitor,1200.0,2,1200,0:01:21,Curitiba
Maria souza,2023-06-21,Masculino,Monitor,1200.0,1,1205,,Curitiba
Maria souza,2024-02-26,Masculino,Cadeira,800.0,2,3500,0:03:11,Porto alegre
Maria souza,2024-06-27,,Cadeira,120.0,2,,0:02:45,Porto alegre
Pedro alves,2024-01-05,Masculino,Cadeira,3500.0,3,120,02:05:26,São paulo
Pedro alves,2023-11-28,,Notebook,50.0,0,119,,Curitiba
Ana clara,0023-05-04,,Cadeira,120.0,2,,0:00:32,Curitiba
Carlos lima,2024-06-17,Masculino,Teclado,800.0,0,,,Curitiba
Pedro alves,2023-07-26,Masculino,Mouse,120.0,3,360,02:36:08,Curitiba
João silva,2024-06-17,,Notebook,50.0,3,800,02:53:44,Rio de janeiro
João silva,0023-05-05,,Mouse,3500.0,2,1200,0:00:32,Belo horizonte
Pedro alves,0024-01-13,Masculino,Mouse,800.0,2,7000,0:03:07,São paulo
Pedro alves,2023-05-26,Masculino,Mouse,1200.0,0,120,,Belo horizonte
João silva,2024-12-10,Masculino,Notebook,120.0,2,,0:02:22,Curitiba
João silva,2023-09-12,Masculino,Monitor,1200.0,3,,01:20:48,Rio de janeiro
João silva,0023-07-28,,Notebook,1200.0,1,,,Porto alegre
Carlos lima,2024-05-21,,Mouse,120.0,0,,,Porto alegre
Carlos lima,2024-09-22,Masculino,Teclado,120.0,0,124,,Belo horizonte
Ana clara,2024-11-16,,Monitor,1200.0,1,10500,,Porto alegre
Carlos lima,0023-11-23,Masculino,Notebook,120.0,3,,02:57:00,Porto alegre
Pedro alves,2023-10-06,Masculino,Cadeira,120.0,3,150,01:57:39,Curitiba
Carlos lima,2023-11-26,,Monitor,50.0,3,255,01:29:27,Belo horizonte
João silva,2024-10-19,Masculino,Mouse,120.0,1,3500,,São paulo
João silva,2024-10-08,Masculino,Teclado,120.0,3,800,01:13:20,São paulo
João silva,0023-12-17,,Mouse,3500.0,0,120,,Porto alegre
João silva,0023-03-20,,Teclado,3500.0,2,120,0:01:34,São paulo
Carlos lima,0024-04-01,Masculino,Monitor,50.0,3,360,01:26:43,Curitiba
Maria souza,2024-11-05,,Notebook,120.0,3,2400,02:10:03,São paulo
João silva,2023-06-21,,Notebook,120.0,2,120,0:00:22,Porto alegre
Carlos lima,2024-12-05,Masculino,Notebook,50.0,1,3600,,Belo horizonte
Carlos lima,2024-12-10,,Mouse,120.0,2,360,0:03:28,Porto alegre
Ana clara,2024-08-12,Masculino,Notebook,800.0,1,800,,Belo horizonte
Maria souza,0023-07-27,,Teclado,1200.0,1,1200,,Rio de janeiro
Pedro alves,2024-10-04,,Monitor,3500.0,0,800,,São paulo
Maria souza,2024-08-04,Masculino,Monitor,3500.0,0,1600,,Belo horizonte
Pedro alves,2024-05-28,Masculino,Monitor,50.0,2,1200,0:00:40,Curitiba
Maria souza,0024-08-06,,Cadeira,800.0,2,10500,0:03:05,São paulo
Ana clara,2023-12-10,,Cadeira,1200.0,1,360,,Belo horizonte
Ana clara,0023-02-24,Masculino,Monitor,1200.0,2,7000,0:02:56,Curitiba
João silva,0023-07-15,Masculino,Mouse,120.0,0,1200,,Curitiba
Maria souza,2024-12-26,Masculino,Cadeira,120.0,3,50,02:10:51,Rio de janeiro
Pedro alves,0024-12-10,,Monitor,50.0,0,3500,,Belo horizonte
Ana clara,2024-04-10,,Teclado,1200.0,0,360,,São paulo
João silva,0024-02-12,Masculino,Notebook,120.0,1,360,,Rio de janeiro
João silva,2023-10-27,Masculino,Teclado,120.0,0,,,Belo horizonte
João silva,2023-04-19,,Cadeira,1200.0,1,,,São paulo
Ana clara,2023-01-18,,Monitor,3500.0,1,,,Rio de janeiro
Ana clara,2023-07-01,,Monitor,3500.0,2,,0:02:42,Porto alegre
Ana clara,2023-06-21,Masculino,Mouse,1200.0,0,1162,,Rio de janeiro
Pedro alves,0023-01-25,Masculino,Mouse,50.0,3,,02:51:49,Porto alegre
Ana clara,2024-06-06,Masculino,Cadeira,120.0,3,7000,00:39:50,Belo horizonte
Pedro alves,2024-10-18,Masculino,Monitor,50.0,3,7000,00:39:34,Rio de janeiro
Ana clara,2024-03-14,,Teclado,3500.0,1,240,,Porto alegre
Ana clara,0024-01-03,,Monitor,50.0,2,2400,0:02:07,Belo horizonte
Pedro alves,0023-08-10,Masculino,Mouse,800.0,2,2400,0:03:32,São paulo
Pedro alves,2023-08-08,,Teclado,3500.0,0,100,,São paulo
Pedro alves,2023-04-02,,Monitor,800.0,1,7000,,Porto alegre
Carlos lima,2024-08-07,Masculino,Mouse,50.0,3,120,00:22:10,Curitiba
Pedro alves,2024-02-24,Masculino,Cadeira,3500.0,3,3500,02:12:32,São paulo
Ana clara,2023-02-08,Masculino,Cadeira,50.0,1,2400,,Porto alegre
Ana clara,2024-11-10,,Notebook,120.0,2,7000,0:03:32,São paulo
Ana clara,0024-05-24,Masculino,Cadeira,800.0,1,800,,São paulo
Maria souza,0024-08-27,Masculino,Cadeira,800.0,0,63,,São paulo
João silva,0024-10-11,Masculino,Monitor,50.0,1,360,,Porto alegre
João silva,2024-09-10,,Mouse,3500.0,2,360,0:02:39,São paulo
Ana clara,2024-12-13,,Cadeira,800.0,1,150,,Porto alegre
João silva,2023-06-08,Masculino,Teclado,3500.0,1,800,,Belo horizonte
Ana clara,2023-01-16,Masculino,Mouse,1200.0,1,7000,,Porto alegre
Ana clara,2024-06-09,,Notebook,800.0,1,10500,,Curitiba
Ana clara,2024-03-23,,Teclado,1200.0,1,,,Porto alegre
Maria souza,2023-07-01,,Notebook,120.0,1,1600,,Curitiba
Pedro alves,0024-08-07,,Monitor,3500.0,2,1628,0:00:44,São paulo
Pedro alves,2023-10-22,Masculino,Teclado,120.0,2,150,0:03:45,Porto alegre
João silva,2024-10-22,,Mouse,50.0,2,150,0:03:46,Belo horizonte
Ana clara,2023-08-21,,Notebook,1200.0,3,3627,01:09:07,Porto alegre
Carlos lima,2023-11-20,Masculino,Cadeira,800.0,1,150,,Porto alegre
Maria souza,2024-02-07,,Notebook,800.0,1,150,,Rio de janeiro
João silva,2023-10-08,,Teclado,50.0,2,,0:02:06,Porto alegre
João silva,2024-04-01,,Teclado,1200.0,2,,0:01:16,São paulo
João silva,2023-05-28,,Cadeira,50.0,0,2400,,Belo horizonte
João silva,0023-01-23,,Cadeira,120.0,1,3600,,Rio de janeiro
Pedro alves,2023-05-26,Masculino,Monitor,800.0,1,10509,,Curitiba
Carlos lima,2023-08-09,,Monitor,1200.0,0,100,,Belo horizonte
Carlos lima,2023-08-06,Masculino,Mouse,800.0,0,2392,,Rio de janeiro
Carlos lima,0024-05-18,,Monitor,50.0,2,3600,0:01:02,Belo horizonte
Ana clara,2024-12-08,,Teclado,120.0,0,255,,Belo horizonte
Carlos lima,2024-05-08,,Notebook,50.0,2,,0:01:39,Rio de janeiro
João silva,2023-10-11,Masculino,Notebook,800.0,0,,,Curitiba
Ana clara,2023-11-08,,Teclado,50.0,1,1600,,São paulo
Maria souza,2023-06-22,Masculino,Notebook,800.0,3,3600,01:30:12,Porto alegre
Ana clara,2024-04-07,Masculino,Cadeira,1200.0,3,120,01:53:48,São paulo
Carlos lima,2024-03-08,Masculino,Mouse,800.0,3,,00:19:51,Porto alegre
João silva,2024-09-06,,Teclado,50.0,2,,0:02:43,São paulo
João silva,2023-02-12,Masculino,Mouse,3500.0,0,360,,Rio de janeiro
Pedro alves,2024-12-04,Masculino,Monitor,3500.0,0,3500,,Rio de janeiro
João silva,2023-09-17,,Monitor,1200.0,0,813,,Curitiba
Pedro alves,2024-05-21,,Cadeira,1200.0,2,800,0:01:58,Belo horizonte
Maria souza,2024-11-20,Masculino,Notebook,800.0,0,150,,São paulo
Ana clara,0023-02-20,Masculino,Mouse,50.0,2,7000,0:02:29,Rio de janeiro
Ana clara,2024-06-21,,Monitor,800.0,1,,,Porto alegre
Ana clara,2023-10-01,Masculino,Teclado,50.0,0,,,São paulo
Ana clara,2024-04-03,,Mouse,3500.0,2,10500,0:01:14,Curitiba
Carlos lima,2023-09-04,Masculino,Cadeira,50.0,0,360,,Porto alegre
Pedro alves,2023-01-12,Masculino,Mouse,120.0,2,,0:02:39,Curitiba
Maria souza,2023-02-20,Masculino,Cadeira,800.0,3,3600,01:09:28,Porto alegre
Ana clara,0023-12-28,Masculino,Notebook,120.0,2,120,0:03:39,Curitiba
João silva,2024-04-18,,Cadeira,120.0,1,800,,Belo horizonte
Carlos lima,2024-04-03,Masculino,Notebook,120.0,0,10547,,Rio de janeiro
Carlos lima,2024-09-12,,Notebook,800.0,2,161,0:03:57,Curitiba
Carlos lima,0024-01-10,Masculino,Mouse,50.0,1,50,,São paulo
Carlos lima,2023-05-19,,Teclado,120.0,1,3598,,Rio de janeiro
Maria souza,2023-10-04,Masculino,Cadeira,800.0,3,1200,01:06:50,Belo horizonte
Carlos lima,2023-08-08,,Notebook,3500.0,0,1200,,Rio de janeiro
Maria souza,2024-06-17,Masculino,Teclado,800.0,3,50,00:44:26,Porto alegre
João silva,2023-08-21,,Teclado,120.0,1,120,,Belo horizonte
Maria souza,2023-04-14,Masculino,Mouse,3500.0,3,2400,02:23:29,Porto alegre
Maria souza,2024-02-11,,Cadeira,3500.0,2,2400,0:03:35,Rio de janeiro
João silva,2023-08-04,Masculino,Monitor,50.0,1,3600,,Belo horizonte
Maria souza,2024-12-01,,Monitor,3500.0,0,,,Porto alegre
Maria souza,0023-08-28,,Monitor,120.0,0,,,Belo horizonte
João silva,2023-03-01,Masculino,Mouse,120.0,0,3500,,São paulo
João silva,2023-03-10,Masculino,Teclado,120.0,3,360,00:23:47,Rio de janeiro
Pedro alves,2024-09-21,Masculino,Notebook,120.0,3,360,02:57:29,Curitiba
Carlos lima,2023-04-12,Masculino,Teclado,3500.0,3,360,01:42:27,Curitiba
Ana clara,2023-02-25,Masculino,Teclado,50.0,3,3481,02:47:57,São paulo
Ana clara,0024-07-18,,Mouse,120.0,2,3600,0:00:58,Rio de janeiro
Maria souza,0024-03-20,,Notebook,1200.0,0,3500,,Rio de janeiro
Maria souza,2024-07-14,Masculino,Teclado,120.0,3,240,02:34:14,Curitiba
Maria souza,2023-11-12,Masculino,Notebook,50.0,2,,0:01:22,São paulo
Carlos lima,2024-04-28,,Notebook,50.0,3,2400,02:21:33,São paulo
Carlos lima,2023-03-10,Masculino,Mouse,50.0,1,791,,Porto alegre
João silva,0024-08-28,Masculino,Notebook,800.0,2,10500,0:02:37,Belo horizonte
Carlos lima,0024-03-27,Masculino,Notebook,120.0,0,1600,,Porto alegre
Ana clara,2023-03-16,,Teclado,800.0,2,50,0:00:20,São paulo
João silva,2024-06-23,Masculino,Teclado,1200.0,3,100,00:40:39,Rio de janeiro
Ana clara,0024-09-28,Masculino,Cadeira,3500.0,3,1600,00:20:40,Curitiba
Pedro alves,2024-02-28,,Monitor,50.0,1,10500,,Curitiba
Ana clara,2023-04-10,,Cadeira,1200.0,0,150,,Porto alegre
João silva,2024-04-10,Masculino,Teclado,3500.0,2,289,0:00:33,Curitiba
Pedro alves,2024-01-16,,Teclado,50.0,3,76,00:07:40,São paulo
Maria souza,2024-12-23,Masculino,Monitor,50.0,1,7000,,Belo horizonte
Maria souza,2023-03-14,,Mouse,1200.0,0,1200,,Porto alegre
Ana clara,2023-02-23,,Mouse,800.0,3,3500,01:08:43,Curitiba
Maria souza,2024-12-14,,Monitor,1200.0,0,360,,São paulo
João silva,2023-12-05,Masculino,Teclado,120.0,2,281,0:03:05,Belo horizonte
João silva,2023-03-05,,Cadeira,50.0,3,81,01:12:36,Rio de janeiro
Pedro alves,2023-08-17,Masculino,Mouse,3500.0,1,240,,Belo horizonte
Carlos lima,2023-06-04,Masculino,Mouse,1200.0,1,,,Rio de janeiro
Carlos lima,2024-01-22,,Notebook,120.0,3,150,02:13:57,São paulo
Carlos lima,2024-04-28,Masculino,Teclado,3500.0,3,120,02:39:38,Belo horizonte
Pedro alves,2023-01-07,,Mouse,800.0,3,,00:30:19,Curitiba
Maria souza,0024-04-22,,Monitor,1200.0,1,120,,Rio de janeiro
Carlos lima,2024-03-21,,Monitor,3500.0,3,120,01:25:12,Belo horizonte
Ana clara,2024-08-20,Masculino,Notebook,120.0,0,360,,Curitiba
Ana clara,0023-08-09,Masculino,Mouse,120.0,2,3514,0:00:15,Curitiba
Ana clara,2024-07-23,,Cadeira,50.0,3,150,00:41:34,Porto alegre
Pedro alves,0024-12-23,,Teclado,1200.0,0,800,,Rio de janeiro
Pedro alves,0024-11-18,Masculino,Cadeira,800.0,3,,01:48:44,Belo horizonte
Pedro alves,2024-09-03,,Cadeira,1200.0,2,3500,0:02:46,Porto alegre
Maria souza,2023-02-08,,Monitor,800.0,0,120,,São paulo
João silva,2024-04-07,Masculino,Notebook,800.0,1,50,,Rio de janeiro
Pedro alves,2023-05-12,Masculino,Notebook,3500.0,3,,02:04:32,Rio de janeiro
Carlos lima,2024-05-02,,Teclado,50.0,3,2400,00:45:05,Porto alegre
Pedro alves,2024-02-03,,Mouse,800.0,3,315,01:20:23,Belo horizonte
Pedro alves,0024-06-12,,Cadeira,120.0,0,405,,São paulo
Pedro alves,2023-06-18,Masculino,Cadeira,120.0,1,1579,,Belo horizonte
Maria souza,2023-07-15,,Monitor,50.0,2,1600,0:00:09,Porto alegre
Ana clara,2024-05-01,,Mouse,120.0,2,100,0:03:11,Porto alegre
Pedro alves,0023-05-06,,Teclado,50.0,1,7000,,Rio de janeiro
Ana clara,0023-10-15,Masculino,Cadeira,120.0,2,,0:03:15,Rio de janeiro
Ana clara,2023-11-09,,Notebook,800.0,1,1600,,Porto alegre
Carlos lima,2024-12-05,Masculino,Notebook,50.0,3,50,00:51:18,Curitiba
Pedro alves,2023-09-20,Masculino,Mouse,120.0,3,1200,00:10:21,São paulo
Ana clara,2024-06-28,,Cadeira,50.0,2,3500,0:02:45,São paulo
Ana clara,2024-03-08,Masculino,Monitor,800.0,0,1600,,Belo horizonte
Pedro alves,2023-01-08,,Notebook,120.0,1,2400,,São paulo
Carlos lima,0024-12-19,Masculino,Monitor,1200.0,3,58,01:06:48,Belo horizonte
Carlos lima,0024-01-06,,Notebook,3500.0,3,,01:16:06,Curitiba
João silva,0024-10-12,Masculino,Cadeira,1200.0,0,7000,,Porto alegre
Carlos lima,2024-08-21,Masculino,Monitor,120.0,3,360,00:35:04,São paulo
João silva,2024-10-24,,Monitor,800.0,3,360,01:05:20,Rio de janeiro
Ana clara,2023-06-16,Masculino,Monitor,800.0,0,2400,,Belo horizonte
Maria souza,2024-04-12,,Cadeira,800.0,1,1200,,Curitiba
Pedro alves,2023-03-08,Masculino,Mouse,50.0,2,3566,0:01:07,São paulo
Maria souza,2023-02-15,Masculino,Teclado,3500.0,1,2400,,Curitiba
Maria souza,0024-03-03,Masculino,Mouse,800.0,1,2400,,São paulo
Ana clara,2023-11-13,,Notebook,3500.0,3,1645,00:50:50,Curitiba
João silva,2023-02-12,Masculino,Notebook,50.0,2,3600,0:03:52,Rio de janeiro
João silva,0023-05-06,Masculino,Cadeira,120.0,0,50,,São paulo
Carlos lima,2023-09-11,Masculino,Cadeira,50.0,0,360,,Curitiba
Maria souza,2024-07-23,,Notebook,1200.0,3,800,02:10:49,São paulo
João silva,0023-05-17,,Notebook,120.0,0,800,,Belo horizonte
João silva,2023-02-05,Masculino,Mouse,50.0,0,1593,,Curitiba
Pedro alves,0024-07-06,Masculino,Monitor,1200.0,1,360,,Porto alegre
João silva,2023-10-14,Masculino,Mouse,50.0,0,,,Porto alegre
Carlos lima,2023-11-12,Masculino,Teclado,120.0,3,,02:19:04,São paulo
João silva,2023-10-23,Masculino,Mouse,50.0,1,3500,,Porto alegre
João silva,2023-05-06,Masculino,Teclado,3500.0,2,3500,0:01:00,Rio de janeiro
Pedro alves,2024-02-17,Masculino,Teclado,120.0,1,10500,,São paulo
João silva,2023-06-04,Masculino,Mouse,1200.0,0,150,,São paulo
Carlos lima,2023-05-01,,Cadeira,120.0,3,3500,02:45:50,Belo horizonte
João silva,2023-10-04,,Monitor,3500.0,0,10500,,Porto alegre
João silva,2023-03-18,Masculino,Monitor,800.0,0,150,,Curitiba
João silva,0023-06-17,,Cadeira,120.0,1,,,Rio de janeiro
Pedro alves,2024-07-22,,Mouse,1200.0,1,2401,,Curitiba
Pedro alves,2023-06-16,,Notebook,3500.0,2,120,0:02:35,São paulo
Pedro alves,2024-01-18,,Cadeira,800.0,1,,,São paulo
Ana clara,2023-08-16,Masculino,Notebook,800.0,3,,01:37:16,Rio de janeiro
João silva,0024-03-05,Masculino,Notebook,3500.0,3,120,00:30:15,Belo horizonte
João silva,2024-02-25,,Notebook,1200.0,1,7048,,Belo horizonte
Carlos lima,2023-03-18,Masculino,Monitor,120.0,2,1600,0:02:30,Curitiba
Carlos lima,0023-05-21,Masculino,Teclado,120.0,2,100,0:01:54,Belo horizonte
Carlos lima,2024-04-04,Masculino,Teclado,800.0,0,3600,,Belo horizonte
Pedro alves,0024-09-07,,Cadeira,1200.0,1,800,,São paulo
João silva,2023-01-06,,Notebook,120.0,1,2400,,Porto alegre
Maria souza,2024-04-03,Masculino,Cadeira,1200.0,0,100,,Rio de janeiro
João silva,2024-02-09,,Teclado,50.0,1,179,,Curitiba
Carlos lima,2024-01-21,,Mouse,800.0,3,120,00:48:15,São paulo
João silva,2024-08-22,,Monitor,800.0,1,360,,Curitiba
Ana clara,2024-02-04,Masculino,Cadeira,1200.0,3,100,00:21:15,Belo horizonte
Maria souza,2023-01-05,Masculino,Teclado,800.0,1,100,,Rio de janeiro
Ana clara,0023-04-21,,Notebook,50.0,0,3490,,Curitiba
Ana clara,2023-10-25,,Cadeira,3500.0,0,2400,,Curitiba
Pedro alves,2024-05-05,,Monitor,120.0,1,,,Belo horizonte
Carlos lima,2023-12-06,Masculino,Cadeira,800.0,2,1200,0:01:46,Curitiba
Pedro alves,2023-12-05,,Notebook,1200.0,2,356,0:03:22,Rio de janeiro
Ana clara,2023-02-02,,Mouse,120.0,3,150,01:14:45,Belo horizonte
Ana clara,2024-02-09,Masculino,Teclado,800.0,0,10500,,Belo horizonte
Carlos lima,2023-11-01,Masculino,Mouse,50.0,2,1600,0:00:12,Rio de janeiro
João silva,0024-06-08,,Notebook,3500.0,3,2400,02:44:21,São paulo
Maria souza,2023-10-10,Masculino,Notebook,50.0,2,2400,0:01:38,Rio de janeiro
Maria souza,2023-11-27,,Cadeira,1200.0,3,800,00:22:33,Curitiba
Maria souza,2024-07-04,,Notebook,800.0,3,2363,02:09:33,Belo horizonte
João silva,2023-02-28,,Notebook,3500.0,1,360,,Belo horizonte
João silva,0023-11-06,,Notebook,50.0,0,1644,,Porto alegre
Carlos lima,2023-05-11,Masculino,Monitor,1200.0,3,3500,01:00:29,Rio de janeiro
Carlos lima,2023-05-11,,Notebook,1200.0,0,2400,,Curitiba
Maria souza,0024-01-09,Masculino,Teclado,50.0,3,3456,02:00:07,Porto alegre
Maria souza,2023-05-13,,Teclado,3500.0,3,2400,00:53:28,Rio de janeiro
Maria souza,2024-05-14,,Cadeira,3500.0,0,10500,,São paulo
João silva,2024-05-10,,Cadeira,120.0,3,849,00:52:11,Curitiba
João silva,0023-12-19,Masculino,Teclado,800.0,2,120,0:03:50,Belo horizonte
João silva,2024-11-04,,Teclado,1200.0,3,7000,00:42:25,São paulo
João silva,2023-11-27,,Cadeira,1200.0,0,50,,São paulo
João silva,2023-06-17,Masculino,Cadeira,800.0,3,150,01:23:06,São paulo
Ana clara,2024-03-25,Masculino,Mouse,3500.0,3,3600,00:04:00,Curitiba
Pedro alves,2023-03-21,Masculino,Monitor,1200.0,0,14,,Curitiba
Maria souza,2024-04-07,,Cadeira,50.0,0,2400,,São paulo
Carlos lima,0024-01-05,Masculino,Mouse,800.0,3,3600,01:42:22,Belo horizonte
Pedro alves,2024-06-13,,Monitor,3500.0,3,7000,00:16:10,Rio de janeiro
João silva,2023-02-26,,Teclado,50.0,2,240,0:02:20,Curitiba
Carlos lima,2023-12-04,Masculino,Teclado,3500.0,3,100,02:03:57,Belo horizonte
Maria souza,2024-01-23,,Mouse,3500.0,0,50,,São paulo
Ana clara,0023-01-20,,Notebook,120.0,0,,,Porto alegre
Pedro alves,2023-05-01,Masculino,Monitor,50.0,0,2400,,Rio de janeiro
Maria souza,2024-03-13,Masculino,Monitor,800.0,3,240,00:48:10,Rio de janeiro
Pedro alves,2023-06-26,,Monitor,1200.0,0,,,Curitiba
Maria souza,0024-07-09,Masculino,Cadeira,3500.0,2,1600,0:02:46,Porto alegre
Maria souza,2023-01-21,Masculino,Mouse,1200.0,0,800,,Porto alegre
Maria souza,2024-06-08,,Cadeira,1200.0,3,7000,00:34:47,São paulo
Carlos lima,2023-07-27,,Teclado,3500.0,1,50,,Porto alegre
Ana clara,2023-04-15,,Notebook,1200.0,0,120,,Porto alegre
Ana clara,2024-05-06,,Mouse,50.0,2,,0:00:08,São paulo
João silva,2023-06-19,,Monitor,1200.0,1,,,Belo horizonte
Maria souza,0024-09-19,,Mouse,120.0,0,240,,São paulo
Pedro alves,2023-01-26,Masculino,Cadeira,3500.0,0,100,,Porto alegre
Ana clara,2024-04-20,Masculino,Notebook,120.0,2,2400,0:03:10,Belo horizonte
Ana clara,2023-03-14,,Monitor,50.0,0,,,São paulo
Ana clara,0023-12-04,Masculino,Monitor,1200.0,0,,,Belo horizonte
Maria souza,0024-08-25,Masculino,Teclado,1200.0,2,150,0:00:51,Rio de janeiro
Pedro alves,0024-03-19,,Notebook,120.0,1,,,Curitiba
Pedro alves,2023-06-13,Masculino,Notebook,120.0,0,,,Belo horizonte
Pedro alves,2023-05-04,,Cadeira,50.0,0,1600,,Curitiba
Carlos lima,0024-08-23,,Monitor,800.0,3,3500,01:45:21,São paulo
Carlos lima,0024-02-28,,Monitor,50.0,2,7000,0:03:50,Rio de janeiro
Carlos lima,2024-12-24,,Cadeira,3500.0,2,1600,0:02:04,Rio de janeiro
João silva,2023-04-17,Masculino,Monitor,1200.0,0,1600,,Porto alegre
Pedro alves,2023-06-09,,Monitor,3500.0,1,2400,,Curitiba
Carlos lima,2023-04-28,,Cadeira,1200.0,2,,0:02:39,Belo horizonte
Pedro alves,2023-12-22,,Teclado,3500.0,0,10500,,Belo horizonte
Pedro alves,2023-07-19,,Cadeira,50.0,2,,0:00:17,Curitiba
João silva,2023-11-21,Masculino,Notebook,800.0,1,1200,,Belo horizonte
Carlos lima,2024-11-26,Masculino,Mouse,1200.0,0,,,Porto alegre
Ana clara,2023-12-28,,Cadeira,800.0,1,1200,,Belo horizonte
Carlos lima,2023-01-23,Masculino,Teclado,800.0,0,150,,São paulo
Pedro alves,2024-02-12,,Monitor,3500.0,0,,,Belo horizonte
Carlos lima,2023-09-01,,Cadeira,800.0,0,329,,Belo horizonte
Maria souza,2023-03-15,Masculino,Teclado,120.0,2,,0:00:55,Porto alegre
Pedro alves,2024-04-14,,Monitor,50.0,2,3600,0:00:09,Rio de janeiro
Maria souza,2024-12-17,,Cadeira,120.0,3,3500,00:14:00,Porto alegre
João silva,2023-03-26,,Notebook,120.0,1,1200,,Rio de janeiro
Carlos lima,2024-04-11,Masculino,Cadeira,3500.0,0,1592,,Porto alegre
Carlos lima,2024-02-11,,Monitor,1200.0,3,7044,01:27:20,Belo horizonte
Pedro alves,2024-02-06,Masculino,Notebook,3500.0,2,50,0:00:49,São paulo
Ana clara,2024-03-28,Masculino,Cadeira,3500.0,1,,,Porto alegre
Pedro alves,2024-01-28,,Teclado,3500.0,1,1209,,Curitiba
Ana clara,2023-09-23,Masculino,Cadeira,1200.0,1,378,,São paulo
Ana clara,2023-08-13,,Teclado,50.0,2,2400,0:02:39,Porto alegre
Ana clara,2023-08-15,Masculino,Notebook,800.0,2,1200,0:03:44,Belo horizonte
Ana clara,2023-01-26,Masculino,Notebook,50.0,3,,00:25:53,Belo horizonte
Ana clara,2023-02-19,,Notebook,800.0,1,1600,,Porto alegre
Ana clara,2024-09-24,Masculino,Cadeira,1200.0,3,,01:57:56,São paulo
Pedro alves,0023-07-11,,Notebook,3500.0,3,1600,01:02:33,Rio de janeiro
Pedro alves,0024-07-20,,Mouse,3500.0,1,,,Curitiba
Pedro alves,2024-05-26,,Mouse,1200.0,2,81,0:03:20,São paulo
Pedro alves,2024-05-01,Masculino,Cadeira,50.0,2,1556,0:01:47,Belo horizonte
Ana clara,2023-12-10,Masculino,Monitor,50.0,3,3600,01:37:15,São paulo
Ana clara,2023-10-09,,Notebook,800.0,0,,,Porto alegre
João silva,2023-01-09,,Notebook,1200.0,2,240,0:01:15,Rio de janeiro
Ana clara,2024-04-22,,Teclado,800.0,1,2400,,Belo horizonte
Maria souza,2024-03-08,Masculino,Monitor,3500.0,1,100,,Porto alegre
Maria souza,2024-02-19,Masculino,Mouse,3500.0,1,800,,Rio de janeiro
Pedro alves,2024-12-11,Masculino,Monitor,800.0,2,3600,0:01:29,Porto alegre
Pedro alves,2023-01-15,,Notebook,120.0,2,,0:01:14,Porto alegre
Carlos lima,2023-12-17,Masculino,Mouse,3500.0,1,19,,São paulo
Pedro alves,2023-03-10,,Teclado,800.0,1,7000,,Belo horizonte
Pedro alves,0023-12-08,,Monitor,50.0,1,10529,,Rio de janeiro
Pedro alves,0024-10-07,,Cadeira,3500.0,0,1600,,São paulo
Pedro alves,2023-08-09,,Cadeira,3500.0,2,10500,0:00:58,Rio de janeiro
Pedro alves,2024-12-07,,Notebook,3500.0,2,,0:01:28,Belo horizonte
Maria souza,0023-02-16,,Monitor,1200.0,2,3500,0:01:28,Rio de janeiro
Maria souza,2024-09-27,Masculino,Cadeira,800.0,2,360,0:03:52,São paulo
Pedro alves,2024-08-25,Masculino,Teclado,1200.0,0,10500,,Porto alegre
Pedro alves,0023-02-24,,Cadeira,800.0,3,,00:43:31,Porto alegre
Ana clara,2023-12-05,,Teclado,120.0,2,50,0:03:14,Porto alegre
Ana clara,2023-08-25,,Notebook,3500.0,0,1200,,Rio de janeiro
Pedro alves,2024-10-20,,Notebook,50.0,1,,,Curitiba
Maria souza,2023-12-28,,Monitor,1200.0,3,120,01:22:47,Rio de janeiro
Ana clara,2024-07-27,Masculino,Cadeira,120.0,3,50,01:16:41,Rio de janeiro
Ana clara,2024-06-24,,Teclado,120.0,3,,02:40:11,Porto alegre
Pedro alves,0024-04-19,Masculino,Teclado,50.0,0,3500,,Belo horizonte
Pedro alves,2024-01-01,,Teclado,120.0,0,10525,,São paulo
Pedro alves,2023-06-06,,Cadeira,1200.0,2,100,0:01:48,Belo horizonte
Pedro alves,2023-03-04,Masculino,Notebook,3500.0,3,120,01:08:37,São paulo
Pedro alves,2024-10-03,,Notebook,800.0,3,360,02:23:10,Rio de janeiro
Pedro alves,2023-06-25,,Cadeira,1200.0,3,7000,01:31:22,Curitiba
Ana clara,0023-06-15,Masculino,Notebook,1200.0,1,3500,,Rio de janeiro
Carlos lima,2024-12-19,,Monitor,1200.0,1,150,,Porto alegre
Ana clara,2024-03-12,,Mouse,800.0,3,50,00:14:12,Porto alegre
Ana clara,2023-08-10,Masculino,Mouse,3500.0,1,2400,,Rio de janeiro
Ana clara,2024-10-12,Masculino,Monitor,120.0,0,150,,Belo horizonte
Maria souza,2023-05-08,,Monitor,120.0,0,3500,,Porto alegre
Maria souza,2023-01-21,Masculino,Cadeira,800.0,1,50,,São paulo
Maria souza,0023-06-10,,Monitor,1200.0,3,240,00:25:53,Belo horizonte
João silva,0023-06-23,Masculino,Teclado,800.0,0,3597,,Belo horizonte
João silva,2023-05-10,,Teclado,120.0,1,1200,,Curitiba
Carlos lima,0023-10-27,Masculino,Monitor,3500.0,3,2432,01:46:45,Belo horizonte
Ana clara,0024-01-11,,Notebook,800.0,1,800,,Belo horizonte
Ana clara,2024-02-07,Masculino,Mouse,3500.0,1,80,,Rio de janeiro
Maria souza,2023-09-20,,Mouse,50.0,2,10500,0:03:54,Rio de janeiro
Pedro alves,2023-08-25,,Cadeira,800.0,1,100,,Rio de janeiro
João silva,0023-09-03,Masculino,Cadeira,3500.0,2,800,0:03:08,Rio de janeiro
João silva,2024-02-27,,Notebook,1200.0,0,50,,Rio de janeiro
Carlos lima,2024-10-19,Masculino,Mouse,50.0,3,10500,01:53:47,Curitiba
João silva,2024-12-07,,Monitor,1200.0,1,360,,São paulo
Maria souza,2023-03-09,Masculino,Mouse,50.0,3,360,00:45:26,Belo horizonte
João silva,0023-10-13,Masculino,Teclado,50.0,1,150,,Porto alegre
Carlos lima,2024-12-16,,Mouse,3500.0,2,,0:02:38,São paulo
Ana clara,0024-01-27,,Monitor,1200.0,3,3600,01:14:41,Curitiba
Ana clara,2023-07-20,Masculino,Mouse,800.0,2,100,0:00:15,Porto alegre
Pedro alves,2024-03-08,Masculino,Monitor,50.0,0,7000,,São paulo
Maria souza,2024-10-22,,Monitor,120.0,0,,,Rio de janeiro
Maria souza,2023-04-08,Masculino,Notebook,800.0,2,,0:03:08,Porto alegre
Pedro alves,0024-05-02,,Notebook,50.0,3,,02:48:49,Belo horizonte
Maria souza,2024-05-05,Masculino,Cadeira,3500.0,3,789,01:38:41,Rio de janeiro
João silva,2023-02-19,Masculino,Mouse,1200.0,0,1200,,Rio de janeiro
Carlos lima,2024-02-26,Masculino,Mouse,3500.0,0,337,,São paulo
Carlos lima,2024-11-17,,Monitor,800.0,3,,02:26:18,Belo horizonte
João silva,2024-02-20,,Cadeira,3500.0,3,3600,01:00:42,Porto alegre
Ana clara,2024-12-13,,Cadeira,1200.0,0,2365,,Rio de janeiro
Ana clara,2023-10-26,,Notebook,3500.0,1,100,,Belo horizonte
Ana clara,2024-09-01,Masculino,Cadeira,120.0,3,800,00:16:47,Rio de janeiro
Ana clara,2023-04-08,Masculino,Cadeira,3500.0,3,3600,01:29:03,Rio de janeiro
Pedro alves,0024-11-25,Masculino,Cadeira,50.0,1,120,,São paulo
Pedro alves,2024-05-28,Masculino,Notebook,3500.0,0,10500,,Belo horizonte
Pedro alves,2023-03-09,,Notebook,120.0,1,7000,,Porto alegre
Pedro alves,0023-05-05,Masculino,Teclado,3500.0,1,,,Rio de janeiro
Maria souza,2023-02-10,Masculino,Mouse,120.0,3,800,01:55:51,Porto alegre
Ana clara,2024-03-12,,Mouse,120.0,0,73,,São paulo
João silva,2023-12-27,,Monitor,50.0,1,360,,São paulo
Maria souza,2024-02-25,,Teclado,800.0,0,3600,,Belo horizonte
Maria souza,2024-07-05,Masculino,Mouse,3500.0,0,1154,,Curitiba
Ana clara,2023-12-10,,Notebook,1200.0,2,120,0:00:38,São paulo
João silva,2024-03-13,,Mouse,50.0,3,,00:39:58,Porto alegre
João silva,2024-11-24,Masculino,Cadeira,50.0,3,2400,00:23:10,São paulo
Ana clara,2024-12-09,,Cadeira,120.0,0,100,,São paulo
Carlos lima,2024-09-13,,Notebook,1200.0,1,2390,,Curitiba
Maria souza,2024-04-11,,Cadeira,800.0,1,120,,São paulo
João silva,2023-10-09,Masculino,Notebook,50.0,0,3500,,Porto alegre
Maria souza,2024-03-26,Masculino,Notebook,120.0,3,10500,00:05:53,Belo horizonte
Ana clara,2023-10-08,Masculino,Teclado,3500.0,0,1600,,São paulo
Pedro alves,2023-06-05,,Teclado,120.0,2,,0:03:58,Rio de janeiro
Ana clara,2024-09-20,,Mouse,120.0,2,7008,0:01:14,São paulo
João silva,2024-06-04,Masculino,Notebook,120.0,0,3600,,Porto alegre
Carlos lima,2024-10-08,,Cadeira,3500.0,3,3500,01:05:51,São paulo
Carlos lima,2023-11-15,Masculino,Teclado,120.0,3,100,00:21:18,Belo horizonte
Pedro alves,2024-04-05,,Teclado,800.0,1,1600,,Belo horizonte
Ana clara,2023-09-15,Masculino,Monitor,120.0,3,,02:12:01,Rio de janeiro
Ana clara,2024-09-05,,Notebook,3500.0,2,46,0:02:04,Rio de janeiro
Carlos lima,2024-07-20,,Monitor,1200.0,1,,,Belo horizonte
Ana clara,2024-02-25,Masculino,Teclado,3500.0,3,,01:46:35,São paulo
Carlos lima,2023-05-19,Masculino,Cadeira,1200.0,0,10500,,Porto alegre
Pedro alves,2023-12-02,,Mouse,120.0,0,57,,Rio de janeiro
Maria souza,0024-09-24,Masculino,Cadeira,50.0,0,240,,Rio de janeiro
Pedro alves,2024-01-23,,Notebook,120.0,1,240,,Rio de janeiro
Maria souza,0024-08-01,,Notebook,120.0,1,3600,,São paulo
Maria souza,2024-05-22,Masculino,Notebook,800.0,3,2400,00:51:58,Curitiba
Maria souza,0023-06-03,,Mouse,50.0,3,3600,02:07:40,Porto alegre
Carlos lima,2024-11-14,,Notebook,50.0,3,2400,01:27:36,Belo horizonte
Carlos lima,2023-04-22,,Notebook,120.0,3,10500,01:46:36,Belo horizonte
Carlos lima,0024-12-04,Masculino,Monitor,50.0,3,7000,02:56:01,Belo horizonte
Carlos lima,2024-05-03,Masculino,Notebook,3500.0,0,50,,Rio de janeiro
João silva,2023-01-05,,Monitor,800.0,1,,,São paulo
João silva,0024-09-27,,Cadeira,120.0,1,800,,Porto alegre
Pedro alves,0023-06-21,Masculino,Notebook,1200.0,2,10468,0:00:15,Rio de janeiro
Carlos lima,2023-04-04,,Mouse,120.0,0,1200,,Curitiba
Ana clara,0023-10-12,,Teclado,1200.0,2,800,0:03:24,São paulo
Pedro alves,2024-10-27,,Teclado,50.0,2,360,0:03:22,Curitiba
João silva,2023-08-09,,Notebook,3500.0,3,,01:56:43,São paulo
Maria souza,2023-12-01,Masculino,Cadeira,1200.0,3,2422,01:52:32,São paulo
Ana clara,2023-06-04,Masculino,Mouse,3500.0,0,7038,,Porto alegre
João silva,0023-05-07,Masculino,Cadeira,1200.0,0,50,,Curitiba
João silva,2024-06-12,,Cadeira,3500.0,2,1200,0:02:14,Belo horizonte
Pedro alves,2023-01-21,Masculino,Cadeira,1200.0,3,10500,02:28:34,São paulo
Pedro alves,2024-03-18,Masculino,Notebook,120.0,3,2400,00:21:48,Belo horizonte
João silva,2023-09-20,Masculino,Notebook,120.0,0,,,Porto alegre
Pedro alves,2023-09-04,Masculino,Cadeira,120.0,0,1200,,Curitiba
Carlos lima,2023-05-24,,Mouse,1200.0,3,,02:47:51,Porto alegre
Carlos lima,2024-06-15,Masculino,Mouse,120.0,3,2354,01:31:17,Rio de janeiro
João silva,2024-05-09,,Mouse,800.0,3,,00:50:56,Belo horizonte
Pedro alves,2023-10-23,Masculino,Mouse,50.0,2,3500,0:01:41,Porto alegre
Ana clara,2024-05-26,,Cadeira,1200.0,0,2400,,São paulo
Carlos lima,2023-05-15,Masculino,Monitor,3500.0,1,3500,,Curitiba
Maria souza,2024-11-17,,Mouse,1200.0,0,150,,Belo horizonte
Carlos lima,0023-11-02,,Teclado,120.0,1,100,,Porto alegre
Maria souza,2024-04-17,,Mouse,800.0,0,,,Rio de janeiro
Maria souza,2023-02-21,Masculino,Monitor,3500.0,2,360,0:03:15,Porto alegre
Maria souza,2024-09-01,,Cadeira,50.0,1,3600,,Curitiba
João silva,2023-01-23,Masculino,Notebook,50.0,0,1202,,Rio de janeiro
João silva,2023-02-26,,Notebook,1200.0,1,120,,Rio de janeiro
Carlos lima,0023-03-19,Masculino,Cadeira,50.0,3,100,01:29:10,Porto alegre
Carlos lima,2024-03-01,,Notebook,50.0,3,,01:38:33,São paulo
João silva,2023-11-15,Masculino,Cadeira,50.0,0,3584,,Rio de janeiro
João silva,0023-11-08,Masculino,Mouse,1200.0,1,,,São paulo
Pedro alves,2023-03-22,Masculino,Mouse,1200.0,1,150,,Porto alegre
Pedro alves,0024-06-01,Masculino,Teclado,1200.0,2,,0:01:22,Belo horizonte
João silva,0024-04-04,,Mouse,50.0,2,2400,0:00:12,Rio de janeiro
João silva,2024-07-03,,Mouse,50.0,3,239,01:02:49,Curitiba
João silva,2024-10-19,,Monitor,50.0,1,800,,Rio de janeiro
Ana clara,2024-05-09,Masculino,Monitor,800.0,3,240,02:00:46,Rio de janeiro
Ana clara,0023-09-27,,Monitor,50.0,2,811,0:00:08,Rio de janeiro
Ana clara,0024-09-22,Masculino,Teclado,120.0,1,,,Belo horizonte
Ana clara,2023-01-15,,Notebook,3500.0,0,1550,,São paulo
Carlos lima,2024-05-01,,Cadeira,50.0,3,360,00:00:45,Porto alegre
João silva,2023-07-19,,Cadeira,800.0,1,374,,Porto alegre
João silva,2023-07-27,Masculino,Cadeira,800.0,0,,,Porto alegre
Ana clara,2023-10-24,Masculino,Teclado,1200.0,0,3500,,Curitiba
Ana clara,2023-04-13,,Teclado,50.0,2,2400,0:00:27,Rio de janeiro
Pedro alves,2023-05-01,Masculino,Mouse,800.0,2,10500,0:00:19,São paulo
Carlos lima,2024-03-25,Masculino,Monitor,1200.0,3,1200,00:24:36,Belo horizonte
João silva,0023-01-24,,Monitor,3500.0,0,,,São paulo
Carlos lima,2023-09-17,Masculino,Mouse,1200.0,1,,,Porto alegre
Pedro alves,0023-01-20,Masculino,Cadeira,800.0,3,,00:30:33,Curitiba
Ana clara,2024-07-12,,Mouse,3500.0,3,,00:28:21,Curitiba
Maria souza,2024-08-06,,Mouse,120.0,2,10496,0:00:23,Porto alegre
Pedro alves,2023-07-19,,Monitor,120.0,0,2400,,Curitiba
João silva,0024-12-08,Masculino,Teclado,800.0,0,50,,Curitiba
João silva,2024-09-08,,Cadeira,120.0,2,3600,0:03:34,Porto alegre
João silva,0024-01-08,Masculino,Notebook,1200.0,2,1576,0:03:55,São paulo
Pedro alves,0023-01-23,,Cadeira,800.0,3,6983,00:14:57,Curitiba
Maria souza,2024-11-21,Masculino,Mouse,3500.0,2,,0:01:37,Porto alegre
Carlos lima,2023-07-12,,Mouse,800.0,0,240,,Curitiba
Carlos lima,2024-06-09,Masculino,Mouse,120.0,2,,0:02:12,São paulo
João silva,2024-05-06,,Mouse,800.0,1,50,,Belo horizonte
João silva,2024-01-11,Masculino,Mouse,3500.0,1,50,,Curitiba
Carlos lima,0024-01-03,,Notebook,800.0,3,100,02:30:03,Curitiba
Maria souza,2023-12-11,Masculino,Notebook,1200.0,0,17,,Belo horizonte
Maria souza,0024-02-22,Masculino,Cadeira,800.0,1,206,,Belo horizonte
Carlos lima,2023-09-12,Masculino,Cadeira,50.0,3,,01:02:26,Curitiba
Carlos lima,2024-09-03,Masculino,Notebook,3500.0,3,360,01:09:57,Belo horizonte
Ana clara,2023-04-21,Masculino,Mouse,50.0,0,1200,,Curitiba
Ana clara,0023-02-19,,Monitor,120.0,1,3500,,Porto alegre
Pedro alves,0024-05-09,Masculino,Teclado,1200.0,1,3500,,Rio de janeiro
Carlos lima,2024-05-23,,Mouse,800.0,1,800,,São paulo
Carlos lima,0023-12-19,,Mouse,3500.0,2,,0:03:29,Curitiba
Maria souza,0023-04-20,,Monitor,50.0,0,,,Rio de janeiro
João silva,2023-04-17,Masculino,Notebook,120.0,0,1600,,São paulo
João silva,2023-08-25,Masculino,Teclado,800.0,0,10500,,Belo horizonte
Pedro alves,2024-05-17,Masculino,Monitor,1200.0,3,100,01:15:51,Belo horizonte
Pedro alves,2024-04-15,Masculino,Monitor,50.0,0,143,,São paulo
Carlos lima,0024-03-06,Masculino,Mouse,3500.0,3,2419,00:45:38,São paulo
Maria souza,2023-11-10,Masculino,Notebook,1200.0,0,,,Belo horizonte
Maria souza,2023-12-24,,Mouse,50.0,3,1600,01:47:40,Rio de janeiro
Pedro alves,2023-07-23,Masculino,Cadeira,800.0,3,800,02:18:33,São paulo
Maria souza,2023-02-09,,Teclado,50.0,2,360,0:02:30,Porto alegre
Ana clara,0023-02-02,,Notebook,50.0,1,360,,Porto alegre
Maria souza,2024-10-24,,Monitor,50.0,0,,,Rio de janeiro
Ana clara,2024-09-14,Masculino,Monitor,3500.0,2,150,0:02:46,Rio de janeiro
Maria souza,2023-01-03,,Teclado,3500.0,3,800,01:31:27,São paulo
Maria souza,2024-06-10,Masculino,Teclado,120.0,2,,0:02:33,Porto alegre
Pedro alves,2023-01-07,,Teclado,3500.0,2,178,0:02:08,Curitiba
Maria souza,0024-01-26,Masculino,Notebook,800.0,0,240,,Curitiba
Carlos lima,2023-12-14,,Cadeira,1200.0,3,,01:36:17,Curitiba
Ana clara,2024-10-02,Masculino,Teclado,1200.0,3,10549,02:51:34,Porto alegre
João silva,2023-11-18,,Monitor,50.0,3,335,01:31:03,Porto alegre
João silva,2023-08-20,Masculino,Notebook,50.0,0,7000,,São paulo
Carlos lima,2024-08-20,,Cadeira,3500.0,0,3500,,Belo horizonte
João silva,2024-06-02,,Mouse,1200.0,3,50,02:58:30,Rio de janeiro
Maria souza,2023-04-14,,Notebook,3500.0,3,100,02:38:12,Curitiba
João silva,2024-03-11,Masculino,Notebook,120.0,0,1632,,Rio de janeiro
Maria souza,2023-09-17,,Monitor,800.0,1,84,,Porto alegre
Ana clara,2023-05-21,Masculino,Cadeira,120.0,2,50,0:03:41,Porto alegre
Ana clara,0023-08-06,Masculino,Teclado,1200.0,2,2439,0:00:21,Rio de janeiro
Carlos lima,2023-09-17,,Mouse,1200.0,2,800,0:02:03,São paulo
Pedro alves,2024-10-18,,Mouse,3500.0,0,,,Rio de janeiro
Maria souza,2024-09-28,Masculino,Cadeira,800.0,1,100,,Belo horizonte
Ana clara,2024-01-20,,Monitor,800.0,0,61,,Porto alegre
Pedro alves,2024-10-23,,Mouse,3500.0,0,3600,,Curitiba
Pedro alves,0023-09-18,,Monitor,50.0,3,10500,02:34:14,São paulo
Pedro alves,2023-12-23,Masculino,Notebook,1200.0,3,800,02:24:39,Belo horizonte
Maria souza,2023-11-12,Masculino,Cadeira,3500.0,1,2400,,São paulo
Carlos lima,0023-01-14,Masculino,Monitor,800.0,1,1200,,São paulo
Carlos lima,0023-07-05,,Monitor,50.0,0,3600,,Rio de janeiro
Maria souza,2024-02-11,,Monitor,50.0,3,360,00:48:09,Belo horizonte
Carlos lima,2024-05-19,,Notebook,1200.0,1,10500,,São paulo
Carlos lima,2024-04-26,,Notebook,1200.0,3,7000,02:47:10,Porto alegre
Maria souza,2024-03-28,Masculino,Mouse,1200.0,1,100,,São paulo
Maria souza,0024-03-15,Masculino,Cadeira,50.0,0,10501,,Porto alegre
Pedro alves,0023-10-12,,Mouse,1200.0,3,100,00:53:00,Porto alegre
Ana clara,2023-01-10,Masculino,Teclado,800.0,2,10500,0:02:12,Curitiba
Maria souza,0024-08-03,Masculino,Teclado,120.0,1,50,,Curitiba
Maria souza,2024-02-17,,Mouse,50.0,0,1600,,Rio de janeiro
João silva,2023-10-26,Masculino,Cadeira,800.0,1,,,Rio de janeiro
Carlos lima,2023-10-19,,Teclado,3500.0,2,10500,0:00:32,São paulo
Maria souza,2024-07-13,Masculino,Cadeira,3500.0,3,360,01:40:15,Curitiba
Carlos lima,2024-07-08,Masculino,Teclado,120.0,2,50,0:03:43,Belo horizonte
Maria souza,0023-09-09,,Teclado,50.0,2,,0:03:49,Porto alegre
João silva,0024-07-17,,Mouse,120.0,3,10500,01:57:16,São paulo
Pedro alves,2024-01-06,,Mouse,1200.0,3,1571,00:41:34,São paulo
Pedro alves,2024-09-04,,Mouse,3500.0,0,,,Porto alegre
Ana clara,0024-08-01,,Monitor,120.0,3,1600,01:20:10,Porto alegre
Carlos lima,2023-08-06,,Mouse,800.0,1,10500,,São paulo
Maria souza,2023-06-17,Masculino,Mouse,50.0,3,3600,00:19:38,São paulo
Maria souza,0024-06-17,Masculino,Mouse,50.0,2,115,0:02:14,Curitiba
Maria souza,0023-01-19,,Notebook,800.0,1,3500,,Curitiba
Pedro alves,2024-02-11,,Monitor,800.0,1,150,,Curitiba
João silva,0024-03-18,Masculino,Monitor,120.0,1,2400,,Belo horizonte
Pedro alves,2023-05-02,Masculino,Cadeira,3500.0,0,100,,Curitiba
Pedro alves,2023-07-12,,Monitor,120.0,1,181,,Belo horizonte
Pedro alves,2023-12-20,,Cadeira,120.0,3,360,01:53:27,Belo horizonte
João silva,2024-12-17,Masculino,Cadeira,1200.0,3,100,01:32:26,São paulo
Maria souza,2024-06-15,Masculino,Cadeira,50.0,2,800,0:00:17,Curitiba
Ana clara,0024-09-02,,Notebook,1200.0,1,120,,São paulo
João silva,2024-06-15,,Teclado,1200.0,1,10500,,Belo horizonte
Maria souza,2023-02-18,Masculino,Teclado,50.0,2,,0:01:41,Porto alegre
João silva,2024-02-14,,Cadeira,120.0,2,3639,0:02:29,Curitiba
Maria souza,2023-12-13,,Mouse,800.0,0,120,,Porto alegre
Ana clara,2024-09-12,Masculino,Notebook,1200.0,2,1600,0:03:28,Rio de janeiro
Ana clara,2024-02-12,Masculino,Teclado,50.0,0,360,,Belo horizonte
João silva,2024-12-02,Masculino,Mouse,3500.0,0,10515,,Rio de janeiro
Pedro alves,2023-11-17,Masculino,Teclado,1200.0,0,120,,São paulo
Carlos lima,2023-09-18,Masculino,Notebook,50.0,2,240,0:03:00,Rio de janeiro
Ana clara,2024-09-19,Masculino,Mouse,800.0,0,360,,Belo horizonte
Pedro alves,2024-11-06,Masculino,Notebook,50.0,3,3600,02:51:26,Curitiba
Pedro alves,2024-02-28,,Notebook,50.0,2,3600,0:03:24,Curitiba
Maria souza,0023-01-01,Masculino,Teclado,800.0,1,360,,São paulo
João silva,2023-09-08,Masculino,Monitor,800.0,1,,,São paulo
João silva,0023-06-07,,Cadeira,1200.0,2,1200,0:03:02,São paulo
Pedro alves,2023-01-08,Masculino,Notebook,3500.0,1,800,,Porto alegre
Carlos lima,2024-08-18,,Teclado,3500.0,2,1566,0:00:27,Rio de janeiro
João silva,2023-05-24,Masculino,Teclado,120.0,2,50,0:01:33,Belo horizonte
Pedro alves,2023-07-18,,Teclado,50.0,1,150,,Rio de janeiro
Pedro alves,0024-01-05,,Mouse,800.0,0,10500,,Belo horizonte
Maria souza,2023-11-11,Masculino,Mouse,800.0,3,3500,01:53:06,Curitiba
Ana clara,2023-02-26,Masculino,Monitor,3500.0,0,100,,São paulo
Maria souza,2023-08-15,Masculino,Mouse,120.0,0,,,Curitiba
Maria souza,2024-08-17,,Cadeira,120.0,2,,0:02:01,Porto alegre
Carlos lima,2024-03-22,Masculino,Mouse,1200.0,0,50,,Belo horizonte
Maria souza,2024-09-13,Masculino,Cadeira,50.0,2,800,0:01:06,Belo horizonte
Carlos lima,0023-03-02,Masculino,Cadeira,3500.0,0,,,Rio de janeiro
Pedro alves,2024-10-12,,Notebook,120.0,3,7000,00:22:15,Curitiba
Ana clara,2024-06-02,Masculino,Mouse,3500.0,0,120,,Curitiba
Ana clara,2023-11-06,Masculino,Teclado,3500.0,3,10479,01:17:44,Belo horizonte
Ana clara,2024-06-07,Masculino,Cadeira,800.0,1,10500,,Belo horizonte
Pedro alves,0024-09-06,,Cadeira,3500.0,3,,01:22:01,Rio de janeiro
João silva,2024-08-25,Masculino,Cadeira,50.0,0,10500,,São paulo
Maria souza,0023-03-01,Masculino,Cadeira,3500.0,0,2400,,Porto alegre
Maria souza,2024-03-11,Masculino,Mouse,50.0,0,1200,,Belo horizonte
João silva,0023-11-13,Masculino,Teclado,50.0,1,2400,,Rio de janeiro
João silva,2024-07-10,Masculino,Notebook,120.0,0,50,,Belo horizonte
João silva,2024-08-26,,Notebook,50.0,1,240,,Belo horizonte
Maria souza,2023-02-15,,Teclado,800.0,2,150,0:02:32,Porto alegre
Maria souza,2024-01-04,Masculino,Teclado,3500.0,0,100,,Curitiba
Pedro alves,2023-03-27,Masculino,Monitor,50.0,1,7000,,Belo horizonte
Maria souza,2023-02-20,Masculino,Cadeira,3500.0,1,120,,Rio de janeiro
Maria souza,2023-11-26,Masculino,Monitor,1200.0,0,155,,Curitiba
Carlos lima,2023-10-05,Masculino,Notebook,50.0,1,,,Porto alegre
Carlos lima,2023-08-24,,Notebook,800.0,3,240,01:29:14,Curitiba
Carlos lima,0024-10-07,Masculino,Cadeira,50.0,1,7000,,Porto alegre
Maria souza,0024-05-25,,Cadeira,120.0,3,100,01:42:17,Curitiba
Ana clara,0023-05-01,Masculino,Cadeira,800.0,0,,,Curitiba
Maria souza,2023-10-15,Masculino,Cadeira,120.0,0,1198,,Rio de janeiro
Pedro alves,2024-05-22,Masculino,Teclado,50.0,3,240,01:30:29,Rio de janeiro
Pedro alves,2023-07-03,Masculino,Teclado,800.0,2,50,0:00:14,Rio de janeiro
Carlos lima,2024-10-22,Masculino,Mouse,3500.0,2,,0:01:03,Rio de janeiro
Carlos lima,0024-06-20,Masculino,Teclado,120.0,0,240,,Rio de janeiro
João silva,2024-10-24,Masculino,Mouse,1200.0,2,1200,0:03:03,Belo horizonte
João silva,2023-12-14,Masculino,Teclado,800.0,1,240,,Belo horizonte
Pedro alves,2024-08-23,,Notebook,3500.0,0,1600,,Rio de janeiro
Maria souza,2024-08-24,Masculino,Teclado,1200.0,3,2400,02:43:18,Porto alegre
Ana clara,2024-07-07,Masculino,Mouse,50.0,1,10500,,Curitiba
João silva,2023-11-24,Masculino,Monitor,120.0,0,2400,,Porto alegre
Pedro alves,0023-04-14,Masculino,Mouse,120.0,2,240,0:03:12,Curitiba
Maria souza,2023-07-05,Masculino,Notebook,1200.0,1,240,,Curitiba
Carlos lima,2024-12-19,,Mouse,3500.0,1,50,,Rio de janeiro
Ana clara,2024-07-01,,Monitor,120.0,2,2400,0:03:27,Curitiba
Ana clara,0023-12-10,,Notebook,120.0,2,272,0:01:15,Curitiba
Ana clara,2023-11-02,,Monitor,50.0,2,7000,0:02:26,Porto alegre
Pedro alves,2023-05-26,Masculino,Monitor,120.0,3,150,02:31:05,Rio de janeiro
Carlos lima,2024-02-26,Masculino,Mouse,800.0,0,2400,,São paulo
João silva,2024-07-15,,Notebook,1200.0,3,240,02:03:15,São paulo
Carlos lima,2023-07-07,Masculino,Monitor,800.0,0,50,,Curitiba
Carlos lima,2023-07-28,,Monitor,50.0,2,50,0:03:47,Rio de janeiro
João silva,2024-07-22,Masculino,Cadeira,1200.0,3,1200,01:32:25,Rio de janeiro
Pedro alves,2024-11-11,Masculino,Notebook,1200.0,1,2400,,Rio de janeiro
João silva,2024-02-18,,Notebook,800.0,3,2438,02:10:37,Porto alegre
Pedro alves,2024-12-02,,Cadeira,800.0,2,3600,0:00:17,Curitiba
Ana clara,2023-02-25,Masculino,Notebook,50.0,3,,01:38:55,Rio de janeiro
Pedro alves,2023-03-11,,Cadeira,50.0,0,,,São paulo
Carlos lima,2023-06-05,Masculino,Teclado,1200.0,1,106,,São paulo
Carlos lima,0024-01-28,Masculino,Teclado,3500.0,2,,0:03:11,São paulo
Maria souza,2023-02-26,,Monitor,3500.0,2,7043,0:00:35,Curitiba
João silva,0024-06-19,,Notebook,120.0,0,,,Porto alegre
Pedro alves,2024-05-25,Masculino,Notebook,50.0,1,,,São paulo
Pedro alves,0023-02-12,Masculino,Notebook,800.0,3,2400,02:11:50,Rio de janeiro
João silva,0023-03-18,Masculino,Cadeira,1200.0,1,10500,,Curitiba
Pedro alves,2024-05-20,,Teclado,50.0,1,,,São paulo
João silva,2024-06-11,,Teclado,1200.0,3,,02:52:52,Belo horizonte
Ana clara,2024-07-16,Masculino,Cadeira,120.0,3,,01:03:26,Belo horizonte
Maria souza,2024-03-24,Masculino,Mouse,800.0,2,1600,0:01:33,Porto alegre
Maria souza,0023-04-17,Masculino,Cadeira,800.0,0,1600,,Rio de janeiro
Carlos lima,0023-01-27,,Cadeira,120.0,2,10500,0:02:38,Curitiba
Pedro alves,2023-03-19,,Monitor,3500.0,0,3600,,Curitiba
Carlos lima,2024-02-15,,Teclado,3500.0,1,3640,,Porto alegre
Carlos lima,2023-05-16,,Monitor,1200.0,2,,0:01:56,Rio de janeiro
João silva,0024-04-14,,Teclado,1200.0,2,84,0:02:31,Rio de janeiro
Maria souza,2023-10-01,Masculino,Mouse,800.0,3,240,00:55:03,Porto alegre
Ana clara,2024-12-11,Masculino,Teclado,120.0,3,800,00:04:39,Curitiba
Carlos lima,0023-06-13,,Teclado,800.0,2,800,0:02:14,Rio de janeiro
Pedro alves,2023-10-23,,Cadeira,800.0,2,100,0:01:48,Curitiba
Pedro alves,2024-02-03,Masculino,Notebook,800.0,3,,00:27:43,Rio de janeiro
Maria souza,0024-07-16,,Teclado,800.0,0,240,,Porto alegre
Maria souza,2024-05-28,,Monitor,800.0,0,150,,Curitiba
Carlos lima,2023-12-13,,Notebook,1200.0,2,92,0:00:46,Porto alegre
João silva,2023-05-22,,Mouse,3500.0,1,360,,Rio de janeiro
Ana clara,2023-12-04,Masculino,Mouse,3500.0,3,,00:28:37,São paulo
Pedro alves,2024-07-23,,Notebook,3500.0,2,,0:01:12,Porto alegre
Ana clara,2024-09-14,Masculino,Mouse,800.0,2,1600,0:03:35,São paulo
João silva,2023-10-19,,Notebook,1200.0,3,3600,02:32:09,São paulo
Maria souza,2023-12-21,,Notebook,50.0,0,3600,,São paulo
João silva,2023-06-20,Masculino,Teclado,1200.0,1,3600,,Curitiba
Pedro alves,2023-12-09,,Cadeira,800.0,2,50,0:01:43,Curitiba
Pedro alves,2024-03-08,,Monitor,800.0,0,1608,,Rio de janeiro
João silva,2023-02-25,,Mouse,50.0,0,2390,,Porto alegre
João silva,2023-07-01,Masculino,Cadeira,3500.0,3,3600,01:07:55,Porto alegre
João silva,0024-06-15,Masculino,Teclado,120.0,0,3600,,Curitiba
Ana clara,2023-09-09,Masculino,Monitor,120.0,0,360,,Curitiba
Pedro alves,2024-02-16,,Cadeira,1200.0,3,2400,01:02:57,Curitiba
Maria souza,0023-08-04,,Mouse,3500.0,2,,0:00:23,Rio de janeiro
Carlos lima,2024-02-15,Masculino,Cadeira,1200.0,2,7000,0:00:10,Rio de janeiro
Carlos lima,0024-02-18,,Mouse,1200.0,1,10500,,São paulo
Ana clara,2024-01-14,,Cadeira,800.0,0,3600,,São paulo
Ana clara,0024-05-02,,Mouse,1200.0,1,150,,Porto alegre
Pedro alves,2023-04-17,Masculino,Cadeira,50.0,0,,,Curitiba
Ana clara,2023-11-03,Masculino,Mouse,50.0,3,7000,02:23:01,Belo horizonte
Carlos lima,2023-04-15,Masculino,Monitor,50.0,1,,,Curitiba
Carlos lima,2024-02-17,Masculino,Mouse,800.0,0,,,São paulo
João silva,2023-02-26,,Teclado,3500.0,2,3500,0:00:10,Rio de janeiro
João silva,2024-12-06,Masculino,Monitor,800.0,2,120,0:02:24,Rio de janeiro
Carlos lima,2024-01-26,,Mouse,120.0,1,800,,São paulo
Pedro alves,2023-11-25,Masculino,Cadeira,800.0,1,,,Curitiba
Pedro alves,2023-10-19,Masculino,Mouse,120.0,0,100,,Belo horizonte
Maria souza,0024-01-28,Masculino,Cadeira,800.0,2,150,0:00:23,São paulo
Carlos lima,2024-09-09,Masculino,Monitor,1200.0,1,2400,,Curitiba
Carlos lima,2023-12-22,Masculino,Mouse,3500.0,2,3500,0:03:14,Curitiba
Carlos lima,2023-07-03,,Mouse,3500.0,3,1600,00:20:07,Porto alegre
Carlos lima,2023-08-15,Masculino,Mouse,120.0,0,50,,Curitiba
Pedro alves,2024-03-07,Masculino,Monitor,120.0,0,800,,São paulo
Ana clara,2023-02-07,Masculino,Mouse,1200.0,0,3600,,São paulo
Maria souza,0023-11-20,Masculino,Cadeira,50.0,2,50,0:02:56,Belo horizonte
Ana clara,2023-12-07,Masculino,Cadeira,800.0,0,2434,,Belo horizonte
Carlos lima,2023-01-15,Masculino,Mouse,3500.0,1,3500,,Belo horizonte
Carlos lima,2024-08-05,Masculino,Teclado,120.0,3,10500,02:41:29,Belo horizonte
Carlos lima,0024-04-04,,Notebook,800.0,1,2432,,Curitiba
Maria souza,2023-05-28,,Teclado,120.0,3,50,02:08:07,Rio de janeiro
Carlos lima,0024-04-22,Masculino,Monitor,50.0,1,,,São paulo
Ana clara,2024-04-18,,Monitor,120.0,3,800,02:20:53,Curitiba
Maria souza,0023-11-24,Masculino,Cadeira,50.0,3,360,01:20:44,Rio de janeiro
Pedro alves,2023-09-21,,Monitor,1200.0,0,10505,,Rio de janeiro
Maria souza,0024-06-14,Masculino,Teclado,800.0,0,3500,,São paulo
Carlos lima,2023-03-20,Masculino,Monitor,1200.0,1,201,,Belo horizonte
Carlos lima,2023-02-11,,Teclado,3500.0,1,360,,São paulo
Carlos lima,2024-11-06,Masculino,Teclado,3500.0,0,7000,,Rio de janeiro
Maria souza,2023-03-17,,Mouse,800.0,2,150,0:01:38,Curitiba
Carlos lima,2024-11-21,Masculino,Notebook,50.0,2,,0:03:20,Curitiba
Ana clara,2023-04-09,,Monitor,50.0,0,240,,Rio de janeiro
Maria souza,2024-09-24,Masculino,Notebook,800.0,1,,,Rio de janeiro
Ana clara,2024-06-11,,Mouse,120.0,0,1200,,Rio de janeiro
Carlos lima,2023-11-08,Masculino,Monitor,120.0,2,240,0:03:41,Porto alegre
João silva,2023-01-23,Masculino,Teclado,3500.0,3,3600,02:39:21,Belo horizonte
Maria souza,0024-08-18,,Notebook,120.0,1,120,,São paulo
Pedro alves,0023-09-13,Masculino,Notebook,1200.0,2,3500,0:01:11,Porto alegre
Pedro alves,2023-07-02,,Mouse,800.0,2,120,0:02:02,Porto alegre
João silva,2024-12-23,Masculino,Mouse,800.0,1,133,,Curitiba
Ana clara,2023-10-18,Masculino,Mouse,1200.0,3,2383,01:23:10,Rio de janeiro
Maria souza,2023-11-27,,Cadeira,3500.0,2,2400,0:01:46,São paulo
João silva,2024-07-28,Masculino,Cadeira,800.0,2,3484,0:03:51,Porto alegre
João silva,2023-01-28,Masculino,Notebook,120.0,1,,,Porto alegre
João silva,2023-08-12,Masculino,Monitor,50.0,1,360,,Belo horizonte
Maria souza,0023-10-25,Masculino,Mouse,50.0,1,100,,Porto alegre
Maria souza,0024-04-16,Masculino,Cadeira,1200.0,0,50,,Porto alegre
Pedro alves,2024-09-26,Masculino,Monitor,800.0,0,2400,,Belo horizonte
Pedro alves,2024-02-08,,Monitor,3500.0,2,120,0:02:47,Rio de janeiro
João silva,2024-01-03,,Cadeira,800.0,3,800,02:34:23,Curitiba
João silva,2024-10-04,,Cadeira,50.0,2,360,0:01:25,São paulo
João silva,2023-01-01,,Notebook,800.0,3,,01:04:16,Rio de janeiro
João silva,2023-12-01,,Notebook,120.0,0,3600,,Porto alegre
Carlos lima,0024-12-02,Masculino,Cadeira,120.0,2,7000,0:03:31,Belo horizonte
João silva,0023-03-27,Masculino,Monitor,120.0,1,10500,,Curitiba
Pedro alves,2023-10-16,,Mouse,800.0,0,1200,,São paulo
João silva,2023-09-19,,Mouse,1200.0,3,150,01:22:03,Rio de janeiro
Maria souza,2024-04-05,Masculino,Monitor,1200.0,1,7026,,Curitiba
Carlos lima,0023-07-19,Masculino,Monitor,1200.0,1,,,Curitiba
Pedro alves,2023-04-25,Masculino,Notebook,1200.0,1,2400,,Curitiba
Maria souza,2024-12-16,Masculino,Cadeira,1200.0,2,120,0:00:40,São paulo
Carlos lima,2023-02-14,Masculino,Cadeira,1200.0,0,,,Curitiba
Carlos lima,2024-12-19,Masculino,Teclado,120.0,1,240,,Rio de janeiro
Carlos lima,2023-04-06,Masculino,Cadeira,1200.0,2,2400,0:00:52,Rio de janeiro
Pedro alves,0023-02-16,,Cadeira,3500.0,0,2400,,Porto alegre
João silva,2023-05-25,Masculino,Notebook,1200.0,3,3500,01:57:39,Belo horizonte
Carlos lima,2023-11-14,,Notebook,1200.0,3,2400,00:46:39,Curitiba
João silva,2024-09-17,,Mouse,50.0,1,240,,Rio de janeiro
João silva,0023-11-04,Masculino,Teclado,120.0,2,3500,0:03:01,Curitiba
Pedro alves,2024-06-17,Masculino,Cadeira,3500.0,2,50,0:00:40,Porto alegre
Pedro alves,0023-05-20,Masculino,Mouse,1200.0,1,,,São paulo
Maria souza,0023-02-07,Masculino,Mouse,120.0,0,10500,,São paulo
Carlos lima,2023-10-12,,Mouse,50.0,1,2400,,Belo horizonte
Carlos lima,0024-08-14,Masculino,Mouse,1200.0,0,2400,,Porto alegre
Ana clara,0023-07-21,Masculino,Cadeira,800.0,3,,00:32:08,Porto alegre
Maria souza,2023-10-07,,Teclado,3500.0,0,3500,,Porto alegre
Pedro alves,0024-04-15,,Monitor,1200.0,1,50,,São paulo
João silva,0023-08-28,,Teclado,1200.0,0,150,,Belo horizonte
Maria souza,2024-03-14,Masculino,Monitor,120.0,0,,,Rio de janeiro
Ana clara,0024-06-05,Masculino,Notebook,800.0,1,,,São paulo
Ana clara,0024-09-15,,Monitor,120.0,0,2400,,São paulo
Carlos lima,2024-04-27,Masculino,Cadeira,50.0,0,2400,,Belo horizonte
João silva,0023-01-03,,Notebook,1200.0,1,800,,Rio de janeiro
Maria souza,2024-09-20,Masculino,Cadeira,120.0,1,,,São paulo
Carlos lima,2023-12-06,Masculino,Teclado,3500.0,3,240,00:52:18,Porto alegre
Pedro alves,0024-03-25,,Monitor,120.0,0,800,,Porto alegre
Pedro alves,0023-12-23,Masculino,Mouse,50.0,0,,,São paulo
João silva,2023-09-13,,Teclado,800.0,1,50,,Curitiba
João silva,2024-02-18,Masculino,Notebook,800.0,1,50,,Curitiba
Maria souza,2024-07-24,,Cadeira,800.0,2,50,0:00:47,Curitiba
Carlos lima,2024-12-06,,Cadeira,50.0,3,2400,01:19:00,Porto alegre
Pedro alves,0023-01-08,Masculino,Notebook,1200.0,0,118,,Rio de janeiro
Ana clara,2023-02-10,Masculino,Mouse,50.0,2,10500,0:00:34,Curitiba
Carlos lima,2024-09-27,Masculino,Teclado,120.0,1,7000,,São paulo
Pedro alves,2023-05-09,,Monitor,50.0,1,,,São paulo
João silva,2024-05-04,Masculino,Cadeira,3500.0,1,3500,,Belo horizonte
Maria souza,2024-04-12,,Notebook,120.0,1,360,,Curitiba
João silva,2024-02-16,Masculino,Notebook,120.0,0,,,São paulo
Carlos lima,2023-01-23,,Monitor,800.0,1,1600,,Belo horizonte
Carlos lima,0023-01-05,Masculino,Monitor,120.0,1,240,,Belo horizonte
João silva,2024-04-13,Masculino,Monitor,800.0,3,90,00:52:01,Curitiba
João silva,2024-11-20,Masculino,Monitor,800.0,2,7000,0:00:56,São paulo
Maria souza,2023-09-26,,Cadeira,1200.0,1,,,Belo horizonte
João silva,2023-04-13,,Notebook,3500.0,1,7000,,São paulo
João silva,0024-07-21,,Mouse,3500.0,3,50,00:30:51,Rio de janeiro
Ana clara,2024-06-24,,Teclado,1200.0,0,50,,Curitiba
Maria souza,2024-03-04,,Notebook,3500.0,0,10479,,Rio de janeiro
João silva,2024-06-18,Masculino,Notebook,3500.0,2,150,0:00:44,Curitiba
Carlos lima,2023-02-08,,Teclado,120.0,1,120,,Porto alegre
João silva,2023-10-18,Masculino,Cadeira,120.0,1,7000,,Curitiba
Pedro alves,2023-11-19,Masculino,Monitor,800.0,3,100,02:12:46,São paulo
João silva,2024-07-04,Masculino,Mouse,1200.0,1,7000,,Curitiba
Maria souza,2023-11-13,,Cadeira,1200.0,1,7018,,Porto alegre
Pedro alves,0023-11-08,Masculino,Teclado,50.0,1,,,Belo horizonte
Carlos lima,2023-03-23,Masculino,Monitor,1200.0,1,2363,,Curitiba
Maria souza,2023-07-15,,Cadeira,120.0,1,3627,,Curitiba
Maria souza,2023-10-16,Masculino,Monitor,1200.0,0,150,,Curitiba
João silva,2024-12-04,,Mouse,3500.0,0,240,,São paulo
Carlos lima,2024-10-22,Masculino,Notebook,3500.0,0,10460,,Porto alegre
Carlos lima,2023-11-17,Masculino,Monitor,800.0,3,,01:52:31,Rio de janeiro
Pedro alves,2024-04-22,Masculino,Mouse,50.0,0,150,,Belo horizonte
Pedro alves,2023-12-02,,Mouse,800.0,1,2400,,Belo horizonte
Maria souza,2023-11-18,,Cadeira,800.0,1,2400,,São paulo
Maria souza,2024-10-06,Masculino,Cadeira,3500.0,3,1600,00:55:00,Porto alegre
Maria souza,0024-01-20,,Mouse,120.0,3,10500,00:10:04,Belo horizonte
Maria souza,0024-07-18,Masculino,Teclado,3500.0,3,3500,01:55:56,São paulo
Pedro alves,2023-10-01,Masculino,Monitor,120.0,3,800,01:28:53,Rio de janeiro
Ana clara,0024-12-26,Masculino,Mouse,120.0,2,166,0:00:10,Belo horizonte
João silva,2024-04-08,,Notebook,120.0,0,10500,,São paulo
Maria souza,2023-09-15,,Cadeira,1200.0,2,,0:02:37,Rio de janeiro
Carlos lima,2024-12-28,Masculino,Notebook,120.0,0,240,,Curitiba
Carlos lima,2023-11-09,,Cadeira,800.0,1,,,São paulo
Ana clara,0023-05-26,Masculino,Mouse,120.0,0,10500,,Rio de janeiro
Pedro alves,2023-10-18,Masculino,Cadeira,1200.0,2,2400,0:03:19,Porto alegre
Maria souza,2024-12-03,,Teclado,120.0,0,,,São paulo
Maria souza,2024-02-15,,Cadeira,50.0,0,1235,,Belo horizonte
Maria souza,0023-07-23,Masculino,Monitor,1200.0,1,182,,Curitiba
Maria souza,2024-09-02,Masculino,Teclado,3500.0,3,,01:56:58,Porto alegre
Pedro alves,2023-11-25,Masculino,Teclado,3500.0,2,800,0:02:04,Curitiba
Pedro alves,2024-03-08,,Cadeira,3500.0,0,1600,,Belo horizonte
Ana clara,2023-03-11,,Notebook,800.0,2,3491,0:00:37,Porto alegre
João silva,2024-06-05,,Teclado,3500.0,2,,0:02:06,Porto alegre
João silva,2024-07-04,,Monitor,50.0,1,,,Belo horizonte
João silva,2023-08-06,Masculino,Mouse,120.0,2,2400,0:00:55,Belo horizonte
Maria souza,2023-12-04,Masculino,Mouse,3500.0,3,240,01:47:28,Rio de janeiro
Ana clara,2023-11-14,Masculino,Mouse,1200.0,1,1564,,Rio de janeiro
João silva,0023-06-28,,Teclado,1200.0,1,3600,,Rio de janeiro
João silva,2024-08-16,,Teclado,50.0,2,3500,0:03:22,Rio de janeiro
João silva,0024-11-22,Masculino,Cadeira,3500.0,3,2400,01:39:58,Porto alegre
Maria souza,2024-12-22,Masculino,Mouse,120.0,2,,0:02:10,Curitiba
Maria souza,2024-09-06,,Teclado,120.0,3,,01:57:36,Belo horizonte
Pedro alves,2023-10-24,Masculino,Teclado,120.0,0,3600,,Curitiba
Maria souza,2024-01-06,Masculino,Notebook,50.0,1,7000,,São paulo
Pedro alves,0024-09-05,Masculino,Notebook,3500.0,0,3500,,São paulo
Ana clara,2023-01-06,Masculino,Monitor,50.0,1,1600,,Rio de janeiro
João silva,0023-02-20,,Notebook,120.0,2,2400,0:03:38,Rio de janeiro
João silva,2023-08-24,Masculino,Teclado,800.0,3,,02:37:18,Belo horizonte
Pedro alves,2024-09-27,,Mouse,3500.0,3,10500,01:36:23,Belo horizonte
Ana clara,2023-02-19,Masculino,Monitor,3500.0,2,360,0:00:26,Belo horizonte
Pedro alves,0023-11-21,,Monitor,50.0,3,100,01:21:47,Rio de janeiro
Maria souza,0023-02-27,,Monitor,800.0,2,129,0:01:06,Curitiba
João silva,2023-05-15,,Monitor,800.0,0,203,,Rio de janeiro
Maria souza,0023-12-25,,Notebook,3500.0,0,3600,,Rio de janeiro
Maria souza,2023-05-12,Masculino,Monitor,120.0,3,2400,00:11:07,São paulo
Maria souza,0023-07-18,,Notebook,3500.0,0,240,,Curitiba
João silva,2023-11-06,,Notebook,120.0,2,10500,0:00:55,Rio de janeiro
Maria souza,2023-08-25,,Cadeira,50.0,2,50,0:03:07,Porto alegre
Carlos lima,0023-01-27,,Cadeira,800.0,0,10500,,Curitiba
Pedro alves,2023-10-07,Masculino,Teclado,800.0,0,100,,Belo horizonte
Carlos lima,2023-01-24,Masculino,Cadeira,120.0,2,120,0:00:54,Belo horizonte
João silva,2023-12-24,,Cadeira,3500.0,2,800,0:03:22,São paulo
Ana clara,2023-09-07,,Teclado,50.0,0,1200,,São paulo
João silva,2024-04-23,Masculino,Notebook,1200.0,0,3454,,Rio de janeiro
João silva,2024-07-18,Masculino,Monitor,120.0,0,2400,,Porto alegre
Pedro alves,2023-09-11,Masculino,Cadeira,120.0,3,50,01:44:31,Belo horizonte
Maria souza,2024-12-17,,Mouse,800.0,2,1550,0:01:17,Curitiba
Maria souza,2023-05-12,,Monitor,50.0,1,150,,Belo horizonte
Ana clara,0023-08-11,Masculino,Mouse,800.0,1,2400,,São paulo
Ana clara,2023-11-06,Masculino,Notebook,1200.0,0,98,,Belo horizonte
Carlos lima,2023-09-19,,Cadeira,1200.0,0,2400,,Curitiba
Maria souza,2024-05-01,,Teclado,1200.0,2,,0:02:25,Belo horizonte
Maria souza,2024-10-03,,Monitor,800.0,1,,,Rio de janeiro
João silva,0024-05-06,,Teclado,800.0,0,120,,Curitiba
Ana clara,2024-04-13,Masculino,Notebook,120.0,0,120,,São paulo
Ana clara,2024-11-13,,Notebook,50.0,2,120,0:01:07,Porto alegre
Ana clara,2024-11-05,Masculino,Mouse,3500.0,2,2400,0:02:00,São paulo
Ana clara,2023-11-10,Masculino,Cadeira,120.0,1,,,Porto alegre
Pedro alves,2023-06-06,,Notebook,800.0,0,1600,,Porto alegre
Pedro alves,2023-07-16,Masculino,Teclado,3500.0,2,1200,0:00:40,Belo horizonte
Pedro alves,0023-04-21,Masculino,Monitor,50.0,3,120,00:37:54,Porto alegre
Carlos lima,0024-03-14,Masculino,Cadeira,800.0,3,1200,01:27:47,Rio de janeiro
Carlos lima,0024-09-17,,Notebook,800.0,1,,,Curitiba
João silva,0023-07-16,Masculino,Notebook,50.0,3,6989,01:13:33,Curitiba
João silva,2023-01-11,Masculino,Monitor,3500.0,2,,0:01:22,Curitiba
Maria souza,2023-08-27,Masculino,Mouse,50.0,3,,02:04:32,Belo horizonte
Maria souza,2023-07-20,Masculino,Notebook,120.0,0,3600,,Belo horizonte
Ana clara,2023-03-02,,Cadeira,800.0,1,2400,,Rio de janeiro
João silva,2024-05-09,Masculino,Mouse,50.0,2,240,0:00:49,Belo horizonte
Ana clara,2023-01-28,,Mouse,50.0,3,10500,00:08:05,Curitiba
Ana clara,2024-05-19,,Notebook,50.0,3,1200,02:16:39,Porto alegre
Ana clara,2024-03-02,Masculino,Notebook,50.0,1,10500,,Curitiba
Carlos lima,2024-06-22,,Mouse,1200.0,1,,,Curitiba
Maria souza,0024-12-10,Masculino,Monitor,120.0,1,10500,,Belo horizonte
Maria souza,2023-11-15,Masculino,Teclado,3500.0,2,150,0:01:50,Belo horizonte
Carlos lima,2023-05-16,,Mouse,3500.0,0,120,,Belo horizonte
Maria souza,2024-05-13,Masculino,Mouse,50.0,3,1200,00:23:46,Belo horizonte
Pedro alves,2024-01-14,Masculino,Teclado,120.0,0,50,,Belo horizonte
Carlos lima,2024-10-21,Masculino,Mouse,800.0,1,1600,,São paulo
Ana clara,0023-11-10,,Cadeira,3500.0,3,240,01:05:53,Porto alegre
Pedro alves,0024-10-21,Masculino,Notebook,3500.0,0,105,,Porto alegre
Carlos lima,2024-03-05,,Notebook,1200.0,2,100,0:02:06,São paulo
Carlos lima,2023-10-17,Masculino,Notebook,120.0,0,100,,Porto alegre
Carlos lima,0023-03-27,Masculino,Notebook,1200.0,0,3600,,Belo horizonte
Pedro alves,0024-05-01,,Mouse,800.0,0,,,Curitiba
João silva,2023-09-15,Masculino,Notebook,1200.0,3,100,02:24:26,Porto alegre
Carlos lima,2023-06-22,,Mouse,120.0,1,150,,Porto alegre
Ana clara,2023-05-01,Masculino,Notebook,800.0,2,3600,0:02:44,Curitiba
Pedro alves,0024-06-28,Masculino,Monitor,800.0,3,,01:58:17,Curitiba
Carlos lima,2023-02-03,Masculino,Mouse,3500.0,0,,,Rio de janeiro
João silva,2024-09-08,,Teclado,120.0,3,10500,00:32:56,São paulo
Carlos lima,2023-03-23,,Teclado,3500.0,0,1200,,Belo horizonte
Carlos lima,0024-09-26,Masculino,Notebook,800.0,2,2372,0:02:01,São paulo
João silva,2023-03-12,Masculino,Mouse,3500.0,0,756,,Belo horizonte
João silva,2024-11-14,Masculino,Teclado,3500.0,0,10500,,São paulo
Pedro alves,2023-03-01,,Notebook,120.0,2,800,0:03:21,Belo horizonte
João silva,2024-10-23,,Teclado,120.0,1,240,,Curitiba
João silva,2023-07-13,,Teclado,120.0,0,360,,São paulo
João silva,2024-10-22,Masculino,Notebook,50.0,2,1600,0:02:19,Belo horizonte
Maria souza,2023-09-22,Masculino,Notebook,800.0,1,10500,,Rio de janeiro
Maria souza,2024-10-19,,Notebook,50.0,0,,,São paulo
Pedro alves,0024-04-12,Masculino,Cadeira,3500.0,3,800,00:48:59,Rio de janeiro
Pedro alves,2023-03-10,,Teclado,800.0,1,2400,,Belo horizonte
Carlos lima,2023-03-21,Masculino,Notebook,120.0,1,1200,,São paulo
Pedro alves,2024-01-10,Masculino,Teclado,800.0,1,10507,,Rio de janeiro
Maria souza,0024-05-27,,Teclado,50.0,2,,0:02:49,Porto alegre
Ana clara,2023-03-14,Masculino,Monitor,50.0,3,,01:18:28,Rio de janeiro
João silva,2023-10-02,Masculino,Teclado,800.0,2,7000,0:02:06,Porto alegre
Maria souza,2023-03-21,Masculino,Teclado,50.0,1,7000,,São paulo
Carlos lima,2023-06-22,Masculino,Notebook,1200.0,1,1624,,São paulo
Maria souza,2024-10-03,Masculino,Teclado,120.0,0,800,,Porto alegre
Maria souza,2024-03-14,Masculino,Monitor,120.0,2,120,0:01:37,Porto alegre
João silva,2024-04-22,Masculino,Notebook,50.0,0,1600,,São paulo
Maria souza,2023-06-21,Masculino,Cadeira,1200.0,0,348,,Porto alegre
Maria souza,0024-08-11,,Mouse,800.0,3,,02:27:17,Rio de janeiro
Ana clara,2024-11-25,,Mouse,800.0,2,800,0:03:28,São paulo
Ana clara,2023-11-04,,Mouse,800.0,3,1243,01:16:04,Belo horizonte
Maria souza,2023-11-18,,Mouse,50.0,1,0,,São paulo
Maria souza,2024-02-10,Masculino,Cadeira,120.0,3,,01:52:03,Porto alegre
João silva,2023-10-25,,Notebook,800.0,3,1200,00:58:56,Rio de janeiro
Carlos lima,2024-09-25,,Monitor,50.0,0,10528,,Curitiba
João silva,0024-10-14,Masculino,Mouse,800.0,0,800,,Rio de janeiro
Pedro alves,2023-01-19,,Cadeira,120.0,3,100,00:57:51,Curitiba
João silva,0024-04-01,Masculino,Monitor,1200.0,2,3571,0:00:40,Porto alegre
João silva,0023-08-28,,Cadeira,50.0,2,360,0:00:16,Porto alegre
Maria souza,2023-05-12,,Notebook,3500.0,0,,,Curitiba
Carlos lima,0023-04-07,,Monitor,3500.0,1,2379,,Porto alegre
Carlos lima,0023-03-15,,Cadeira,120.0,0,120,,Porto alegre
Carlos lima,2023-02-03,Masculino,Notebook,50.0,2,240,0:01:52,São paulo
Maria souza,0024-04-24,,Mouse,1200.0,0,2400,,Curitiba
Ana clara,2023-01-16,Masculino,Notebook,120.0,3,3533,01:10:57,Rio de janeiro
Pedro alves,2023-04-21,,Notebook,50.0,0,,,Curitiba
Carlos lima,2024-07-02,,Notebook,800.0,1,2400,,Porto alegre
Carlos lima,2023-07-05,Masculino,Monitor,50.0,0,3500,,Porto alegre
Carlos lima,0023-06-13,Masculino,Mouse,3500.0,1,,,Rio de janeiro
João silva,2023-02-19,Masculino,Monitor,800.0,1,7000,,Porto alegre
Ana clara,0024-10-03,Masculino,Mouse,50.0,2,1200,0:00:31,Porto alegre
Carlos lima,0023-01-23,,Mouse,800.0,0,2400,,Belo horizonte
João silva,2023-03-09,Masculino,Mouse,50.0,2,800,0:03:18,São paulo
João silva,2023-08-18,Masculino,Cadeira,120.0,1,10484,,Rio de janeiro
Ana clara,0024-09-04,Masculino,Notebook,1200.0,3,10500,02:30:17,São paulo
Ana clara,2023-11-26,Masculino,Teclado,1200.0,2,100,0:02:48,São paulo
João silva,0023-11-27,,Notebook,50.0,1,1600,,Belo horizonte
João silva,2024-12-24,,Notebook,50.0,3,800,02:36:19,Curitiba
João silva,2023-05-15,Masculino,Teclado,800.0,3,50,02:58:11,Porto alegre
Pedro alves,2024-11-02,Masculino,Monitor,1200.0,2,1200,0:03:51,Belo horizonte
Ana clara,2024-01-04,Masculino,Notebook,50.0,1,,,São paulo
Carlos lima,2024-05-10,,Notebook,120.0,2,1200,0:01:06,Rio de janeiro
Carlos lima,2023-06-25,,Monitor,50.0,1,800,,Belo horizonte
Carlos lima,2024-08-04,Masculino,Monitor,50.0,3,,02:10:36,São paulo
Carlos lima,2024-11-18,,Teclado,50.0,0,1600,,Belo horizonte
Carlos lima,2023-08-24,,Monitor,50.0,1,224,,Rio de janeiro
Carlos lima,2024-09-11,Masculino,Monitor,50.0,2,,0:00:36,Belo horizonte
Carlos lima,2023-06-02,,Teclado,50.0,1,3500,,Rio de janeiro
Carlos lima,0023-03-06,,Mouse,3500.0,2,800,0:02:43,São paulo
Maria souza,2024-01-10,,Cadeira,3500.0,0,10500,,Curitiba
Carlos lima,2024-03-16,Masculino,Monitor,1200.0,3,87,01:49:13,Curitiba
Ana clara,0024-09-11,,Mouse,50.0,2,50,0:02:54,Porto alegre
Pedro alves,2023-07-17,,Monitor,800.0,3,240,01:11:43,Belo horizonte
Pedro alves,2023-08-17,Masculino,Mouse,800.0,0,800,,Porto alegre
Pedro alves,2024-12-17,Masculino,Monitor,3500.0,0,3628,,Belo horizonte
Ana clara,2024-03-21,Masculino,Teclado,800.0,2,1600,0:03:26,Porto alegre
Ana clara,2024-03-24,,Teclado,3500.0,3,10500,00:30:54,Rio de janeiro
Maria souza,2024-02-07,Masculino,Cadeira,800.0,2,,0:01:28,São paulo
João silva,2023-02-18,Masculino,Mouse,3500.0,2,2400,0:00:00,Porto alegre
Ana clara,2024-09-27,Masculino,Notebook,50.0,2,3600,0:00:10,Curitiba
Maria souza,2024-06-22,,Monitor,120.0,3,50,00:54:11,São paulo
Carlos lima,2024-09-10,,Monitor,800.0,2,2400,0:03:11,Belo horizonte
Carlos lima,0023-06-16,Masculino,Mouse,3500.0,1,,,Belo horizonte
Carlos lima,0024-06-17,,Notebook,3500.0,3,7000,02:12:57,São paulo
Maria souza,2024-05-01,,Mouse,1200.0,1,,,São paulo
João silva,2023-09-28,Masculino,Cadeira,3500.0,2,50,0:03:22,Porto alegre
Ana clara,2023-12-01,,Cadeira,1200.0,2,1600,0:02:15,Porto alegre
Ana clara,0024-07-15,Masculino,Notebook,800.0,2,,0:02:09,São paulo
Pedro alves,2023-08-15,,Teclado,50.0,0,91,,Porto alegre
Pedro alves,2024-07-04,Masculino,Mouse,120.0,3,,00:44:57,Rio de janeiro
João silva,2023-06-15,Masculino,Mouse,3500.0,0,2400,,Rio de janeiro
João silva,0023-03-25,Masculino,Cadeira,3500.0,2,1200,0:03:15,Belo horizonte
João silva,2024-12-01,Masculino,Notebook,50.0,1,150,,Belo horizonte
Ana clara,2024-08-20,,Monitor,120.0,3,,01:39:18,São paulo
Ana clara,0024-10-19,Masculino,Monitor,3500.0,1,,,Curitiba
Maria souza,0024-05-23,,Teclado,120.0,2,7000,0:02:55,Rio de janeiro
João silva,2024-10-20,Masculino,Monitor,1200.0,2,,0:00:18,Belo horizonte
João silva,2023-03-02,Masculino,Monitor,800.0,3,,02:16:53,Belo horizonte
Pedro alves,2023-02-14,Masculino,Teclado,800.0,2,3600,0:02:16,Rio de janeiro
Ana clara,2023-02-26,,Cadeira,120.0,2,6962,0:01:15,Belo horizonte
Carlos lima,0023-04-11,Masculino,Monitor,800.0,0,,,Belo horizonte
Carlos lima,2024-10-03,Masculino,Monitor,1200.0,2,2400,0:01:09,Porto alegre
João silva,2023-11-18,,Teclado,3500.0,2,3600,0:03:26,Curitiba
Carlos lima,0024-09-03,,Notebook,800.0,3,800,01:58:50,Curitiba
Maria souza,0023-07-02,Masculino,Cadeira,120.0,1,150,,Porto alegre
Pedro alves,2024-07-09,Masculino,Cadeira,1200.0,0,7000,,Porto alegre
João silva,0023-07-25,Masculino,Teclado,1200.0,3,800,01:58:30,São paulo
Carlos lima,2024-10-02,,Notebook,800.0,2,1200,0:00:04,Curitiba
Maria souza,2024-03-11,,Cadeira,50.0,1,3583,,Curitiba
Carlos lima,2023-06-21,Masculino,Notebook,1200.0,0,2400,,Rio de janeiro
Carlos lima,2023-07-16,Masculino,Teclado,3500.0,3,3500,01:38:53,Porto alegre
Carlos lima,0024-01-20,Masculino,Cadeira,800.0,1,1200,,Belo horizonte
Pedro alves,0023-06-26,Masculino,Teclado,50.0,2,10500,0:01:10,Belo horizonte
João silva,2023-06-21,,Mouse,1200.0,3,1200,02:44:24,Belo horizonte
Carlos lima,2023-10-22,,Cadeira,3500.0,0,150,,Curitiba
Carlos lima,2024-07-15,Masculino,Monitor,3500.0,0,,,Belo horizonte
Maria souza,0023-07-10,Masculino,Cadeira,120.0,0,1600,,Belo horizonte
Maria souza,2023-07-05,,Cadeira,50.0,3,,00:56:30,Belo horizonte
Ana clara,2023-06-10,Masculino,Notebook,800.0,1,2400,,Belo horizonte
Carlos lima,2024-02-26,Masculino,Notebook,800.0,0,2400,,Belo horizonte
Pedro alves,2023-03-12,,Teclado,3500.0,1,7006,,Rio de janeiro
Ana clara,2023-03-05,,Mouse,1200.0,0,3600,,São paulo
Maria souza,0024-11-15,Masculino,Notebook,120.0,1,3500,,Belo horizonte
João silva,0023-10-10,Masculino,Mouse,120.0,0,279,,Rio de janeiro
João silva,0024-07-24,,Cadeira,1200.0,3,123,00:24:12,Belo horizonte
Maria souza,2023-08-12,,Notebook,120.0,0,100,,Belo horizonte
Maria souza,2024-03-28,Masculino,Mouse,50.0,2,50,0:03:45,Belo horizonte
Pedro alves,2024-09-20,Masculino,Monitor,50.0,0,,,Rio de janeiro
Pedro alves,0024-12-20,,Teclado,800.0,0,120,,Belo horizonte
Maria souza,2024-06-07,Masculino,Mouse,800.0,0,,,Belo horizonte
Maria souza,0024-09-07,,Cadeira,800.0,0,10500,,Rio de janeiro
Carlos lima,2023-11-25,,Mouse,120.0,3,,02:36:50,Belo horizonte
Carlos lima,2024-04-13,,Monitor,1200.0,0,,,Belo horizonte
Carlos lima,2024-12-07,Masculino,Teclado,120.0,0,,,São paulo
Pedro alves,2024-11-27,Masculino,Mouse,120.0,2,50,0:03:01,Porto alegre
Carlos lima,2024-10-16,,Teclado,3500.0,2,,0:00:33,Curitiba
Carlos lima,2024-09-12,,Monitor,800.0,2,150,0:02:16,Belo horizonte
Maria souza,2023-01-24,Masculino,Cadeira,3500.0,3,,01:53:39,Porto alegre
João silva,0023-01-25,,Notebook,50.0,0,100,,Rio de janeiro
Maria souza,2023-08-08,,Monitor,50.0,0,120,,Rio de janeiro
João silva,2023-08-14,,Cadeira,50.0,2,2400,0:00:11,São paulo
Ana clara,2024-07-21,Masculino,Teclado,800.0,0,,,São paulo
Ana clara,2023-06-15,Masculino,Notebook,120.0,0,,,Porto alegre
Ana clara,2024-01-16,,Mouse,120.0,3,800,00:23:04,São paulo
Ana clara,2023-10-25,,Cadeira,800.0,3,150,02:05:02,Porto alegre
Carlos lima,2023-10-17,,Mouse,800.0,0,3550,,Rio de janeiro
Ana clara,2023-05-08,,Mouse,3500.0,3,10500,02:16:39,Curitiba
Carlos lima,2024-11-03,Masculino,Teclado,3500.0,3,240,01:26:13,Porto alegre
Pedro alves,0023-10-05,Masculino,Teclado,800.0,1,,,Porto alegre
Ana clara,2023-08-16,Masculino,Teclado,50.0,1,,,Porto alegre
João silva,2024-06-08,Masculino,Monitor,1200.0,3,,00:23:14,São paulo
Pedro alves,2024-05-18,Masculino,Cadeira,50.0,3,150,01:35:26,Rio de janeiro
Pedro alves,2023-09-01,,Teclado,1200.0,2,,0:00:39,Porto alegre
João silva,2023-02-13,,Notebook,3500.0,2,3500,0:03:49,Curitiba
João silva,2024-09-13,Masculino,Cadeira,50.0,3,3502,00:46:15,Curitiba
Maria souza,2024-07-01,Masculino,Cadeira,3500.0,2,800,0:01:12,Curitiba
Ana clara,2024-10-01,,Mouse,800.0,0,50,,Porto alegre
Ana clara,2023-05-23,,Notebook,3500.0,2,2400,0:01:13,Belo horizonte
Maria souza,2023-03-16,Masculino,Monitor,120.0,0,410,,Curitiba
Carlos lima,0023-08-23,,Monitor,800.0,3,3500,01:10:38,São paulo
João silva,2024-05-12,Masculino,Monitor,3500.0,0,2400,,Porto alegre
Ana clara,0024-01-25,,Notebook,1200.0,0,6977,,Porto alegre
João silva,2024-08-11,,Monitor,1200.0,0,139,,Rio de janeiro
João silva,0023-11-13,Masculino,Notebook,1200.0,2,1600,0:02:36,Belo horizonte
Ana clara,2023-07-14,,Monitor,800.0,3,10500,02:41:10,Porto alegre
Maria souza,2023-02-27,,Cadeira,800.0,2,3500,0:02:24,Porto alegre
Maria souza,2023-05-23,,Mouse,50.0,0,10500,,Curitiba
João silva,2024-10-18,,Notebook,120.0,0,10454,,Belo horizonte
Carlos lima,2024-06-24,Masculino,Teclado,50.0,0,,,Rio de janeiro
Ana clara,2023-06-17,Masculino,Mouse,800.0,0,,,São paulo
Ana clara,2023-01-25,,Teclado,800.0,2,3565,0:00:28,Curitiba
Pedro alves,2023-08-28,,Monitor,3500.0,0,2409,,Porto alegre
Ana clara,2023-11-16,,Monitor,800.0,2,1600,0:01:22,Curitiba
Ana clara,2023-07-19,Masculino,Notebook,3500.0,3,120,01:10:52,Porto alegre
João silva,0023-07-20,,Cadeira,50.0,2,50,0:03:43,Rio de janeiro
Pedro alves,2024-01-10,Masculino,Teclado,800.0,0,50,,Belo horizonte
Pedro alves,2023-02-23,,Cadeira,800.0,0,100,,Porto alegre
Carlos lima,2023-12-01,Masculino,Notebook,800.0,1,2400,,Rio de janeiro
Ana clara,2023-05-05,,Notebook,800.0,1,10500,,Porto alegre
João silva,2023-09-17,Masculino,Notebook,1200.0,1,2400,,Porto alegre
Ana clara,0023-04-04,,Monitor,1200.0,3,123,00:52:06,Porto alegre
Carlos lima,2024-03-07,,Cadeira,1200.0,0,,,São paulo
Carlos lima,2024-11-02,Masculino,Monitor,3500.0,1,,,Rio de janeiro
Pedro alves,2024-07-17,,Teclado,1200.0,3,3500,02:33:56,Rio de janeiro
Ana clara,0023-09-12,,Notebook,1200.0,0,,,Porto alegre
Maria souza,0024-03-05,Masculino,Cadeira,800.0,1,2400,,Rio de janeiro
Pedro alves,2024-10-20,,Mouse,1200.0,0,3602,,Belo horizonte
Maria souza,2024-02-11,,Monitor,800.0,3,1600,02:38:52,Rio de janeiro
João silva,2023-05-14,,Teclado,3500.0,2,2404,0:02:40,Belo horizonte
Ana clara,2024-07-28,,Notebook,1200.0,0,150,,Curitiba
Ana clara,2024-05-20,,Notebook,3500.0,2,,0:02:51,Rio de janeiro
Carlos lima,0023-10-09,,Monitor,3500.0,2,240,0:03:51,Belo horizonte
Carlos lima,2024-08-13,Masculino,Cadeira,800.0,3,3600,02:08:54,Curitiba
Ana clara,2024-02-14,,Teclado,1200.0,1,,,Rio de janeiro
Pedro alves,0024-02-20,Masculino,Cadeira,1200.0,2,240,0:01:09,São paulo
Pedro alves,2024-02-03,Masculino,Notebook,3500.0,1,21,,São paulo
Carlos lima,2023-12-02,,Mouse,800.0,0,,,Belo horizonte
Carlos lima,2023-05-11,,Monitor,120.0,2,1200,0:02:33,Rio de janeiro
Carlos lima,0023-10-06,,Teclado,1200.0,1,800,,Belo horizonte
João silva,2023-05-02,,Monitor,800.0,2,50,0:01:36,Belo horizonte
João silva,2023-06-17,,Teclado,50.0,3,2400,00:31:40,Curitiba
Pedro alves,2023-11-03,,Teclado,800.0,3,1200,01:40:29,Belo horizonte
Pedro alves,2023-10-09,Masculino,Notebook,3500.0,2,,0:01:49,Curitiba
Pedro alves,2024-09-02,Masculino,Teclado,1200.0,1,3525,,Curitiba
Carlos lima,2023-09-01,,Cadeira,50.0,0,1600,,Belo horizonte
Ana clara,2023-05-22,Masculino,Monitor,800.0,2,7038,0:02:46,Curitiba
João silva,0024-07-13,,Mouse,800.0,3,1200,00:48:11,Belo horizonte
João silva,0024-01-04,Masculino,Mouse,800.0,0,290,,Belo horizonte
Pedro alves,2024-03-18,,Mouse,120.0,0,50,,Belo horizonte
Pedro alves,2023-01-14,Masculino,Cadeira,120.0,1,240,,Belo horizonte
Pedro alves,0024-06-04,,Mouse,3500.0,2,796,0:02:22,Belo horizonte
Maria souza,2024-01-08,Masculino,Cadeira,3500.0,2,,0:03:12,São paulo
João silva,2023-03-02,,Mouse,800.0,3,,00:19:01,São paulo
Pedro alves,2023-02-11,,Notebook,1200.0,1,86,,Belo horizonte
Pedro alves,2024-10-11,,Notebook,800.0,1,360,,Belo horizonte
Pedro alves,2024-08-26,Masculino,Monitor,3500.0,1,,,São paulo
Carlos lima,2024-09-08,,Mouse,800.0,0,120,,Curitiba
Ana clara,0024-01-12,Masculino,Teclado,120.0,3,,02:24:06,Porto alegre
Ana clara,0024-02-09,,Mouse,1200.0,0,120,,Porto alegre
Ana clara,2024-01-22,Masculino,Monitor,800.0,0,1200,,São paulo
João silva,2024-03-01,,Notebook,1200.0,3,1600,00:11:06,Belo horizonte
Pedro alves,0023-01-18,Masculino,Mouse,120.0,0,,,Curitiba
Ana clara,2023-03-05,,Cadeira,50.0,1,150,,Rio de janeiro
Carlos lima,0023-09-04,Masculino,Notebook,1200.0,2,2400,0:01:30,Curitiba
Carlos lima,2024-04-16,Masculino,Notebook,120.0,2,,0:01:28,São paulo
Pedro alves,2024-10-15,,Mouse,50.0,2,120,0:01:34,São paulo
Pedro alves,2023-03-11,,Notebook,120.0,1,,,Belo horizonte
Carlos lima,2023-06-04,Masculino,Monitor,3500.0,3,2400,02:31:52,Belo horizonte
Maria souza,2023-06-13,Masculino,Monitor,800.0,3,,01:28:28,Rio de janeiro
Pedro alves,0024-08-27,Masculino,Mouse,50.0,3,240,01:04:38,Curitiba
Ana clara,2023-07-20,,Notebook,800.0,1,2393,,Curitiba
João silva,2023-02-04,,Teclado,120.0,3,1200,02:31:26,Rio de janeiro
João silva,0024-02-11,Masculino,Mouse,1200.0,2,2439,0:00:54,Rio de janeiro
João silva,2024-06-03,,Mouse,50.0,2,2400,0:02:36,Belo horizonte
Maria souza,2023-10-05,Masculino,Teclado,800.0,1,233,,Porto alegre
Pedro alves,0023-05-19,,Cadeira,3500.0,3,800,00:21:45,Porto alegre
Carlos lima,2024-04-15,Masculino,Monitor,120.0,0,240,,Porto alegre
João silva,2023-03-01,,Notebook,1200.0,1,150,,São paulo
João silva,2023-02-18,Masculino,Notebook,50.0,3,120,02:53:14,Curitiba
Ana clara,2024-03-21,,Notebook,1200.0,0,140,,São paulo
João silva,2023-07-08,,Mouse,800.0,1,,,São paulo
Maria souza,2024-02-17,,Monitor,50.0,0,,,Rio de janeiro
Ana clara,2024-03-13,Masculino,Monitor,800.0,3,240,01:06:05,Curitiba
Ana clara,2023-02-09,,Cadeira,50.0,2,,0:02:44,Porto alegre
Maria souza,2024-01-27,Masculino,Teclado,120.0,2,2400,0:03:41,Rio de janeiro
Ana clara,2024-07-04,,Notebook,50.0,2,2400,0:00:25,Rio de janeiro
Maria souza,2024-10-28,Masculino,Teclado,3500.0,3,100,01:05:10,Porto alegre
Maria souza,2024-07-19,,Teclado,120.0,0,10500,,São paulo
Carlos lima,2024-07-23,,Notebook,3500.0,0,100,,São paulo
Pedro alves,2023-10-16,,Cadeira,1200.0,2,93,0:03:53,São paulo
Pedro alves,2023-01-02,Masculino,Teclado,50.0,1,50,,Curitiba
Pedro alves,0024-04-08,,Monitor,800.0,0,2368,,São paulo
Ana clara,2024-02-01,,Mouse,3500.0,2,800,0:02:37,Rio de janeiro
Carlos lima,0024-01-26,Masculino,Monitor,1200.0,0,240,,Curitiba
Carlos lima,2023-11-26,Masculino,Teclado,50.0,0,2368,,Rio de janeiro
João silva,2024-05-24,Masculino,Mouse,120.0,2,1600,0:00:05,São paulo
Maria souza,2024-05-22,Masculino,Monitor,800.0,0,800,,Rio de janeiro
Carlos lima,2023-04-28,,Teclado,800.0,1,1600,,Rio de janeiro
Carlos lima,2024-06-22,Masculino,Cadeira,800.0,3,3600,00:44:49,São paulo
João silva,2023-06-06,Masculino,Teclado,1200.0,3,360,00:14:29,Belo horizonte
Ana clara,2024-07-25,,Notebook,50.0,3,3500,00:21:31,Belo horizonte
João silva,2023-09-09,,Teclado,50.0,3,240,01:58:20,São paulo
Carlos lima,2024-09-27,,Cadeira,120.0,1,,,Curitiba
Maria souza,0023-11-11,,Teclado,1200.0,1,10500,,Curitiba
Pedro alves,2024-01-04,,Teclado,50.0,1,182,,Curitiba
Maria souza,0024-04-09,,Cadeira,3500.0,2,1200,0:01:17,São paulo
João silva,0023-04-24,Masculino,Teclado,1200.0,3,7000,01:14:32,Curitiba
João silva,2023-01-08,Masculino,Cadeira,120.0,3,240,02:37:37,Rio de janeiro
Carlos lima,2024-04-10,,Notebook,120.0,0,360,,Belo horizonte
Carlos lima,2024-12-11,,Notebook,800.0,0,1200,,Belo horizonte
Pedro alves,2023-06-18,,Monitor,50.0,1,50,,Porto alegre
Pedro alves,2024-11-04,,Mouse,1200.0,1,,,Porto alegre
Carlos lima,2024-07-27,,Notebook,800.0,1,360,,São paulo
Ana clara,2024-04-25,,Teclado,1200.0,0,3563,,Rio de janeiro
Ana clara,2024-03-06,,Notebook,50.0,2,150,0:01:32,Belo horizonte
Carlos lima,2023-09-03,Masculino,Monitor,120.0,1,3500,,Rio de janeiro
Carlos lima,0023-08-10,,Teclado,1200.0,1,3600,,Rio de janeiro
Ana clara,2024-12-02,,Mouse,800.0,3,3500,00:02:07,Curitiba
Ana clara,2023-12-25,,Notebook,50.0,0,1600,,Rio de janeiro
Maria souza,2023-11-23,Masculino,Mouse,120.0,1,2400,,Belo horizonte
Carlos lima,2024-10-05,Masculino,Monitor,1200.0,1,240,,Belo horizonte
Carlos lima,2023-11-28,Masculino,Monitor,50.0,2,2400,0:03:56,Curitiba
Carlos lima,0023-05-03,Masculino,Cadeira,120.0,2,1200,0:02:14,Porto alegre
Ana clara,0024-01-04,,Notebook,800.0,0,176,,Belo horizonte
Maria souza,2024-11-20,Masculino,Teclado,50.0,2,,0:00:11,Rio de janeiro
Maria souza,2023-09-28,Masculino,Notebook,50.0,1,3600,,Porto alegre
João silva,2023-04-12,,Monitor,50.0,0,10500,,Rio de janeiro
Maria souza,0023-09-28,Masculino,Mouse,50.0,0,120,,Porto alegre
Maria souza,2024-08-13,Masculino,Teclado,50.0,2,10500,0:02:11,Belo horizonte
Carlos lima,2023-12-12,Masculino,Teclado,3500.0,2,1200,0:03:28,São paulo
Carlos lima,0023-03-11,Masculino,Monitor,3500.0,1,,,São paulo
Ana clara,2023-04-09,,Mouse,3500.0,0,240,,Belo horizonte
Pedro alves,2024-09-27,Masculino,Teclado,50.0,2,,0:00:23,Curitiba
Maria souza,0024-03-05,,Cadeira,50.0,0,,,Porto alegre
Ana clara,0023-12-19,Masculino,Monitor,3500.0,3,1600,02:03:06,São paulo
Carlos lima,0024-09-28,,Notebook,3500.0,0,2400,,Belo horizonte
Ana clara,2023-10-09,Masculino,Mouse,800.0,2,,0:03:34,Belo horizonte
Ana clara,2024-07-26,,Notebook,120.0,3,199,00:47:33,Curitiba
Pedro alves,2023-05-26,Masculino,Monitor,3500.0,1,150,,São paulo
João silva,2024-01-06,,Notebook,800.0,3,1600,00:06:07,Rio de janeiro
João silva,0024-09-08,,Teclado,1200.0,3,120,01:30:42,São paulo
João silva,2023-02-22,Masculino,Monitor,50.0,0,800,,Curitiba
Maria souza,2023-10-03,Masculino,Cadeira,3500.0,0,,,Curitiba
Maria souza,0023-03-27,,Teclado,50.0,2,3500,0:03:30,Porto alegre
Ana clara,2024-12-10,,Teclado,50.0,3,10500,01:21:27,Curitiba
Ana clara,2023-11-01,Masculino,Notebook,1200.0,3,7000,00:22:24,São paulo
Maria souza,2024-03-08,Masculino,Notebook,1200.0,3,3600,02:29:19,Curitiba
Maria souza,2024-08-07,Masculino,Mouse,1200.0,3,2400,01:24:07,Rio de janeiro
Ana clara,2024-08-09,Masculino,Notebook,120.0,3,3500,02:06:08,Belo horizonte
Ana clara,2023-07-27,,Monitor,800.0,2,50,0:01:45,Belo horizonte
João silva,0023-09-27,Masculino,Mouse,1200.0,1,240,,Belo horizonte
Maria souza,2023-07-23,,Cadeira,800.0,3,10500,02:50:47,Curitiba
Ana clara,2023-01-08,Masculino,Cadeira,1200.0,0,1200,,Curitiba
Pedro alves,0023-11-18,Masculino,Teclado,3500.0,3,,01:22:22,Curitiba
João silva,0024-04-10,,Monitor,3500.0,1,10477,,São paulo
João silva,2024-04-11,,Mouse,1200.0,3,,02:30:54,Belo horizonte
Pedro alves,2023-05-13,,Notebook,120.0,2,782,0:00:47,Porto alegre
João silva,2023-07-28,Masculino,Teclado,50.0,1,2400,,Porto alegre
Maria souza,2024-10-20,,Cadeira,3500.0,3,2400,02:11:46,São paulo
Maria souza,2024-12-23,,Teclado,120.0,0,1200,,Porto alegre
Maria souza,2024-10-05,,Teclado,1200.0,2,800,0:03:29,São paulo
Ana clara,2023-06-20,Masculino,Cadeira,50.0,2,150,0:00:22,Curitiba
João silva,0024-06-25,Masculino,Teclado,800.0,0,7000,,Belo horizonte
Maria souza,2023-07-18,Masculino,Notebook,120.0,1,7,,São paulo
João silva,2024-03-12,Masculino,Notebook,800.0,0,1207,,Curitiba
Pedro alves,2024-03-24,Masculino,Mouse,800.0,3,3500,00:19:26,Rio de janeiro
Carlos lima,2024-01-04,,Cadeira,120.0,0,800,,Belo horizonte
Maria souza,2023-10-08,,Teclado,120.0,3,7000,00:27:49,Rio de janeiro
Carlos lima,2023-01-18,Masculino,Cadeira,3500.0,2,,0:02:39,São paulo
Carlos lima,2024-12-28,Masculino,Notebook,50.0,2,10500,0:02:45,Rio de janeiro
João silva,2023-04-06,,Cadeira,120.0,3,,02:26:28,Porto alegre
João silva,2023-10-21,,Mouse,120.0,2,406,0:00:48,Belo horizonte
Ana clara,2023-01-24,Masculino,Cadeira,800.0,3,7000,00:36:55,São paulo
Maria souza,2024-05-13,,Mouse,3500.0,2,150,0:02:30,São paulo
Maria souza,2023-12-12,,Notebook,50.0,0,3500,,Rio de janeiro
Pedro alves,2023-08-22,Masculino,Cadeira,1200.0,3,2400,00:38:52,São paulo
Pedro alves,2023-08-19,Masculino,Cadeira,1200.0,0,100,,Curitiba
Pedro alves,2024-09-17,Masculino,Cadeira,120.0,0,800,,Rio de janeiro
Pedro alves,2024-03-28,,Mouse,120.0,3,,00:09:23,Porto alegre
Pedro alves,0024-12-22,,Cadeira,1200.0,2,100,0:02:02,São paulo
João silva,0023-09-06,Masculino,Cadeira,1200.0,2,240,0:02:38,Belo horizonte
João silva,2024-07-14,,Mouse,3500.0,0,135,,São paulo
João silva,2023-05-25,Masculino,Mouse,1200.0,3,90,00:14:16,Curitiba
Ana clara,2023-12-12,,Teclado,120.0,3,,01:06:25,Belo horizonte
João silva,2023-02-15,,Cadeira,120.0,0,3500,,Rio de janeiro
Ana clara,2023-12-26,Masculino,Notebook,50.0,3,100,01:58:00,São paulo
Pedro alves,0023-11-12,Masculino,Cadeira,120.0,3,1600,01:43:15,São paulo
Ana clara,2024-08-20,Masculino,Cadeira,1200.0,3,7000,01:10:13,Rio de janeiro
João silva,2023-07-06,Masculino,Cadeira,50.0,0,,,Porto alegre
Ana clara,0023-11-03,Masculino,Teclado,3500.0,3,1600,02:04:47,Rio de janeiro
Maria souza,2024-07-16,,Monitor,50.0,2,,0:02:49,São paulo
Maria souza,2023-11-24,,Teclado,50.0,3,1600,00:22:57,Belo horizonte
Maria souza,2024-02-19,,Teclado,120.0,1,10461,,Belo horizonte
João silva,2023-11-28,,Teclado,3500.0,0,3500,,São paulo
João silva,2023-03-07,Masculino,Notebook,800.0,1,2400,,Rio de janeiro
Pedro alves,2024-06-14,Masculino,Notebook,50.0,1,240,,Rio de janeiro
Pedro alves,2024-03-14,Masculino,Notebook,50.0,0,,,Curitiba
Pedro alves,0024-04-04,Masculino,Teclado,120.0,2,1230,0:03:07,Rio de janeiro
Carlos lima,2023-06-17,Masculino,Cadeira,800.0,2,10500,0:01:30,Porto alegre
Carlos lima,0023-02-07,Masculino,Mouse,50.0,2,3485,0:03:23,Belo horizonte
João silva,2023-05-03,,Notebook,120.0,3,360,00:32:20,Belo horizonte
Pedro alves,0023-06-05,,Cadeira,1200.0,0,1200,,Porto alegre
Ana clara,2023-03-06,,Notebook,1200.0,3,3600,02:08:06,Porto alegre
Carlos lima,2023-12-22,Masculino,Notebook,1200.0,2,150,0:00:19,Porto alegre
João silva,2024-10-05,Masculino,Notebook,50.0,3,3600,02:21:26,Belo horizonte
Maria souza,0024-04-01,,Notebook,1200.0,1,,,Rio de janeiro
Ana clara,0024-04-10,,Cadeira,800.0,1,10500,,Rio de janeiro
Pedro alves,0024-06-28,,Teclado,50.0,2,150,0:03:59,Porto alegre
Pedro alves,0023-07-22,Masculino,Mouse,1200.0,0,3500,,Porto alegre
Pedro alves,0024-06-19,Masculino,Notebook,800.0,1,100,,São paulo
Ana clara,2024-12-10,Masculino,Notebook,120.0,3,7000,01:18:22,Porto alegre
Ana clara,2024-10-01,,Notebook,50.0,3,127,02:00:46,Belo horizonte
Carlos lima,0023-10-23,Masculino,Teclado,120.0,2,,0:03:50,Rio de janeiro
Carlos lima,2023-04-01,Masculino,Monitor,3500.0,0,,,Rio de janeiro
João silva,2023-04-20,,Monitor,3500.0,3,230,00:13:37,Rio de janeiro
Carlos lima,2023-11-16,,Notebook,800.0,2,1200,0:00:06,Porto alegre
João silva,0023-07-08,,Notebook,50.0,1,,,Rio de janeiro
Pedro alves,2023-04-28,Masculino,Notebook,3500.0,1,7000,,Rio de janeiro
Carlos lima,2023-09-01,Masculino,Teclado,800.0,1,3600,,Porto alegre
Maria souza,2023-07-22,Masculino,Teclado,3500.0,2,800,0:00:23,Belo horizonte
Maria souza,0024-02-03,,Monitor,1200.0,0,10500,,Belo horizonte
João silva,0024-03-15,,Mouse,3500.0,2,240,0:02:10,Curitiba
João silva,0024-04-04,Masculino,Cadeira,50.0,0,2400,,Rio de janeiro
Carlos lima,2023-09-28,Masculino,Mouse,800.0,1,360,,Porto alegre
Pedro alves,0024-06-27,Masculino,Teclado,800.0,0,,,Curitiba
Pedro alves,2024-01-17,Masculino,Mouse,120.0,0,3600,,Curitiba
Ana clara,0023-01-04,,Mouse,120.0,1,,,São paulo
João silva,2023-07-17,Masculino,Mouse,3500.0,1,,,Curitiba
Pedro alves,0024-11-10,Masculino,Cadeira,120.0,0,150,,Curitiba
Carlos lima,2024-04-08,Masculino,Mouse,50.0,3,10500,01:04:07,Rio de janeiro
Carlos lima,0023-03-08,Masculino,Cadeira,3500.0,1,1600,,Curitiba
Ana clara,2024-11-27,,Monitor,800.0,3,100,00:40:17,Belo horizonte
Ana clara,2024-04-26,Masculino,Cadeira,800.0,3,,00:40:32,Belo horizonte
Carlos lima,2023-08-09,Masculino,Monitor,800.0,0,2400,,Belo horizonte
João silva,0023-03-22,Masculino,Cadeira,3500.0,0,2400,,Curitiba
Maria souza,2023-03-09,,Cadeira,3500.0,3,2400,00:23:58,Porto alegre
Pedro alves,2024-03-04,Masculino,Cadeira,50.0,3,3500,01:19:39,São paulo
Pedro alves,0024-11-03,Masculino,Cadeira,800.0,2,3600,0:03:11,São paulo
Pedro alves,2024-06-28,,Monitor,3500.0,0,,,São paulo
Pedro alves,0024-01-25,Masculino,Notebook,3500.0,1,100,,Curitiba
João silva,2023-06-19,Masculino,Cadeira,3500.0,2,7000,0:03:19,Rio de janeiro
João silva,0024-09-04,,Teclado,3500.0,1,360,,Porto alegre
Maria souza,2023-09-22,,Cadeira,120.0,3,3500,00:52:28,Belo horizonte
Maria souza,2024-10-20,Masculino,Notebook,50.0,0,360,,Rio de janeiro
Maria souza,2023-04-14,,Notebook,120.0,0,2400,,Porto alegre
Ana clara,2024-05-06,,Teclado,120.0,0,146,,Belo horizonte
Ana clara,2023-04-23,,Teclado,120.0,2,3600,0:02:09,Porto alegre
Maria souza,0023-10-26,Masculino,Cadeira,1200.0,3,240,00:01:22,Belo horizonte
Ana clara,0023-11-23,Masculino,Notebook,120.0,3,,00:34:36,Curitiba
Ana clara,2024-11-28,Masculino,Notebook,1200.0,2,,0:01:05,Porto alegre
João silva,2024-02-17,,Teclado,800.0,1,7000,,Belo horizonte
Carlos lima,0023-12-16,Masculino,Monitor,120.0,3,,00:44:46,Rio de janeiro
Ana clara,2023-04-06,Masculino,Monitor,3500.0,2,2400,0:02:02,Belo horizonte
Pedro alves,0023-07-23,Masculino,Teclado,3500.0,0,,,Rio de janeiro
Ana clara,0024-04-08,,Mouse,50.0,3,3500,00:23:31,Porto alegre
Pedro alves,2023-03-02,Masculino,Cadeira,800.0,3,360,01:37:48,Rio de janeiro
Maria souza,2023-03-15,,Notebook,50.0,3,120,00:36:09,Belo horizonte
João silva,0024-09-02,Masculino,Notebook,800.0,3,,00:27:31,Curitiba
Carlos lima,2024-11-09,,Mouse,1200.0,0,,,Rio de janeiro
João silva,0023-11-23,Masculino,Mouse,3500.0,1,800,,Porto alegre
Ana clara,2023-05-14,,Mouse,800.0,2,,0:02:13,Rio de janeiro
Ana clara,2023-09-25,,Notebook,50.0,0,7000,,Rio de janeiro
Maria souza,2023-09-21,Masculino,Notebook,120.0,1,7000,,Curitiba
Ana clara,0023-12-13,Masculino,Teclado,120.0,2,76,0:00:21,Curitiba
João silva,0023-02-03,Masculino,Monitor,800.0,3,240,01:26:23,Belo horizonte
Carlos lima,2023-09-09,,Monitor,50.0,1,150,,Belo horizonte
João silva,2023-01-21,,Notebook,50.0,3,120,00:25:03,Rio de janeiro
Carlos lima,0023-05-04,,Teclado,120.0,1,2400,,Porto alegre
Maria souza,2024-02-02,Masculino,Teclado,50.0,3,2444,00:07:52,Curitiba
João silva,2024-12-09,,Teclado,800.0,0,3600,,Curitiba
Carlos lima,2023-12-14,,Cadeira,800.0,3,120,00:47:17,Curitiba
Maria souza,2024-02-03,Masculino,Cadeira,120.0,0,,,Belo horizonte
João silva,0023-08-04,,Teclado,3500.0,3,3500,01:57:15,Rio de janeiro
Pedro alves,2023-12-19,,Notebook,3500.0,2,150,0:02:09,Belo horizonte
Carlos lima,2024-08-09,Masculino,Mouse,3500.0,0,1200,,Curitiba
João silva,2024-01-26,,Mouse,1200.0,1,,,São paulo
João silva,2023-05-12,Masculino,Mouse,120.0,0,120,,Rio de janeiro
Ana clara,2024-07-06,Masculino,Notebook,800.0,2,,0:01:16,Curitiba
Ana clara,2024-09-05,,Cadeira,800.0,2,271,0:02:38,São paulo
Ana clara,2023-02-11,Masculino,Mouse,50.0,1,,,Curitiba
Ana clara,2024-04-14,,Notebook,3500.0,2,,0:01:30,Curitiba
Ana clara,2023-04-24,,Monitor,50.0,2,,0:01:19,Belo horizonte
Maria souza,2024-11-22,,Cadeira,120.0,3,100,00:25:34,Porto alegre
Pedro alves,0023-05-09,,Notebook,800.0,2,10500,0:01:50,Curitiba
Pedro alves,0023-02-14,,Monitor,800.0,2,50,0:01:36,Belo horizonte
Pedro alves,2023-06-21,,Mouse,120.0,2,3500,0:00:14,Porto alegre
Ana clara,0023-06-03,Masculino,Notebook,3500.0,3,50,02:46:28,Belo horizonte
Ana clara,0023-04-04,Masculino,Teclado,1200.0,0,2400,,Curitiba
João silva,2023-10-07,Masculino,Mouse,800.0,0,1600,,Belo horizonte
Maria souza,2024-03-26,,Mouse,50.0,1,2400,,Porto alegre
Maria souza,2024-12-23,Masculino,Notebook,120.0,1,2400,,Curitiba
João silva,2023-11-12,,Monitor,120.0,3,10532,00:47:39,São paulo
João silva,2023-07-25,Masculino,Teclado,1200.0,0,50,,Porto alegre
Ana clara,2023-04-23,,Mouse,50.0,3,150,00:58:20,Porto alegre
Carlos lima,2023-06-22,Masculino,Notebook,3500.0,2,150,0:01:11,São paulo
Carlos lima,2023-12-19,Masculino,Notebook,1200.0,3,50,02:29:29,Porto alegre
Maria souza,2024-11-13,Masculino,Monitor,50.0,3,50,02:03:30,Porto alegre
Maria souza,0024-03-24,Masculino,Notebook,120.0,0,7000,,Rio de janeiro
Pedro alves,2023-10-12,,Mouse,1200.0,2,360,0:01:50,São paulo
Ana clara,2024-07-03,,Teclado,3500.0,2,,0:02:21,São paulo
Maria souza,0023-06-25,Masculino,Cadeira,50.0,0,,,Curitiba
Maria souza,2023-04-14,,Mouse,3500.0,0,3600,,Porto alegre
Carlos lima,2023-11-27,,Monitor,800.0,2,,0:03:37,São paulo
Ana clara,2024-06-05,Masculino,Notebook,1200.0,0,360,,São paulo
Pedro alves,0024-04-14,Masculino,Notebook,50.0,1,,,Porto alegre
Ana clara,0024-06-13,,Teclado,3500.0,3,1200,01:29:43,Belo horizonte
Ana clara,2023-11-15,Masculino,Teclado,50.0,0,,,São paulo
Ana clara,2024-04-14,Masculino,Notebook,120.0,0,3600,,Belo horizonte
Maria souza,0024-04-08,,Cadeira,120.0,0,3600,,Porto alegre
João silva,2024-08-09,Masculino,Cadeira,3500.0,0,800,,Belo horizonte
Ana clara,0024-03-19,,Teclado,120.0,1,1600,,Curitiba
Carlos lima,2023-08-17,,Teclado,3500.0,2,7000,0:01:50,Porto alegre
João silva,2023-11-26,,Cadeira,120.0,0,2400,,Porto alegre
Maria souza,0023-01-26,Masculino,Mouse,1200.0,2,10500,0:01:22,São paulo
Maria souza,2023-07-15,Masculino,Mouse,1200.0,1,,,Porto alegre
Pedro alves,0024-04-23,,Teclado,50.0,0,100,,Rio de janeiro
Pedro alves,2023-10-25,Masculino,Monitor,800.0,0,120,,Belo horizonte
Maria souza,0024-03-27,,Monitor,1200.0,1,7000,,Porto alegre
João silva,0023-12-02,,Teclado,1200.0,3,1168,02:01:14,Belo horizonte
Maria souza,2024-02-20,,Monitor,120.0,0,763,,Porto alegre
João silva,2023-11-03,,Notebook,50.0,0,7000,,Porto alegre
Ana clara,0024-06-27,Masculino,Notebook,120.0,1,124,,Porto alegre
João silva,2024-08-17,Masculino,Notebook,3500.0,0,7000,,São paulo
João silva,0024-09-10,Masculino,Teclado,120.0,1,240,,São paulo
Maria souza,2024-06-18,Masculino,Teclado,3500.0,2,,0:03:37,Curitiba
Pedro alves,2023-12-06,,Mouse,800.0,0,800,,Curitiba
João silva,2024-09-12,,Teclado,120.0,0,50,,São paulo
Carlos lima,2023-01-15,,Cadeira,800.0,1,2400,,Porto alegre
Carlos lima,2024-12-24,Masculino,Teclado,3500.0,2,800,0:03:29,São paulo
Ana clara,2023-12-17,,Cadeira,3500.0,0,3500,,Curitiba
Ana clara,2023-06-24,,Mouse,120.0,3,360,01:11:57,Belo horizonte
Carlos lima,2023-06-23,,Cadeira,800.0,0,3600,,Rio de janeiro
Maria souza,2023-08-20,Masculino,Teclado,800.0,1,1600,,Porto alegre
João silva,2023-12-26,Masculino,Notebook,1200.0,3,800,00:28:39,Curitiba
Maria souza,2023-05-15,,Mouse,120.0,2,1208,0:03:58,Rio de janeiro
Maria souza,2023-04-21,Masculino,Monitor,120.0,0,,,Porto alegre
Maria souza,2023-09-15,Masculino,Monitor,1200.0,3,800,01:18:36,São paulo
Maria souza,2023-04-14,Masculino,Teclado,120.0,2,,0:00:58,Curitiba
Carlos lima,0024-04-26,,Notebook,120.0,1,1200,,Belo horizonte
Pedro alves,0023-03-06,,Monitor,120.0,2,,0:02:48,Porto alegre
Pedro alves,0024-11-22,,Monitor,120.0,1,50,,Curitiba
Maria souza,0024-05-14,,Teclado,50.0,2,360,0:01:15,Porto alegre
Pedro alves,2023-08-24,,Notebook,800.0,2,,0:00:21,Rio de janeiro
Pedro alves,2024-12-06,Masculino,Monitor,3500.0,2,120,0:03:54,Curitiba
Pedro alves,0024-11-01,,Mouse,3500.0,1,10500,,São paulo
Pedro alves,2024-04-04,,Monitor,50.0,3,1600,00:41:28,Belo horizonte
Ana clara,2023-04-06,Masculino,Teclado,800.0,0,7000,,São paulo
Carlos lima,0023-05-23,Masculino,Monitor,120.0,3,2400,02:05:52,Curitiba
João silva,0024-06-16,,Mouse,800.0,2,10500,0:02:18,Curitiba
Carlos lima,2023-04-10,,Cadeira,1200.0,0,,,Rio de janeiro
Pedro alves,2023-03-24,Masculino,Notebook,120.0,1,50,,Rio de janeiro
Maria souza,0023-02-25,,Teclado,50.0,1,3600,,Rio de janeiro
Pedro alves,2023-09-22,Masculino,Cadeira,3500.0,1,1200,,Belo horizonte
Ana clara,2023-08-13,,Notebook,3500.0,0,1600,,Curitiba
João silva,2024-12-08,,Teclado,50.0,2,3600,0:01:22,Belo horizonte
Maria souza,0023-04-23,,Mouse,800.0,1,,,Rio de janeiro
João silva,0024-06-10,Masculino,Monitor,1200.0,2,3600,0:03:43,Rio de janeiro
João silva,0023-10-11,,Teclado,800.0,0,240,,Belo horizonte
Ana clara,0023-08-14,Masculino,Notebook,120.0,1,3500,,Porto alegre
Carlos lima,2023-07-14,Masculino,Notebook,1200.0,1,7000,,Belo horizonte
Pedro alves,2024-05-18,,Notebook,3500.0,1,,,Curitiba
João silva,0024-01-06,,Mouse,50.0,3,,00:38:37,Rio de janeiro
João silva,0024-10-14,Masculino,Mouse,50.0,2,1600,0:03:38,São paulo
Carlos lima,2023-08-12,,Cadeira,1200.0,2,81,0:00:25,Rio de janeiro
Carlos lima,2024-07-26,Masculino,Notebook,800.0,1,1200,,Curitiba
Carlos lima,2023-08-17,,Cadeira,3500.0,1,2400,,São paulo
Pedro alves,2024-01-22,Masculino,Cadeira,3500.0,0,100,,Porto alegre
Ana clara,2024-02-23,,Mouse,800.0,2,240,0:02:58,Rio de janeiro
Carlos lima,2024-05-14,,Cadeira,800.0,3,100,02:16:26,Belo horizonte
Carlos lima,0023-10-03,Masculino,Monitor,1200.0,3,3600,00:45:34,Curitiba
Ana clara,2023-11-27,,Mouse,50.0,0,2400,,Belo horizonte
Ana clara,2023-07-04,,Mouse,50.0,3,50,02:04:39,São paulo
Carlos lima,2023-09-26,,Notebook,800.0,3,3551,01:00:23,Rio de janeiro
Carlos lima,2024-03-23,,Monitor,1200.0,3,,00:39:31,Curitiba
Maria souza,2024-05-07,Masculino,Mouse,120.0,2,360,0:00:59,Curitiba
Pedro alves,0023-10-24,,Mouse,1200.0,0,240,,Curitiba
Pedro alves,2024-01-07,Masculino,Cadeira,800.0,1,7000,,Belo horizonte
Pedro alves,0024-02-11,Masculino,Teclado,1200.0,3,396,00:30:45,São paulo
Carlos lima,2023-03-15,,Mouse,1200.0,1,1188,,Porto alegre
João silva,2024-01-01,Masculino,Cadeira,3500.0,1,120,,Belo horizonte
Carlos lima,2023-01-12,,Teclado,800.0,3,2400,01:09:22,Rio de janeiro
Carlos lima,2024-04-10,Masculino,Mouse,800.0,1,1200,,São paulo
Maria souza,0024-03-10,,Cadeira,120.0,1,,,Porto alegre
Maria souza,2023-12-16,,Monitor,800.0,2,2400,0:02:53,São paulo
Pedro alves,2023-09-03,,Mouse,800.0,2,,0:00:02,Porto alegre
Carlos lima,2023-07-09,Masculino,Teclado,120.0,2,1200,0:00:54,Curitiba
Carlos lima,2023-02-15,Masculino,Teclado,800.0,2,145,0:02:18,Porto alegre
Pedro alves,2024-06-18,Masculino,Teclado,1200.0,1,10500,,Curitiba
Maria souza,2024-01-25,Masculino,Notebook,3500.0,3,,02:46:25,Curitiba
Ana clara,0023-03-02,,Cadeira,1200.0,1,248,,Belo horizonte
João silva,2023-11-23,Masculino,Teclado,1200.0,1,2400,,Curitiba
Maria souza,2024-08-23,,Mouse,1200.0,2,1600,0:00:05,Rio de janeiro
Maria souza,2024-11-01,,Mouse,3500.0,0,,,Porto alegre
Carlos lima,0024-12-27,,Notebook,800.0,0,50,,Curitiba
Ana clara,2023-07-12,Masculino,Notebook,800.0,0,2400,,São paulo
João silva,0023-12-04,Masculino,Teclado,120.0,1,150,,Porto alegre
Maria souza,0023-01-10,,Cadeira,800.0,3,,02:25:22,Porto alegre
Maria souza,2024-02-06,,Mouse,1200.0,1,,,São paulo
Maria souza,0023-09-07,,Notebook,50.0,2,2400,0:01:24,Rio de janeiro
Maria souza,2023-01-23,,Cadeira,800.0,2,240,0:00:18,São paulo
Maria souza,2024-02-14,,Mouse,50.0,2,1600,0:01:26,Porto alegre
Carlos lima,2023-09-08,,Mouse,800.0,3,1200,01:48:35,Porto alegre
Pedro alves,0024-12-22,,Notebook,1200.0,2,,0:03:56,Porto alegre
Pedro alves,2023-11-06,Masculino,Teclado,120.0,0,1600,,Porto alegre
Carlos lima,2024-06-18,Masculino,Monitor,3500.0,0,240,,Belo horizonte
Ana clara,0023-10-20,Masculino,Teclado,3500.0,3,50,01:57:48,Rio de janeiro
Carlos lima,0024-12-09,Masculino,Mouse,1200.0,2,120,0:00:13,Belo horizonte
Carlos lima,0023-09-04,,Notebook,3500.0,1,50,,Rio de janeiro
João silva,2024-04-18,Masculino,Notebook,3500.0,3,2400,01:09:19,Rio de janeiro
Ana clara,0024-06-09,Masculino,Mouse,1200.0,0,120,,Rio de janeiro
Carlos lima,0024-11-13,,Mouse,3500.0,3,10500,00:21:46,São paulo
Carlos lima,2023-04-24,Masculino,Mouse,3500.0,1,2400,,Belo horizonte
Pedro alves,2023-12-28,Masculino,Teclado,800.0,0,1600,,São paulo
Carlos lima,2023-05-25,,Notebook,50.0,1,2400,,São paulo
Ana clara,2024-06-03,,Notebook,120.0,2,,0:03:50,São paulo
Ana clara,2024-09-25,,Cadeira,120.0,0,360,,Belo horizonte
Ana clara,2023-06-24,,Notebook,800.0,2,,0:02:04,Porto alegre
Carlos lima,2024-07-27,Masculino,Mouse,1200.0,0,10500,,São paulo
Maria souza,2023-01-08,Masculino,Notebook,120.0,2,2400,0:00:59,Belo horizonte
Carlos lima,2023-05-19,Masculino,Teclado,1200.0,3,1200,00:32:33,Porto alegre
Maria souza,2024-12-27,,Mouse,50.0,0,,,Curitiba
Pedro alves,2024-10-03,,Cadeira,3500.0,2,3500,0:00:06,Curitiba
Carlos lima,2023-05-10,,Monitor,800.0,3,120,01:43:38,Rio de janeiro
Carlos lima,2023-10-16,Masculino,Monitor,50.0,2,1600,0:01:45,Porto alegre
Carlos lima,2023-11-02,Masculino,Notebook,120.0,0,3500,,Curitiba
Carlos lima,2024-04-16,Masculino,Notebook,3500.0,2,2448,0:00:12,Curitiba
Carlos lima,2023-08-04,,Teclado,3500.0,0,120,,Curitiba
Carlos lima,0023-11-24,Masculino,Cadeira,800.0,2,50,0:01:55,Curitiba
Ana clara,2024-10-25,,Notebook,1200.0,3,2400,01:00:11,Porto alegre
Pedro alves,0023-04-26,Masculino,Mouse,50.0,1,,,Rio de janeiro
Maria souza,2024-12-22,Masculino,Notebook,800.0,0,,,Rio de janeiro
Maria souza,2024-02-11,,Notebook,1200.0,0,,,Curitiba
Pedro alves,2024-05-08,Masculino,Notebook,3500.0,3,,00:12:04,Belo horizonte
Pedro alves,2023-01-13,,Monitor,120.0,3,120,02:26:48,Rio de janeiro
João silva,2023-12-26,Masculino,Notebook,50.0,2,2386,0:02:43,Belo horizonte
Ana clara,0024-12-04,,Notebook,1200.0,2,1200,0:01:08,Rio de janeiro
Carlos lima,2023-06-09,,Monitor,50.0,1,800,,Porto alegre
João silva,2024-08-12,Masculino,Cadeira,50.0,3,360,02:30:33,Porto alegre
João silva,2024-03-20,Masculino,Mouse,120.0,1,10500,,Porto alegre
Ana clara,0024-01-28,,Monitor,800.0,0,120,,Rio de janeiro
Carlos lima,2024-03-20,Masculino,Monitor,800.0,2,1600,0:00:03,Rio de janeiro
Pedro alves,2023-04-11,,Mouse,1200.0,3,139,00:33:30,Porto alegre
Pedro alves,2024-10-08,,Monitor,3500.0,1,1600,,Curitiba
Pedro alves,0024-02-27,Masculino,Notebook,800.0,3,3476,02:23:00,Curitiba
Ana clara,0023-11-09,Masculino,Teclado,800.0,1,150,,Porto alegre
Maria souza,2024-12-15,,Cadeira,120.0,1,,,Curitiba
Ana clara,2023-05-06,,Teclado,800.0,0,360,,Belo horizonte
João silva,2024-07-16,,Monitor,3500.0,0,,,Belo horizonte
Ana clara,2024-02-06,Masculino,Cadeira,800.0,0,360,,Belo horizonte
Ana clara,0023-12-21,Masculino,Teclado,50.0,2,3600,0:02:39,Rio de janeiro
Ana clara,2024-10-05,Masculino,Teclado,1200.0,0,,,Rio de janeiro
Ana clara,2024-01-07,,Cadeira,800.0,2,150,0:01:55,São paulo
João silva,2023-10-02,,Cadeira,3500.0,2,100,0:01:41,São paulo
João silva,2023-05-23,,Cadeira,3500.0,1,780,,Curitiba
João silva,2024-01-02,Masculino,Cadeira,1200.0,2,240,0:00:30,Porto alegre
Ana clara,2023-12-05,,Monitor,3500.0,1,150,,Porto alegre
Carlos lima,2023-01-16,,Monitor,800.0,2,3600,0:02:57,Rio de janeiro
Carlos lima,2024-06-07,,Monitor,50.0,1,120,,Rio de janeiro
Maria souza,2024-05-20,Masculino,Teclado,3500.0,1,214,,Curitiba
Maria souza,0023-01-07,Masculino,Teclado,120.0,0,100,,Porto alegre
Pedro alves,2023-05-14,Masculino,Teclado,50.0,3,360,01:14:50,Rio de janeiro
João silva,0024-09-11,Masculino,Mouse,3500.0,0,800,,Belo horizonte
Carlos lima,2023-11-20,,Mouse,120.0,1,2440,,Rio de janeiro
Ana clara,2023-03-26,,Teclado,120.0,3,,00:07:05,Belo horizonte
João silva,0024-07-01,,Teclado,3500.0,2,240,0:00:44,Curitiba
Maria souza,0024-09-06,,Monitor,120.0,2,150,0:01:00,Rio de janeiro
João silva,2024-12-11,Masculino,Monitor,50.0,2,361,0:00:49,Belo horizonte
Pedro alves,2023-05-20,Masculino,Notebook,120.0,1,7000,,Porto alegre
Carlos lima,2023-10-15,,Teclado,1200.0,1,800,,Porto alegre
Maria souza,2024-01-14,Masculino,Mouse,800.0,2,120,0:02:25,Belo horizonte
Maria souza,0024-10-28,,Notebook,800.0,3,1200,01:04:33,Porto alegre
Maria souza,2024-03-14,Masculino,Cadeira,3500.0,3,,01:44:44,Belo horizonte
Pedro alves,2024-02-01,,Mouse,50.0,3,360,02:22:45,Rio de janeiro
Pedro alves,0024-08-16,,Cadeira,1200.0,1,120,,Rio de janeiro
Carlos lima,2024-04-09,Masculino,Teclado,50.0,3,10473,01:38:56,Porto alegre
Ana clara,2024-02-15,Masculino,Mouse,120.0,0,1200,,São paulo
Maria souza,0023-09-20,,Monitor,800.0,3,3500,00:00:04,Porto alegre
Maria souza,0024-02-21,,Monitor,1200.0,2,50,0:01:21,Curitiba
Ana clara,0024-11-23,Masculino,Teclado,800.0,3,100,02:16:38,Rio de janeiro
Ana clara,2024-05-02,,Cadeira,3500.0,3,1200,02:10:45,Curitiba
Ana clara,2023-04-09,,Teclado,120.0,1,9,,Curitiba
Ana clara,2023-09-20,,Mouse,800.0,3,360,02:24:42,Curitiba
Pedro alves,2023-08-26,Masculino,Teclado,1200.0,2,,0:02:33,Curitiba
Pedro alves,0023-10-18,,Notebook,120.0,0,1200,,Porto alegre
Carlos lima,2024-08-08,Masculino,Teclado,3500.0,1,1600,,Belo horizonte
Carlos lima,0024-07-22,Masculino,Mouse,1200.0,3,120,00:32:50,Porto alegre
Pedro alves,0023-05-11,Masculino,Teclado,3500.0,2,1600,0:00:13,Belo horizonte
Pedro alves,2023-01-23,,Teclado,800.0,2,120,0:03:40,Curitiba
Carlos lima,0023-11-23,Masculino,Cadeira,50.0,0,285,,Rio de janeiro
Carlos lima,0024-09-25,,Mouse,120.0,0,50,,São paulo
Pedro alves,2023-03-16,,Cadeira,120.0,3,240,00:34:52,Curitiba
João silva,2023-08-22,Masculino,Mouse,120.0,2,10500,0:01:50,Rio de janeiro
João silva,2024-10-02,Masculino,Monitor,3500.0,1,,,Curitiba
Pedro alves,0024-07-22,Masculino,Cadeira,1200.0,1,10505,,Curitiba
Ana clara,2024-01-26,,Monitor,800.0,3,,01:15:51,Curitiba
Pedro alves,2023-10-14,,Notebook,800.0,0,56,,Porto alegre
João silva,2023-02-07,,Mouse,3500.0,3,,01:31:38,Curitiba
João silva,2023-09-13,Masculino,Monitor,800.0,3,2400,02:56:46,Belo horizonte
Carlos lima,0024-04-13,,Cadeira,120.0,2,100,0:00:16,São paulo
Carlos lima,2023-08-23,,Teclado,800.0,2,,0:00:02,Belo horizonte
João silva,2023-04-10,Masculino,Monitor,50.0,1,1200,,Rio de janeiro
Maria souza,2024-08-19,,Monitor,800.0,0,360,,Rio de janeiro
Carlos lima,0023-05-25,,Mouse,50.0,0,800,,Belo horizonte
Carlos lima,0023-07-16,Masculino,Cadeira,3500.0,3,2400,00:38:03,Belo horizonte
Carlos lima,2024-04-17,Masculino,Teclado,3500.0,2,,0:02:17,Rio de janeiro
Pedro alves,2024-07-25,,Teclado,800.0,3,100,02:59:46,Rio de janeiro
Pedro alves,2024-04-15,Masculino,Teclado,50.0,0,3600,,Curitiba
Carlos lima,2024-11-28,,Cadeira,120.0,0,1600,,São paulo
Carlos lima,0023-12-05,Masculino,Notebook,1200.0,1,,,Porto alegre
João silva,2023-02-21,Masculino,Notebook,800.0,3,,00:46:47,São paulo
Maria souza,2023-02-19,Masculino,Monitor,50.0,3,10539,01:08:31,Porto alegre
Maria souza,2024-10-22,Masculino,Mouse,50.0,3,2399,01:23:28,Belo horizonte
Pedro alves,2024-04-03,,Notebook,120.0,3,120,00:18:58,Porto alegre
Pedro alves,2023-06-28,,Mouse,3500.0,0,3600,,Curitiba
Pedro alves,2024-03-25,,Teclado,800.0,0,7000,,Porto alegre
Pedro alves,2024-08-25,Masculino,Monitor,800.0,1,3500,,Porto alegre
Maria souza,2024-08-19,Masculino,Monitor,120.0,1,240,,Rio de janeiro
Maria souza,2024-06-24,Masculino,Monitor,800.0,1,,,Curitiba
João silva,2024-06-17,,Cadeira,120.0,1,100,,Rio de janeiro
Ana clara,2024-04-23,Masculino,Notebook,800.0,2,,0:01:34,Rio de janeiro
Ana clara,2023-10-10,Masculino,Monitor,3500.0,1,3500,,Porto alegre
Ana clara,2023-05-10,,Notebook,3500.0,1,7000,,Rio de janeiro
Carlos lima,0023-03-01,Masculino,Notebook,1200.0,1,2400,,Porto alegre
Maria souza,2023-12-08,,Teclado,1200.0,1,100,,Porto alegre
Maria souza,2023-05-04,,Mouse,120.0,3,240,00:31:50,Curitiba
Carlos lima,0024-11-07,,Cadeira,1200.0,2,2400,0:02:49,São paulo
Pedro alves,2023-06-01,Masculino,Teclado,1200.0,0,150,,Curitiba
Pedro alves,2024-09-21,,Monitor,120.0,1,,,Curitiba
Pedro alves,2023-06-24,,Cadeira,3500.0,2,100,0:03:22,Rio de janeiro
Maria souza,2024-03-08,,Monitor,1200.0,1,33,,Porto alegre
Ana clara,2024-01-28,,Mouse,1200.0,3,,02:05:01,Belo horizonte
Ana clara,2023-09-05,,Cadeira,1200.0,0,1200,,Curitiba
Ana clara,2024-03-24,Masculino,Notebook,800.0,1,100,,Rio de janeiro
Pedro alves,2024-06-07,,Monitor,50.0,3,,00:52:09,Rio de janeiro
Pedro alves,2024-06-08,Masculino,Mouse,50.0,1,3600,,Curitiba
Carlos lima,2023-08-10,Masculino,Teclado,1200.0,0,,,Rio de janeiro
João silva,2024-02-24,,Notebook,800.0,2,,0:02:04,São paulo
Pedro alves,2023-01-27,,Monitor,50.0,3,2400,02:42:12,Rio de janeiro
João silva,2023-07-08,,Teclado,1200.0,0,7000,,Rio de janeiro
Pedro alves,2024-09-25,Masculino,Mouse,120.0,3,1200,00:25:43,São paulo
Pedro alves,0024-09-28,Masculino,Teclado,120.0,3,1200,00:24:09,Belo horizonte
Ana clara,2023-05-06,Masculino,Notebook,120.0,3,1600,00:10:37,Rio de janeiro
Pedro alves,0023-10-10,,Cadeira,3500.0,0,5,,São paulo
Pedro alves,2023-07-28,Masculino,Mouse,800.0,3,2400,02:15:40,Porto alegre
Ana clara,2024-10-21,,Teclado,800.0,1,50,,Curitiba
Pedro alves,0024-08-20,,Notebook,120.0,3,,02:01:29,Rio de janeiro
Ana clara,2024-01-11,,Teclado,800.0,1,7000,,Belo horizonte
Ana clara,2024-10-04,,Teclado,120.0,2,105,0:00:35,Curitiba
João silva,2023-02-07,,Mouse,1200.0,2,,0:03:48,Curitiba
Maria souza,2023-02-28,Masculino,Teclado,120.0,3,240,02:41:33,Belo horizonte
Carlos lima,2023-06-08,,Monitor,120.0,2,,0:03:44,São paulo
Carlos lima,2024-05-14,Masculino,Monitor,1200.0,3,1601,00:15:03,São paulo
Maria souza,2024-02-21,Masculino,Mouse,120.0,2,2400,0:01:59,Rio de janeiro
Maria souza,2024-03-21,,Mouse,1200.0,2,256,0:00:35,Curitiba
João silva,2023-06-04,Masculino,Mouse,50.0,1,1200,,Porto alegre
Pedro alves,2024-03-13,Masculino,Teclado,50.0,0,360,,Curitiba
Maria souza,2023-10-05,,Teclado,50.0,2,3600,0:03:01,Rio de janeiro
Maria souza,2023-05-12,,Cadeira,120.0,3,,02:59:58,Rio de janeiro
Maria souza,2023-06-12,Masculino,Notebook,50.0,2,240,0:03:50,Curitiba
Carlos lima,2023-05-24,,Mouse,3500.0,2,50,0:00:52,Porto alegre
Ana clara,2024-04-13,Masculino,Notebook,50.0,3,800,01:10:24,Rio de janeiro
João silva,2024-03-26,,Teclado,50.0,3,,01:08:37,Rio de janeiro
Carlos lima,2024-05-02,Masculino,Cadeira,120.0,0,42,,Porto alegre
Pedro alves,2023-08-14,Masculino,Monitor,1200.0,1,3500,,Belo horizonte
Carlos lima,2024-01-22,Masculino,Notebook,1200.0,1,1634,,Curitiba
João silva,2024-07-27,,Notebook,3500.0,3,240,01:54:46,Porto alegre
Maria souza,2023-07-10,,Teclado,120.0,2,2400,0:00:51,Porto alegre
Ana clara,2024-05-07,,Cadeira,3500.0,1,800,,Porto alegre
Maria souza,2024-02-01,,Cadeira,50.0,1,240,,São paulo
Pedro alves,2023-10-18,,Notebook,50.0,2,,0:02:07,Curitiba
Maria souza,0024-05-05,,Cadeira,1200.0,1,,,Rio de janeiro
Maria souza,0024-05-26,,Cadeira,1200.0,0,,,Rio de janeiro
Carlos lima,0024-03-02,,Teclado,50.0,0,120,,Curitiba
Carlos lima,2024-06-18,Masculino,Cadeira,120.0,0,10500,,Porto alegre
Carlos lima,2024-05-07,,Cadeira,1200.0,3,7000,02:33:32,Porto alegre
João silva,2024-08-14,,Monitor,120.0,0,,,Curitiba
João silva,2023-01-24,,Monitor,3500.0,1,107,,Belo horizonte
Maria souza,2023-11-24,,Cadeira,120.0,3,757,01:13:21,Rio de janeiro
Maria souza,0024-11-09,Masculino,Notebook,50.0,3,120,01:21:29,Curitiba
Ana clara,2024-05-25,,Mouse,50.0,0,44,,São paulo
Carlos lima,2023-02-25,,Teclado,3500.0,2,120,0:03:59,São paulo
Maria souza,2023-09-03,,Mouse,120.0,3,7000,02:53:22,Curitiba
Ana clara,2024-05-12,,Teclado,800.0,0,,,São paulo
Ana clara,0023-12-03,Masculino,Monitor,1200.0,0,2400,,Rio de janeiro
Ana clara,2024-06-01,,Mouse,3500.0,3,2400,00:53:07,Porto alegre
Ana clara,2023-07-18,Masculino,Monitor,3500.0,3,1614,01:26:15,Curitiba
Carlos lima,2023-11-18,,Mouse,50.0,1,1600,,Curitiba
Ana clara,0024-05-01,,Notebook,800.0,1,2400,,Belo horizonte
Carlos lima,2024-11-03,,Monitor,50.0,2,,0:03:13,Curitiba
João silva,0023-07-17,Masculino,Teclado,800.0,1,135,,Rio de janeiro
Pedro alves,2023-01-07,,Notebook,1200.0,3,1600,02:50:52,Belo horizonte
João silva,0023-02-01,Masculino,Notebook,800.0,0,120,,Rio de janeiro
Ana clara,0023-01-25,,Mouse,1200.0,1,100,,Belo horizonte
João silva,2024-11-10,Masculino,Mouse,50.0,0,360,,Belo horizonte
João silva,2023-10-02,,Teclado,800.0,3,3500,00:57:05,Curitiba
Maria souza,2023-01-14,,Teclado,120.0,2,,0:01:59,São paulo
Pedro alves,2023-03-13,Masculino,Monitor,800.0,1,800,,São paulo
Carlos lima,2023-02-27,,Monitor,120.0,1,10500,,Curitiba
Ana clara,2023-12-10,,Monitor,120.0,1,,,Curitiba
Ana clara,2024-05-17,Masculino,Monitor,1200.0,3,3557,00:44:08,Rio de janeiro
Ana clara,2024-10-20,Masculino,Teclado,800.0,0,1600,,Belo horizonte
Maria souza,0024-05-27,,Cadeira,1200.0,1,50,,Rio de janeiro
Pedro alves,0024-11-02,,Teclado,1200.0,2,2400,0:03:02,Curitiba
Ana clara,2023-07-25,Masculino,Teclado,3500.0,3,231,01:23:48,Rio de janeiro
João silva,2024-09-07,,Mouse,3500.0,3,800,01:41:39,Curitiba
João silva,2023-09-25,Masculino,Notebook,3500.0,3,150,01:00:11,Rio de janeiro
Pedro alves,2024-09-27,,Mouse,800.0,0,86,,São paulo
Pedro alves,2023-11-12,,Notebook,800.0,2,3538,0:01:12,Belo horizonte
Carlos lima,2023-06-21,,Cadeira,800.0,1,102,,Rio de janeiro
João silva,2024-07-04,,Mouse,3500.0,0,3600,,Curitiba
Ana clara,2023-11-07,,Monitor,800.0,2,2449,0:00:30,Rio de janeiro
Pedro alves,2023-08-21,,Cadeira,50.0,2,3500,0:03:50,São paulo
Ana clara,2024-10-15,,Monitor,120.0,1,3508,,Porto alegre
Ana clara,0023-11-08,,Monitor,1200.0,1,,,Rio de janeiro
João silva,0023-07-18,,Cadeira,120.0,0,,,São paulo
João silva,2023-12-16,,Mouse,50.0,3,800,01:01:13,Porto alegre
Pedro alves,2024-01-28,Masculino,Mouse,3500.0,0,3474,,Porto alegre
João silva,0024-04-03,,Cadeira,50.0,3,2400,01:26:44,São paulo
Pedro alves,2023-10-14,,Notebook,3500.0,3,,00:48:19,São paulo
Ana clara,0024-02-17,Masculino,Monitor,50.0,1,10500,,Porto alegre
Ana clara,2023-05-28,,Teclado,1200.0,3,,01:38:30,Porto alegre
Maria souza,2023-09-18,,Monitor,120.0,3,50,01:07:26,São paulo
Maria souza,2023-05-07,Masculino,Monitor,3500.0,3,360,00:32:44,São paulo
Pedro alves,0023-08-06,Masculino,Mouse,1200.0,1,,,Curitiba
Carlos lima,2024-08-07,,Cadeira,3500.0,1,120,,Curitiba
Maria souza,0023-09-06,Masculino,Monitor,1200.0,0,2400,,Curitiba
João silva,2024-07-04,Masculino,Cadeira,1200.0,2,1200,0:03:08,São paulo
Ana clara,2023-03-25,Masculino,Cadeira,50.0,3,2400,01:21:03,Belo horizonte
Maria souza,2023-11-24,Masculino,Cadeira,3500.0,1,78,,Rio de janeiro
Carlos lima,2024-06-02,Masculino,Mouse,50.0,3,100,02:15:44,Curitiba
Maria souza,2024-07-07,Masculino,Monitor,50.0,0,360,,São paulo
Carlos lima,2024-09-17,,Monitor,120.0,2,1200,0:00:19,Rio de janeiro
Pedro alves,2024-05-15,,Cadeira,800.0,2,250,0:00:28,Porto alegre
João silva,0024-08-28,Masculino,Monitor,3500.0,3,1643,02:38:24,Belo horizonte
Carlos lima,2023-03-21,Masculino,Cadeira,1200.0,1,100,,Rio de janeiro
Ana clara,0023-04-18,Masculino,Mouse,3500.0,2,50,0:00:50,Rio de janeiro
Ana clara,2024-06-28,Masculino,Cadeira,800.0,2,,0:01:38,São paulo
Maria souza,2024-10-02,,Mouse,1200.0,1,1600,,Rio de janeiro
Carlos lima,2024-09-28,,Mouse,50.0,1,2400,,São paulo
Carlos lima,2024-05-20,Masculino,Teclado,800.0,0,360,,Porto alegre
Carlos lima,2024-05-06,Masculino,Notebook,800.0,3,3500,00:58:34,São paulo
Carlos lima,0024-03-24,,Teclado,50.0,1,10500,,Belo horizonte
Carlos lima,2024-01-01,,Cadeira,1200.0,0,7000,,Belo horizonte
Pedro alves,2023-02-02,,Notebook,1200.0,0,360,,Belo horizonte
Carlos lima,0024-08-03,,Teclado,1200.0,0,91,,Belo horizonte
Pedro alves,2024-01-18,Masculino,Monitor,1200.0,3,765,02:01:28,Rio de janeiro
Pedro alves,2024-11-19,Masculino,Cadeira,50.0,0,50,,Porto alegre
Carlos lima,2024-06-25,Masculino,Monitor,3500.0,0,360,,Porto alegre
João silva,2024-09-07,,Monitor,800.0,0,360,,Rio de janeiro
João silva,2023-07-05,Masculino,Cadeira,3500.0,3,1600,00:16:21,Belo horizonte
João silva,2023-09-09,,Monitor,1200.0,2,360,0:01:12,Belo horizonte
Maria souza,0024-10-10,,Teclado,1200.0,0,7000,,Belo horizonte
João silva,2023-07-26,Masculino,Mouse,800.0,1,7000,,São paulo
Ana clara,2023-02-12,Masculino,Teclado,3500.0,1,120,,Belo horizonte
Carlos lima,0023-12-14,,Cadeira,800.0,0,50,,Curitiba
Carlos lima,2023-12-22,,Notebook,1200.0,2,360,0:03:37,São paulo
Carlos lima,0024-07-03,,Teclado,120.0,3,,01:49:17,Belo horizonte
Pedro alves,2024-01-11,Masculino,Mouse,800.0,1,2359,,Curitiba
João silva,2023-09-02,Masculino,Mouse,120.0,1,2361,,Porto alegre
João silva,0023-10-14,Masculino,Teclado,50.0,1,50,,Curitiba
Pedro alves,0024-07-02,Masculino,Monitor,3500.0,3,3600,00:41:32,Porto alegre
Carlos lima,2023-05-15,Masculino,Teclado,120.0,1,7000,,Porto alegre
João silva,0023-09-14,Masculino,Teclado,1200.0,3,3600,02:02:29,Curitiba
Pedro alves,2024-09-04,,Monitor,120.0,2,7000,0:00:29,Curitiba
Maria souza,2024-08-13,Masculino,Notebook,800.0,2,,0:01:03,Curitiba
Carlos lima,2023-05-05,Masculino,Monitor,1200.0,1,,,São paulo
Maria souza,2024-06-06,Masculino,Monitor,800.0,3,50,02:08:43,Rio de janeiro
Ana clara,2024-12-09,Masculino,Teclado,800.0,3,2400,00:06:03,Belo horizonte
Ana clara,0023-10-13,,Monitor,1200.0,3,1201,02:57:23,São paulo
Carlos lima,2023-05-21,,Mouse,800.0,0,,,Curitiba
Carlos lima,2024-05-26,,Mouse,120.0,3,150,01:23:27,Porto alegre
Maria souza,2024-10-16,Masculino,Notebook,3500.0,3,,00:16:22,São paulo
Ana clara,2024-05-20,,Cadeira,800.0,1,,,Curitiba
Pedro alves,2023-03-26,,Mouse,50.0,3,360,00:55:24,Curitiba
João silva,2024-07-04,,Monitor,1200.0,0,100,,Belo horizonte
Maria souza,2023-12-19,,Cadeira,3500.0,3,100,00:02:08,São paulo
Maria souza,2024-08-27,,Notebook,3500.0,2,3600,0:02:47,Curitiba
Maria souza,0024-04-08,,Monitor,3500.0,3,800,01:30:01,Curitiba
Ana clara,2024-10-24,Masculino,Notebook,120.0,1,360,,Rio de janeiro
Maria souza,2023-03-18,,Mouse,50.0,2,150,0:03:26,Porto alegre
Maria souza,2023-04-03,Masculino,Mouse,120.0,3,1600,01:16:04,Porto alegre
Ana clara,2023-05-20,,Mouse,800.0,2,240,0:03:31,São paulo
Ana clara,0023-03-23,,Monitor,50.0,0,,,Curitiba
Ana clara,2023-07-09,,Teclado,50.0,0,360,,Belo horizonte
Maria souza,2023-01-25,Masculino,Mouse,3500.0,2,240,0:03:24,São paulo
Maria souza,0024-01-04,,Mouse,50.0,3,1200,02:04:28,Curitiba
Maria souza,0023-08-06,,Notebook,800.0,2,2400,0:03:40,Porto alegre
João silva,2023-09-17,Masculino,Teclado,50.0,2,240,0:03:54,Curitiba
Ana clara,0024-04-15,Masculino,Monitor,800.0,0,,,Curitiba
Pedro alves,2023-07-13,,Monitor,1200.0,1,800,,São paulo
Maria souza,2024-10-28,Masculino,Mouse,120.0,1,,,Rio de janeiro
Maria souza,2023-08-24,,Cadeira,1200.0,0,1600,,Curitiba
Maria souza,2023-11-25,Masculino,Mouse,120.0,0,50,,Belo horizonte
Carlos lima,2023-11-28,,Teclado,3500.0,1,7000,,Curitiba
Carlos lima,2024-09-10,Masculino,Notebook,3500.0,3,3600,00:41:33,Belo horizonte
Pedro alves,2024-02-23,Masculino,Mouse,800.0,3,,00:42:56,Porto alegre
Ana clara,2023-10-16,Masculino,Monitor,120.0,1,240,,Belo horizonte
Carlos lima,2024-02-15,,Cadeira,50.0,1,10452,,Curitiba
Maria souza,0024-01-23,,Monitor,50.0,3,3500,01:29:12,Belo horizonte
Carlos lima,2023-03-19,Masculino,Notebook,120.0,0,50,,São paulo
Ana clara,2024-07-04,Masculino,Cadeira,50.0,1,800,,Porto alegre
Ana clara,2024-10-05,,Notebook,50.0,3,800,02:46:10,Rio de janeiro
Pedro alves,2023-08-21,Masculino,Teclado,800.0,1,150,,Curitiba
Maria souza,2024-07-09,,Mouse,1200.0,1,7041,,Curitiba
Pedro alves,2023-06-25,Masculino,Cadeira,1200.0,3,2400,02:38:24,Rio de janeiro
Pedro alves,2023-02-22,Masculino,Notebook,1200.0,1,240,,Belo horizonte
Pedro alves,0023-07-06,,Notebook,1200.0,1,,,São paulo
Carlos lima,0023-02-10,,Mouse,120.0,2,,0:01:50,Curitiba
Carlos lima,2023-08-26,Masculino,Mouse,800.0,1,10501,,Belo horizonte
Pedro alves,2024-07-14,,Notebook,800.0,0,,,Porto alegre
Pedro alves,2024-10-23,Masculino,Mouse,120.0,2,800,0:01:15,São paulo
João silva,2024-10-14,Masculino,Teclado,3500.0,3,7000,02:02:13,São paulo
Maria souza,2023-05-01,,Mouse,50.0,0,92,,Belo horizonte
João silva,2024-07-20,,Teclado,3500.0,3,120,02:57:58,Curitiba
Pedro alves,0023-08-15,,Cadeira,1200.0,0,100,,Belo horizonte
Pedro alves,0023-04-11,Masculino,Notebook,120.0,0,1600,,Porto alegre
Ana clara,2024-01-11,Masculino,Mouse,3500.0,1,240,,Rio de janeiro
Maria souza,2024-07-24,Masculino,Teclado,800.0,1,2400,,São paulo
Carlos lima,2024-07-06,,Cadeira,120.0,2,2400,0:03:33,Rio de janeiro
Pedro alves,0024-01-22,,Notebook,3500.0,1,,,Curitiba
Carlos lima,2024-05-16,,Teclado,3500.0,2,,0:02:51,Curitiba
Pedro alves,2023-01-09,Masculino,Monitor,3500.0,3,3500,00:39:56,São paulo
Carlos lima,2024-05-04,Masculino,Monitor,1200.0,2,150,0:00:01,Curitiba
Pedro alves,2024-09-10,Masculino,Monitor,120.0,0,120,,Belo horizonte
Carlos lima,2023-08-17,Masculino,Mouse,1200.0,3,10500,01:12:04,Porto alegre
Ana clara,2023-12-20,Masculino,Teclado,1200.0,1,,,Belo horizonte
Ana clara,0024-11-19,Masculino,Teclado,3500.0,2,3500,0:03:58,Rio de janeiro
Maria souza,0023-01-06,Masculino,Cadeira,1200.0,3,,00:26:09,Curitiba
Maria souza,2024-05-22,,Mouse,3500.0,0,7000,,Belo horizonte
Maria souza,2024-04-10,Masculino,Mouse,1200.0,1,3500,,Porto alegre
Maria souza,2023-07-27,Masculino,Mouse,800.0,2,120,0:01:24,Belo horizonte
Carlos lima,0024-06-23,,Cadeira,800.0,2,1200,0:00:06,São paulo
Maria souza,2023-01-09,,Notebook,1200.0,3,1600,01:36:41,Rio de janeiro
Ana clara,2023-07-01,Masculino,Notebook,800.0,0,2400,,Belo horizonte
Ana clara,0024-12-13,Masculino,Monitor,50.0,3,120,00:48:04,Rio de janeiro
Maria souza,0023-09-03,,Cadeira,50.0,1,360,,Porto alegre
João silva,2023-09-24,,Cadeira,120.0,2,150,0:01:02,Belo horizonte
Maria souza,2024-01-20,,Mouse,3500.0,1,,,Curitiba
Carlos lima,2024-12-18,,Notebook,800.0,3,6961,00:20:40,Belo horizonte
Carlos lima,2024-07-26,,Teclado,50.0,1,3500,,Porto alegre
Maria souza,2023-10-13,,Cadeira,1200.0,1,1203,,São paulo
Pedro alves,2023-11-12,,Cadeira,3500.0,0,7000,,Curitiba
Pedro alves,2024-12-14,,Monitor,3500.0,2,,0:03:47,Belo horizonte
Pedro alves,0023-10-06,Masculino,Teclado,50.0,0,1200,,São paulo
Ana clara,2024-09-13,Masculino,Notebook,120.0,2,360,0:00:27,Porto alegre
João silva,2024-05-04,,Notebook,120.0,0,120,,Porto alegre
Pedro alves,2024-05-07,,Monitor,1200.0,1,2369,,Curitiba
João silva,0023-10-23,,Mouse,3500.0,2,3600,0:03:11,Porto alegre
João silva,0023-07-18,Masculino,Teclado,120.0,1,7000,,Curitiba
João silva,2024-05-01,,Monitor,50.0,0,2400,,Belo horizonte
João silva,2023-07-25,Masculino,Monitor,1200.0,1,240,,Porto alegre
João silva,0023-12-14,Masculino,Monitor,3500.0,3,250,00:13:09,Rio de janeiro
João silva,0023-01-25,Masculino,Mouse,50.0,2,360,0:01:36,Curitiba
Maria souza,2023-10-10,Masculino,Notebook,1200.0,3,1600,01:35:52,Rio de janeiro
Maria souza,0023-05-15,,Mouse,50.0,0,2400,,Curitiba
Pedro alves,2024-01-17,,Mouse,1200.0,2,360,0:02:06,Rio de janeiro
Maria souza,0023-12-02,,Monitor,50.0,2,120,0:01:08,Porto alegre
Ana clara,2023-12-07,Masculino,Notebook,120.0,2,3461,0:00:42,Curitiba
João silva,0024-11-21,,Notebook,3500.0,0,2400,,Porto alegre
Pedro alves,0024-04-12,,Monitor,120.0,3,1200,02:46:03,Belo horizonte
Pedro alves,2024-04-25,,Cadeira,3500.0,3,87,00:06:26,Curitiba
Carlos lima,2024-08-15,,Mouse,3500.0,0,,,Rio de janeiro
Maria souza,0023-06-08,,Teclado,800.0,2,1624,0:02:19,Belo horizonte
João silva,0024-08-08,Masculino,Cadeira,3500.0,2,150,0:00:30,Rio de janeiro
Ana clara,2024-01-19,Masculino,Monitor,800.0,0,,,São paulo
Pedro alves,0023-02-11,,Cadeira,1200.0,1,360,,Porto alegre
Pedro alves,0023-02-19,Masculino,Cadeira,120.0,3,,02:26:09,Porto alegre
Pedro alves,0023-09-02,,Mouse,3500.0,1,150,,Rio de janeiro
Pedro alves,2024-08-14,,Mouse,3500.0,3,240,02:25:40,Curitiba
Carlos lima,0023-04-08,Masculino,Mouse,800.0,3,,01:24:43,Porto alegre
Pedro alves,0023-06-26,Masculino,Cadeira,800.0,0,2400,,Belo horizonte
Pedro alves,0024-06-20,Masculino,Monitor,120.0,0,7030,,Belo horizonte
Pedro alves,2023-05-07,,Cadeira,50.0,1,150,,Curitiba
João silva,2023-08-16,Masculino,Cadeira,3500.0,0,,,Belo horizonte
Pedro alves,0024-06-03,,Mouse,120.0,2,2400,0:01:08,Rio de janeiro
Maria souza,0023-03-25,,Monitor,120.0,2,100,0:00:20,Rio de janeiro
Pedro alves,0023-08-22,,Cadeira,1200.0,2,7000,0:00:30,Porto alegre
Pedro alves,0023-05-11,Masculino,Cadeira,1200.0,2,800,0:02:15,São paulo
Ana clara,0024-08-18,Masculino,Mouse,1200.0,3,1600,00:49:09,Curitiba
Ana clara,2024-09-04,Masculino,Mouse,800.0,2,50,0:01:14,Curitiba
João silva,2023-11-16,,Cadeira,120.0,3,2400,01:34:53,Porto alegre
João silva,0023-05-16,,Cadeira,50.0,1,,,Porto alegre
Pedro alves,2023-08-26,,Mouse,3500.0,0,,,Rio de janeiro
Maria souza,2023-11-25,,Monitor,800.0,2,,0:02:03,Belo horizonte
Pedro alves,2024-04-26,,Cadeira,120.0,2,1600,0:02:19,Belo horizonte
João silva,2023-04-14,,Monitor,120.0,0,100,,Curitiba
Carlos lima,2024-01-22,Masculino,Notebook,800.0,1,3500,,Rio de janeiro
Maria souza,2024-01-20,,Monitor,3500.0,2,1600,0:00:53,Rio de janeiro
Pedro alves,0023-04-18,Masculino,Notebook,1200.0,2,360,0:03:11,Belo horizonte
Carlos lima,2024-01-26,Masculino,Teclado,800.0,2,240,0:01:40,Curitiba
Pedro alves,2024-02-04,Masculino,Monitor,120.0,1,1200,,Belo horizonte
João silva,2024-04-24,,Notebook,800.0,3,,00:51:18,Belo horizonte
João silva,2023-07-25,Masculino,Teclado,800.0,3,,01:26:46,Porto alegre
Maria souza,2023-12-12,,Monitor,800.0,1,120,,Rio de janeiro
Maria souza,2024-05-07,,Teclado,800.0,1,240,,Rio de janeiro
João silva,2023-02-05,,Notebook,1200.0,2,,0:03:34,Rio de janeiro
Maria souza,2023-04-08,Masculino,Mouse,1200.0,1,7000,,São paulo
Maria souza,0024-08-27,Masculino,Notebook,3500.0,0,2400,,São paulo
Ana clara,0023-03-02,,Cadeira,800.0,2,360,0:02:08,Rio de janeiro
Ana clara,0023-03-01,Masculino,Notebook,3500.0,2,50,0:03:18,São paulo
Ana clara,0024-02-10,,Mouse,800.0,2,3500,0:00:56,São paulo
Pedro alves,2023-05-18,Masculino,Teclado,50.0,3,50,01:28:19,Porto alegre
Ana clara,0023-11-16,Masculino,Teclado,3500.0,1,2400,,Porto alegre
Maria souza,0023-02-24,,Notebook,3500.0,1,3622,,Porto alegre
Maria souza,0024-09-22,Masculino,Mouse,120.0,1,100,,São paulo
João silva,2024-09-13,Masculino,Teclado,3500.0,2,3600,0:02:01,Rio de janeiro
Ana clara,2024-01-06,,Teclado,800.0,0,146,,Porto alegre
Carlos lima,2024-10-01,,Cadeira,1200.0,3,120,00:22:02,Curitiba
Maria souza,0023-03-04,,Notebook,1200.0,3,50,02:19:20,Curitiba
João silva,2024-06-24,Masculino,Cadeira,800.0,0,10500,,São paulo
Ana clara,2023-09-08,,Mouse,800.0,3,120,01:33:44,Curitiba
Ana clara,0024-10-22,Masculino,Teclado,50.0,3,1200,00:57:46,Rio de janeiro
João silva,2024-01-28,,Cadeira,1200.0,1,,,Porto alegre
Carlos lima,2024-05-13,Masculino,Teclado,120.0,2,,0:01:07,São paulo
João silva,2024-12-02,,Monitor,50.0,2,,0:01:46,São paulo
Pedro alves,2023-10-23,Masculino,Mouse,3500.0,3,150,01:29:49,Porto alegre
Carlos lima,2024-06-05,Masculino,Teclado,3500.0,3,240,00:29:54,Curitiba
Ana clara,2024-08-02,,Mouse,800.0,1,3500,,Curitiba
Ana clara,2024-05-27,Masculino,Notebook,800.0,3,1200,00:22:53,Belo horizonte
Maria souza,2024-04-04,Masculino,Notebook,1200.0,3,10490,02:29:12,Rio de janeiro
Ana clara,2024-03-09,,Teclado,3500.0,3,150,01:11:12,Rio de janeiro
Ana clara,2024-10-18,,Cadeira,3500.0,3,,01:41:08,Rio de janeiro
Ana clara,2024-11-14,Masculino,Teclado,120.0,2,,0:03:47,Curitiba
Pedro alves,0024-10-05,,Notebook,800.0,0,760,,Belo horizonte
Carlos lima,0023-04-15,,Notebook,800.0,2,7000,0:03:23,Curitiba
Carlos lima,0023-06-22,Masculino,Monitor,3500.0,1,2400,,Rio de janeiro
Maria souza,2023-09-03,,Teclado,800.0,3,2400,01:34:05,Porto alegre
Carlos lima,2024-07-26,,Teclado,120.0,3,,00:01:06,Curitiba
Carlos lima,0024-09-23,Masculino,Notebook,120.0,2,50,0:00:41,São paulo
João silva,2024-12-24,,Teclado,1200.0,0,,,Belo horizonte
Carlos lima,2023-12-05,Masculino,Teclado,3500.0,3,100,01:49:32,Belo horizonte
Carlos lima,2024-10-07,Masculino,Monitor,800.0,0,800,,Curitiba
Carlos lima,2023-03-21,Masculino,Notebook,120.0,0,10500,,Rio de janeiro
Maria souza,2023-07-16,Masculino,Notebook,120.0,2,2400,0:03:00,Curitiba
Carlos lima,2024-07-10,,Mouse,50.0,3,3500,02:53:34,Curitiba
Carlos lima,2024-10-06,Masculino,Mouse,50.0,1,240,,Porto alegre
Carlos lima,2023-08-27,Masculino,Notebook,120.0,0,355,,Belo horizonte
Ana clara,2023-11-23,,Mouse,120.0,0,,,São paulo
João silva,2024-01-13,Masculino,Cadeira,1200.0,3,10508,02:40:03,Belo horizonte
Maria souza,0023-04-16,,Notebook,800.0,0,800,,Curitiba
Ana clara,2023-05-19,Masculino,Cadeira,120.0,2,10500,0:01:48,Curitiba
Ana clara,2024-04-07,,Cadeira,800.0,2,,0:03:41,Curitiba
Ana clara,2023-11-08,Masculino,Cadeira,1200.0,1,120,,Rio de janeiro
Maria souza,2023-08-12,Masculino,Notebook,3500.0,0,150,,Curitiba
Maria souza,0024-02-23,,Notebook,120.0,0,,,São paulo
Maria souza,2024-10-09,,Monitor,800.0,1,240,,Curitiba
Ana clara,0024-11-14,Masculino,Notebook,3500.0,0,3500,,Porto alegre
João silva,2024-11-15,,Notebook,120.0,2,,0:00:33,Curitiba
Ana clara,2023-04-03,,Cadeira,3500.0,2,,0:01:36,Rio de janeiro
Pedro alves,2023-12-19,,Notebook,800.0,2,50,0:01:35,Belo horizonte
Maria souza,2023-09-25,Masculino,Teclado,3500.0,1,7000,,Porto alegre
João silva,2023-04-03,Masculino,Mouse,3500.0,3,91,02:53:16,Curitiba
Ana clara,2024-12-04,Masculino,Cadeira,50.0,2,2400,0:00:51,Curitiba
Carlos lima,2023-12-28,Masculino,Cadeira,3500.0,3,,02:09:31,Curitiba
João silva,2024-09-09,Masculino,Monitor,3500.0,0,3518,,Curitiba
Pedro alves,2024-03-20,,Monitor,800.0,3,800,01:34:15,Rio de janeiro
João silva,2024-05-16,,Mouse,50.0,3,150,02:41:07,Rio de janeiro
João silva,2023-03-20,,Notebook,3500.0,2,1600,0:00:53,Rio de janeiro
Ana clara,2024-06-04,Masculino,Notebook,800.0,2,120,0:03:05,São paulo
Maria souza,2024-02-11,,Notebook,3500.0,0,10500,,Belo horizonte
Maria souza,2024-08-16,,Notebook,3500.0,0,27,,Rio de janeiro
Maria souza,2023-12-03,Masculino,Cadeira,120.0,2,2400,0:03:52,Porto alegre
Ana clara,2024-10-03,,Mouse,1200.0,1,3500,,Rio de janeiro
Carlos lima,2024-07-19,,Notebook,120.0,0,,,Rio de janeiro
Maria souza,2024-07-02,,Notebook,50.0,1,,,Curitiba
João silva,2023-04-07,Masculino,Monitor,1200.0,3,10516,02:46:54,Curitiba
Maria souza,0024-08-22,,Monitor,1200.0,2,1600,0:03:00,Porto alegre
Ana clara,2024-01-24,,Cadeira,1200.0,0,1600,,Porto alegre
Carlos lima,2023-02-27,,Notebook,120.0,1,1243,,Belo horizonte
Ana clara,0024-04-20,Masculino,Cadeira,3500.0,3,1200,00:50:45,Curitiba
Maria souza,2024-02-08,Masculino,Notebook,120.0,1,2422,,Curitiba
Pedro alves,2024-01-06,Masculino,Teclado,3500.0,0,337,,São paulo
Pedro alves,2024-04-20,,Monitor,1200.0,0,3600,,Belo horizonte
Maria souza,2023-10-09,,Monitor,50.0,1,10500,,São paulo
Ana clara,0024-06-06,,Monitor,3500.0,2,120,0:02:26,Rio de janeiro
Ana clara,2023-02-10,,Monitor,50.0,0,2400,,Porto alegre
Maria souza,2024-12-03,,Teclado,800.0,0,3600,,São paulo
Carlos lima,0024-02-01,,Monitor,50.0,0,3500,,Belo horizonte
João silva,0024-02-19,,Mouse,800.0,0,100,,Curitiba
João silva,0023-06-10,,Cadeira,120.0,1,,,Belo horizonte
João silva,0023-04-05,,Teclado,50.0,0,240,,Curitiba
João silva,2024-11-14,Masculino,Cadeira,3500.0,2,240,0:03:29,Rio de janeiro
João silva,0023-01-23,,Monitor,800.0,0,,,Rio de janeiro
João silva,2024-11-02,,Mouse,3500.0,2,3600,0:02:19,Belo horizonte
Ana clara,2023-05-06,,Cadeira,120.0,2,64,0:03:30,São paulo
Carlos lima,2023-01-27,Masculino,Notebook,120.0,3,3558,00:53:05,Rio de janeiro
Pedro alves,2023-05-17,Masculino,Notebook,120.0,0,237,,Belo horizonte
Carlos lima,2024-06-11,,Cadeira,1200.0,1,100,,São paulo
Maria souza,2023-08-19,Masculino,Monitor,3500.0,1,7000,,Rio de janeiro
João silva,2024-07-07,,Mouse,800.0,0,,,Rio de janeiro
Maria souza,0024-12-07,,Cadeira,50.0,0,100,,Rio de janeiro
João silva,2023-02-06,,Monitor,800.0,3,800,00:30:45,Porto alegre
João silva,2023-06-10,Masculino,Mouse,3500.0,3,150,00:06:12,Rio de janeiro
Carlos lima,2024-11-02,,Notebook,3500.0,3,3600,02:04:09,Belo horizonte
Carlos lima,2023-04-17,,Mouse,50.0,3,2416,02:08:15,Rio de janeiro
Carlos lima,2024-05-01,Masculino,Monitor,800.0,1,120,,Curitiba
Maria souza,0024-06-02,Masculino,Mouse,3500.0,3,3537,02:28:38,Curitiba
Carlos lima,2024-09-04,Masculino,Notebook,50.0,1,,,Belo horizonte
João silva,0024-12-14,Masculino,Teclado,1200.0,0,7000,,São paulo
Maria souza,2024-08-08,Masculino,Cadeira,50.0,1,6992,,Curitiba
Pedro alves,0024-03-12,,Monitor,800.0,2,6950,0:01:11,Rio de janeiro
João silva,2023-03-10,Masculino,Teclado,3500.0,1,772,,Curitiba
Maria souza,2024-11-27,Masculino,Cadeira,800.0,1,3500,,São paulo
Carlos lima,2023-08-24,,Cadeira,800.0,1,3500,,São paulo
Ana clara,2023-04-08,,Cadeira,1200.0,0,3460,,Porto alegre
Ana clara,2024-07-08,,Cadeira,800.0,1,150,,Curitiba
Ana clara,2024-12-19,,Notebook,1200.0,1,150,,Belo horizonte
Carlos lima,2024-08-24,Masculino,Cadeira,50.0,1,3500,,São paulo
Maria souza,2024-04-22,Masculino,Notebook,800.0,1,240,,Curitiba
Ana clara,2023-02-08,Masculino,Notebook,120.0,1,10500,,Rio de janeiro
Maria souza,2024-10-01,,Teclado,800.0,3,100,01:01:53,Belo horizonte
Maria souza,0023-10-12,,Notebook,50.0,1,10500,,Curitiba
Pedro alves,2023-08-18,Masculino,Teclado,1200.0,0,7000,,Curitiba
Pedro alves,2023-10-27,,Cadeira,120.0,3,1200,00:49:26,Belo horizonte
Carlos lima,0024-11-24,,Mouse,50.0,1,3500,,Porto alegre
Ana clara,0024-08-21,,Cadeira,120.0,1,220,,Belo horizonte
Maria souza,0023-12-18,Masculino,Cadeira,800.0,1,50,,Belo horizonte
Maria souza,2023-03-27,,Cadeira,800.0,0,831,,Curitiba
Carlos lima,2024-08-08,,Teclado,800.0,1,2420,,Belo horizonte
Carlos lima,0023-07-14,,Teclado,800.0,2,7000,0:02:37,São paulo
Carlos lima,2023-11-05,,Cadeira,1200.0,2,68,0:02:04,Belo horizonte
Carlos lima,0023-09-27,,Mouse,50.0,0,3600,,Belo horizonte
Carlos lima,2023-04-01,Masculino,Monitor,800.0,1,3600,,Porto alegre
João silva,0024-01-28,,Teclado,50.0,1,2444,,Belo horizonte
João silva,2024-04-24,Masculino,Notebook,800.0,3,,00:23:36,Porto alegre
João silva,0023-12-04,Masculino,Mouse,50.0,2,1200,0:00:01,Curitiba
Pedro alves,2024-03-05,,Mouse,120.0,1,3500,,Porto alegre
Maria souza,0024-08-20,Masculino,Teclado,800.0,3,,00:46:17,Belo horizonte
Pedro alves,2024-02-08,,Monitor,50.0,3,93,01:58:47,Belo horizonte
Carlos lima,2023-01-16,Masculino,Notebook,1200.0,0,10500,,Curitiba
Ana clara,2023-03-18,Masculino,Mouse,800.0,2,10500,0:00:05,Rio de janeiro
João silva,2024-06-04,,Notebook,1200.0,1,100,,Rio de janeiro
Pedro alves,0024-02-16,,Teclado,3500.0,3,150,02:50:23,São paulo
Carlos lima,2024-07-25,,Notebook,800.0,3,3600,02:13:05,São paulo
Carlos lima,2024-06-15,Masculino,Monitor,800.0,0,7000,,Porto alegre
Ana clara,0024-02-21,Masculino,Notebook,120.0,1,,,Curitiba
Maria souza,0023-08-02,Masculino,Teclado,50.0,1,,,Curitiba
Pedro alves,0024-07-24,Masculino,Notebook,800.0,3,120,00:20:17,Curitiba
Ana clara,2023-06-10,Masculino,Notebook,50.0,3,10500,01:17:26,São paulo
Pedro alves,2023-05-03,,Mouse,1200.0,2,120,0:01:31,Porto alegre
Pedro alves,2024-03-15,Masculino,Notebook,1200.0,2,360,0:03:08,Belo horizonte
Ana clara,2024-01-21,Masculino,Notebook,50.0,1,110,,Porto alegre
João silva,2024-06-23,Masculino,Cadeira,800.0,3,277,01:38:05,Rio de janeiro
Ana clara,0024-03-05,,Cadeira,800.0,3,3600,02:56:15,Rio de janeiro
Carlos lima,2024-04-26,Masculino,Cadeira,50.0,2,1200,0:03:02,Belo horizonte
Carlos lima,2023-03-05,Masculino,Teclado,800.0,3,327,00:47:29,Porto alegre
Pedro alves,2023-04-08,,Monitor,1200.0,1,1600,,São paulo
Pedro alves,2023-04-07,,Cadeira,3500.0,2,3600,0:03:58,Rio de janeiro
Pedro alves,2023-10-19,,Cadeira,50.0,3,3500,00:04:46,Porto alegre
Maria souza,2024-03-18,,Monitor,1200.0,1,150,,Belo horizonte
Maria souza,2023-03-25,,Teclado,800.0,1,3600,,Rio de janeiro
Ana clara,2023-03-02,,Teclado,1200.0,1,,,Rio de janeiro
João silva,2024-08-19,,Mouse,120.0,2,1200,0:00:11,São paulo
Pedro alves,2024-01-14,Masculino,Monitor,800.0,1,3600,,Belo horizonte
Maria souza,2023-04-08,Masculino,Monitor,120.0,1,240,,Belo horizonte
Carlos lima,2024-03-03,Masculino,Notebook,120.0,1,,,São paulo
Ana clara,2023-08-08,,Cadeira,120.0,2,3600,0:02:02,São paulo
Maria souza,2024-03-26,Masculino,Mouse,3500.0,1,800,,Rio de janeiro
Pedro alves,2024-01-06,Masculino,Mouse,800.0,1,3600,,Belo horizonte
Carlos lima,2024-02-12,Masculino,Monitor,50.0,2,3600,0:03:28,Curitiba
Carlos lima,0024-08-24,,Monitor,120.0,0,2400,,Curitiba
Carlos lima,2023-11-11,,Cadeira,50.0,3,1200,00:22:33,Rio de janeiro
Carlos lima,2024-10-12,Masculino,Notebook,1200.0,2,2400,0:02:07,Belo horizonte
Pedro alves,2024-08-04,,Teclado,3500.0,3,7000,01:27:32,Porto alegre
Maria souza,0024-03-09,,Cadeira,120.0,3,3452,02:47:24,Rio de janeiro
Maria souza,0023-04-23,,Teclado,3500.0,0,3500,,Rio de janeiro
Carlos lima,2024-11-06,,Monitor,800.0,0,2400,,Belo horizonte
João silva,2023-06-02,,Mouse,120.0,0,2418,,São paulo
Carlos lima,2023-05-12,,Mouse,800.0,3,50,00:34:02,Rio de janeiro
Ana clara,2024-02-16,,Monitor,50.0,1,373,,Curitiba
Pedro alves,2024-10-17,,Cadeira,3500.0,1,,,Curitiba
João silva,0023-06-21,,Teclado,800.0,1,157,,Curitiba
Carlos lima,0024-10-12,,Notebook,120.0,2,,0:03:01,São paulo
Ana clara,2024-01-04,Masculino,Cadeira,50.0,3,10500,01:48:42,São paulo
Maria souza,0023-03-17,,Mouse,50.0,2,10500,0:01:09,Curitiba
Pedro alves,2023-08-15,Masculino,Mouse,50.0,2,100,0:03:51,Porto alegre
Pedro alves,0024-04-20,,Monitor,50.0,0,1200,,Rio de janeiro
Pedro alves,2023-06-01,,Cadeira,3500.0,2,150,0:02:46,Curitiba
João silva,0023-01-26,Masculino,Mouse,120.0,3,1157,02:06:37,São paulo
Pedro alves,0024-09-10,Masculino,Notebook,1200.0,1,120,,Curitiba
Carlos lima,2023-12-26,,Notebook,3500.0,2,3500,0:02:32,São paulo
Maria souza,2023-07-16,Masculino,Monitor,3500.0,0,360,,Curitiba
Carlos lima,0023-07-20,,Monitor,3500.0,1,360,,Curitiba
Maria souza,2024-09-09,,Cadeira,800.0,2,2400,0:02:43,Rio de janeiro
João silva,2024-07-15,Masculino,Monitor,3500.0,0,10500,,Rio de janeiro
Pedro alves,0023-10-22,Masculino,Monitor,50.0,2,7000,0:00:46,São paulo
Carlos lima,2023-10-13,,Mouse,50.0,1,117,,São paulo
Carlos lima,0024-03-25,,Notebook,120.0,0,2400,,Porto alegre
João silva,0024-02-27,Masculino,Teclado,800.0,1,50,,Porto alegre
Carlos lima,2023-02-08,Masculino,Mouse,50.0,1,3450,,Rio de janeiro
João silva,0024-09-24,,Notebook,50.0,3,,02:12:23,Rio de janeiro
João silva,2024-07-13,,Monitor,800.0,2,3600,0:01:59,Porto alegre
Maria souza,2023-08-22,,Monitor,120.0,1,,,Belo horizonte
Carlos lima,2023-09-15,Masculino,Mouse,3500.0,0,7000,,Porto alegre
João silva,0023-07-05,Masculino,Mouse,50.0,3,2383,00:02:24,Belo horizonte
Carlos lima,2023-03-25,,Mouse,1200.0,0,,,Rio de janeiro
Carlos lima,0023-09-02,Masculino,Monitor,1200.0,3,120,02:44:37,Porto alegre
João silva,0024-12-05,Masculino,Teclado,50.0,3,,02:00:27,Porto alegre
Ana clara,2023-12-05,Masculino,Cadeira,800.0,1,150,,Curitiba
Carlos lima,2024-01-16,,Teclado,50.0,1,1200,,Curitiba
Carlos lima,0024-03-10,Masculino,Monitor,800.0,3,3584,01:21:34,São paulo
João silva,2024-08-18,Masculino,Mouse,50.0,0,800,,São paulo
Carlos lima,0024-12-22,,Mouse,1200.0,1,1600,,São paulo
Ana clara,2024-02-17,Masculino,Mouse,50.0,0,1600,,Belo horizonte
Ana clara,2024-06-22,Masculino,Teclado,120.0,3,,02:15:20,São paulo
Carlos lima,0024-06-07,,Monitor,1200.0,2,,0:03:53,São paulo
Carlos lima,2023-10-04,,Teclado,1200.0,0,3500,,Porto alegre
Carlos lima,2024-05-14,,Monitor,120.0,1,1200,,São paulo
Ana clara,0023-07-17,Masculino,Cadeira,120.0,1,1600,,Porto alegre
Maria souza,2024-08-20,,Cadeira,50.0,2,360,0:00:51,Porto alegre
Carlos lima,2023-12-27,,Teclado,50.0,3,3500,02:16:13,São paulo
João silva,2023-05-25,,Cadeira,800.0,1,3454,,Porto alegre
Pedro alves,2024-10-05,,Monitor,120.0,1,800,,Curitiba
Maria souza,2023-08-20,,Notebook,3500.0,2,800,0:02:32,Belo horizonte
Pedro alves,2024-11-06,,Teclado,800.0,2,,0:00:55,Belo horizonte
Pedro alves,2024-07-07,Masculino,Monitor,120.0,0,1600,,Belo horizonte
Pedro alves,2023-04-14,Masculino,Teclado,3500.0,0,240,,Curitiba
Carlos lima,2024-02-07,Masculino,Mouse,800.0,0,3600,,São paulo
Carlos lima,2023-09-12,,Mouse,120.0,1,1573,,Rio de janeiro
João silva,2024-05-05,Masculino,Cadeira,1200.0,2,2400,0:01:40,Rio de janeiro
João silva,2024-05-11,,Mouse,3500.0,3,3500,02:13:40,Curitiba
Maria souza,0024-06-10,,Cadeira,3500.0,2,100,0:01:28,Porto alegre
Maria souza,2023-09-02,,Monitor,50.0,2,240,0:00:33,São paulo
Ana clara,0023-06-19,,Monitor,120.0,3,29,01:15:25,Curitiba
Pedro alves,2024-12-05,Masculino,Mouse,50.0,2,10500,0:02:35,Porto alegre
Ana clara,2024-01-24,,Teclado,120.0,1,50,,São paulo
Carlos lima,2023-11-09,,Cadeira,3500.0,3,,00:41:15,São paulo
Pedro alves,2024-08-25,Masculino,Teclado,120.0,3,3600,01:09:31,Rio de janeiro
Pedro alves,2023-04-03,Masculino,Cadeira,50.0,1,2400,,Rio de janeiro
Carlos lima,2023-09-25,Masculino,Monitor,3500.0,0,,,São paulo
João silva,0024-09-21,,Mouse,800.0,0,,,Porto alegre
Ana clara,2023-04-08,Masculino,Teclado,120.0,2,150,0:03:34,Curitiba
João silva,2024-08-14,Masculino,Teclado,120.0,2,2362,0:02:29,Rio de janeiro
Pedro alves,0023-05-17,,Monitor,1200.0,1,802,,Porto alegre
Pedro alves,2024-08-03,Masculino,Monitor,50.0,3,159,02:20:44,São paulo
Carlos lima,2023-06-28,,Mouse,50.0,0,10500,,Porto alegre
Pedro alves,2023-06-17,Masculino,Cadeira,800.0,0,360,,São paulo
Pedro alves,2023-03-24,Masculino,Notebook,50.0,2,360,0:01:51,Porto alegre
Pedro alves,2024-10-01,Masculino,Notebook,50.0,0,7000,,Curitiba
Pedro alves,0024-07-06,,Monitor,3500.0,3,,01:21:23,Porto alegre
Maria souza,2024-07-14,,Mouse,120.0,0,3500,,Rio de janeiro
Ana clara,2023-05-05,Masculino,Mouse,120.0,3,10500,02:27:28,Rio de janeiro
Ana clara,2023-01-03,,Mouse,50.0,3,326,02:47:31,São paulo
Pedro alves,2024-10-03,Masculino,Monitor,120.0,2,100,0:02:53,Curitiba
João silva,0024-08-14,Masculino,Teclado,1200.0,1,,,São paulo
Carlos lima,2024-05-04,,Teclado,120.0,0,3600,,Porto alegre
Pedro alves,0023-05-24,Masculino,Cadeira,800.0,1,800,,Rio de janeiro
Maria souza,2024-09-05,Masculino,Teclado,50.0,0,,,Rio de janeiro
Maria souza,2024-04-19,,Notebook,3500.0,2,150,0:01:00,Belo horizonte
Carlos lima,2024-09-05,,Mouse,1200.0,0,50,,Curitiba
João silva,2024-11-24,Masculino,Mouse,1200.0,0,150,,Rio de janeiro
Pedro alves,2024-08-22,,Cadeira,50.0,1,,,São paulo
Ana clara,2023-03-25,,Monitor,1200.0,0,,,Rio de janeiro
Ana clara,0024-06-26,,Teclado,800.0,2,150,0:03:35,Rio de janeiro
Ana clara,2023-08-20,,Cadeira,800.0,2,1600,0:00:20,Belo horizonte
Carlos lima,0023-03-13,Masculino,Cadeira,120.0,3,50,02:27:56,Belo horizonte
João silva,0024-10-17,Masculino,Cadeira,50.0,2,,0:02:45,Belo horizonte
Pedro alves,2023-07-11,Masculino,Monitor,120.0,1,240,,São paulo
João silva,2024-04-27,Masculino,Notebook,800.0,0,120,,Porto alegre
Pedro alves,2024-01-04,,Notebook,50.0,0,2400,,Porto alegre
Pedro alves,2024-11-24,,Notebook,800.0,0,2400,,São paulo
Pedro alves,2023-06-14,,Cadeira,50.0,1,1600,,São paulo
Pedro alves,2023-08-13,,Teclado,120.0,0,,,Curitiba
João silva,2024-08-19,,Teclado,3500.0,0,120,,Curitiba
Maria souza,0024-02-05,,Cadeira,120.0,0,165,,Rio de janeiro
Ana clara,0024-08-27,,Teclado,800.0,2,144,0:02:49,Rio de janeiro
Maria souza,2023-08-11,,Teclado,800.0,0,10500,,Rio de janeiro
Pedro alves,2023-05-03,,Mouse,50.0,2,150,0:01:52,Belo horizonte
Pedro alves,2023-08-01,Masculino,Mouse,800.0,2,3500,0:03:12,São paulo
Pedro alves,2024-08-23,,Notebook,3500.0,2,3600,0:02:14,Curitiba
Pedro alves,2023-12-25,,Notebook,1200.0,1,,,São paulo
Carlos lima,2024-12-22,,Notebook,800.0,3,240,01:57:21,Curitiba
Ana clara,0023-06-15,Masculino,Teclado,3500.0,3,2400,02:45:43,São paulo
Pedro alves,0024-05-02,,Cadeira,120.0,0,,,Belo horizonte
Ana clara,0023-08-25,Masculino,Teclado,3500.0,3,240,00:52:33,São paulo
Carlos lima,2023-08-04,Masculino,Mouse,50.0,0,6957,,São paulo
Ana clara,2024-04-10,Masculino,Notebook,1200.0,3,10534,01:08:34,Rio de janeiro
Carlos lima,2024-11-04,,Monitor,800.0,0,10500,,Rio de janeiro
Carlos lima,2023-03-05,,Monitor,120.0,0,2400,,Belo horizonte
Carlos lima,0024-10-01,Masculino,Cadeira,1200.0,1,150,,Curitiba
João silva,0024-11-20,,Notebook,50.0,3,3500,00:27:32,Rio de janeiro
João silva,2023-08-15,Masculino,Teclado,800.0,3,1600,02:44:51,Rio de janeiro
Carlos lima,2023-09-21,Masculino,Teclado,800.0,2,10500,0:01:51,Belo horizonte
Maria souza,0024-02-10,,Notebook,50.0,2,10500,0:03:57,São paulo
João silva,2024-04-04,,Monitor,1200.0,0,50,,Porto alegre
João silva,2024-12-21,,Mouse,3500.0,0,,,São paulo
Carlos lima,0023-05-27,Masculino,Mouse,1200.0,0,800,,São paulo
Carlos lima,2023-04-10,Masculino,Notebook,3500.0,3,360,01:31:33,Belo horizonte
Carlos lima,0024-05-14,Masculino,Cadeira,800.0,2,120,0:03:22,Belo horizonte
João silva,2024-05-25,,Monitor,50.0,3,,00:03:51,Belo horizonte
Pedro alves,2023-07-10,Masculino,Monitor,120.0,2,50,0:01:20,Porto alegre
Maria souza,2024-12-16,,Mouse,800.0,3,7000,01:50:58,Rio de janeiro
Pedro alves,2023-10-13,Masculino,Notebook,1200.0,1,,,São paulo
Pedro alves,2023-04-08,Masculino,Teclado,1200.0,3,,00:58:23,Porto alegre
Pedro alves,2023-02-24,,Teclado,120.0,3,240,02:14:17,Curitiba
Pedro alves,0023-05-13,Masculino,Monitor,120.0,3,120,01:00:59,Belo horizonte
João silva,2023-04-15,,Monitor,120.0,2,,0:03:06,Curitiba
João silva,2023-12-24,,Mouse,120.0,1,10500,,Curitiba
Pedro alves,2023-08-10,,Notebook,800.0,1,1600,,Porto alegre
João silva,2023-12-10,Masculino,Monitor,120.0,1,2400,,Belo horizonte
Maria souza,2024-07-27,Masculino,Mouse,50.0,0,1200,,Rio de janeiro
Maria souza,2023-02-25,,Notebook,50.0,2,,0:00:02,São paulo
João silva,2024-10-13,Masculino,Monitor,120.0,2,360,0:01:46,Rio de janeiro
Maria souza,0023-05-03,Masculino,Mouse,50.0,3,1600,01:10:32,Rio de janeiro
Maria souza,2024-07-16,Masculino,Monitor,50.0,0,10500,,Porto alegre
Ana clara,2024-06-14,Masculino,Cadeira,800.0,1,,,Curitiba
Ana clara,2024-09-01,,Mouse,1200.0,2,3600,0:00:05,São paulo
Ana clara,2024-02-23,Masculino,Teclado,1200.0,2,1200,0:02:15,Belo horizonte
João silva,2023-11-17,Masculino,Teclado,3500.0,0,,,Porto alegre
Pedro alves,2023-12-13,,Notebook,120.0,1,,,Belo horizonte
Maria souza,0024-09-06,,Cadeira,800.0,0,800,,São paulo
João silva,2024-05-14,Masculino,Monitor,3500.0,3,50,00:42:26,Porto alegre
Pedro alves,2023-10-18,Masculino,Notebook,50.0,3,7000,01:44:04,São paulo
Maria souza,2023-06-19,Masculino,Mouse,800.0,1,,,Rio de janeiro
João silva,2023-10-03,,Monitor,1200.0,1,2441,,São paulo
Ana clara,0023-06-26,Masculino,Teclado,3500.0,3,7000,01:27:43,São paulo
João silva,2024-10-26,Masculino,Cadeira,120.0,1,,,Curitiba
João silva,2024-04-15,Masculino,Monitor,3500.0,1,10500,,Rio de janeiro
João silva,0024-07-06,,Cadeira,800.0,3,3600,02:37:57,Rio de janeiro
João silva,2024-09-28,,Monitor,1200.0,0,,,Curitiba
João silva,2024-10-21,,Cadeira,50.0,0,2400,,Curitiba
João silva,2024-04-10,,Teclado,1200.0,1,71,,Rio de janeiro
Maria souza,2024-04-27,,Cadeira,50.0,0,181,,Curitiba
Carlos lima,2024-09-03,Masculino,Teclado,3500.0,0,3600,,Porto alegre
Carlos lima,2024-12-07,Masculino,Monitor,120.0,3,120,02:20:33,Curitiba
Carlos lima,2024-03-13,,Notebook,800.0,2,120,0:01:42,Rio de janeiro
João silva,2024-08-15,Masculino,Mouse,120.0,0,,,Curitiba
Carlos lima,0023-08-23,Masculino,Cadeira,1200.0,1,800,,Curitiba
Pedro alves,0023-12-07,,Notebook,3500.0,3,100,02:48:32,Rio de janeiro
Maria souza,2024-08-20,,Teclado,120.0,3,100,00:56:32,Rio de janeiro
João silva,2023-08-02,Masculino,Mouse,3500.0,3,2400,02:03:51,Rio de janeiro
João silva,2023-09-22,,Monitor,120.0,2,50,0:00:24,Belo horizonte
Pedro alves,2023-04-22,Masculino,Monitor,3500.0,3,1600,00:53:46,Rio de janeiro
Ana clara,2023-11-06,Masculino,Monitor,800.0,1,133,,Belo horizonte
Maria souza,2024-01-08,Masculino,Notebook,50.0,2,,0:00:46,Belo horizonte
Maria souza,2024-08-02,,Mouse,1200.0,0,3552,,Porto alegre
Maria souza,2024-08-23,Masculino,Mouse,50.0,1,10500,,Porto alegre
João silva,2024-06-18,Masculino,Notebook,120.0,3,2440,02:48:47,Belo horizonte
Carlos lima,0023-12-19,,Monitor,800.0,1,3500,,Porto alegre
Carlos lima,0024-10-02,,Teclado,800.0,1,7028,,Porto alegre
João silva,2024-04-09,,Mouse,3500.0,0,7031,,São paulo
Maria souza,2024-04-24,Masculino,Mouse,120.0,2,150,0:00:47,Porto alegre
Pedro alves,2024-12-10,Masculino,Cadeira,800.0,3,2393,01:10:27,São paulo
Ana clara,2024-07-18,,Monitor,1200.0,1,3645,,Porto alegre
Carlos lima,2024-12-04,,Cadeira,1200.0,3,7000,01:43:55,Rio de janeiro
Pedro alves,2023-01-12,Masculino,Cadeira,50.0,1,1200,,Curitiba
Carlos lima,0024-12-11,Masculino,Monitor,800.0,0,,,São paulo
Maria souza,2023-12-25,Masculino,Cadeira,120.0,0,,,Porto alegre
João silva,0024-12-14,,Monitor,50.0,2,7009,0:01:31,Porto alegre
Ana clara,0024-11-06,Masculino,Cadeira,120.0,0,800,,Rio de janeiro
Maria souza,2023-06-06,Masculino,Monitor,800.0,2,50,0:00:32,Curitiba
Pedro alves,2023-01-21,,Cadeira,800.0,0,120,,Belo horizonte
Pedro alves,2023-05-12,,Notebook,800.0,0,240,,Curitiba
Carlos lima,2024-07-18,,Notebook,1200.0,2,1200,0:00:54,Curitiba
Carlos lima,2024-03-13,,Notebook,1200.0,1,10500,,São paulo
Carlos lima,2023-11-19,,Teclado,120.0,3,,02:54:35,São paulo
Carlos lima,2023-08-26,Masculino,Cadeira,800.0,1,10500,,Rio de janeiro
João silva,2023-08-27,,Notebook,800.0,1,3500,,Belo horizonte
Maria souza,2023-09-11,,Teclado,800.0,0,800,,Belo horizonte
Ana clara,2024-11-28,,Monitor,120.0,0,2437,,Porto alegre
Ana clara,2023-04-20,,Teclado,120.0,2,1194,0:01:36,São paulo
Ana clara,2024-09-21,Masculino,Notebook,50.0,2,3500,0:03:10,Curitiba
Maria souza,2024-07-26,,Notebook,800.0,2,3600,0:00:25,São paulo
Pedro alves,2024-09-19,Masculino,Cadeira,120.0,3,3600,02:51:56,São paulo
Pedro alves,2024-04-13,Masculino,Cadeira,800.0,0,274,,Curitiba
Pedro alves,2024-06-03,Masculino,Notebook,800.0,3,2400,00:53:55,São paulo
Pedro alves,2023-02-21,Masculino,Monitor,3500.0,3,,02:46:29,São paulo
Ana clara,2023-02-15,Masculino,Cadeira,800.0,3,7000,00:28:41,Curitiba
Ana clara,0024-01-25,,Monitor,50.0,2,,0:01:34,Rio de janeiro
Carlos lima,0023-06-28,,Notebook,50.0,3,100,01:07:55,São paulo
Ana clara,0024-02-05,Masculino,Notebook,120.0,3,,02:35:00,São paulo
Pedro alves,0023-11-08,Masculino,Cadeira,50.0,1,10524,,Curitiba
Ana clara,2024-06-03,Masculino,Mouse,50.0,3,,01:03:04,Rio de janeiro
Ana clara,0024-02-28,,Teclado,3500.0,0,3539,,Belo horizonte
Carlos lima,2023-04-17,,Mouse,3500.0,0,282,,Rio de janeiro
Carlos lima,2023-04-07,,Monitor,1200.0,1,,,São paulo
Maria souza,2023-01-28,,Teclado,1200.0,0,371,,Curitiba
Maria souza,2024-11-26,,Monitor,120.0,2,7000,0:02:26,Curitiba
Carlos lima,0023-04-08,Masculino,Cadeira,120.0,3,,01:09:11,Curitiba
Pedro alves,2024-02-10,,Mouse,50.0,0,,,Porto alegre
Pedro alves,2024-07-02,Masculino,Notebook,3500.0,3,3472,01:25:25,São paulo
João silva,2024-12-26,,Cadeira,1200.0,1,,,Porto alegre
João silva,2024-06-08,Masculino,Notebook,120.0,1,1600,,Rio de janeiro
Carlos lima,2024-11-16,,Cadeira,3500.0,1,2400,,Curitiba
Maria souza,2024-12-05,Masculino,Mouse,800.0,2,1200,0:02:07,Curitiba
Pedro alves,2023-11-11,Masculino,Monitor,120.0,3,2400,01:59:40,Curitiba
Maria souza,2024-11-11,,Teclado,3500.0,3,7000,00:13:02,Porto alegre
Ana clara,2024-04-11,,Mouse,800.0,0,,,São paulo
Ana clara,0023-12-13,Masculino,Monitor,3500.0,0,240,,Rio de janeiro
Ana clara,2024-07-23,,Teclado,800.0,0,50,,São paulo
Pedro alves,0023-02-02,Masculino,Notebook,120.0,1,216,,Belo horizonte
Pedro alves,2024-10-15,Masculino,Cadeira,3500.0,0,800,,Belo horizonte
João silva,2023-03-04,Masculino,Monitor,120.0,1,1200,,Porto alegre
Carlos lima,2024-12-14,,Cadeira,1200.0,3,,02:47:06,Curitiba
Ana clara,0023-07-25,,Cadeira,1200.0,3,7000,01:17:36,São paulo
Ana clara,2024-01-15,,Notebook,120.0,3,,02:25:53,São paulo
Carlos lima,0024-11-14,,Mouse,50.0,1,360,,Curitiba
Carlos lima,2024-05-18,,Cadeira,50.0,1,2400,,Curitiba
Maria souza,0024-11-02,Masculino,Notebook,120.0,0,,,Rio de janeiro
João silva,2024-10-16,Masculino,Notebook,1200.0,3,2400,01:19:16,Porto alegre
Pedro alves,2023-10-19,Masculino,Cadeira,1200.0,1,360,,Rio de janeiro
Maria souza,2023-09-09,,Mouse,800.0,3,7000,02:59:02,São paulo
Maria souza,2023-12-12,Masculino,Mouse,1200.0,3,,02:47:13,São paulo
Maria souza,2024-11-25,,Monitor,120.0,0,10500,,São paulo
Pedro alves,2023-03-18,,Cadeira,1200.0,2,2400,0:03:23,Belo horizonte
João silva,2024-11-05,,Cadeira,50.0,3,7000,01:47:39,São paulo
João silva,0023-06-21,,Notebook,1200.0,0,,,São paulo
Ana clara,0023-12-20,Masculino,Teclado,800.0,2,360,0:02:43,Porto alegre
Ana clara,2024-04-25,Masculino,Notebook,3500.0,0,50,,São paulo
Ana clara,0023-06-18,,Teclado,800.0,2,10500,0:01:51,São paulo
João silva,2023-05-04,,Teclado,800.0,1,,,Belo horizonte
Ana clara,0023-09-18,,Teclado,3500.0,0,2400,,Belo horizonte
Ana clara,2023-01-03,,Cadeira,50.0,3,1200,02:04:25,São paulo
Ana clara,2023-05-18,Masculino,Cadeira,800.0,3,1600,00:41:30,Curitiba
Carlos lima,2024-08-13,Masculino,Cadeira,800.0,0,2400,,Rio de janeiro
Carlos lima,2023-10-06,,Notebook,120.0,2,7000,0:02:15,Rio de janeiro
Carlos lima,2023-02-28,,Mouse,50.0,2,3500,0:02:56,Rio de janeiro
Carlos lima,0023-05-27,,Teclado,1200.0,3,2400,01:29:30,Curitiba
Pedro alves,0024-06-24,Masculino,Monitor,120.0,2,,0:01:04,Curitiba
Carlos lima,2023-04-12,Masculino,Cadeira,3500.0,2,324,0:03:14,São paulo
Ana clara,0023-03-24,,Teclado,50.0,0,2420,,Curitiba
Ana clara,2024-05-22,,Monitor,1200.0,2,3500,0:00:05,São paulo
João silva,2024-11-14,Masculino,Teclado,1200.0,0,165,,Curitiba
João silva,2023-04-24,Masculino,Mouse,120.0,3,6963,00:33:57,Porto alegre
João silva,2024-03-23,Masculino,Monitor,120.0,2,3600,0:01:43,Rio de janeiro
Maria souza,2023-12-12,Masculino,Mouse,3500.0,1,3600,,Porto alegre
Maria souza,2023-01-02,Masculino,Notebook,1200.0,3,,00:35:04,Rio de janeiro
Maria souza,2024-01-22,,Notebook,120.0,3,240,01:38:43,Porto alegre
Pedro alves,2024-03-03,Masculino,Monitor,1200.0,2,240,0:01:30,Belo horizonte
Pedro alves,0024-06-27,,Mouse,50.0,1,360,,Belo horizonte
Ana clara,0023-02-15,Masculino,Cadeira,800.0,1,360,,Porto alegre
Ana clara,2024-04-04,,Notebook,3500.0,0,10,,Curitiba
Maria souza,2024-11-12,Masculino,Notebook,800.0,0,50,,Curitiba
João silva,2024-06-01,,Mouse,1200.0,2,120,0:02:32,Belo horizonte
Maria souza,2023-12-01,Masculino,Monitor,120.0,2,,0:01:23,São paulo
João silva,2023-10-12,,Cadeira,120.0,3,1600,02:46:22,Porto alegre
Ana clara,2024-09-11,Masculino,Monitor,120.0,3,1596,02:00:21,Curitiba
Carlos lima,0024-07-02,Masculino,Monitor,800.0,0,2400,,Rio de janeiro
Pedro alves,2023-10-08,Masculino,Notebook,800.0,0,3500,,Porto alegre
Pedro alves,2023-05-14,Masculino,Notebook,800.0,3,240,01:57:51,Curitiba
Pedro alves,2024-12-04,,Mouse,3500.0,0,240,,Curitiba
Pedro alves,0024-09-09,,Monitor,800.0,1,50,,Belo horizonte
João silva,0024-11-27,,Teclado,50.0,1,120,,Curitiba
Maria souza,2023-06-03,Masculino,Mouse,50.0,3,120,02:29:28,Rio de janeiro
Pedro alves,2024-01-15,,Teclado,800.0,0,100,,Porto alegre
Ana clara,2023-11-08,Masculino,Mouse,120.0,3,388,02:13:56,Rio de janeiro
Pedro alves,0024-10-22,,Teclado,800.0,0,104,,Porto alegre
Ana clara,2024-08-27,Masculino,Cadeira,800.0,2,2400,0:01:03,São paulo
João silva,2023-08-09,Masculino,Cadeira,3500.0,1,3600,,Curitiba
Ana clara,2024-06-14,Masculino,Teclado,3500.0,1,50,,Rio de janeiro
Carlos lima,2023-10-28,,Mouse,3500.0,3,3600,02:33:23,Porto alegre
Maria souza,0024-10-17,,Mouse,800.0,3,1200,02:28:33,Porto alegre
Ana clara,2024-08-06,Masculino,Cadeira,1200.0,2,10485,0:00:02,Curitiba
Carlos lima,2023-03-14,Masculino,Notebook,1200.0,3,100,00:37:58,Belo horizonte
Pedro alves,0023-03-25,,Monitor,1200.0,3,78,00:08:27,São paulo
Pedro alves,2024-06-21,Masculino,Mouse,3500.0,3,2400,00:43:17,São paulo
Ana clara,2023-11-17,,Mouse,50.0,0,3600,,São paulo
Ana clara,2023-01-22,,Monitor,120.0,0,150,,Curitiba
Maria souza,2023-04-06,,Notebook,50.0,1,360,,Curitiba
João silva,2024-03-01,Masculino,Teclado,800.0,2,800,0:01:32,Belo horizonte
Maria souza,2024-01-21,Masculino,Monitor,1200.0,3,800,02:32:28,Rio de janeiro
Maria souza,0023-12-11,,Mouse,1200.0,1,120,,São paulo
Pedro alves,0023-06-19,,Notebook,120.0,1,2400,,Curitiba
Ana clara,2023-10-05,,Notebook,1200.0,0,3627,,Belo horizonte
Pedro alves,2023-04-13,Masculino,Teclado,3500.0,1,360,,São paulo
Carlos lima,2023-05-09,,Teclado,1200.0,3,7000,00:27:06,Belo horizonte
Ana clara,2024-09-05,Masculino,Notebook,50.0,3,240,01:46:18,São paulo
Pedro alves,0024-04-10,Masculino,Notebook,1200.0,3,150,00:56:08,Rio de janeiro
João silva,0024-04-20,Masculino,Mouse,50.0,3,1597,00:45:16,Curitiba
Maria souza,0023-01-05,Masculino,Teclado,1200.0,1,240,,São paulo
Carlos lima,2023-12-09,Masculino,Notebook,120.0,0,,,Rio de janeiro
Ana clara,2023-03-27,,Teclado,120.0,2,126,0:00:06,Porto alegre
Ana clara,2023-12-20,Masculino,Monitor,3500.0,0,3517,,Rio de janeiro
Ana clara,2024-05-22,,Mouse,50.0,2,150,0:02:48,Curitiba
Pedro alves,2023-06-20,,Mouse,3500.0,2,278,0:00:38,Rio de janeiro
João silva,2024-08-22,Masculino,Monitor,50.0,2,,0:00:50,São paulo
Pedro alves,2024-02-04,Masculino,Cadeira,120.0,3,,00:00:28,Porto alegre
Carlos lima,2024-06-19,,Mouse,120.0,3,3500,00:29:28,Rio de janeiro
Carlos lima,0023-12-19,Masculino,Teclado,1200.0,2,100,0:02:29,Curitiba
Ana clara,2023-02-06,,Cadeira,120.0,2,100,0:01:30,São paulo
Maria souza,2023-05-11,Masculino,Monitor,3500.0,3,127,01:20:08,Belo horizonte
Carlos lima,2023-08-26,Masculino,Monitor,1200.0,2,1554,0:02:18,Belo horizonte
João silva,2023-04-01,,Monitor,3500.0,1,120,,Rio de janeiro
João silva,0024-01-23,Masculino,Teclado,1200.0,0,120,,Rio de janeiro
Ana clara,0023-05-15,Masculino,Monitor,1200.0,1,800,,Porto alegre
Ana clara,2023-06-21,,Teclado,120.0,1,,,Porto alegre
Ana clara,2023-06-28,,Notebook,50.0,2,,0:03:40,São paulo
Maria souza,2023-01-26,,Notebook,120.0,3,7000,00:52:42,Rio de janeiro
Maria souza,2024-02-16,Masculino,Monitor,120.0,2,150,0:03:56,Porto alegre
Maria souza,2023-06-08,Masculino,Monitor,3500.0,3,,01:03:38,Porto alegre
João silva,0023-05-17,,Mouse,50.0,3,1600,00:50:14,São paulo
João silva,0024-08-25,Masculino,Notebook,3500.0,2,3500,0:02:20,Curitiba
Maria souza,2024-05-21,,Mouse,800.0,1,1605,,Curitiba
Ana clara,2023-08-07,,Teclado,50.0,1,1200,,São paulo
João silva,2023-06-22,,Mouse,120.0,3,,00:57:43,Rio de janeiro
Pedro alves,2023-12-10,Masculino,Cadeira,50.0,0,,,Curitiba
Carlos lima,2024-08-03,Masculino,Monitor,3500.0,0,3500,,São paulo
Pedro alves,2023-10-28,Masculino,Teclado,3500.0,1,3500,,Belo horizonte
Maria souza,2024-11-25,Masculino,Teclado,120.0,2,3600,0:00:58,Curitiba
Maria souza,2023-09-22,,Teclado,800.0,3,360,01:17:58,São paulo
Maria souza,2023-03-26,Masculino,Teclado,50.0,1,120,,Curitiba
Ana clara,2024-11-02,Masculino,Notebook,800.0,3,10500,01:23:28,Curitiba
Pedro alves,2024-06-05,Masculino,Monitor,50.0,2,10519,0:02:07,Rio de janeiro
Maria souza,2024-04-26,Masculino,Monitor,120.0,2,1600,0:03:20,Rio de janeiro
João silva,2024-06-12,Masculino,Monitor,3500.0,3,360,00:41:57,São paulo
João silva,2023-03-17,,Teclado,120.0,2,174,0:01:50,Rio de janeiro
Maria souza,2024-03-09,,Notebook,800.0,0,10500,,Curitiba
João silva,2024-08-23,,Monitor,3500.0,3,240,01:03:57,Rio de janeiro
Carlos lima,0023-07-08,Masculino,Cadeira,1200.0,1,2400,,Rio de janeiro
João silva,2024-09-21,Masculino,Mouse,50.0,3,1200,02:24:17,Belo horizonte
Pedro alves,0024-10-08,,Monitor,1200.0,2,3500,0:03:58,Rio de janeiro
Pedro alves,2023-03-09,,Mouse,3500.0,3,,02:25:37,Rio de janeiro
Maria souza,2024-02-17,,Cadeira,800.0,0,50,,Curitiba
Maria souza,2024-03-10,Masculino,Mouse,120.0,2,800,0:02:53,São paulo
Carlos lima,2024-03-11,,Notebook,800.0,2,10547,0:02:27,Rio de janeiro
Pedro alves,0024-04-20,Masculino,Cadeira,120.0,2,,0:01:30,Rio de janeiro
Carlos lima,2023-10-18,Masculino,Mouse,800.0,3,150,00:38:09,Porto alegre
Carlos lima,2024-07-03,Masculino,Cadeira,50.0,3,173,01:43:47,Belo horizonte
Pedro alves,2024-08-13,Masculino,Mouse,120.0,2,10500,0:00:01,São paulo
Carlos lima,2024-11-21,Masculino,Monitor,3500.0,0,164,,Curitiba
Pedro alves,2024-12-17,,Notebook,1200.0,1,150,,Rio de janeiro
Pedro alves,2024-01-02,Masculino,Cadeira,3500.0,1,339,,Belo horizonte
Carlos lima,2023-08-07,Masculino,Notebook,800.0,2,2384,0:00:11,São paulo
Carlos lima,2023-07-24,Masculino,Monitor,50.0,1,179,,Belo horizonte
Carlos lima,0023-04-01,,Notebook,120.0,1,150,,Belo horizonte
Carlos lima,2024-02-26,,Mouse,800.0,3,800,01:45:24,Porto alegre
Maria souza,2024-12-05,,Mouse,1200.0,0,240,,Rio de janeiro
João silva,2023-04-10,Masculino,Mouse,3500.0,3,150,00:59:14,Curitiba
Maria souza,2024-11-07,Masculino,Teclado,3500.0,3,2400,02:34:40,Curitiba
Pedro alves,2024-03-09,Masculino,Monitor,800.0,3,,01:39:22,São paulo
João silva,2023-04-26,Masculino,Notebook,50.0,3,1600,01:59:47,Curitiba
Carlos lima,2024-04-06,,Monitor,1200.0,1,50,,Porto alegre
Ana clara,0023-12-01,,Teclado,120.0,2,240,0:01:32,São paulo
Ana clara,2023-01-27,,Mouse,120.0,0,7000,,Belo horizonte
João silva,2023-03-17,,Monitor,1200.0,0,2426,,Curitiba
Maria souza,2023-12-20,,Monitor,1200.0,1,3600,,São paulo
Ana clara,2023-04-24,Masculino,Mouse,3500.0,0,2400,,Rio de janeiro
João silva,2024-11-18,,Monitor,800.0,2,2400,0:02:19,Belo horizonte
Carlos lima,2024-03-08,,Mouse,1200.0,1,,,Belo horizonte
João silva,2024-03-22,Masculino,Notebook,50.0,0,3482,,Curitiba
João silva,2023-01-24,,Cadeira,1200.0,2,1600,0:00:20,São paulo
João silva,2024-06-09,,Cadeira,120.0,1,,,Belo horizonte
Carlos lima,2024-03-07,Masculino,Cadeira,3500.0,2,1177,0:01:45,Porto alegre
Carlos lima,0024-09-14,Masculino,Monitor,120.0,2,6963,0:02:41,Rio de janeiro
Carlos lima,2024-12-14,Masculino,Teclado,120.0,0,194,,Belo horizonte
Ana clara,2024-02-06,Masculino,Mouse,50.0,1,2400,,Belo horizonte
Carlos lima,2024-08-12,,Notebook,3500.0,2,2400,0:00:45,Curitiba
Ana clara,2023-05-24,,Notebook,1200.0,1,1200,,Rio de janeiro
Ana clara,2024-11-25,,Cadeira,120.0,2,360,0:03:38,São paulo
Ana clara,0023-11-15,Masculino,Teclado,800.0,2,,0:03:35,Rio de janeiro
Ana clara,2024-10-14,Masculino,Cadeira,800.0,3,,00:02:23,Curitiba
Pedro alves,2023-02-04,,Teclado,800.0,2,10500,0:02:07,Curitiba
Carlos lima,2024-01-10,Masculino,Teclado,120.0,3,2424,00:33:20,São paulo
Maria souza,2023-01-07,,Notebook,800.0,3,1609,01:45:03,Belo horizonte
Maria souza,2023-11-17,,Monitor,1200.0,1,,,Belo horizonte
Pedro alves,2024-12-04,,Teclado,3500.0,1,348,,Rio de janeiro
Ana clara,2024-07-14,Masculino,Cadeira,50.0,3,3600,01:47:34,Rio de janeiro
Ana clara,0024-01-09,,Notebook,800.0,0,50,,Belo horizonte
Maria souza,0024-02-17,Masculino,Teclado,50.0,1,1600,,Porto alegre
Pedro alves,2023-04-26,,Mouse,1200.0,0,120,,Belo horizonte
João silva,2023-06-19,Masculino,Teclado,50.0,1,1600,,Porto alegre
Pedro alves,2023-04-12,,Cadeira,1200.0,0,,,Curitiba
Pedro alves,2024-05-10,Masculino,Monitor,3500.0,1,7000,,Curitiba
Pedro alves,2023-04-08,Masculino,Teclado,1200.0,2,7000,0:00:58,São paulo
Pedro alves,2023-11-09,Masculino,Monitor,50.0,0,150,,Belo horizonte
Ana clara,2023-08-09,Masculino,Teclado,50.0,3,,01:36:37,Curitiba
Ana clara,2023-09-10,,Monitor,120.0,1,240,,Belo horizonte
Pedro alves,0023-01-28,Masculino,Teclado,3500.0,3,100,00:40:44,Belo horizonte
Maria souza,0024-09-05,,Monitor,800.0,2,366,0:02:15,Porto alegre
Carlos lima,2024-02-28,,Teclado,3500.0,3,120,01:28:11,Curitiba
Carlos lima,0024-03-25,Masculino,Mouse,800.0,1,2400,,Curitiba
Maria souza,0023-03-16,Masculino,Mouse,800.0,0,168,,Rio de janeiro
Maria souza,2024-02-10,,Notebook,50.0,3,,00:28:37,Porto alegre
Maria souza,2024-06-24,Masculino,Cadeira,120.0,2,,0:03:48,Porto alegre
João silva,2023-06-21,Masculino,Notebook,50.0,1,50,,Porto alegre
Carlos lima,2024-06-04,,Monitor,120.0,3,1229,01:34:33,Rio de janeiro
Carlos lima,2023-04-05,Masculino,Cadeira,50.0,2,70,0:01:56,Curitiba
Carlos lima,2023-11-16,,Notebook,3500.0,1,,,Porto alegre
João silva,2023-08-07,Masculino,Mouse,120.0,0,,,São paulo
Carlos lima,2024-01-11,,Monitor,3500.0,1,360,,Rio de janeiro
Carlos lima,2023-01-14,,Teclado,3500.0,3,3500,01:51:12,Porto alegre
Carlos lima,0024-12-11,,Monitor,120.0,1,240,,Rio de janeiro
João silva,2024-05-16,Masculino,Monitor,800.0,2,,0:03:13,Curitiba
Pedro alves,2023-01-22,,Mouse,800.0,1,7000,,Porto alegre
Carlos lima,0023-08-03,,Cadeira,3500.0,2,50,0:01:31,Rio de janeiro
Carlos lima,2024-09-18,,Notebook,50.0,3,,02:57:05,Belo horizonte
João silva,0023-09-04,,Cadeira,800.0,3,,02:03:20,Rio de janeiro
Ana clara,0023-06-15,Masculino,Teclado,1200.0,3,50,00:42:40,Belo horizonte
João silva,2024-05-27,Masculino,Mouse,1200.0,1,,,Rio de janeiro
Ana clara,0024-04-27,,Teclado,120.0,2,2400,0:03:22,Porto alegre
Ana clara,2023-03-18,,Monitor,120.0,0,100,,São paulo
Ana clara,2023-05-14,Masculino,Notebook,50.0,1,,,São paulo
Carlos lima,2023-12-25,Masculino,Notebook,3500.0,0,62,,Belo horizonte
Pedro alves,0024-04-15,,Cadeira,50.0,3,,00:21:17,Porto alegre
João silva,2023-04-07,,Teclado,3500.0,2,3600,0:03:04,Curitiba
João silva,2023-08-16,,Notebook,50.0,1,229,,Curitiba
João silva,0023-10-27,,Mouse,120.0,0,180,,Rio de janeiro
Carlos lima,2024-01-23,Masculino,Monitor,50.0,1,,,Curitiba
João silva,0023-03-03,,Mouse,120.0,2,240,0:01:59,São paulo
João silva,2024-12-05,Masculino,Teclado,120.0,1,3500,,Curitiba
João silva,0024-01-17,Masculino,Cadeira,1200.0,3,360,01:14:51,Curitiba
João silva,2023-12-27,,Monitor,1200.0,0,360,,Rio de janeiro
João silva,2024-04-09,Masculino,Notebook,800.0,3,,01:20:11,Porto alegre
Pedro alves,2024-08-18,,Monitor,800.0,1,100,,São paulo
Pedro alves,0023-03-25,,Mouse,3500.0,2,1200,0:00:46,Belo horizonte
Maria souza,2023-10-03,,Cadeira,50.0,3,7000,00:09:21,Belo horizonte
Ana clara,2023-12-20,,Mouse,800.0,1,7000,,Rio de janeiro
João silva,2023-05-05,Masculino,Mouse,800.0,0,7036,,Curitiba
Maria souza,2024-07-06,Masculino,Notebook,3500.0,2,10451,0:03:28,Porto alegre
Maria souza,2024-03-12,,Monitor,800.0,3,360,01:17:30,Rio de janeiro
Ana clara,2023-02-22,,Notebook,120.0,2,3469,0:01:07,Porto alegre
João silva,2023-08-23,Masculino,Notebook,800.0,1,1158,,Belo horizonte
João silva,2024-04-27,,Notebook,50.0,3,7000,01:46:52,Belo horizonte
Carlos lima,2024-11-03,Masculino,Monitor,800.0,2,150,0:03:11,Belo horizonte
Carlos lima,2024-09-08,Masculino,Notebook,800.0,0,,,Curitiba
Carlos lima,2023-06-13,,Monitor,1200.0,3,,02:49:14,Belo horizonte
Carlos lima,0024-12-11,Masculino,Mouse,800.0,2,1600,0:01:36,Rio de janeiro
Pedro alves,2024-01-26,,Mouse,120.0,0,,,Rio de janeiro
Maria souza,2023-03-25,Masculino,Teclado,50.0,1,2400,,Rio de janeiro
Ana clara,2024-06-26,,Mouse,120.0,1,10518,,São paulo
Carlos lima,2024-04-14,Masculino,Notebook,800.0,2,800,0:01:09,Curitiba
Carlos lima,0023-04-21,Masculino,Teclado,800.0,0,2446,,Curitiba
João silva,2023-08-18,,Teclado,3500.0,0,3500,,São paulo
Maria souza,2024-08-22,Masculino,Mouse,800.0,0,800,,São paulo
Maria souza,2023-07-13,Masculino,Mouse,50.0,2,147,0:01:11,Curitiba
Pedro alves,0023-06-04,Masculino,Notebook,50.0,3,240,01:21:42,Rio de janeiro
Ana clara,0023-02-18,Masculino,Monitor,1200.0,3,405,02:07:24,Porto alegre
Ana clara,2023-08-01,,Teclado,1200.0,3,,02:49:54,São paulo
Ana clara,2024-03-18,Masculino,Notebook,3500.0,3,150,01:39:08,São paulo
João silva,2023-08-24,,Monitor,3500.0,0,,,Porto alegre
João silva,2024-06-16,,Mouse,50.0,0,7000,,Rio de janeiro
Ana clara,0024-12-11,,Monitor,50.0,2,3500,0:03:21,Belo horizonte
Pedro alves,0024-08-12,Masculino,Cadeira,50.0,0,3600,,São paulo
Pedro alves,2023-05-23,Masculino,Teclado,1200.0,3,10500,00:04:37,Porto alegre
Ana clara,2024-06-12,,Monitor,3500.0,1,120,,São paulo
Carlos lima,0023-07-27,,Cadeira,1200.0,3,50,01:22:42,Porto alegre
Carlos lima,0023-09-12,,Notebook,800.0,1,240,,Curitiba
Carlos lima,2023-09-22,Masculino,Monitor,120.0,0,1600,,Belo horizonte
João silva,2024-08-15,Masculino,Monitor,120.0,1,,,Porto alegre
Pedro alves,2024-08-11,Masculino,Notebook,120.0,0,150,,Porto alegre
Carlos lima,0024-09-14,,Mouse,1200.0,1,380,,São paulo
Maria souza,2023-02-20,Masculino,Notebook,50.0,2,,0:00:37,São paulo
Maria souza,2023-01-15,Masculino,Monitor,3500.0,0,,,São paulo
Carlos lima,2023-01-11,,Cadeira,3500.0,3,360,02:23:34,Curitiba
Carlos lima,2023-08-25,,Teclado,1200.0,1,2400,,Rio de janeiro
Pedro alves,2023-09-05,,Cadeira,1200.0,1,,,Belo horizonte
João silva,2023-11-09,Masculino,Monitor,50.0,1,240,,Belo horizonte
João silva,0024-06-05,,Cadeira,120.0,1,,,Porto alegre
Ana clara,2024-12-01,Masculino,Monitor,120.0,3,3621,01:11:17,Curitiba
Ana clara,2023-11-08,Masculino,Mouse,50.0,2,2400,0:02:21,Curitiba
Ana clara,2023-02-16,,Teclado,1200.0,0,2425,,São paulo
Ana clara,2023-07-12,Masculino,Cadeira,1200.0,2,2400,0:01:25,Curitiba
João silva,2023-08-15,,Monitor,1200.0,3,1200,00:57:40,São paulo
Carlos lima,2024-05-14,,Notebook,50.0,2,,0:03:42,Curitiba
Carlos lima,0023-11-11,,Monitor,50.0,1,,,Rio de janeiro
João silva,2023-10-28,,Notebook,50.0,3,100,00:41:09,Rio de janeiro
Maria souza,0023-12-16,,Monitor,50.0,0,2364,,Rio de janeiro
Pedro alves,2024-06-24,,Cadeira,1200.0,1,120,,Belo horizonte
Carlos lima,2023-06-12,Masculino,Cadeira,3500.0,2,100,0:03:02,Rio de janeiro
Maria souza,2024-01-11,Masculino,Cadeira,3500.0,3,240,01:54:19,Rio de janeiro
Pedro alves,2023-07-13,,Monitor,50.0,2,,0:00:46,Porto alegre
Pedro alves,0024-01-05,Masculino,Monitor,50.0,0,120,,Rio de janeiro
João silva,2023-03-16,,Cadeira,800.0,2,50,0:03:04,Rio de janeiro
Maria souza,2023-01-26,Masculino,Monitor,800.0,1,2400,,Curitiba
Maria souza,2023-12-11,Masculino,Mouse,3500.0,0,3500,,Porto alegre
Maria souza,2024-09-10,Masculino,Notebook,1200.0,2,60,0:01:55,São paulo
Maria souza,2024-02-03,,Notebook,800.0,0,2400,,Curitiba
João silva,2024-12-19,Masculino,Cadeira,800.0,2,10458,0:02:28,Curitiba
Pedro alves,2023-08-17,Masculino,Monitor,120.0,2,,0:03:44,Porto alegre
Carlos lima,2023-12-04,,Teclado,3500.0,1,3600,,Porto alegre
Pedro alves,2024-06-25,Masculino,Notebook,50.0,3,120,00:35:18,Rio de janeiro
Pedro alves,0024-01-23,Masculino,Cadeira,50.0,3,29,01:00:27,Belo horizonte
Pedro alves,2024-06-24,,Cadeira,120.0,3,,01:30:16,Porto alegre
Pedro alves,0024-04-09,,Mouse,120.0,1,50,,São paulo
Carlos lima,0024-07-17,,Teclado,3500.0,0,120,,Curitiba
João silva,2024-10-21,,Cadeira,50.0,0,800,,Belo horizonte
João silva,2024-10-25,Masculino,Teclado,1200.0,2,,0:02:01,Belo horizonte
Pedro alves,2023-06-22,Masculino,Mouse,120.0,0,10500,,Porto alegre
Pedro alves,0024-07-24,,Cadeira,50.0,0,1600,,Belo horizonte
Ana clara,2024-09-05,,Teclado,3500.0,2,2400,0:02:25,Rio de janeiro
Maria souza,2023-05-02,,Teclado,800.0,1,1200,,Rio de janeiro
Pedro alves,2023-12-20,,Monitor,120.0,3,150,00:38:06,Belo horizonte
Carlos lima,2024-02-06,,Cadeira,50.0,0,100,,Porto alegre
Carlos lima,2024-02-18,,Notebook,800.0,3,240,00:46:38,Porto alegre
Carlos lima,0023-03-18,,Teclado,50.0,0,3500,,Rio de janeiro
Carlos lima,0023-10-21,,Monitor,120.0,2,7000,0:03:20,São paulo
Carlos lima,2024-05-20,Masculino,Teclado,120.0,1,1200,,Porto alegre
Ana clara,2023-12-10,,Cadeira,50.0,1,,,Curitiba
Pedro alves,2024-02-15,,Mouse,800.0,0,1600,,Belo horizonte
Pedro alves,0023-03-13,Masculino,Monitor,800.0,1,3515,,Rio de janeiro
Pedro alves,2023-06-11,Masculino,Cadeira,50.0,0,100,,São paulo
João silva,2023-07-18,,Monitor,120.0,0,150,,Rio de janeiro
Pedro alves,2024-10-05,,Cadeira,1200.0,0,233,,Curitiba
Carlos lima,2023-08-04,,Monitor,3500.0,0,10524,,São paulo
Pedro alves,0023-04-24,Masculino,Monitor,1200.0,3,,00:38:33,São paulo
Maria souza,2024-01-05,Masculino,Notebook,50.0,0,3600,,Rio de janeiro
Maria souza,0024-02-23,,Mouse,120.0,1,,,Curitiba
João silva,2024-03-15,,Notebook,120.0,1,240,,Curitiba
Carlos lima,2024-03-12,,Teclado,3500.0,1,10475,,São paulo
Carlos lima,2024-11-26,Masculino,Cadeira,800.0,1,2400,,São paulo
Maria souza,2024-10-19,Masculino,Cadeira,800.0,0,,,Rio de janeiro
Maria souza,2023-02-05,Masculino,Mouse,50.0,0,106,,Belo horizonte
João silva,2023-12-16,Masculino,Mouse,800.0,3,1220,00:24:38,Rio de janeiro
João silva,0024-02-11,,Cadeira,50.0,0,7000,,Curitiba
Pedro alves,2023-04-14,,Cadeira,800.0,2,,0:01:27,Rio de janeiro
Carlos lima,0024-06-20,Masculino,Notebook,1200.0,0,2400,,Curitiba
Carlos lima,2024-02-02,Masculino,Notebook,1200.0,0,2400,,Porto alegre
Ana clara,0024-12-06,Masculino,Monitor,120.0,1,800,,Rio de janeiro
Ana clara,2023-10-21,Masculino,Monitor,1200.0,3,10500,00:19:56,Porto alegre
Ana clara,2023-07-28,,Cadeira,800.0,2,800,0:03:18,Curitiba
Maria souza,2024-12-07,,Mouse,50.0,2,10500,0:00:06,Rio de janeiro
Maria souza,2024-01-14,,Cadeira,1200.0,0,120,,São paulo
Maria souza,2024-05-03,Masculino,Notebook,50.0,2,,0:01:06,Curitiba
Ana clara,2023-02-04,Masculino,Notebook,1200.0,0,164,,Rio de janeiro
Ana clara,0024-12-18,Masculino,Teclado,3500.0,1,,,Curitiba
Maria souza,2023-08-01,Masculino,Mouse,120.0,0,100,,Belo horizonte
Maria souza,0024-08-10,Masculino,Cadeira,120.0,2,384,0:02:27,Belo horizonte
Pedro alves,2023-10-19,Masculino,Monitor,800.0,3,100,00:52:54,Porto alegre
Ana clara,2024-05-18,,Notebook,800.0,3,10497,01:27:51,Porto alegre
Ana clara,2024-05-03,,Mouse,800.0,1,1200,,São paulo
João silva,2024-02-06,Masculino,Mouse,800.0,3,10500,02:03:36,Rio de janeiro
Maria souza,2024-07-07,,Notebook,50.0,0,6989,,Curitiba
Maria souza,2023-01-01,Masculino,Notebook,800.0,0,120,,São paulo
Maria souza,2024-08-03,Masculino,Teclado,1200.0,2,,0:01:31,Porto alegre
João silva,2023-01-02,Masculino,Mouse,120.0,0,7000,,Curitiba
Carlos lima,2024-06-15,,Notebook,50.0,0,,,Rio de janeiro
Maria souza,2024-07-04,,Mouse,50.0,3,120,01:32:34,Porto alegre
Ana clara,2024-12-22,,Teclado,1200.0,1,,,Belo horizonte
Ana clara,2024-11-12,,Monitor,120.0,0,150,,Porto alegre
Pedro alves,0023-11-02,Masculino,Mouse,50.0,2,3500,0:02:59,Porto alegre
Pedro alves,0024-05-12,Masculino,Cadeira,800.0,0,1224,,Curitiba
Pedro alves,0024-11-22,Masculino,Mouse,3500.0,0,3600,,Curitiba
Pedro alves,2024-10-03,,Teclado,50.0,2,1200,0:03:08,Belo horizonte
Pedro alves,2023-06-04,,Teclado,120.0,0,120,,Belo horizonte
Carlos lima,2024-01-02,,Monitor,50.0,1,800,,Rio de janeiro
Ana clara,2024-06-09,Masculino,Monitor,50.0,0,120,,Rio de janeiro
Ana clara,2023-06-12,Masculino,Notebook,120.0,3,837,01:55:10,Belo horizonte
Carlos lima,2024-01-18,,Notebook,120.0,3,240,00:12:49,Rio de janeiro
Ana clara,2023-09-27,Masculino,Mouse,3500.0,3,,02:50:41,Belo horizonte
Pedro alves,2023-03-22,Masculino,Monitor,120.0,2,3500,0:01:13,Porto alegre
Ana clara,2024-08-19,,Mouse,120.0,1,96,,Porto alegre
Ana clara,0023-07-11,,Teclado,50.0,3,3500,00:58:53,Porto alegre
Ana clara,2023-10-19,,Monitor,3500.0,3,240,02:01:30,Belo horizonte
Ana clara,0023-01-12,Masculino,Cadeira,1200.0,1,3600,,Porto alegre
Maria souza,2023-11-14,Masculino,Teclado,120.0,3,,02:27:06,Belo horizonte
Carlos lima,0023-07-25,,Cadeira,3500.0,0,7028,,São paulo
Maria souza,2024-03-08,,Notebook,800.0,2,393,0:03:40,Belo horizonte
Carlos lima,2023-02-12,,Teclado,1200.0,3,10500,02:32:55,São paulo
João silva,2023-12-25,Masculino,Notebook,50.0,0,360,,São paulo
João silva,2023-10-10,Masculino,Monitor,50.0,2,2400,0:03:15,Belo horizonte
João silva,2024-08-13,,Mouse,120.0,1,,,Rio de janeiro
João silva,2023-11-27,Masculino,Notebook,50.0,2,,0:01:29,Belo horizonte
João silva,0023-03-03,Masculino,Monitor,800.0,0,100,,Curitiba
Carlos lima,2023-01-28,Masculino,Notebook,120.0,1,150,,Rio de janeiro
Ana clara,2023-07-26,,Teclado,50.0,3,10500,02:53:40,Porto alegre
Maria souza,2024-01-15,Masculino,Notebook,50.0,0,800,,Porto alegre
Ana clara,2024-11-11,Masculino,Monitor,120.0,1,,,Rio de janeiro
Maria souza,2024-10-15,,Cadeira,800.0,3,2448,01:18:26,São paulo
Ana clara,2023-06-02,Masculino,Cadeira,3500.0,0,,,São paulo
Ana clara,0023-05-03,,Mouse,120.0,3,1600,01:19:09,Rio de janeiro
Pedro alves,2023-04-24,,Teclado,1200.0,1,50,,Porto alegre
Pedro alves,2024-03-18,,Teclado,120.0,1,,,Rio de janeiro
João silva,2024-12-05,,Notebook,1200.0,1,,,Porto alegre
Pedro alves,2024-01-02,Masculino,Cadeira,120.0,0,7000,,Curitiba
João silva,2023-05-26,Masculino,Teclado,1200.0,0,240,,Belo horizonte
Pedro alves,0024-09-01,Masculino,Mouse,120.0,2,,0:03:13,Rio de janeiro
Pedro alves,0024-07-19,,Monitor,3500.0,0,3505,,Porto alegre
Carlos lima,2023-09-16,Masculino,Monitor,50.0,2,,0:00:07,Porto alegre
Carlos lima,2024-07-20,,Mouse,50.0,1,360,,Curitiba
Carlos lima,0023-07-26,,Monitor,50.0,0,,,Porto alegre
Ana clara,2023-11-25,,Notebook,800.0,2,2400,0:02:33,Porto alegre
João silva,0023-11-15,,Monitor,3500.0,0,3600,,Porto alegre
João silva,2024-04-06,Masculino,Notebook,1200.0,0,,,Rio de janeiro
Ana clara,0023-08-05,Masculino,Monitor,800.0,0,2400,,Porto alegre
João silva,0023-12-25,,Notebook,800.0,2,3600,0:01:17,Curitiba
Ana clara,2024-12-04,,Monitor,120.0,1,221,,Porto alegre
Pedro alves,2024-07-12,Masculino,Cadeira,800.0,0,1200,,Belo horizonte
Maria souza,2024-10-02,,Mouse,120.0,3,7000,00:24:59,Belo horizonte
Carlos lima,2024-09-22,Masculino,Mouse,120.0,3,,01:13:44,São paulo
Pedro alves,2024-04-05,Masculino,Mouse,50.0,0,10462,,Curitiba
Pedro alves,2024-05-25,Masculino,Monitor,800.0,3,2394,02:57:31,Curitiba
Ana clara,2024-09-07,Masculino,Teclado,120.0,1,120,,Porto alegre
Maria souza,0024-05-16,Masculino,Mouse,3500.0,0,1600,,Porto alegre
Maria souza,0024-02-16,,Monitor,1200.0,0,50,,Porto alegre
Carlos lima,2023-10-28,,Cadeira,800.0,3,800,00:12:55,Porto alegre
Maria souza,2023-09-04,Masculino,Mouse,3500.0,3,,00:52:05,São paulo
Carlos lima,2024-11-19,Masculino,Monitor,120.0,2,2400,0:03:20,Belo horizonte
Pedro alves,0024-08-18,,Cadeira,50.0,3,7000,01:23:40,São paulo
Ana clara,2023-10-24,,Teclado,50.0,3,800,01:22:24,Porto alegre
Pedro alves,2023-06-24,,Notebook,120.0,1,240,,Porto alegre
Pedro alves,0024-09-27,,Monitor,3500.0,2,96,0:01:11,Belo horizonte
Ana clara,2023-11-07,Masculino,Monitor,120.0,3,72,02:27:12,Curitiba
Ana clara,2023-03-26,Masculino,Mouse,800.0,3,273,00:12:50,Rio de janeiro
João silva,0024-04-23,Masculino,Notebook,3500.0,2,,0:02:58,Belo horizonte
Ana clara,2023-08-26,Masculino,Mouse,120.0,0,,,Belo horizonte
João silva,2024-09-14,,Mouse,50.0,0,100,,Rio de janeiro
Maria souza,2024-03-23,Masculino,Notebook,800.0,2,,0:02:04,Porto alegre
João silva,2023-01-14,Masculino,Teclado,3500.0,3,150,01:12:45,Curitiba
Carlos lima,2024-07-17,Masculino,Cadeira,120.0,1,2408,,Belo horizonte
João silva,0023-11-10,Masculino,Notebook,50.0,1,,,Belo horizonte
Pedro alves,2023-10-25,Masculino,Notebook,120.0,1,150,,Porto alegre
Pedro alves,0023-08-02,,Monitor,120.0,1,,,Curitiba
Ana clara,2023-11-24,Masculino,Teclado,1200.0,3,50,01:08:07,São paulo
Pedro alves,2024-04-06,Masculino,Teclado,120.0,2,3500,0:03:11,Porto alegre
Pedro alves,2023-12-10,,Teclado,50.0,2,10500,0:02:54,São paulo
Carlos lima,2024-09-01,Masculino,Mouse,50.0,3,,02:06:04,Porto alegre
João silva,2023-01-24,Masculino,Monitor,3500.0,0,3600,,Curitiba
João silva,2023-06-26,,Mouse,3500.0,3,3600,02:02:06,Porto alegre
João silva,2023-12-27,,Mouse,3500.0,0,3500,,São paulo
Carlos lima,0024-01-09,Masculino,Monitor,50.0,0,,,Porto alegre
João silva,2024-07-25,,Monitor,120.0,1,5,,São paulo
Ana clara,2024-03-22,,Teclado,800.0,0,100,,Porto alegre
Ana clara,2023-12-10,,Notebook,120.0,1,2400,,São paulo
Ana clara,0023-07-12,,Mouse,1200.0,0,360,,São paulo
Ana clara,0024-10-14,Masculino,Monitor,50.0,0,3600,,São paulo
Maria souza,0023-01-04,Masculino,Cadeira,50.0,0,,,Porto alegre
Maria souza,2023-10-22,,Notebook,800.0,2,3600,0:02:26,Porto alegre
Carlos lima,0023-08-27,Masculino,Teclado,3500.0,2,1600,0:02:02,Rio de janeiro
Maria souza,0023-09-22,Masculino,Mouse,800.0,0,1600,,Porto alegre
Maria souza,2024-10-11,Masculino,Teclado,50.0,2,10461,0:00:08,Rio de janeiro
João silva,2023-01-11,,Monitor,50.0,3,2400,02:15:00,Porto alegre
João silva,2024-03-11,Masculino,Cadeira,1200.0,2,100,0:02:21,Rio de janeiro
João silva,2024-07-14,,Monitor,50.0,2,10500,0:02:47,Belo horizonte
Ana clara,2024-08-19,,Mouse,3500.0,2,2400,0:01:13,Porto alegre
Ana clara,2024-10-04,,Teclado,1200.0,0,2400,,Rio de janeiro
João silva,2023-05-11,,Mouse,3500.0,3,2391,02:01:02,Porto alegre
Ana clara,2024-11-19,Masculino,Monitor,1200.0,1,100,,Belo horizonte
Ana clara,2024-05-07,,Teclado,3500.0,2,,0:03:55,Rio de janeiro
Maria souza,2023-09-13,,Teclado,1200.0,3,,01:15:39,Curitiba
Carlos lima,0023-01-14,Masculino,Notebook,3500.0,2,3600,0:03:37,Rio de janeiro
Maria souza,2024-02-02,,Mouse,3500.0,1,10530,,Curitiba
Maria souza,0023-06-14,Masculino,Cadeira,1200.0,3,,00:57:50,Curitiba
Maria souza,0023-06-03,Masculino,Teclado,3500.0,2,360,0:02:43,Porto alegre
Carlos lima,0023-04-03,,Cadeira,800.0,1,240,,Belo horizonte
Ana clara,2023-05-14,Masculino,Cadeira,1200.0,0,3600,,Rio de janeiro
João silva,0024-10-15,Masculino,Mouse,120.0,1,2400,,Porto alegre
Carlos lima,2023-06-21,Masculino,Mouse,800.0,1,1600,,Curitiba
João silva,0023-04-14,Masculino,Cadeira,120.0,0,10515,,Rio de janeiro
Ana clara,2024-02-10,Masculino,Notebook,120.0,3,50,00:54:15,Belo horizonte
Ana clara,2024-12-17,,Monitor,3500.0,0,120,,Rio de janeiro
Pedro alves,0023-05-18,,Monitor,120.0,0,2400,,Porto alegre
João silva,0024-01-19,Masculino,Teclado,120.0,2,,0:00:12,Curitiba
Carlos lima,2024-11-05,,Monitor,1200.0,2,2400,0:03:42,São paulo
Pedro alves,2024-09-10,,Cadeira,3500.0,0,,,Belo horizonte
Pedro alves,0023-05-18,Masculino,Monitor,50.0,3,1176,01:56:52,São paulo
Pedro alves,2023-02-11,Masculino,Monitor,3500.0,0,2400,,Curitiba
Ana clara,2024-03-15,Masculino,Teclado,120.0,1,800,,São paulo
Ana clara,2023-11-27,Masculino,Mouse,1200.0,1,,,Rio de janeiro
Carlos lima,2024-11-04,,Teclado,3500.0,3,,01:36:39,Curitiba
Pedro alves,2023-12-27,Masculino,Monitor,800.0,2,3500,0:02:49,Rio de janeiro
Ana clara,2024-04-11,,Teclado,50.0,0,800,,Belo horizonte
Carlos lima,0024-07-23,Masculino,Notebook,800.0,1,3555,,Porto alegre
Maria souza,2024-10-28,,Notebook,120.0,2,10532,0:02:44,Curitiba
Maria souza,0023-09-05,Masculino,Notebook,120.0,2,3600,0:00:58,São paulo
Pedro alves,0023-10-16,,Cadeira,3500.0,3,,02:15:30,Curitiba
Pedro alves,2024-04-28,,Teclado,3500.0,0,338,,Curitiba
João silva,0024-02-11,,Cadeira,120.0,3,69,01:43:37,Rio de janeiro
Carlos lima,2023-06-19,Masculino,Monitor,1200.0,2,,0:00:04,Curitiba
Carlos lima,2024-11-28,,Mouse,50.0,0,360,,Curitiba
Maria souza,2024-10-01,,Monitor,1200.0,2,10500,0:02:27,Curitiba
João silva,2024-08-20,Masculino,Monitor,1200.0,3,50,02:42:39,Curitiba
João silva,2023-12-20,,Monitor,800.0,2,800,0:01:49,Porto alegre
João silva,2024-08-25,Masculino,Teclado,1200.0,1,1200,,Belo horizonte
Ana clara,0024-01-20,Masculino,Teclado,120.0,1,10500,,São paulo
Maria souza,0024-04-09,,Notebook,50.0,0,,,Belo horizonte
Maria souza,2024-08-23,,Cadeira,3500.0,0,100,,Curitiba
Ana clara,2024-12-15,Masculino,Mouse,1200.0,0,50,,Belo horizonte
Ana clara,2024-09-02,,Notebook,800.0,0,3605,,Curitiba
Carlos lima,0023-05-02,Masculino,Monitor,3500.0,3,2400,00:27:47,Belo horizonte
Maria souza,2023-01-21,,Teclado,800.0,2,,0:03:02,Curitiba
Ana clara,2024-02-21,,Notebook,50.0,0,2400,,Porto alegre
João silva,0024-08-18,,Notebook,800.0,1,,,Porto alegre
Pedro alves,2024-05-25,,Cadeira,800.0,3,,00:13:47,Rio de janeiro
Carlos lima,2024-05-24,,Mouse,1200.0,3,150,02:31:04,Porto alegre
Carlos lima,0023-03-13,Masculino,Mouse,800.0,0,240,,Curitiba
Ana clara,2023-06-11,Masculino,Teclado,50.0,3,10482,02:28:57,São paulo
Pedro alves,2024-04-20,,Notebook,120.0,1,3500,,Belo horizonte
Carlos lima,2024-05-01,Masculino,Cadeira,50.0,2,3600,0:02:19,Porto alegre
Carlos lima,2024-11-07,Masculino,Monitor,800.0,1,120,,Porto alegre
Carlos lima,2023-07-07,Masculino,Teclado,50.0,2,1647,0:03:44,Belo horizonte
Maria souza,0023-03-09,Masculino,Cadeira,3500.0,3,1600,02:38:05,Porto alegre
Ana clara,2023-09-26,,Notebook,120.0,0,3600,,São paulo
Carlos lima,2023-02-07,Masculino,Cadeira,1200.0,1,2400,,Belo horizonte
Ana clara,0024-10-15,,Cadeira,1200.0,1,360,,Belo horizonte
Ana clara,2024-02-17,Masculino,Notebook,1200.0,3,800,00:14:20,Curitiba
Ana clara,2024-05-05,,Monitor,50.0,1,,,Porto alegre
João silva,2023-07-22,,Notebook,1200.0,3,3500,02:36:24,Belo horizonte
Pedro alves,2024-06-12,,Cadeira,50.0,0,50,,Rio de janeiro
Carlos lima,2023-06-07,Masculino,Mouse,3500.0,2,10500,0:02:45,Belo horizonte
Ana clara,2024-10-24,,Cadeira,120.0,3,,02:54:27,São paulo
Maria souza,2023-12-02,,Cadeira,120.0,0,10500,,Belo horizonte
Pedro alves,2023-04-25,Masculino,Teclado,120.0,2,360,0:00:18,São paulo
Pedro alves,2023-07-12,,Cadeira,1200.0,1,240,,Curitiba
Ana clara,2023-08-13,Masculino,Cadeira,800.0,2,150,0:01:24,Belo horizonte
Ana clara,2023-03-23,,Notebook,800.0,2,,0:00:48,Porto alegre
Carlos lima,2024-01-25,,Notebook,1200.0,0,7000,,São paulo
Carlos lima,2024-11-25,Masculino,Notebook,3500.0,1,7000,,São paulo
Carlos lima,2024-08-09,,Monitor,50.0,1,10500,,Rio de janeiro
Ana clara,0023-07-11,,Monitor,120.0,1,150,,Porto alegre
Carlos lima,0023-07-28,Masculino,Notebook,120.0,0,,,Porto alegre
Carlos lima,2024-06-26,Masculino,Monitor,3500.0,1,105,,Belo horizonte
João silva,2024-04-22,Masculino,Notebook,800.0,1,,,Belo horizonte
Pedro alves,2023-10-13,Masculino,Monitor,1200.0,3,240,00:08:37,Porto alegre
Carlos lima,0024-02-13,Masculino,Teclado,800.0,2,240,0:00:38,Belo horizonte
Pedro alves,0023-03-26,,Monitor,800.0,2,50,0:00:43,Belo horizonte
Pedro alves,0023-06-09,,Monitor,1200.0,1,240,,São paulo
Ana clara,2024-10-01,,Mouse,800.0,0,3500,,Curitiba
Ana clara,2023-10-21,,Monitor,3500.0,3,1200,00:11:22,São paulo
Ana clara,0024-07-06,,Mouse,1200.0,3,3500,01:17:49,São paulo
Pedro alves,2024-11-08,Masculino,Mouse,3500.0,1,150,,Porto alegre
Pedro alves,2023-10-15,,Cadeira,3500.0,3,7048,02:04:59,São paulo
Pedro alves,2024-01-21,Masculino,Mouse,800.0,0,10500,,Porto alegre
João silva,0024-08-11,,Cadeira,120.0,2,2400,0:02:16,Porto alegre
Ana clara,2023-03-08,Masculino,Mouse,1200.0,3,234,02:59:29,Curitiba
Ana clara,2024-09-27,,Notebook,3500.0,3,2400,02:23:43,Curitiba
João silva,2024-08-01,,Notebook,1200.0,0,100,,Belo horizonte
João silva,2023-03-08,,Cadeira,3500.0,1,1600,,Porto alegre
Pedro alves,2023-09-27,Masculino,Notebook,1200.0,0,,,Curitiba
Maria souza,2024-01-05,,Notebook,120.0,1,,,São paulo
Ana clara,2023-02-01,,Cadeira,50.0,2,50,0:03:50,Curitiba
Pedro alves,2024-11-03,,Notebook,50.0,1,,,São paulo
Carlos lima,2024-11-08,Masculino,Mouse,50.0,0,1200,,São paulo
Ana clara,0024-08-03,,Cadeira,800.0,1,7000,,Rio de janeiro
João silva,2023-05-26,Masculino,Mouse,800.0,3,240,00:22:57,Curitiba
Carlos lima,2023-02-26,,Mouse,50.0,0,800,,Porto alegre
Maria souza,2024-02-24,,Teclado,1200.0,3,100,02:39:49,São paulo
Pedro alves,0023-01-13,Masculino,Cadeira,1200.0,1,360,,Curitiba
João silva,2024-08-21,,Cadeira,120.0,2,,0:03:40,Rio de janeiro
João silva,2023-05-19,Masculino,Notebook,50.0,3,1200,00:24:36,Porto alegre
Ana clara,2024-02-13,,Teclado,1200.0,0,240,,São paulo
Maria souza,2023-07-26,Masculino,Teclado,800.0,0,360,,Rio de janeiro
Maria souza,2023-06-03,,Cadeira,3500.0,3,,00:07:29,Porto alegre
Carlos lima,2023-04-02,,Monitor,800.0,2,260,0:02:56,Belo horizonte
Maria souza,0023-10-27,,Mouse,3500.0,1,,,Belo horizonte
Carlos lima,2024-08-02,Masculino,Mouse,120.0,2,10500,0:01:07,Belo horizonte
Pedro alves,2024-08-19,Masculino,Teclado,120.0,0,7000,,Belo horizonte
Pedro alves,2024-06-02,,Monitor,800.0,1,1600,,São paulo
João silva,2024-07-20,,Monitor,50.0,0,2400,,São paulo
Pedro alves,2023-10-05,,Cadeira,3500.0,2,1200,0:03:01,Belo horizonte
Maria souza,2023-02-25,Masculino,Mouse,120.0,1,,,São paulo
Maria souza,2023-09-09,,Teclado,1200.0,1,2400,,Curitiba
Maria souza,0023-02-13,,Cadeira,1200.0,0,1600,,São paulo
Carlos lima,2024-04-12,,Teclado,800.0,0,50,,Belo horizonte
Carlos lima,2024-04-22,,Notebook,3500.0,2,100,0:01:28,Curitiba
Carlos lima,2024-06-17,Masculino,Monitor,3500.0,1,,,Rio de janeiro
Ana clara,2024-06-15,Masculino,Mouse,50.0,2,,0:02:40,Rio de janeiro
Maria souza,2023-04-23,,Notebook,1200.0,3,100,01:14:18,Porto alegre
Carlos lima,2024-06-06,Masculino,Cadeira,1200.0,0,,,Rio de janeiro
Maria souza,2024-03-28,,Teclado,800.0,0,,,Rio de janeiro
Ana clara,2023-07-08,,Mouse,1200.0,0,3600,,Belo horizonte
Maria souza,2024-12-26,Masculino,Monitor,3500.0,3,7000,02:28:57,Curitiba
Ana clara,2024-02-08,Masculino,Cadeira,1200.0,0,3500,,São paulo
Maria souza,2023-02-24,,Cadeira,1200.0,3,800,00:58:49,Porto alegre
Ana clara,2024-02-27,Masculino,Mouse,3500.0,3,1200,00:14:47,Rio de janeiro
João silva,2024-08-04,,Teclado,50.0,3,7000,02:50:43,Porto alegre
João silva,0023-08-25,,Notebook,1200.0,2,,0:01:10,Rio de janeiro
João silva,2023-04-04,,Notebook,1200.0,2,1200,0:03:01,Rio de janeiro
Carlos lima,2023-12-07,,Teclado,120.0,2,,0:01:36,Belo horizonte
João silva,2023-06-08,,Mouse,800.0,2,150,0:00:21,São paulo
João silva,2023-04-23,,Monitor,1200.0,3,150,02:44:06,Rio de janeiro
João silva,2024-05-21,Masculino,Notebook,3500.0,2,10500,0:00:19,Rio de janeiro
João silva,2023-01-24,Masculino,Teclado,50.0,1,7000,,Rio de janeiro
João silva,0024-11-01,,Teclado,3500.0,1,360,,Rio de janeiro
Maria souza,2023-12-17,,Notebook,50.0,1,240,,Porto alegre
Maria souza,0023-10-25,Masculino,Notebook,50.0,2,,0:02:30,Rio de janeiro
Carlos lima,0023-02-16,,Monitor,800.0,0,150,,Belo horizonte
Ana clara,2023-09-26,Masculino,Mouse,3500.0,0,150,,Curitiba
Maria souza,2023-09-06,Masculino,Monitor,1200.0,2,,0:03:53,Curitiba
Maria souza,2024-07-23,Masculino,Monitor,800.0,0,50,,Curitiba
Carlos lima,2024-08-07,,Teclado,3500.0,0,360,,Curitiba
Carlos lima,2023-05-26,,Notebook,3500.0,0,10500,,Porto alegre
João silva,2024-01-10,Masculino,Mouse,800.0,1,6955,,Rio de janeiro
Pedro alves,2024-10-07,,Cadeira,120.0,2,3500,0:01:44,São paulo
Maria souza,0024-09-08,,Mouse,1200.0,3,2400,01:16:16,Rio de janeiro
Pedro alves,0023-05-20,,Cadeira,50.0,2,120,0:03:04,São paulo
João silva,2023-01-18,,Cadeira,50.0,0,,,Curitiba
João silva,2024-11-17,,Notebook,120.0,3,120,00:31:05,Rio de janeiro
Pedro alves,2023-07-17,,Mouse,3500.0,2,10500,0:01:39,São paulo
Pedro alves,2023-09-01,Masculino,Mouse,50.0,3,240,01:21:36,Porto alegre
Maria souza,2023-02-08,,Notebook,120.0,2,2400,0:03:21,Porto alegre
Maria souza,2023-03-09,Masculino,Monitor,800.0,0,10500,,Curitiba
Ana clara,2023-04-24,Masculino,Teclado,50.0,1,3582,,Belo horizonte
Ana clara,0024-10-26,,Monitor,800.0,3,1200,00:08:43,São paulo
Ana clara,2024-07-23,,Notebook,3500.0,2,,0:02:41,Porto alegre
Ana clara,2023-03-06,Masculino,Teclado,1200.0,3,50,02:03:29,Curitiba
Maria souza,2023-01-02,Masculino,Teclado,120.0,3,,02:21:07,Rio de janeiro
Ana clara,2024-07-11,Masculino,Notebook,1200.0,2,7000,0:03:33,Curitiba
Ana clara,0023-02-15,,Cadeira,50.0,3,1200,00:47:41,Rio de janeiro
Ana clara,2024-07-11,,Monitor,120.0,3,2400,02:32:22,São paulo
Ana clara,2023-12-12,,Teclado,50.0,0,120,,São paulo
Carlos lima,2024-09-16,,Notebook,800.0,2,2412,0:03:01,Porto alegre
Maria souza,2024-05-24,,Cadeira,50.0,1,1200,,Rio de janeiro
Carlos lima,2023-05-04,Masculino,Monitor,1200.0,3,2400,02:44:40,Belo horizonte
Maria souza,2023-04-04,,Monitor,120.0,3,1610,01:27:57,Rio de janeiro
Maria souza,0023-10-28,Masculino,Cadeira,3500.0,0,2400,,Curitiba
Carlos lima,0024-01-07,,Cadeira,120.0,0,1600,,Belo horizonte
João silva,2023-11-10,Masculino,Notebook,800.0,3,80,01:19:02,Belo horizonte
Maria souza,2023-02-11,Masculino,Teclado,50.0,0,360,,Rio de janeiro
Maria souza,2024-05-11,Masculino,Notebook,3500.0,1,1200,,São paulo
Maria souza,0023-01-09,Masculino,Notebook,50.0,0,240,,Porto alegre
João silva,2023-06-12,Masculino,Teclado,50.0,2,,0:01:51,São paulo
Ana clara,2023-09-27,,Notebook,1200.0,1,800,,São paulo
João silva,0024-06-20,,Mouse,50.0,3,150,02:29:13,Curitiba
Ana clara,2024-02-08,Masculino,Cadeira,3500.0,2,61,0:00:20,Curitiba
Pedro alves,2023-07-28,Masculino,Notebook,50.0,3,310,00:01:58,Porto alegre
Pedro alves,2023-03-17,,Notebook,120.0,1,10500,,Curitiba
Pedro alves,2024-08-09,,Teclado,120.0,0,,,Curitiba
João silva,2023-05-19,,Mouse,120.0,2,360,0:01:56,Curitiba
Ana clara,2023-04-28,,Teclado,1200.0,0,334,,Rio de janeiro
Ana clara,0024-09-28,Masculino,Teclado,800.0,2,,0:01:13,Curitiba
Pedro alves,2023-03-10,,Mouse,800.0,0,,,Porto alegre
Ana clara,0024-07-09,,Mouse,3500.0,1,2400,,Rio de janeiro
Carlos lima,0023-06-26,,Cadeira,800.0,1,10500,,Belo horizonte
Carlos lima,2023-08-18,,Monitor,120.0,1,1600,,Curitiba
Maria souza,2024-03-07,,Cadeira,120.0,1,,,Rio de janeiro
Maria souza,0023-11-21,,Notebook,800.0,0,110,,Porto alegre
Carlos lima,2024-07-07,Masculino,Notebook,1200.0,3,,00:44:14,Belo horizonte
Carlos lima,2023-04-17,Masculino,Monitor,50.0,0,,,Porto alegre
Ana clara,0024-05-05,,Monitor,800.0,1,1648,,Belo horizonte
Ana clara,0023-07-11,,Mouse,50.0,2,,0:02:21,Rio de janeiro
Ana clara,2023-04-09,Masculino,Monitor,3500.0,0,150,,Belo horizonte
Ana clara,0023-11-03,Masculino,Cadeira,3500.0,2,,0:00:05,Belo horizonte
Pedro alves,2023-08-05,,Mouse,120.0,3,69,02:31:52,Rio de janeiro
Carlos lima,2023-10-23,,Monitor,1200.0,1,3550,,São paulo
João silva,0024-03-27,Masculino,Notebook,1200.0,2,50,0:01:31,São paulo
Maria souza,2023-12-12,,Cadeira,800.0,1,164,,São paulo
Ana clara,2024-04-18,Masculino,Notebook,50.0,1,10500,,Porto alegre
Ana clara,0024-04-14,Masculino,Teclado,800.0,1,360,,Rio de janeiro
Carlos lima,2023-02-14,Masculino,Notebook,50.0,1,2400,,São paulo
Carlos lima,2024-05-15,,Mouse,50.0,3,,01:34:01,Porto alegre
Maria souza,2023-07-05,,Mouse,120.0,0,120,,Belo horizonte
Maria souza,2024-02-21,Masculino,Monitor,50.0,2,1605,0:00:34,Rio de janeiro
Maria souza,0023-04-02,Masculino,Teclado,800.0,3,,02:59:46,Curitiba
Carlos lima,2023-01-22,,Notebook,1200.0,3,800,00:41:35,Rio de janeiro
Pedro alves,2024-11-25,,Teclado,3500.0,3,800,01:28:41,São paulo
Ana clara,2024-02-12,,Teclado,120.0,3,,02:35:43,Belo horizonte
Ana clara,2024-04-24,Masculino,Notebook,120.0,2,1600,0:00:02,Belo horizonte
Pedro alves,2023-06-10,Masculino,Cadeira,1200.0,1,2400,,Curitiba
Carlos lima,2023-07-06,Masculino,Cadeira,120.0,1,3600,,Curitiba
Ana clara,2024-09-22,,Monitor,1200.0,1,219,,Rio de janeiro
Maria souza,2023-04-14,Masculino,Monitor,3500.0,0,,,São paulo
Ana clara,0023-05-13,,Monitor,1200.0,2,800,0:03:28,Porto alegre
Maria souza,2024-09-10,Masculino,Monitor,800.0,2,2400,0:01:15,Belo horizonte
Ana clara,2023-02-26,Masculino,Notebook,120.0,3,1600,01:14:20,São paulo
Ana clara,2023-03-07,,Teclado,3500.0,2,3500,0:00:19,São paulo
Pedro alves,0024-09-21,Masculino,Mouse,50.0,3,150,00:35:39,Belo horizonte
Ana clara,2024-05-20,Masculino,Monitor,1200.0,2,150,0:00:14,Porto alegre
Pedro alves,0024-08-24,,Cadeira,800.0,3,1200,01:49:39,Porto alegre
Carlos lima,0023-05-11,Masculino,Teclado,3500.0,2,3600,0:00:21,São paulo
Carlos lima,0024-08-05,,Cadeira,3500.0,3,7000,02:10:45,Curitiba
Carlos lima,0023-05-21,,Notebook,3500.0,2,1600,0:00:46,Rio de janeiro
Carlos lima,2024-07-23,,Mouse,1200.0,1,100,,São paulo
Ana clara,2024-07-03,Masculino,Mouse,1200.0,3,7000,00:24:03,Belo horizonte
João silva,2023-04-21,Masculino,Notebook,800.0,1,10500,,Belo horizonte
João silva,2024-05-05,Masculino,Notebook,50.0,3,2401,01:41:01,São paulo
Ana clara,2023-02-06,Masculino,Teclado,120.0,3,120,00:05:11,Porto alegre
Maria souza,2024-05-15,Masculino,Monitor,120.0,2,100,0:03:14,Porto alegre
Maria souza,2024-03-19,,Notebook,3500.0,3,,00:06:28,São paulo
Maria souza,2023-03-12,Masculino,Cadeira,3500.0,1,2400,,Curitiba
Pedro alves,2024-12-10,Masculino,Cadeira,120.0,1,100,,Curitiba
Ana clara,0023-11-06,Masculino,Notebook,1200.0,1,100,,Rio de janeiro
Carlos lima,0023-02-12,,Teclado,50.0,3,800,02:43:06,Belo horizonte
João silva,2024-02-12,,Notebook,120.0,0,,,São paulo
João silva,0024-12-04,Masculino,Cadeira,120.0,1,120,,Rio de janeiro
Pedro alves,2023-05-10,,Monitor,50.0,1,240,,São paulo
Ana clara,0023-11-23,Masculino,Monitor,120.0,1,1600,,Rio de janeiro
Ana clara,2024-09-22,,Mouse,50.0,1,3500,,Rio de janeiro
Pedro alves,2023-05-04,Masculino,Mouse,50.0,0,120,,Porto alegre
Pedro alves,2024-06-27,Masculino,Mouse,120.0,2,120,0:01:08,Belo horizonte
Pedro alves,0023-03-06,,Monitor,800.0,0,1183,,Curitiba
Carlos lima,2023-01-08,,Monitor,120.0,1,,,Porto alegre
Carlos lima,2024-07-01,,Mouse,800.0,3,800,01:00:49,São paulo
Carlos lima,2023-08-07,,Notebook,800.0,1,,,Rio de janeiro
Ana clara,2024-04-11,,Notebook,120.0,0,,,São paulo
João silva,2024-09-05,Masculino,Notebook,3500.0,0,1161,,São paulo
João silva,2023-01-02,Masculino,Mouse,3500.0,2,3600,0:01:33,São paulo
João silva,2024-02-02,,Notebook,3500.0,2,,0:03:46,Porto alegre
Ana clara,0024-09-23,Masculino,Teclado,800.0,1,2400,,Curitiba
Pedro alves,2023-08-14,Masculino,Monitor,3500.0,2,135,0:00:58,Porto alegre
Pedro alves,2023-01-24,,Cadeira,1200.0,2,1200,0:02:14,São paulo
João silva,2023-03-23,,Notebook,120.0,1,2400,,Belo horizonte
Ana clara,2023-01-22,Masculino,Cadeira,120.0,1,2400,,Rio de janeiro
João silva,2024-08-13,Masculino,Notebook,3500.0,1,,,São paulo
João silva,2023-06-11,,Notebook,120.0,0,10500,,Belo horizonte
Maria souza,2023-09-14,Masculino,Monitor,1200.0,2,240,0:00:32,Rio de janeiro
Ana clara,0024-09-25,Masculino,Notebook,3500.0,2,,0:03:36,Porto alegre
Ana clara,0023-01-20,,Teclado,3500.0,2,50,0:03:28,São paulo
Pedro alves,2023-05-28,Masculino,Cadeira,1200.0,3,100,01:49:47,Curitiba
Pedro alves,0023-09-26,,Notebook,50.0,0,,,São paulo
Maria souza,2024-04-14,,Mouse,120.0,0,150,,Porto alegre
Pedro alves,2024-10-19,,Teclado,800.0,2,100,0:03:44,Belo horizonte
Pedro alves,2023-12-26,Masculino,Mouse,1200.0,1,3500,,Belo horizonte
João silva,0023-12-06,,Teclado,3500.0,2,240,0:01:21,Porto alegre
Maria souza,2023-06-12,,Cadeira,120.0,0,10476,,Curitiba
João silva,2024-12-17,Masculino,Notebook,1200.0,3,3500,00:36:16,Porto alegre
João silva,0023-03-19,,Teclado,1200.0,1,,,São paulo
Ana clara,2024-02-18,,Mouse,120.0,2,150,0:02:40,Curitiba
Ana clara,2023-05-27,,Monitor,800.0,3,,00:33:31,Belo horizonte
Ana clara,2023-01-15,Masculino,Mouse,120.0,0,1200,,Rio de janeiro
Maria souza,0024-04-13,,Mouse,120.0,2,,0:02:15,Belo horizonte
Ana clara,0023-06-08,Masculino,Monitor,800.0,2,2400,0:02:52,Belo horizonte
Carlos lima,2023-01-12,,Monitor,1200.0,2,1600,0:03:51,São paulo
Maria souza,2024-05-17,,Mouse,120.0,1,100,,Porto alegre
Pedro alves,0024-12-10,Masculino,Teclado,800.0,1,120,,Belo horizonte
Ana clara,2023-01-28,,Monitor,50.0,0,1600,,Curitiba
Ana clara,2024-12-23,Masculino,Notebook,3500.0,3,7000,00:09:19,São paulo
Maria souza,0023-11-13,Masculino,Monitor,800.0,2,1648,0:03:46,Curitiba
Carlos lima,0023-05-24,Masculino,Notebook,1200.0,3,1226,00:55:07,São paulo
Pedro alves,2024-06-10,Masculino,Mouse,120.0,1,3550,,Curitiba
Maria souza,2024-12-05,,Monitor,50.0,3,,00:42:24,Belo horizonte
Maria souza,0024-04-14,Masculino,Monitor,1200.0,2,1218,0:02:47,Rio de janeiro
Maria souza,2023-07-05,Masculino,Mouse,3500.0,1,2415,,Rio de janeiro
Carlos lima,2024-01-08,,Teclado,50.0,0,800,,Porto alegre
Carlos lima,2024-10-24,Masculino,Notebook,3500.0,3,,01:37:39,São paulo
Carlos lima,2023-07-22,,Mouse,1200.0,0,7000,,Rio de janeiro
Maria souza,0023-04-14,,Notebook,800.0,0,800,,São paulo
Maria souza,2023-07-26,,Teclado,50.0,1,3600,,Belo horizonte
Maria souza,2023-09-02,Masculino,Cadeira,800.0,0,800,,São paulo
Pedro alves,2023-12-21,Masculino,Monitor,800.0,3,,01:48:50,Belo horizonte
João silva,2023-06-03,,Cadeira,120.0,1,182,,Curitiba
Ana clara,2024-10-03,Masculino,Teclado,1200.0,2,3596,0:02:11,Curitiba
Carlos lima,2024-05-03,Masculino,Cadeira,1200.0,3,10500,00:30:36,Belo horizonte
João silva,0024-04-24,,Teclado,1200.0,0,193,,Curitiba
Carlos lima,2023-02-17,,Mouse,800.0,2,1600,0:02:00,São paulo
Carlos lima,0024-01-12,Masculino,Cadeira,1200.0,1,7014,,Belo horizonte
João silva,2023-10-13,Masculino,Monitor,3500.0,1,,,Curitiba
Maria souza,0024-06-13,,Notebook,800.0,1,,,Porto alegre
Ana clara,2024-09-21,Masculino,Cadeira,800.0,0,50,,Porto alegre
Pedro alves,2023-03-03,Masculino,Monitor,3500.0,3,150,02:49:39,Belo horizonte
Carlos lima,0023-10-03,,Notebook,800.0,3,,01:06:02,Curitiba
João silva,2024-03-22,,Cadeira,800.0,1,2400,,Porto alegre
Pedro alves,2023-11-17,Masculino,Teclado,1200.0,0,120,,Belo horizonte
Pedro alves,2024-07-01,,Monitor,1200.0,0,,,Porto alegre
Ana clara,0023-07-12,Masculino,Monitor,120.0,1,7000,,Porto alegre
Ana clara,0023-10-01,,Teclado,800.0,3,2400,01:48:28,São paulo
Carlos lima,2024-07-05,,Teclado,3500.0,0,120,,Belo horizonte
Ana clara,0024-04-28,,Mouse,3500.0,0,3615,,São paulo
Carlos lima,2023-07-25,,Monitor,800.0,3,2400,01:07:18,Curitiba
Carlos lima,2024-12-02,Masculino,Notebook,120.0,2,2400,0:00:12,Curitiba
Maria souza,2023-09-04,,Notebook,800.0,1,,,Belo horizonte
Carlos lima,2023-03-05,Masculino,Teclado,3500.0,0,1602,,Rio de janeiro
Carlos lima,2024-08-25,Masculino,Mouse,1200.0,1,3600,,Curitiba
João silva,2023-03-01,,Mouse,1200.0,2,240,0:00:45,Curitiba
Pedro alves,0024-11-22,Masculino,Cadeira,800.0,0,360,,Rio de janeiro
João silva,2023-04-09,Masculino,Cadeira,1200.0,3,,02:55:20,Belo horizonte
João silva,2024-07-17,,Monitor,3500.0,3,240,01:23:19,Belo horizonte
Carlos lima,2024-02-23,,Mouse,120.0,2,800,0:02:39,Rio de janeiro
Ana clara,2023-03-27,Masculino,Teclado,120.0,2,1600,0:03:21,Porto alegre
Carlos lima,2024-09-10,,Monitor,800.0,0,,,Porto alegre
Pedro alves,2024-10-17,,Notebook,1200.0,0,1600,,Rio de janeiro
Carlos lima,2024-04-12,,Monitor,3500.0,3,800,02:22:42,Porto alegre
Pedro alves,0023-05-18,Masculino,Mouse,120.0,2,2400,0:01:46,São paulo
Pedro alves,0023-06-19,,Cadeira,3500.0,2,3600,0:01:26,Curitiba
Carlos lima,2024-08-19,Masculino,Mouse,800.0,0,124,,Rio de janeiro
João silva,2023-11-01,Masculino,Teclado,3500.0,2,120,0:03:04,Porto alegre
Maria souza,2024-09-07,,Cadeira,1200.0,2,150,0:02:02,Curitiba
Maria souza,2023-09-10,,Teclado,50.0,3,800,00:05:07,Rio de janeiro
Maria souza,2024-02-11,Masculino,Monitor,50.0,2,50,0:02:43,Rio de janeiro
Maria souza,0023-10-18,,Notebook,1200.0,1,800,,Porto alegre
Maria souza,2023-08-03,,Cadeira,800.0,1,,,Belo horizonte
Pedro alves,0023-08-20,,Mouse,50.0,0,,,Curitiba
Maria souza,2024-11-27,Masculino,Monitor,3500.0,0,2400,,Rio de janeiro
Carlos lima,2023-03-04,,Notebook,3500.0,3,,00:48:25,Curitiba
Ana clara,2024-06-04,,Notebook,120.0,3,120,00:48:33,Belo horizonte
Ana clara,2024-06-12,,Notebook,800.0,0,360,,São paulo
Ana clara,2023-07-02,Masculino,Cadeira,3500.0,0,120,,Curitiba
João silva,2024-11-02,Masculino,Notebook,800.0,0,50,,Curitiba
Carlos lima,0023-07-16,,Teclado,3500.0,1,150,,Belo horizonte
João silva,2023-04-07,,Mouse,120.0,0,100,,Curitiba
Ana clara,2024-07-24,Masculino,Teclado,3500.0,0,1600,,Rio de janeiro
Maria souza,0023-05-08,Masculino,Cadeira,1200.0,2,,0:02:33,Curitiba
Maria souza,2024-08-12,,Monitor,120.0,1,100,,São paulo
Maria souza,2024-05-05,,Cadeira,120.0,0,2449,,Rio de janeiro
Ana clara,2023-11-21,Masculino,Monitor,50.0,1,150,,São paulo
Carlos lima,2024-06-11,Masculino,Notebook,1200.0,0,,,Rio de janeiro
Carlos lima,0023-01-05,,Notebook,800.0,0,50,,Porto alegre
Ana clara,2024-04-25,,Notebook,3500.0,2,1600,0:03:51,Porto alegre
João silva,2023-06-26,Masculino,Notebook,50.0,1,240,,Porto alegre
Carlos lima,2024-02-22,Masculino,Cadeira,120.0,0,360,,Porto alegre
Carlos lima,2023-03-01,,Monitor,3500.0,3,82,00:42:03,Porto alegre
Carlos lima,2024-10-09,Masculino,Mouse,3500.0,2,1600,0:01:19,São paulo
Carlos lima,2023-08-19,,Monitor,3500.0,1,800,,São paulo
Carlos lima,2024-03-17,,Cadeira,3500.0,1,150,,Belo horizonte
Pedro alves,2023-04-23,Masculino,Cadeira,3500.0,3,800,00:51:51,Porto alegre
Pedro alves,2024-05-27,,Monitor,50.0,0,,,Porto alegre
Pedro alves,0024-05-08,,Notebook,1200.0,1,150,,Curitiba
Ana clara,0024-01-02,Masculino,Mouse,800.0,2,100,0:03:06,Rio de janeiro
Carlos lima,2023-09-20,Masculino,Cadeira,50.0,2,10500,0:01:56,São paulo
Carlos lima,2023-06-03,,Teclado,800.0,1,1200,,Rio de janeiro
Maria souza,2023-10-18,,Mouse,120.0,3,2400,00:30:23,Curitiba
Ana clara,2024-10-16,Masculino,Cadeira,120.0,2,,0:00:54,Rio de janeiro
Carlos lima,2024-05-22,Masculino,Mouse,3500.0,1,132,,Curitiba
Maria souza,0023-07-22,,Notebook,120.0,0,,,São paulo
Maria souza,2023-12-21,Masculino,Cadeira,3500.0,3,221,00:25:36,Porto alegre
Maria souza,2024-10-10,Masculino,Cadeira,800.0,0,3600,,Belo horizonte
Pedro alves,2023-11-18,Masculino,Notebook,120.0,0,1164,,Porto alegre
Ana clara,2023-06-17,Masculino,Cadeira,120.0,1,3596,,São paulo
Ana clara,0024-09-28,Masculino,Teclado,1200.0,2,3600,0:01:03,Rio de janeiro
João silva,0023-06-13,Masculino,Mouse,120.0,1,3593,,Curitiba
João silva,2023-06-26,,Teclado,120.0,2,3500,0:01:34,Rio de janeiro
João silva,2024-01-02,,Teclado,1200.0,3,7000,00:57:11,Porto alegre
Ana clara,2024-01-24,Masculino,Monitor,800.0,0,,,Belo horizonte
Maria souza,2024-09-26,Masculino,Monitor,3500.0,2,3500,0:00:49,Belo horizonte
Maria souza,2024-03-10,Masculino,Notebook,1200.0,1,50,,São paulo
Pedro alves,2024-05-02,,Mouse,800.0,2,6,0:01:31,Rio de janeiro
João silva,2024-02-05,,Mouse,3500.0,3,2400,00:15:57,São paulo
João silva,2024-08-04,,Notebook,50.0,2,100,0:01:07,São paulo
Carlos lima,0024-04-06,,Mouse,800.0,0,120,,Belo horizonte
Carlos lima,2024-12-09,,Teclado,50.0,3,2400,01:49:04,Curitiba
Pedro alves,0024-05-26,Masculino,Notebook,3500.0,0,,,Belo horizonte
Pedro alves,2023-07-23,Masculino,Cadeira,1200.0,2,1600,0:02:41,Curitiba
Carlos lima,0023-02-08,Masculino,Notebook,3500.0,0,,,Rio de janeiro
Pedro alves,2023-01-14,Masculino,Mouse,800.0,0,240,,Rio de janeiro
Ana clara,2024-12-15,Masculino,Mouse,3500.0,2,33,0:01:55,Belo horizonte
Ana clara,0024-11-04,,Cadeira,50.0,1,2400,,Curitiba
Ana clara,0024-11-02,Masculino,Cadeira,800.0,0,1201,,Rio de janeiro
Pedro alves,2024-11-10,Masculino,Cadeira,800.0,3,100,02:28:51,Porto alegre
Pedro alves,2023-06-24,Masculino,Notebook,120.0,3,100,02:41:46,Porto alegre
João silva,2023-10-18,Masculino,Notebook,50.0,0,1200,,Curitiba
Maria souza,2024-03-25,Masculino,Notebook,1200.0,0,2400,,Curitiba
Ana clara,2024-05-04,,Mouse,120.0,1,1200,,Rio de janeiro
Pedro alves,2024-06-20,,Notebook,50.0,3,1558,02:28:35,Porto alegre
Pedro alves,0023-12-02,Masculino,Teclado,120.0,1,66,,Curitiba
Carlos lima,0023-01-21,,Mouse,800.0,0,1202,,Rio de janeiro
João silva,0024-07-16,,Mouse,800.0,0,3600,,São paulo
Ana clara,2024-01-22,Masculino,Cadeira,1200.0,3,,01:29:30,São paulo
Ana clara,2023-06-07,Masculino,Teclado,50.0,3,3600,01:13:00,Belo horizonte
João silva,2024-07-25,Masculino,Cadeira,3500.0,3,2400,02:00:23,Curitiba
Pedro alves,2023-08-14,Masculino,Notebook,50.0,0,2400,,Belo horizonte
Maria souza,2023-07-01,,Monitor,3500.0,0,800,,Belo horizonte
Ana clara,2024-02-23,Masculino,Notebook,50.0,3,3500,01:16:59,Rio de janeiro
Pedro alves,2024-09-22,Masculino,Mouse,50.0,2,360,0:00:44,Curitiba
Pedro alves,2024-07-15,,Monitor,50.0,0,360,,São paulo
Maria souza,2023-06-13,Masculino,Monitor,1200.0,0,,,Rio de janeiro
Maria souza,2023-06-13,,Cadeira,3500.0,0,,,Porto alegre
Maria souza,0023-03-10,,Cadeira,1200.0,2,,0:02:00,Curitiba
Maria souza,2023-06-08,Masculino,Monitor,1200.0,3,1600,01:00:17,Rio de janeiro
Ana clara,2024-06-07,,Mouse,800.0,3,,01:45:08,Curitiba
Ana clara,2024-08-11,,Monitor,3500.0,3,1188,02:58:52,Porto alegre
João silva,2023-01-10,Masculino,Cadeira,120.0,1,,,Rio de janeiro
João silva,0023-10-27,Masculino,Notebook,1200.0,0,2400,,Porto alegre
Carlos lima,0023-11-13,Masculino,Monitor,3500.0,1,50,,Rio de janeiro
Carlos lima,2023-08-06,Masculino,Notebook,120.0,2,120,0:03:40,Porto alegre
João silva,2023-11-06,Masculino,Cadeira,800.0,0,10550,,São paulo
João silva,0023-01-26,Masculino,Notebook,50.0,3,120,00:33:08,Curitiba
Pedro alves,0023-05-03,Masculino,Teclado,50.0,1,150,,Porto alegre
João silva,2024-09-18,Masculino,Notebook,3500.0,0,3600,,São paulo
Carlos lima,2023-10-07,Masculino,Mouse,1200.0,0,3500,,São paulo
Pedro alves,0023-11-16,,Notebook,120.0,1,1600,,São paulo
Ana clara,2024-12-21,,Mouse,120.0,2,,0:03:27,Belo horizonte
João silva,2024-03-09,Masculino,Notebook,3500.0,2,,0:01:01,Curitiba
João silva,2023-09-26,,Teclado,120.0,3,7000,02:13:15,Curitiba
Carlos lima,0024-03-20,,Monitor,50.0,2,3500,0:01:31,Belo horizonte
Pedro alves,2024-03-22,Masculino,Cadeira,1200.0,1,2400,,Rio de janeiro
Carlos lima,2024-09-25,,Mouse,800.0,0,3500,,Belo horizonte
Pedro alves,0024-10-19,Masculino,Mouse,120.0,1,120,,Belo horizonte
Ana clara,2023-08-17,,Cadeira,1200.0,2,1200,0:03:55,Rio de janeiro
João silva,2024-09-15,Masculino,Monitor,800.0,3,,01:28:06,São paulo
Pedro alves,2023-06-01,Masculino,Monitor,800.0,2,800,0:01:11,Porto alegre
Carlos lima,2023-07-20,,Monitor,3500.0,0,793,,Curitiba
Maria souza,2023-02-13,Masculino,Notebook,50.0,3,,01:16:51,Belo horizonte
João silva,0024-12-14,,Teclado,120.0,2,1200,0:03:56,Belo horizonte
Ana clara,2024-02-12,Masculino,Teclado,1200.0,3,3500,02:54:33,Porto alegre
Ana clara,2024-06-12,,Teclado,1200.0,2,10500,0:02:53,Belo horizonte
Pedro alves,2024-02-13,Masculino,Mouse,50.0,0,2400,,Curitiba
João silva,0024-06-11,,Notebook,1200.0,1,82,,Belo horizonte
João silva,0024-01-11,,Teclado,120.0,2,800,0:03:15,Porto alegre
João silva,2024-04-10,,Cadeira,3500.0,3,3600,00:39:41,Porto alegre
Ana clara,2023-12-26,Masculino,Notebook,800.0,0,7000,,Belo horizonte
Ana clara,2024-01-22,,Monitor,1200.0,2,2400,0:00:54,Porto alegre
Ana clara,2024-06-04,Masculino,Notebook,1200.0,1,800,,Porto alegre
Maria souza,2023-04-11,,Mouse,3500.0,1,10500,,São paulo
João silva,2024-07-14,,Mouse,120.0,1,,,Belo horizonte
Ana clara,2024-10-09,Masculino,Teclado,3500.0,1,800,,Belo horizonte
Pedro alves,0024-01-11,,Monitor,3500.0,0,,,Curitiba
Pedro alves,2024-06-10,,Cadeira,50.0,1,2400,,Porto alegre
Carlos lima,2023-06-05,Masculino,Notebook,1200.0,1,3600,,Rio de janeiro
Maria souza,2024-11-14,,Cadeira,1200.0,0,3600,,São paulo
Pedro alves,0023-02-28,Masculino,Mouse,50.0,2,195,0:03:11,Curitiba
Pedro alves,2023-09-08,,Mouse,800.0,0,150,,Rio de janeiro
Ana clara,0024-06-09,Masculino,Notebook,120.0,1,1200,,Belo horizonte
Ana clara,0024-02-28,Masculino,Notebook,1200.0,0,6996,,Curitiba
Ana clara,2024-04-23,Masculino,Monitor,50.0,1,,,Rio de janeiro
Carlos lima,2023-10-13,,Teclado,800.0,1,1600,,Rio de janeiro
Maria souza,2023-07-15,Masculino,Teclado,1200.0,3,360,00:37:06,Rio de janeiro
Ana clara,0023-09-16,,Monitor,50.0,2,1647,0:02:06,Belo horizonte
Pedro alves,2023-01-23,Masculino,Monitor,1200.0,0,150,,Belo horizonte
João silva,2023-11-22,,Teclado,800.0,2,240,0:01:17,Belo horizonte
João silva,0024-05-17,,Notebook,120.0,0,100,,Rio de janeiro
João silva,2024-11-25,Masculino,Teclado,800.0,1,360,,São paulo
Maria souza,2024-05-09,,Teclado,50.0,0,150,,Belo horizonte
Carlos lima,2023-10-04,,Teclado,50.0,0,100,,Rio de janeiro
Carlos lima,2023-10-05,,Mouse,50.0,3,204,01:44:32,Porto alegre
Pedro alves,2023-11-01,,Monitor,50.0,2,7000,0:02:11,Curitiba
Maria souza,2024-01-19,,Cadeira,1200.0,2,1600,0:00:20,Curitiba
Maria souza,2024-06-21,Masculino,Mouse,800.0,0,1600,,Belo horizonte
Pedro alves,2023-04-21,,Mouse,3500.0,3,7000,01:47:09,Belo horizonte
Pedro alves,2024-05-16,,Cadeira,50.0,2,3500,0:02:03,Curitiba
Pedro alves,2023-04-14,,Notebook,50.0,0,100,,Belo horizonte
Ana clara,0023-08-27,,Teclado,50.0,2,100,0:01:06,São paulo
Carlos lima,2023-05-26,,Mouse,3500.0,1,849,,Belo horizonte
João silva,2024-07-27,Masculino,Notebook,50.0,2,360,0:00:32,Curitiba
Pedro alves,2024-02-11,,Teclado,120.0,3,1200,00:11:13,Belo horizonte
Ana clara,0023-10-14,,Cadeira,3500.0,1,159,,Belo horizonte
Pedro alves,0024-06-14,,Mouse,50.0,3,2400,00:18:24,Curitiba
Carlos lima,2023-06-07,,Monitor,800.0,0,,,Porto alegre
Pedro alves,0023-12-21,,Notebook,120.0,3,,00:47:59,Porto alegre
Ana clara,2024-04-20,,Monitor,800.0,3,,01:43:35,Curitiba
João silva,2023-08-13,,Notebook,50.0,1,,,Belo horizonte
Ana clara,2024-10-02,Masculino,Mouse,50.0,2,1621,0:02:48,São paulo
João silva,2024-08-05,,Monitor,1200.0,1,2382,,Porto alegre
Maria souza,2024-02-05,,Notebook,1200.0,1,2400,,Porto alegre
Maria souza,2024-12-26,Masculino,Monitor,1200.0,0,,,Rio de janeiro
Maria souza,2024-01-07,Masculino,Mouse,1200.0,2,,0:02:38,Rio de janeiro
Ana clara,2023-07-07,Masculino,Cadeira,120.0,2,3600,0:03:37,Rio de janeiro
Ana clara,2024-11-13,,Notebook,1200.0,1,,,São paulo
Ana clara,0023-01-04,,Monitor,50.0,3,150,00:31:00,Rio de janeiro
Ana clara,2024-08-09,Masculino,Notebook,50.0,0,,,Porto alegre
Ana clara,2024-04-13,,Notebook,800.0,0,,,Rio de janeiro
Maria souza,2023-12-11,,Mouse,1200.0,1,100,,Curitiba
Maria souza,2023-01-10,,Mouse,50.0,1,,,Belo horizonte
Pedro alves,2023-02-05,,Notebook,3500.0,3,150,02:17:18,Rio de janeiro
João silva,0024-04-26,,Notebook,1200.0,1,1200,,Curitiba
Carlos lima,2024-07-25,Masculino,Cadeira,50.0,2,240,0:03:39,Porto alegre
Pedro alves,2024-09-25,,Notebook,1200.0,2,150,0:03:57,Porto alegre
João silva,0024-09-18,,Mouse,800.0,0,2400,,Belo horizonte
João silva,0024-11-03,Masculino,Cadeira,800.0,3,2400,00:20:52,Porto alegre
Pedro alves,2024-12-23,,Teclado,120.0,1,240,,Porto alegre
Maria souza,2024-08-06,Masculino,Teclado,1200.0,3,360,01:58:07,Belo horizonte
Carlos lima,2024-01-11,,Teclado,800.0,3,1600,01:55:30,Porto alegre
João silva,0023-10-03,,Monitor,800.0,3,3600,00:25:46,São paulo
Ana clara,2023-03-16,,Notebook,120.0,2,2400,0:03:16,Rio de janeiro
Carlos lima,2023-09-24,,Mouse,800.0,3,150,00:04:33,São paulo
Ana clara,2024-05-09,Masculino,Notebook,1200.0,2,10497,0:01:57,São paulo
Pedro alves,2024-09-11,Masculino,Monitor,1200.0,3,1200,02:16:52,Porto alegre
Ana clara,2024-08-14,,Notebook,3500.0,0,,,Porto alegre
João silva,2024-09-04,,Monitor,3500.0,0,120,,Belo horizonte
Pedro alves,2023-01-17,Masculino,Teclado,50.0,2,120,0:01:36,São paulo
João silva,2023-06-08,,Notebook,3500.0,1,,,São paulo
Carlos lima,2023-12-12,,Teclado,800.0,3,800,00:33:00,Curitiba
Pedro alves,2024-03-11,,Monitor,800.0,1,,,Porto alegre
Maria souza,2023-05-04,,Mouse,120.0,3,1200,02:21:23,Rio de janeiro
João silva,0023-03-06,,Cadeira,1200.0,0,2400,,Curitiba
Ana clara,2024-06-13,,Cadeira,50.0,1,800,,Curitiba
Ana clara,0024-01-11,Masculino,Monitor,50.0,3,,00:05:32,Rio de janeiro
Carlos lima,2023-08-13,,Teclado,50.0,3,100,01:49:26,Rio de janeiro
Pedro alves,2023-09-17,Masculino,Mouse,800.0,1,150,,Curitiba
Pedro alves,0024-10-09,,Mouse,800.0,3,10457,00:47:00,Rio de janeiro
Pedro alves,2023-09-28,,Teclado,50.0,0,,,Belo horizonte
Carlos lima,2024-03-11,Masculino,Monitor,800.0,3,100,01:07:46,Rio de janeiro
Maria souza,2024-02-17,Masculino,Mouse,800.0,2,142,0:01:46,Rio de janeiro
Maria souza,0024-09-03,,Teclado,120.0,0,808,,São paulo
João silva,2023-11-21,,Mouse,1200.0,0,,,Rio de janeiro
Carlos lima,0024-07-11,,Cadeira,1200.0,0,1200,,São paulo
Pedro alves,0023-09-15,,Notebook,50.0,3,0,01:08:10,Belo horizonte
Carlos lima,0023-08-10,,Mouse,120.0,2,10490,0:01:10,Belo horizonte
João silva,0023-05-09,Masculino,Notebook,1200.0,2,10500,0:02:21,São paulo
João silva,2023-09-15,Masculino,Teclado,1200.0,1,163,,Belo horizonte
João silva,2024-04-27,Masculino,Cadeira,3500.0,0,1600,,Rio de janeiro
Ana clara,2024-05-21,,Monitor,50.0,0,3500,,Belo horizonte
Pedro alves,2023-02-18,,Teclado,3500.0,3,,02:01:45,Porto alegre
Ana clara,2023-11-01,,Notebook,800.0,1,,,São paulo
Maria souza,0024-09-02,Masculino,Notebook,50.0,1,,,Rio de janeiro
Ana clara,2023-02-24,Masculino,Monitor,120.0,2,120,0:01:48,Curitiba
João silva,2024-04-07,Masculino,Monitor,800.0,2,1200,0:03:38,Curitiba
Maria souza,2023-12-28,,Notebook,50.0,3,1600,01:45:04,São paulo
Maria souza,2023-12-03,,Cadeira,1200.0,1,50,,Rio de janeiro
Pedro alves,2023-09-06,,Notebook,3500.0,1,2400,,Curitiba
Pedro alves,0023-12-16,,Teclado,50.0,0,240,,Rio de janeiro
Pedro alves,0024-11-23,,Notebook,120.0,1,,,Rio de janeiro
Ana clara,2023-01-15,,Cadeira,1200.0,1,1200,,Belo horizonte
Carlos lima,2024-05-07,Masculino,Monitor,3500.0,0,,,Curitiba
João silva,2023-07-16,,Teclado,3500.0,1,360,,Rio de janeiro
Maria souza,2024-11-07,Masculino,Teclado,1200.0,2,120,0:02:47,Belo horizonte
João silva,2024-06-26,Masculino,Monitor,1200.0,2,3634,0:00:19,Curitiba
João silva,0024-05-07,Masculino,Teclado,50.0,3,150,02:33:11,Belo horizonte
Ana clara,2023-03-13,Masculino,Mouse,3500.0,0,828,,Rio de janeiro
Carlos lima,2023-12-08,Masculino,Cadeira,3500.0,2,56,0:03:56,Porto alegre
Ana clara,0024-09-02,,Cadeira,120.0,3,120,02:02:59,Belo horizonte
João silva,2024-02-04,,Monitor,800.0,0,,,Belo horizonte
Carlos lima,2024-01-14,,Monitor,120.0,0,150,,Porto alegre
Ana clara,0024-07-14,,Teclado,1200.0,1,2400,,Belo horizonte
Maria souza,2023-11-20,Masculino,Monitor,3500.0,2,286,0:01:39,Curitiba
Carlos lima,2023-10-22,,Notebook,1200.0,3,75,02:39:21,Rio de janeiro
Pedro alves,2024-11-16,,Cadeira,800.0,0,,,Porto alegre
Maria souza,2023-09-01,,Cadeira,800.0,1,10500,,Curitiba
Carlos lima,2023-04-03,,Mouse,50.0,0,100,,Curitiba
Ana clara,2024-11-09,,Mouse,50.0,1,,,São paulo
Maria souza,0024-11-06,,Teclado,120.0,2,373,0:01:26,Curitiba
João silva,2024-08-10,,Cadeira,3500.0,3,120,00:41:26,Curitiba
João silva,2023-11-15,,Teclado,3500.0,0,,,Porto alegre
Pedro alves,0023-12-08,Masculino,Cadeira,800.0,2,,0:00:57,Belo horizonte
Maria souza,2024-03-25,,Monitor,1200.0,2,2400,0:00:38,Belo horizonte
Maria souza,0023-06-09,,Mouse,800.0,0,240,,Curitiba
Carlos lima,0023-08-08,Masculino,Teclado,1200.0,1,3600,,Curitiba
Ana clara,2023-02-21,Masculino,Cadeira,50.0,1,,,Curitiba
Ana clara,2024-04-16,Masculino,Notebook,800.0,1,1600,,Rio de janeiro
Ana clara,2024-06-11,,Mouse,1200.0,2,800,0:00:00,Rio de janeiro
João silva,2024-09-22,Masculino,Notebook,50.0,2,360,0:00:01,São paulo
Ana clara,2023-12-08,Masculino,Cadeira,800.0,3,807,01:50:22,Curitiba
Pedro alves,0024-10-21,,Monitor,3500.0,0,832,,São paulo
João silva,2023-02-25,Masculino,Notebook,3500.0,0,3500,,Belo horizonte
João silva,0024-05-02,,Mouse,800.0,3,2417,01:32:13,Curitiba
João silva,2024-08-09,Masculino,Notebook,50.0,3,3542,01:12:12,Rio de janeiro
Carlos lima,2024-01-20,Masculino,Teclado,3500.0,1,150,,Porto alegre
Carlos lima,2023-03-06,Masculino,Mouse,3500.0,0,,,Curitiba
Maria souza,2024-11-10,,Monitor,50.0,1,,,Porto alegre
Pedro alves,0023-10-19,Masculino,Mouse,1200.0,2,240,0:00:15,Porto alegre
Maria souza,0024-09-22,Masculino,Mouse,800.0,0,,,Porto alegre
Pedro alves,2024-07-28,,Notebook,120.0,3,1600,01:16:29,Belo horizonte
Pedro alves,2024-04-07,Masculino,Cadeira,120.0,2,3500,0:02:48,Belo horizonte
João silva,2024-09-12,,Mouse,50.0,0,120,,Belo horizonte
João silva,2023-01-21,Masculino,Mouse,800.0,0,6980,,Belo horizonte
João silva,2023-05-08,,Mouse,50.0,2,150,0:03:07,São paulo
João silva,2024-07-27,Masculino,Teclado,1200.0,2,1200,0:00:19,Porto alegre
Maria souza,2024-03-21,Masculino,Mouse,1200.0,2,240,0:00:56,Belo horizonte
João silva,2024-01-09,,Mouse,800.0,0,7000,,Porto alegre
João silva,2023-02-05,Masculino,Notebook,3500.0,0,1241,,São paulo
Maria souza,2024-01-27,Masculino,Mouse,3500.0,1,1600,,Rio de janeiro
João silva,2023-01-17,,Teclado,50.0,2,120,0:03:14,Belo horizonte
Ana clara,2024-03-15,,Teclado,1200.0,1,3500,,Rio de janeiro
Pedro alves,2023-05-13,Masculino,Notebook,3500.0,3,,00:00:03,Curitiba
Maria souza,2024-02-16,,Notebook,120.0,1,150,,Curitiba
Ana clara,0024-07-19,Masculino,Notebook,800.0,0,10500,,São paulo
Maria souza,2024-01-15,Masculino,Monitor,1200.0,0,240,,Rio de janeiro
Maria souza,0023-09-21,,Mouse,120.0,0,170,,Curitiba
Maria souza,2023-03-16,Masculino,Cadeira,50.0,0,,,Porto alegre
Maria souza,2023-06-04,,Mouse,800.0,3,240,02:59:14,Belo horizonte
João silva,2023-12-24,Masculino,Monitor,800.0,1,240,,Porto alegre
Pedro alves,2024-09-01,,Mouse,3500.0,3,360,00:17:47,Belo horizonte
João silva,0024-12-07,Masculino,Monitor,3500.0,3,120,02:07:54,Curitiba
João silva,2023-10-28,Masculino,Notebook,1200.0,0,,,Rio de janeiro
João silva,2024-09-09,Masculino,Mouse,3500.0,3,120,02:47:45,Porto alegre
João silva,2023-10-17,Masculino,Mouse,50.0,1,240,,Porto alegre
João silva,2023-02-15,,Cadeira,120.0,0,100,,São paulo
Maria souza,2024-06-15,Masculino,Teclado,120.0,0,1600,,São paulo
Carlos lima,0024-09-13,Masculino,Mouse,50.0,0,,,São paulo
Pedro alves,2023-11-01,Masculino,Notebook,1200.0,2,,0:02:21,Porto alegre
João silva,2023-05-12,,Mouse,3500.0,2,800,0:01:30,São paulo
João silva,2024-12-16,Masculino,Cadeira,3500.0,0,,,São paulo
João silva,0023-05-20,Masculino,Teclado,50.0,2,2400,0:02:00,Belo horizonte
João silva,2024-06-27,Masculino,Monitor,800.0,2,800,0:03:03,Belo horizonte
João silva,2024-10-10,Masculino,Mouse,3500.0,2,2400,0:00:46,Rio de janeiro
Ana clara,2023-10-08,,Mouse,800.0,1,2400,,Curitiba
Pedro alves,2023-08-26,Masculino,Monitor,800.0,2,10500,0:03:12,São paulo
João silva,2023-05-08,,Mouse,3500.0,1,150,,Porto alegre
Pedro alves,2023-08-09,Masculino,Notebook,120.0,3,1600,02:52:14,Porto alegre
Carlos lima,0024-06-10,Masculino,Notebook,800.0,2,1600,0:01:52,Porto alegre
Carlos lima,2024-09-26,,Monitor,1200.0,1,360,,Curitiba
Ana clara,2024-09-03,Masculino,Notebook,3500.0,3,3600,00:26:37,Porto alegre
Carlos lima,2024-05-09,Masculino,Monitor,3500.0,0,240,,Curitiba
Maria souza,2023-04-13,,Teclado,3500.0,2,150,0:02:28,São paulo
Carlos lima,2023-06-06,,Cadeira,1200.0,0,3500,,Porto alegre
João silva,2023-01-19,,Mouse,3500.0,2,1600,0:03:20,Curitiba
Ana clara,2023-09-16,,Mouse,1200.0,2,,0:03:52,Porto alegre
Ana clara,2024-07-12,,Monitor,3500.0,0,,,São paulo
João silva,2023-11-28,Masculino,Notebook,3500.0,2,2400,0:02:03,Belo horizonte
Maria souza,2024-09-27,Masculino,Teclado,120.0,3,2363,01:03:26,Rio de janeiro
Carlos lima,2023-01-03,,Cadeira,120.0,2,120,0:00:45,Belo horizonte
Pedro alves,2023-03-26,Masculino,Notebook,1200.0,2,360,0:00:27,Porto alegre
João silva,2023-11-03,,Cadeira,50.0,0,7000,,Curitiba
Pedro alves,2023-04-15,Masculino,Cadeira,800.0,2,10500,0:00:50,Porto alegre
João silva,2023-12-23,Masculino,Cadeira,50.0,0,120,,São paulo
Maria souza,0024-01-07,,Notebook,120.0,0,120,,Rio de janeiro
Maria souza,2024-09-22,,Monitor,50.0,1,7000,,Rio de janeiro
Pedro alves,2023-02-13,Masculino,Notebook,50.0,2,1200,0:01:51,Rio de janeiro
Carlos lima,2023-08-15,,Teclado,120.0,2,50,0:00:28,Rio de janeiro
Carlos lima,2023-09-15,,Cadeira,120.0,2,240,0:00:34,Curitiba
Carlos lima,2024-06-11,,Mouse,3500.0,2,1600,0:03:15,Rio de janeiro
Pedro alves,2024-02-24,,Monitor,800.0,1,120,,Rio de janeiro
Carlos lima,2024-10-28,Masculino,Notebook,120.0,0,50,,Porto alegre
Pedro alves,0024-08-12,,Mouse,800.0,0,7000,,Porto alegre
Carlos lima,0023-12-17,,Monitor,1200.0,2,240,0:00:43,Rio de janeiro
Pedro alves,0024-03-07,,Teclado,800.0,3,807,02:38:40,São paulo
Ana clara,0024-09-06,Masculino,Notebook,800.0,2,7000,0:02:43,Rio de janeiro
Pedro alves,0023-01-20,,Mouse,120.0,1,800,,Rio de janeiro
Pedro alves,0024-04-08,Masculino,Monitor,50.0,0,33,,Porto alegre
João silva,2024-07-13,,Monitor,120.0,0,,,Curitiba
Carlos lima,2023-07-13,,Cadeira,3500.0,3,3500,01:00:12,São paulo
Carlos lima,2024-06-14,Masculino,Mouse,800.0,0,,,Rio de janeiro
João silva,2024-06-07,,Teclado,3500.0,1,7000,,Curitiba
João silva,2024-08-10,,Notebook,3500.0,2,2400,0:03:46,Curitiba
Pedro alves,2024-06-09,Masculino,Mouse,120.0,0,7000,,Porto alegre
João silva,2023-03-06,Masculino,Notebook,800.0,0,,,São paulo
Maria souza,0023-12-05,Masculino,Teclado,1200.0,1,10500,,São paulo
João silva,2023-08-18,Masculino,Teclado,1200.0,3,10500,00:38:18,Curitiba
João silva,0023-04-20,Masculino,Teclado,800.0,2,120,0:00:27,Rio de janeiro
Pedro alves,2024-11-18,Masculino,Teclado,1200.0,2,2400,0:00:48,São paulo
Maria souza,0023-06-07,Masculino,Mouse,120.0,3,7000,00:55:12,São paulo
Pedro alves,2023-12-22,Masculino,Cadeira,800.0,3,50,00:28:38,São paulo
Pedro alves,0023-07-01,Masculino,Monitor,120.0,3,,02:52:35,Rio de janeiro
Pedro alves,2023-05-04,,Cadeira,3500.0,0,131,,Curitiba
João silva,2024-07-09,Masculino,Cadeira,3500.0,1,1200,,Porto alegre
Pedro alves,2024-04-12,Masculino,Cadeira,800.0,1,7000,,Rio de janeiro
João silva,0024-07-13,,Notebook,800.0,0,2400,,Curitiba
Carlos lima,2024-10-28,Masculino,Teclado,50.0,0,10500,,São paulo
Carlos lima,0024-05-15,Masculino,Cadeira,50.0,3,50,00:35:50,Rio de janeiro
Ana clara,2023-08-05,Masculino,Monitor,120.0,0,240,,Curitiba
Maria souza,0024-09-26,,Notebook,1200.0,3,7000,01:16:43,Curitiba
Pedro alves,2023-03-21,Masculino,Notebook,50.0,2,120,0:00:36,Curitiba
Pedro alves,0024-06-17,Masculino,Monitor,1200.0,2,50,0:00:02,Curitiba
Pedro alves,2024-03-02,Masculino,Notebook,800.0,2,800,0:00:34,Porto alegre
Ana clara,2024-01-21,,Monitor,3500.0,2,240,0:02:04,São paulo
Pedro alves,2023-01-09,Masculino,Cadeira,800.0,1,1200,,Belo horizonte
Pedro alves,0023-10-14,Masculino,Teclado,50.0,2,100,0:01:57,Curitiba
João silva,2024-02-13,Masculino,Notebook,800.0,0,3600,,Rio de janeiro
Ana clara,2023-09-03,Masculino,Mouse,1200.0,3,2400,02:55:49,Porto alegre
João silva,2024-01-13,Masculino,Cadeira,3500.0,1,10500,,Belo horizonte
João silva,2024-12-14,Masculino,Notebook,120.0,1,10493,,São paulo
João silva,2024-06-16,,Cadeira,50.0,0,2400,,Porto alegre
Ana clara,0024-11-03,,Mouse,50.0,1,,,Curitiba
Ana clara,0024-11-13,Masculino,Notebook,3500.0,3,2400,00:53:28,Belo horizonte
Ana clara,2024-07-09,,Notebook,120.0,1,1200,,Curitiba
Maria souza,2023-04-24,Masculino,Cadeira,120.0,2,,0:03:22,Curitiba
João silva,2023-12-10,,Monitor,120.0,3,2400,01:19:18,Porto alegre
João silva,0023-10-28,Masculino,Teclado,120.0,2,3600,0:02:52,São paulo
Maria souza,2024-02-14,,Mouse,800.0,2,,0:03:46,Rio de janeiro
Maria souza,2023-03-15,,Mouse,120.0,2,2400,0:00:50,Curitiba
João silva,0024-07-09,Masculino,Notebook,3500.0,1,1200,,Rio de janeiro
Maria souza,2024-09-18,Masculino,Teclado,1200.0,1,2400,,Rio de janeiro
João silva,0023-08-13,,Monitor,3500.0,2,10500,0:03:15,Curitiba
Pedro alves,2024-06-18,Masculino,Teclado,800.0,1,240,,Rio de janeiro
Carlos lima,2024-01-01,Masculino,Notebook,50.0,3,10500,02:58:53,São paulo
João silva,2023-10-09,Masculino,Mouse,800.0,2,50,0:01:12,São paulo
João silva,0024-12-24,,Mouse,1200.0,3,100,01:42:32,Curitiba
João silva,2024-05-22,,Cadeira,1200.0,1,,,Curitiba
Ana clara,2023-04-15,Masculino,Cadeira,1200.0,2,97,0:00:21,Curitiba
Maria souza,2024-02-05,Masculino,Monitor,3500.0,2,50,0:01:58,Rio de janeiro
Pedro alves,2023-04-24,,Notebook,3500.0,1,10500,,Belo horizonte
Pedro alves,2023-05-24,,Mouse,50.0,1,3500,,Curitiba
Pedro alves,2024-01-26,Masculino,Notebook,800.0,0,3498,,Curitiba
Carlos lima,0023-04-05,Masculino,Monitor,3500.0,1,,,Porto alegre
João silva,2024-10-23,,Notebook,800.0,2,150,0:03:27,Curitiba
Carlos lima,2023-06-10,,Notebook,120.0,2,,0:03:50,São paulo
Carlos lima,0023-08-11,,Notebook,50.0,3,50,01:56:39,São paulo
Pedro alves,2024-10-25,Masculino,Mouse,120.0,0,240,,Porto alegre
Maria souza,2024-05-15,Masculino,Teclado,800.0,1,360,,Curitiba
Pedro alves,2024-10-09,,Mouse,50.0,2,,0:00:52,Porto alegre
João silva,2023-05-08,,Mouse,50.0,0,,,São paulo
Pedro alves,2023-04-18,Masculino,Teclado,800.0,1,120,,São paulo
Carlos lima,2024-02-03,Masculino,Teclado,3500.0,2,10500,0:01:18,Porto alegre
Ana clara,0023-07-14,,Cadeira,3500.0,1,,,Curitiba
Carlos lima,2024-09-23,,Notebook,120.0,0,773,,São paulo
Maria souza,2024-01-20,Masculino,Mouse,1200.0,1,3500,,Porto alegre
Maria souza,2024-10-10,,Notebook,50.0,1,360,,Porto alegre
Maria souza,0023-11-06,,Monitor,50.0,1,,,Belo horizonte
João silva,2024-06-25,,Cadeira,800.0,2,50,0:03:47,Rio de janeiro
Carlos lima,0023-05-19,Masculino,Teclado,120.0,3,2400,01:12:00,Porto alegre
João silva,2023-04-07,Masculino,Mouse,120.0,1,7000,,Rio de janeiro
Maria souza,2023-09-06,,Mouse,800.0,2,67,0:00:44,São paulo
Maria souza,2023-07-14,Masculino,Monitor,1200.0,1,150,,Rio de janeiro
Pedro alves,2024-02-11,Masculino,Teclado,50.0,2,78,0:03:31,Belo horizonte
Pedro alves,2023-07-09,,Notebook,800.0,0,10500,,Rio de janeiro
Pedro alves,2023-07-25,Masculino,Mouse,800.0,1,,,São paulo
Maria souza,0024-09-28,Masculino,Monitor,120.0,1,150,,Belo horizonte
Pedro alves,0023-02-11,,Monitor,3500.0,1,1600,,Curitiba
João silva,2024-10-26,,Monitor,50.0,2,3480,0:00:14,Rio de janeiro
João silva,0023-07-14,Masculino,Monitor,120.0,3,,01:10:20,São paulo
Maria souza,2024-08-26,Masculino,Monitor,50.0,3,10500,02:56:03,Porto alegre
João silva,2024-07-20,,Monitor,1200.0,1,1600,,Curitiba
João silva,2024-06-07,,Mouse,1200.0,2,2400,0:03:32,Curitiba
Maria souza,0024-02-03,,Notebook,120.0,2,54,0:02:50,Belo horizonte
Maria souza,2024-08-24,,Teclado,120.0,1,2400,,Curitiba
Maria souza,0024-02-11,Masculino,Teclado,50.0,1,2417,,São paulo
Ana clara,2024-05-05,,Cadeira,50.0,1,1200,,Porto alegre
João silva,0023-12-24,Masculino,Notebook,3500.0,1,3600,,Rio de janeiro
Carlos lima,2023-03-25,,Monitor,50.0,3,100,02:56:49,Curitiba
Ana clara,0024-05-05,Masculino,Monitor,3500.0,3,10500,01:56:46,São paulo
Carlos lima,2024-12-20,Masculino,Cadeira,120.0,0,800,,Rio de janeiro
João silva,2023-06-10,,Notebook,3500.0,0,74,,Curitiba
João silva,2023-09-16,,Teclado,50.0,0,,,São paulo
Pedro alves,2024-06-16,,Cadeira,3500.0,2,,0:03:15,Rio de janeiro
Maria souza,2023-04-26,,Monitor,50.0,1,,,Porto alegre
Pedro alves,2024-02-15,,Cadeira,1200.0,2,,0:00:21,Belo horizonte
João silva,2024-07-02,,Notebook,1200.0,2,,0:03:39,Curitiba
João silva,2023-03-18,,Monitor,800.0,1,100,,Porto alegre
João silva,2023-03-14,,Notebook,1200.0,3,7000,00:19:32,Belo horizonte
Pedro alves,2023-01-20,,Notebook,800.0,0,1639,,Rio de janeiro
Ana clara,0024-07-24,,Teclado,50.0,2,1200,0:01:31,Belo horizonte
Maria souza,2023-04-22,Masculino,Mouse,3500.0,2,3600,0:00:40,Curitiba
Ana clara,0023-05-25,,Notebook,120.0,3,3611,02:02:26,São paulo
Ana clara,2023-11-23,Masculino,Teclado,120.0,3,100,00:16:39,São paulo
Ana clara,0023-09-10,Masculino,Monitor,3500.0,3,,02:17:44,Curitiba
João silva,2023-06-03,,Cadeira,3500.0,0,,,Rio de janeiro
Carlos lima,2024-01-11,Masculino,Teclado,3500.0,2,3600,0:00:04,Curitiba
Maria souza,0024-09-23,,Teclado,50.0,0,,,São paulo
Maria souza,2024-03-12,,Mouse,3500.0,1,3624,,Porto alegre
João silva,2024-08-12,,Teclado,50.0,2,,0:02:13,Rio de janeiro
João silva,2024-10-14,Masculino,Monitor,50.0,2,,0:00:52,Porto alegre
Carlos lima,2023-05-27,Masculino,Mouse,800.0,1,7041,,Porto alegre
João silva,2024-10-27,Masculino,Mouse,800.0,0,1200,,Rio de janeiro
Ana clara,2023-02-04,Masculino,Teclado,1200.0,1,2400,,Porto alegre
Carlos lima,0023-12-11,,Teclado,1200.0,2,100,0:03:42,Curitiba
Carlos lima,0024-05-02,Masculino,Cadeira,800.0,2,2400,0:00:43,Belo horizonte
Ana clara,2024-07-02,,Teclado,120.0,0,1200,,Rio de janeiro
Maria souza,2023-04-19,,Cadeira,1200.0,0,157,,Curitiba
Maria souza,0024-05-18,,Notebook,50.0,3,150,01:26:31,Rio de janeiro
João silva,2023-01-01,,Notebook,120.0,0,2400,,Rio de janeiro
João silva,2023-07-16,Masculino,Teclado,800.0,3,3500,01:00:42,Rio de janeiro
João silva,2024-02-27,Masculino,Notebook,800.0,1,2400,,São paulo
Maria souza,2023-09-05,,Teclado,50.0,0,120,,Porto alegre
Ana clara,2024-02-25,,Cadeira,1200.0,1,10500,,São paulo
João silva,2024-09-26,Masculino,Monitor,1200.0,3,2400,02:09:40,Porto alegre
Ana clara,2023-09-27,,Teclado,120.0,2,100,0:01:51,São paulo
Maria souza,2024-03-14,,Cadeira,800.0,3,97,01:49:36,Porto alegre
Pedro alves,0024-08-12,Masculino,Notebook,1200.0,3,7018,00:24:28,Rio de janeiro
João silva,0024-03-05,,Cadeira,50.0,1,100,,Belo horizonte
Carlos lima,2024-04-09,Masculino,Mouse,50.0,1,10504,,Rio de janeiro
Maria souza,2024-03-22,,Mouse,120.0,1,,,Porto alegre
Maria souza,2023-09-20,,Teclado,800.0,0,2400,,Porto alegre
Maria souza,2023-12-25,Masculino,Monitor,800.0,1,,,Porto alegre
Ana clara,2024-05-20,,Cadeira,120.0,0,240,,Curitiba
Ana clara,0023-09-22,,Notebook,800.0,1,360,,São paulo
Pedro alves,2024-09-14,Masculino,Monitor,800.0,2,1600,0:00:49,Rio de janeiro
Pedro alves,2023-08-28,Masculino,Cadeira,120.0,0,,,São paulo
Maria souza,2023-09-22,Masculino,Mouse,1200.0,1,,,Belo horizonte
João silva,2023-12-19,Masculino,Monitor,800.0,3,3500,01:45:27,Belo horizonte
Carlos lima,2024-08-16,Masculino,Cadeira,3500.0,0,120,,Rio de janeiro
Maria souza,2024-08-02,,Monitor,800.0,1,360,,Rio de janeiro
Maria souza,2024-07-18,,Teclado,50.0,3,,01:51:31,Curitiba
Maria souza,2023-01-15,Masculino,Mouse,50.0,3,2400,01:04:00,Porto alegre
Pedro alves,2023-07-06,Masculino,Teclado,120.0,0,246,,Curitiba
Pedro alves,2023-12-01,Masculino,Mouse,120.0,2,10500,0:02:45,Curitiba
Ana clara,2023-01-19,,Teclado,120.0,2,120,0:02:15,Curitiba
João silva,0023-03-06,,Teclado,800.0,1,,,Rio de janeiro
Pedro alves,2023-08-25,,Notebook,1200.0,3,360,00:27:33,São paulo
Ana clara,2024-07-27,,Notebook,800.0,3,3600,00:34:28,Porto alegre
Pedro alves,2024-02-06,Masculino,Monitor,50.0,0,287,,Porto alegre
Pedro alves,2023-04-19,Masculino,Notebook,1200.0,1,2413,,São paulo
Carlos lima,0023-10-26,Masculino,Cadeira,50.0,0,,,Curitiba
Maria souza,2024-12-02,Masculino,Notebook,50.0,2,800,0:01:15,São paulo
Maria souza,2023-11-28,Masculino,Cadeira,50.0,1,1200,,Curitiba
Maria souza,2024-08-06,Masculino,Mouse,800.0,2,3474,0:03:56,Curitiba
Maria souza,2023-02-12,Masculino,Notebook,1200.0,0,,,São paulo
Maria souza,2024-03-05,,Teclado,120.0,1,1200,,Porto alegre
Maria souza,2023-06-01,,Mouse,120.0,1,100,,Belo horizonte
Maria souza,0023-07-20,Masculino,Teclado,120.0,3,7000,00:26:44,Belo horizonte
Pedro alves,0024-02-21,Masculino,Teclado,120.0,3,3500,01:01:57,Belo horizonte
Carlos lima,2023-12-10,,Teclado,1200.0,1,,,Curitiba
Carlos lima,2023-09-22,Masculino,Monitor,120.0,3,120,01:49:42,Belo horizonte
Pedro alves,2023-01-26,,Teclado,800.0,2,7000,0:00:39,Curitiba
Pedro alves,2024-10-20,Masculino,Cadeira,3500.0,0,,,São paulo
Carlos lima,2023-10-05,,Monitor,50.0,3,3492,02:31:40,São paulo
Maria souza,2024-01-17,Masculino,Monitor,1200.0,3,50,02:53:19,Belo horizonte
João silva,0024-03-24,,Mouse,50.0,1,,,Curitiba
Carlos lima,2023-07-16,,Cadeira,1200.0,0,,,Porto alegre
Carlos lima,2023-10-12,Masculino,Monitor,1200.0,3,150,00:47:34,Porto alegre
Maria souza,2024-04-27,,Teclado,3500.0,3,120,01:09:23,São paulo
Maria souza,2024-03-01,,Monitor,50.0,0,150,,Rio de janeiro
Pedro alves,0023-07-05,,Notebook,3500.0,1,,,Rio de janeiro
Pedro alves,2024-10-14,,Cadeira,120.0,3,,01:12:38,Porto alegre
Pedro alves,2023-04-07,Masculino,Notebook,1200.0,1,10488,,Belo horizonte
Pedro alves,0024-11-18,,Monitor,120.0,0,800,,Curitiba
Maria souza,2023-12-25,,Teclado,50.0,3,50,02:20:26,Rio de janeiro
Pedro alves,2024-09-04,Masculino,Monitor,50.0,1,3600,,Rio de janeiro
Pedro alves,2023-07-18,,Teclado,50.0,1,2400,,Curitiba
Pedro alves,2024-07-03,Masculino,Teclado,50.0,0,100,,São paulo
Ana clara,2023-08-01,,Mouse,800.0,0,3511,,Porto alegre
Pedro alves,0024-12-24,,Notebook,800.0,3,134,02:51:59,Curitiba
Ana clara,2023-08-12,Masculino,Mouse,3500.0,0,1579,,Curitiba
Ana clara,2023-04-11,Masculino,Monitor,1200.0,2,,0:03:37,Porto alegre
Maria souza,2024-06-02,,Notebook,1200.0,3,240,00:48:45,Belo horizonte
Maria souza,2024-05-25,Masculino,Cadeira,800.0,2,7000,0:03:46,Rio de janeiro
Maria souza,2024-08-03,,Notebook,1200.0,2,120,0:03:01,Rio de janeiro
Maria souza,2024-07-07,Masculino,Teclado,120.0,3,1600,02:19:33,São paulo
João silva,2024-09-03,Masculino,Monitor,120.0,0,800,,Rio de janeiro
João silva,0024-09-22,Masculino,Cadeira,3500.0,2,50,0:00:31,Rio de janeiro
Carlos lima,2023-11-12,Masculino,Notebook,3500.0,0,,,Rio de janeiro
Carlos lima,2023-06-24,,Teclado,1200.0,3,,02:40:59,Rio de janeiro
João silva,0024-12-25,,Mouse,50.0,0,,,Rio de janeiro
Carlos lima,2023-08-16,,Cadeira,800.0,2,360,0:03:08,Curitiba
Pedro alves,2024-02-05,,Notebook,1200.0,3,67,02:47:08,Belo horizonte
Maria souza,0024-12-06,Masculino,Cadeira,50.0,3,,02:53:06,São paulo
Pedro alves,0024-01-05,Masculino,Cadeira,800.0,0,120,,Curitiba
Pedro alves,0024-03-05,,Mouse,120.0,3,240,00:04:31,Belo horizonte
Carlos lima,0023-07-20,,Teclado,50.0,3,50,02:32:33,Belo horizonte
Ana clara,2024-08-15,,Mouse,1200.0,1,150,,Rio de janeiro
Carlos lima,2023-02-09,Masculino,Teclado,1200.0,3,10491,00:43:30,São paulo
João silva,2024-05-04,Masculino,Notebook,120.0,2,2400,0:00:04,Porto alegre
Maria souza,0023-08-23,,Notebook,1200.0,3,163,02:42:11,Curitiba
Maria souza,2023-10-14,,Cadeira,1200.0,0,1200,,Porto alegre
Pedro alves,2023-05-04,,Teclado,800.0,1,,,São paulo
Pedro alves,2024-05-17,,Cadeira,3500.0,0,800,,Rio de janeiro
Ana clara,2024-08-05,Masculino,Teclado,3500.0,0,800,,Curitiba
Pedro alves,2024-02-04,,Notebook,800.0,2,10500,0:03:16,Porto alegre
Ana clara,2024-08-28,Masculino,Teclado,50.0,2,240,0:01:59,Curitiba
Pedro alves,2023-08-11,Masculino,Cadeira,1200.0,0,186,,Belo horizonte
Ana clara,2024-04-06,Masculino,Cadeira,50.0,2,240,0:01:30,Rio de janeiro
Ana clara,2023-12-05,,Cadeira,3500.0,2,2366,0:02:01,Porto alegre
Ana clara,0023-05-13,,Monitor,50.0,0,240,,Belo horizonte
Ana clara,2023-06-05,Masculino,Teclado,3500.0,3,2400,02:29:23,Rio de janeiro
Carlos lima,2024-11-26,,Monitor,3500.0,1,100,,Rio de janeiro
Maria souza,0024-03-13,Masculino,Monitor,1200.0,3,120,02:44:53,Curitiba
João silva,0023-01-22,Masculino,Monitor,3500.0,3,139,00:38:15,São paulo
João silva,2023-09-17,Masculino,Teclado,3500.0,2,2400,0:01:31,Porto alegre
João silva,2023-09-13,Masculino,Cadeira,800.0,1,2400,,Curitiba
João silva,2023-09-11,Masculino,Cadeira,120.0,1,800,,Belo horizonte
João silva,2023-06-18,,Cadeira,3500.0,2,50,0:00:08,Porto alegre
João silva,0024-07-09,Masculino,Teclado,3500.0,2,240,0:02:42,Rio de janeiro
Pedro alves,2023-04-25,Masculino,Mouse,50.0,1,2400,,Curitiba
Pedro alves,2023-02-11,,Mouse,800.0,2,240,0:00:31,Curitiba
Ana clara,2023-02-17,Masculino,Teclado,800.0,0,,,Porto alegre
Maria souza,2023-01-09,,Cadeira,800.0,2,2400,0:02:48,Rio de janeiro
João silva,0023-02-04,Masculino,Teclado,50.0,3,3600,01:44:52,Porto alegre
Carlos lima,0023-03-27,,Mouse,3500.0,0,76,,Rio de janeiro
Carlos lima,2023-06-03,,Teclado,50.0,3,800,01:52:06,Curitiba
João silva,2023-11-01,Masculino,Notebook,50.0,0,150,,Belo horizonte
João silva,0023-03-16,,Mouse,50.0,2,270,0:02:07,Curitiba
Carlos lima,2023-09-26,Masculino,Mouse,3500.0,2,800,0:02:43,Curitiba
Ana clara,2023-04-27,Masculino,Cadeira,120.0,1,2400,,Porto alegre
Ana clara,2024-01-20,,Mouse,800.0,3,,02:44:52,Rio de janeiro
João silva,2024-05-07,Masculino,Monitor,120.0,0,,,Porto alegre
Maria souza,2024-12-10,Masculino,Notebook,800.0,1,100,,Curitiba
Carlos lima,2023-05-26,Masculino,Monitor,50.0,1,1200,,Porto alegre
Carlos lima,2024-05-12,Masculino,Monitor,800.0,3,2400,00:21:17,Porto alegre
Ana clara,2024-04-17,,Notebook,3500.0,3,,00:21:57,Rio de janeiro
João silva,2023-09-09,Masculino,Notebook,120.0,2,10514,0:03:44,Curitiba
Carlos lima,2023-12-14,Masculino,Monitor,3500.0,0,240,,Curitiba
João silva,2024-06-06,Masculino,Teclado,50.0,1,150,,Porto alegre
Maria souza,2024-10-10,,Cadeira,50.0,0,,,Belo horizonte
Maria souza,2024-06-04,,Monitor,1200.0,2,74,0:00:05,Porto alegre
Ana clara,2023-06-01,Masculino,Cadeira,50.0,0,3600,,Porto alegre
Maria souza,2023-02-16,Masculino,Cadeira,50.0,0,2400,,Rio de janeiro
João silva,0023-10-06,,Mouse,1200.0,0,,,Rio de janeiro
João silva,2024-04-13,,Mouse,800.0,2,77,0:00:54,Rio de janeiro
Carlos lima,0023-04-13,Masculino,Mouse,1200.0,0,,,Belo horizonte
João silva,2024-11-04,,Monitor,3500.0,0,831,,Belo horizonte
Ana clara,2024-05-16,,Cadeira,800.0,3,3500,00:56:00,Belo horizonte
João silva,2024-05-26,Masculino,Cadeira,50.0,1,120,,Belo horizonte
João silva,2023-12-14,,Mouse,800.0,1,,,Rio de janeiro
Pedro alves,2024-04-04,,Monitor,120.0,2,10500,0:03:11,Porto alegre
Pedro alves,0024-07-12,Masculino,Notebook,1200.0,0,360,,Belo horizonte
Ana clara,2023-10-03,,Monitor,120.0,1,1600,,Rio de janeiro
João silva,2023-10-19,Masculino,Monitor,50.0,2,,0:03:44,Porto alegre
João silva,0024-03-25,Masculino,Notebook,800.0,1,150,,Porto alegre
Maria souza,2023-06-22,Masculino,Teclado,3500.0,1,,,Curitiba
Ana clara,2024-05-28,Masculino,Cadeira,120.0,2,100,0:03:14,Rio de janeiro
Carlos lima,0024-09-02,,Monitor,50.0,2,240,0:01:41,São paulo
Carlos lima,0023-07-06,Masculino,Cadeira,800.0,0,,,Curitiba
Carlos lima,2023-10-20,Masculino,Notebook,3500.0,2,7000,0:00:08,Porto alegre
Carlos lima,2023-02-09,,Notebook,50.0,0,3600,,Curitiba
Ana clara,2023-02-09,,Notebook,1200.0,1,2368,,Rio de janeiro
Pedro alves,2024-10-02,Masculino,Cadeira,120.0,0,800,,Curitiba
Ana clara,2024-01-21,,Notebook,3500.0,2,,0:00:47,Curitiba
Pedro alves,2024-11-17,,Cadeira,3500.0,2,,0:00:52,Curitiba
Maria souza,2023-12-08,,Cadeira,50.0,0,2400,,São paulo
Carlos lima,2024-01-06,Masculino,Cadeira,1200.0,0,248,,Porto alegre
Ana clara,2024-04-13,,Notebook,50.0,3,100,00:52:23,Belo horizonte
Pedro alves,0024-02-25,Masculino,Notebook,3500.0,2,360,0:01:18,Rio de janeiro
Pedro alves,2024-03-16,,Mouse,3500.0,2,3573,0:00:24,Porto alegre
Pedro alves,2023-05-21,,Notebook,50.0,0,1600,,Curitiba
Maria souza,0024-09-07,,Mouse,120.0,0,10500,,São paulo
Pedro alves,0024-07-01,Masculino,Teclado,120.0,0,50,,Belo horizonte
Maria souza,0024-12-05,Masculino,Cadeira,1200.0,2,240,0:02:40,Belo horizonte
João silva,2023-08-24,,Mouse,3500.0,0,,,Curitiba
Ana clara,2023-12-16,,Cadeira,120.0,2,10523,0:01:46,Curitiba
Ana clara,0023-03-26,Masculino,Cadeira,50.0,0,240,,Belo horizonte
Ana clara,2024-06-18,,Notebook,1200.0,2,3500,0:03:21,Curitiba
Carlos lima,2024-09-13,Masculino,Cadeira,120.0,2,,0:01:22,Belo horizonte
João silva,0024-10-11,Masculino,Teclado,120.0,2,,0:01:21,Curitiba
Carlos lima,2023-03-01,,Notebook,3500.0,1,150,,Rio de janeiro
Maria souza,2024-04-14,,Cadeira,1200.0,3,1200,01:51:55,Porto alegre
Ana clara,2023-01-07,Masculino,Monitor,50.0,2,,0:00:53,Porto alegre
Ana clara,0023-10-22,Masculino,Notebook,1200.0,1,2400,,Porto alegre
Ana clara,2023-05-19,Masculino,Mouse,3500.0,1,240,,Curitiba
João silva,2023-08-19,Masculino,Monitor,50.0,0,150,,Porto alegre
Ana clara,2023-06-15,,Notebook,50.0,0,360,,São paulo
Ana clara,2023-08-05,Masculino,Cadeira,800.0,1,50,,Curitiba
Ana clara,2023-05-22,,Cadeira,1200.0,2,7000,0:00:13,Curitiba
Pedro alves,2023-02-20,Masculino,Notebook,50.0,1,,,Rio de janeiro
Pedro alves,2023-05-16,Masculino,Mouse,1200.0,3,,00:23:32,Rio de janeiro
Maria souza,2023-11-28,,Notebook,1200.0,0,2400,,Belo horizonte
João silva,2023-06-22,Masculino,Mouse,50.0,2,142,0:01:46,São paulo
Pedro alves,2024-09-22,Masculino,Mouse,3500.0,2,1620,0:00:03,Porto alegre
Pedro alves,0023-06-02,Masculino,Mouse,800.0,0,,,São paulo
Ana clara,2024-09-15,Masculino,Teclado,800.0,2,,0:01:37,Belo horizonte
João silva,2023-07-14,Masculino,Monitor,120.0,0,,,São paulo
Pedro alves,0024-02-22,Masculino,Notebook,50.0,2,150,0:01:30,São paulo
Carlos lima,2024-11-21,Masculino,Monitor,50.0,0,3583,,Rio de janeiro
Carlos lima,2023-08-28,Masculino,Mouse,120.0,3,10500,02:13:41,Rio de janeiro
João silva,2024-07-12,Masculino,Mouse,50.0,1,120,,Curitiba
Ana clara,2024-03-25,Masculino,Monitor,800.0,0,3500,,Curitiba
Ana clara,0023-10-23,,Cadeira,3500.0,1,50,,São paulo
Ana clara,2024-12-17,Masculino,Teclado,50.0,1,2400,,Rio de janeiro
Pedro alves,2024-05-28,,Cadeira,120.0,2,1200,0:03:00,Curitiba
Pedro alves,2024-01-22,Masculino,Cadeira,800.0,1,50,,Belo horizonte
Carlos lima,2023-09-06,,Mouse,1200.0,2,150,0:02:10,Curitiba
Ana clara,0023-10-28,Masculino,Teclado,50.0,1,150,,Porto alegre
João silva,0023-04-15,,Monitor,800.0,0,2400,,Belo horizonte
João silva,2024-07-15,,Cadeira,120.0,2,152,0:01:39,Belo horizonte
Carlos lima,2024-03-19,Masculino,Monitor,3500.0,3,1200,02:11:52,São paulo
Ana clara,2024-12-15,,Mouse,800.0,0,360,,Rio de janeiro
Ana clara,0023-09-11,Masculino,Mouse,120.0,3,1600,01:36:10,Rio de janeiro
Carlos lima,0023-08-18,Masculino,Mouse,50.0,1,3500,,São paulo
Maria souza,2024-10-14,,Notebook,3500.0,3,50,02:35:34,São paulo
Ana clara,2023-12-10,Masculino,Notebook,3500.0,0,,,Curitiba
Pedro alves,2024-09-23,Masculino,Mouse,50.0,3,240,00:09:32,Porto alegre
João silva,2023-11-26,,Mouse,120.0,0,1600,,Curitiba
Ana clara,2024-04-08,Masculino,Cadeira,800.0,3,2400,00:26:41,Porto alegre
João silva,2023-12-25,,Monitor,3500.0,1,120,,Porto alegre
Carlos lima,2023-02-11,Masculino,Mouse,50.0,3,224,02:46:58,Curitiba
Maria souza,2024-02-14,,Mouse,120.0,2,2400,0:02:03,Rio de janeiro
João silva,2023-07-24,Masculino,Mouse,3500.0,3,1600,00:30:57,São paulo
Pedro alves,0023-12-18,,Mouse,3500.0,1,,,Belo horizonte
João silva,2023-07-07,,Teclado,3500.0,3,81,00:37:32,Belo horizonte
Pedro alves,2023-04-02,Masculino,Cadeira,120.0,2,,0:01:54,Porto alegre
Pedro alves,2024-01-16,,Mouse,3500.0,2,50,0:01:14,São paulo
Carlos lima,2024-05-09,Masculino,Teclado,3500.0,0,10500,,Rio de janeiro
Maria souza,2023-10-10,Masculino,Mouse,120.0,2,,0:02:52,São paulo
Carlos lima,2023-09-05,Masculino,Teclado,800.0,0,2400,,Rio de janeiro
Pedro alves,2024-01-23,Masculino,Cadeira,120.0,1,120,,Porto alegre
João silva,2024-05-20,,Cadeira,1200.0,0,3500,,São paulo
João silva,2024-02-12,,Monitor,50.0,0,150,,Curitiba
Maria souza,0024-04-11,Masculino,Notebook,800.0,2,,0:03:41,Curitiba
Carlos lima,2023-11-06,Masculino,Notebook,800.0,0,100,,Belo horizonte
Ana clara,0024-12-22,,Teclado,800.0,2,84,0:02:34,Curitiba
Ana clara,2024-03-15,,Monitor,800.0,1,1600,,São paulo
Pedro alves,2024-12-17,,Teclado,1200.0,1,800,,Curitiba
João silva,0023-09-13,Masculino,Notebook,1200.0,2,2400,0:03:45,Belo horizonte
Maria souza,0023-04-13,,Teclado,120.0,3,,02:24:26,Porto alegre
Maria souza,2024-04-24,,Teclado,3500.0,0,122,,Porto alegre
Carlos lima,2023-08-24,Masculino,Cadeira,800.0,1,150,,Rio de janeiro
Pedro alves,2024-07-05,Masculino,Notebook,1200.0,2,150,0:02:31,Rio de janeiro
Pedro alves,2024-07-01,Masculino,Mouse,120.0,3,,00:10:01,Curitiba
Pedro alves,0023-01-24,Masculino,Mouse,3500.0,2,3500,0:03:59,Curitiba
Ana clara,2023-08-16,,Monitor,3500.0,3,2400,02:51:29,Curitiba
João silva,2024-07-18,,Teclado,120.0,0,3500,,Belo horizonte
Ana clara,2023-02-17,,Teclado,1200.0,0,,,Porto alegre
Carlos lima,2023-06-19,Masculino,Monitor,800.0,3,2400,02:39:23,Rio de janeiro
Pedro alves,2023-09-19,Masculino,Monitor,50.0,1,10518,,Rio de janeiro
Pedro alves,2024-10-19,Masculino,Cadeira,3500.0,1,,,Curitiba
Carlos lima,0023-07-20,,Mouse,3500.0,1,10535,,Curitiba
Carlos lima,0023-07-21,Masculino,Notebook,3500.0,3,360,01:22:14,Porto alegre
Carlos lima,2024-06-14,Masculino,Notebook,1200.0,1,2400,,Rio de janeiro
João silva,2023-06-18,Masculino,Teclado,3500.0,2,150,0:02:58,São paulo
Pedro alves,2024-12-24,,Teclado,3500.0,0,148,,São paulo
Pedro alves,0024-09-25,Masculino,Cadeira,120.0,0,3600,,Porto alegre
Carlos lima,2024-06-01,Masculino,Teclado,3500.0,0,,,Porto alegre
Carlos lima,2023-03-04,Masculino,Teclado,3500.0,3,,00:32:20,Belo horizonte
Carlos lima,0023-11-15,Masculino,Notebook,3500.0,3,2382,00:12:59,Porto alegre
Maria souza,2024-05-13,,Cadeira,3500.0,2,129,0:02:15,Rio de janeiro
Ana clara,2023-07-20,,Mouse,3500.0,0,3500,,Porto alegre
Ana clara,2024-03-09,Masculino,Teclado,120.0,2,3600,0:00:19,Rio de janeiro
Pedro alves,2023-01-17,Masculino,Notebook,1200.0,3,,01:12:36,Curitiba
João silva,2024-05-01,Masculino,Cadeira,800.0,2,150,0:00:24,Porto alegre
Ana clara,2024-10-01,,Mouse,800.0,3,,01:08:30,Rio de janeiro
Maria souza,2024-08-09,,Mouse,1200.0,3,1600,00:45:24,Belo horizonte
João silva,0023-04-02,Masculino,Notebook,50.0,2,120,0:01:27,São paulo
Maria souza,0023-04-03,Masculino,Notebook,120.0,0,3556,,Rio de janeiro
João silva,0023-04-16,Masculino,Notebook,3500.0,1,100,,São paulo
João silva,2023-08-16,,Mouse,50.0,0,,,Belo horizonte
João silva,2023-11-23,,Notebook,800.0,0,,,Curitiba
Pedro alves,0023-11-11,,Monitor,120.0,2,360,0:00:33,Belo horizonte
Pedro alves,2023-12-05,Masculino,Cadeira,1200.0,1,152,,Porto alegre
Carlos lima,2023-06-17,Masculino,Teclado,800.0,2,170,0:02:05,Rio de janeiro
Ana clara,0023-06-22,Masculino,Teclado,120.0,0,3500,,São paulo
Ana clara,2023-08-13,,Monitor,800.0,2,7000,0:02:13,São paulo
Ana clara,2023-12-08,,Mouse,50.0,0,1628,,Rio de janeiro
Ana clara,2024-08-19,Masculino,Teclado,50.0,3,120,02:31:24,Rio de janeiro
Carlos lima,2024-02-27,,Cadeira,800.0,3,1600,02:37:46,Belo horizonte
Carlos lima,0024-09-26,Masculino,Cadeira,1200.0,1,50,,Rio de janeiro
Ana clara,2024-09-25,,Notebook,1200.0,2,3500,0:03:50,Belo horizonte
João silva,0023-06-07,,Mouse,50.0,0,,,Porto alegre
Pedro alves,0023-12-02,,Teclado,1200.0,3,,01:28:09,Porto alegre
João silva,2024-11-23,,Monitor,50.0,1,,,São paulo
João silva,2024-12-24,,Teclado,50.0,1,,,Belo horizonte
Pedro alves,0024-12-09,,Notebook,800.0,2,360,0:01:41,Belo horizonte
Carlos lima,2023-08-12,,Notebook,800.0,2,,0:01:44,Curitiba
Pedro alves,2024-06-19,Masculino,Monitor,800.0,3,6995,02:18:59,Porto alegre
Ana clara,2023-03-11,,Monitor,1200.0,1,120,,Rio de janeiro
Ana clara,2024-02-10,Masculino,Monitor,50.0,2,233,0:02:37,Porto alegre
João silva,2024-11-25,Masculino,Teclado,800.0,0,,,Rio de janeiro
Carlos lima,0024-03-24,Masculino,Notebook,1200.0,0,3600,,Curitiba
Carlos lima,2023-05-16,Masculino,Cadeira,50.0,2,95,0:00:47,São paulo
Carlos lima,2024-03-04,Masculino,Cadeira,120.0,3,389,02:30:32,Curitiba
Ana clara,0023-07-15,Masculino,Cadeira,50.0,0,7000,,São paulo
Pedro alves,2023-09-12,,Teclado,120.0,3,3500,01:33:09,Rio de janeiro
Maria souza,2023-12-07,,Cadeira,120.0,1,1600,,Porto alegre
Maria souza,0024-10-16,,Teclado,1200.0,3,2400,02:32:12,Rio de janeiro
Maria souza,2024-03-17,Masculino,Mouse,120.0,3,240,00:35:17,Porto alegre
Maria souza,0024-07-03,,Cadeira,800.0,1,2400,,Curitiba
Maria souza,2024-09-04,,Monitor,50.0,3,,01:16:26,Porto alegre
Pedro alves,0024-07-07,Masculino,Monitor,50.0,3,,00:20:45,Porto alegre
Ana clara,2023-03-06,Masculino,Mouse,3500.0,3,,00:07:51,Belo horizonte
Pedro alves,2024-12-02,Masculino,Mouse,1200.0,1,3500,,São paulo
Ana clara,2023-09-01,,Notebook,3500.0,0,193,,Belo horizonte
Carlos lima,2024-11-08,,Mouse,800.0,0,120,,Porto alegre
Carlos lima,2023-10-23,,Teclado,50.0,2,50,0:01:27,Belo horizonte
Pedro alves,2024-03-25,,Monitor,3500.0,3,51,01:24:35,Rio de janeiro
João silva,2024-12-22,,Cadeira,50.0,0,,,São paulo
Maria souza,2024-01-28,,Cadeira,1200.0,0,150,,São paulo
João silva,2023-05-05,,Monitor,3500.0,2,7000,0:02:53,Curitiba
Ana clara,2024-12-07,,Notebook,800.0,2,360,0:03:37,Curitiba
Carlos lima,2024-11-09,,Teclado,1200.0,2,,0:03:12,Belo horizonte
Carlos lima,2024-05-09,,Monitor,50.0,1,7000,,São paulo
João silva,2023-06-14,Masculino,Mouse,800.0,1,100,,Curitiba
João silva,2024-06-27,,Cadeira,3500.0,1,120,,São paulo
Maria souza,0023-02-16,,Cadeira,800.0,0,7000,,Belo horizonte
João silva,2024-12-08,Masculino,Notebook,1200.0,2,7000,0:02:05,Porto alegre
João silva,2023-02-23,Masculino,Cadeira,120.0,3,360,00:26:20,Belo horizonte
Carlos lima,2024-03-27,,Notebook,50.0,2,100,0:02:37,Porto alegre
Ana clara,0024-04-14,,Cadeira,50.0,2,50,0:03:38,Rio de janeiro
Pedro alves,2023-07-21,,Notebook,800.0,0,2400,,Curitiba
Maria souza,2024-06-03,Masculino,Cadeira,800.0,3,3500,01:18:33,Porto alegre
Maria souza,2024-04-18,Masculino,Teclado,3500.0,2,360,0:03:02,Belo horizonte
Maria souza,2023-12-17,Masculino,Monitor,120.0,0,3462,,Belo horizonte
Maria souza,2024-06-12,,Monitor,120.0,2,240,0:02:11,São paulo
Pedro alves,0023-01-03,,Monitor,50.0,1,1600,,São paulo
Carlos lima,2024-01-20,Masculino,Mouse,800.0,0,800,,São paulo
Carlos lima,0023-10-15,Masculino,Mouse,1200.0,2,127,0:01:50,São paulo
Carlos lima,0023-09-03,,Teclado,800.0,2,2400,0:00:10,Belo horizonte
Carlos lima,0024-01-26,Masculino,Teclado,50.0,0,,,São paulo
João silva,2024-05-14,,Teclado,1200.0,3,6989,00:29:08,Porto alegre
Carlos lima,2024-02-16,Masculino,Teclado,50.0,1,7047,,São paulo
Carlos lima,2024-05-22,,Mouse,800.0,2,,0:01:54,Belo horizonte
Carlos lima,0024-12-08,Masculino,Notebook,3500.0,1,,,São paulo
Ana clara,0024-11-07,Masculino,Monitor,50.0,2,,0:01:35,Rio de janeiro
Ana clara,2023-10-01,Masculino,Mouse,50.0,1,,,Belo horizonte
Ana clara,2024-03-24,,Monitor,120.0,2,,0:01:02,São paulo
Pedro alves,2024-04-09,,Cadeira,800.0,2,3561,0:03:18,Rio de janeiro
Carlos lima,2023-03-14,,Notebook,120.0,3,237,00:03:00,Belo horizonte
Ana clara,2024-03-24,Masculino,Teclado,800.0,1,120,,Porto alegre
João silva,0023-02-13,,Teclado,120.0,3,,01:57:37,Porto alegre
João silva,0023-10-20,Masculino,Mouse,120.0,3,120,00:42:32,Rio de janeiro
João silva,2023-04-07,,Mouse,1200.0,0,,,Rio de janeiro
Pedro alves,2023-12-28,Masculino,Notebook,120.0,2,1200,0:00:11,São paulo
Carlos lima,2024-02-12,,Mouse,800.0,0,,,São paulo
Carlos lima,2024-07-12,,Monitor,3500.0,1,,,Curitiba
Ana clara,0024-10-17,,Monitor,120.0,0,,,Curitiba
João silva,0024-01-20,Masculino,Cadeira,50.0,3,150,01:40:19,Curitiba
João silva,2023-07-05,,Notebook,800.0,3,2400,01:31:08,Rio de janeiro
Maria souza,2023-04-19,,Mouse,800.0,2,3591,0:02:50,Rio de janeiro
Pedro alves,0024-09-20,,Teclado,120.0,0,150,,Porto alegre
Carlos lima,2024-07-21,,Notebook,120.0,0,3500,,Curitiba
Maria souza,0023-05-03,Masculino,Teclado,50.0,3,10500,01:09:20,São paulo
Ana clara,2024-11-17,,Teclado,1200.0,3,2400,02:38:09,Rio de janeiro
João silva,2023-02-07,,Cadeira,3500.0,3,2400,01:03:38,Porto alegre
Carlos lima,2024-07-25,Masculino,Monitor,1200.0,3,3500,02:14:48,Porto alegre
Maria souza,2023-06-25,,Mouse,3500.0,1,800,,Belo horizonte
Ana clara,2023-09-21,,Teclado,3500.0,1,,,Belo horizonte
João silva,2023-04-04,,Cadeira,3500.0,3,798,01:56:05,Curitiba
Maria souza,2024-02-19,,Teclado,800.0,0,,,Porto alegre
Maria souza,2024-07-01,Masculino,Teclado,3500.0,3,,02:15:28,São paulo
Maria souza,0024-01-09,Masculino,Mouse,3500.0,3,800,01:10:56,Rio de janeiro
Carlos lima,2023-08-08,Masculino,Monitor,50.0,3,1600,02:07:22,Curitiba
Carlos lima,0024-05-06,,Monitor,120.0,3,360,01:48:31,Porto alegre
Pedro alves,2023-05-10,Masculino,Cadeira,3500.0,2,,0:02:54,Rio de janeiro
Carlos lima,2023-03-11,Masculino,Notebook,3500.0,3,10500,01:44:29,Belo horizonte
João silva,2023-02-17,Masculino,Cadeira,1200.0,3,,02:48:24,Rio de janeiro
Ana clara,2024-12-21,Masculino,Teclado,50.0,3,2400,01:37:19,Porto alegre
Carlos lima,2024-11-25,Masculino,Notebook,1200.0,3,2400,02:59:55,Belo horizonte
Maria souza,2023-06-28,Masculino,Mouse,120.0,0,2400,,Porto alegre
Pedro alves,2023-01-07,,Cadeira,120.0,2,3600,0:01:00,São paulo
Carlos lima,0023-09-06,Masculino,Monitor,50.0,0,,,São paulo
Pedro alves,0023-10-01,,Monitor,800.0,0,50,,Rio de janeiro
Carlos lima,2023-11-14,Masculino,Cadeira,120.0,2,10500,0:00:46,Rio de janeiro
Carlos lima,2023-01-28,Masculino,Monitor,50.0,0,10500,,Curitiba
João silva,2023-01-19,Masculino,Mouse,120.0,2,10500,0:01:16,Rio de janeiro
Carlos lima,2023-09-25,Masculino,Mouse,3500.0,2,150,0:02:30,Rio de janeiro
Pedro alves,2023-05-15,Masculino,Cadeira,1200.0,1,100,,Porto alegre
Pedro alves,2023-05-11,,Notebook,1200.0,2,360,0:03:10,Curitiba
Ana clara,2024-12-21,Masculino,Mouse,1200.0,1,120,,São paulo
Maria souza,0023-11-12,,Notebook,50.0,3,360,02:58:16,São paulo
João silva,2024-09-16,Masculino,Mouse,3500.0,1,1569,,Rio de janeiro
João silva,2024-01-18,Masculino,Monitor,1200.0,1,,,Porto alegre
Maria souza,2023-06-16,,Cadeira,120.0,1,240,,Rio de janeiro
Maria souza,2024-07-16,,Notebook,50.0,2,50,0:03:32,Rio de janeiro
Maria souza,2023-03-04,,Monitor,1200.0,1,2400,,Belo horizonte
Ana clara,2023-01-05,Masculino,Mouse,800.0,1,1627,,Belo horizonte
Carlos lima,2023-01-15,Masculino,Teclado,3500.0,3,1600,02:16:09,Belo horizonte
João silva,2024-03-10,Masculino,Monitor,3500.0,2,248,0:00:15,Belo horizonte
João silva,0024-09-15,,Teclado,50.0,0,50,,São paulo
Pedro alves,2023-08-14,,Notebook,3500.0,1,7000,,São paulo
Carlos lima,2023-03-14,,Mouse,800.0,2,1641,0:00:53,Rio de janeiro
Pedro alves,2024-08-16,Masculino,Teclado,120.0,3,3500,00:23:09,Rio de janeiro
Carlos lima,2023-04-20,,Monitor,3500.0,3,100,01:01:13,Porto alegre
Carlos lima,2024-08-13,Masculino,Cadeira,1200.0,3,,00:11:16,Rio de janeiro
Pedro alves,0023-04-23,,Teclado,120.0,0,10500,,Curitiba
Pedro alves,0023-09-14,Masculino,Teclado,800.0,0,120,,São paulo
Pedro alves,2023-02-23,,Notebook,120.0,1,1559,,São paulo
Maria souza,2024-01-15,Masculino,Teclado,1200.0,0,,,São paulo
João silva,2023-02-28,Masculino,Cadeira,50.0,1,,,Belo horizonte
Ana clara,2023-09-12,,Cadeira,120.0,0,120,,Curitiba
Ana clara,2024-01-05,Masculino,Notebook,800.0,0,3600,,Curitiba
Ana clara,2023-08-21,,Cadeira,3500.0,0,,,São paulo
Maria souza,2024-03-15,,Mouse,800.0,2,360,0:01:48,Curitiba
Pedro alves,2023-02-15,Masculino,Cadeira,120.0,0,2400,,Rio de janeiro
Pedro alves,2023-07-26,,Monitor,50.0,0,120,,Curitiba
Pedro alves,2023-07-19,Masculino,Teclado,50.0,2,50,0:00:43,Rio de janeiro
Carlos lima,2024-05-26,Masculino,Notebook,800.0,1,240,,Belo horizonte
Carlos lima,2023-07-05,,Cadeira,800.0,1,10500,,Porto alegre
Carlos lima,0023-10-21,,Mouse,800.0,0,10518,,Porto alegre
Pedro alves,2024-01-14,,Cadeira,3500.0,2,2355,0:02:55,Porto alegre
Pedro alves,2023-10-13,,Notebook,120.0,0,150,,São paulo
Carlos lima,2024-07-06,,Teclado,800.0,1,1600,,Curitiba
João silva,2024-02-21,,Cadeira,1200.0,3,238,00:48:07,Porto alegre
Pedro alves,0023-02-18,,Monitor,120.0,2,4,0:01:50,São paulo
Pedro alves,2024-07-17,Masculino,Teclado,120.0,3,,01:41:09,São paulo
Pedro alves,2024-09-12,Masculino,Monitor,120.0,2,,0:01:49,Porto alegre
Maria souza,2023-11-01,,Notebook,50.0,0,3500,,Curitiba
João silva,2024-05-03,,Mouse,120.0,3,100,02:09:42,Rio de janeiro
Ana clara,2024-01-19,,Notebook,50.0,3,92,00:57:58,Rio de janeiro
Ana clara,2023-09-16,Masculino,Mouse,3500.0,1,10500,,Rio de janeiro
Carlos lima,0024-02-21,,Cadeira,800.0,2,100,0:02:02,Porto alegre
Maria souza,0024-07-06,,Teclado,120.0,2,10500,0:02:42,Rio de janeiro
Pedro alves,2023-02-24,Masculino,Mouse,1200.0,0,7000,,Belo horizonte
Pedro alves,2023-07-17,,Teclado,800.0,1,7028,,São paulo
Pedro alves,2024-12-01,,Cadeira,50.0,0,10500,,Porto alegre
Pedro alves,2024-11-07,Masculino,Cadeira,1200.0,1,150,,Belo horizonte
Ana clara,2024-08-21,Masculino,Notebook,800.0,3,1600,00:59:40,Belo horizonte
João silva,2024-08-16,,Cadeira,120.0,1,2400,,São paulo
Carlos lima,2024-11-26,Masculino,Cadeira,800.0,2,,0:00:05,Porto alegre
João silva,2023-06-22,Masculino,Mouse,50.0,0,,,Porto alegre
João silva,2023-10-17,Masculino,Notebook,50.0,3,240,02:34:10,Belo horizonte
Pedro alves,2023-05-26,Masculino,Monitor,3500.0,3,,01:30:58,São paulo
Maria souza,2023-06-27,,Mouse,120.0,3,,01:49:01,Porto alegre
Ana clara,2023-08-17,,Notebook,1200.0,1,50,,Rio de janeiro
Carlos lima,2024-08-14,,Notebook,3500.0,1,240,,Porto alegre
Maria souza,2024-04-03,,Teclado,3500.0,3,,01:33:32,Curitiba
Carlos lima,2023-03-03,,Mouse,120.0,3,50,01:27:32,Curitiba
Pedro alves,2024-03-12,Masculino,Notebook,3500.0,2,800,0:02:43,Belo horizonte
João silva,0023-11-13,Masculino,Cadeira,1200.0,3,7000,01:45:02,São paulo
Pedro alves,2024-09-01,,Monitor,120.0,2,150,0:00:59,Rio de janeiro
Maria souza,2023-12-23,Masculino,Cadeira,50.0,1,10500,,Rio de janeiro
Pedro alves,2024-11-04,Masculino,Monitor,800.0,0,800,,Belo horizonte
Pedro alves,2024-09-16,Masculino,Teclado,3500.0,0,10500,,Curitiba
Maria souza,0024-02-23,Masculino,Teclado,50.0,1,1600,,Rio de janeiro
Maria souza,2023-12-16,,Teclado,120.0,1,1200,,Porto alegre
João silva,2023-02-25,,Monitor,3500.0,1,10500,,Belo horizonte
João silva,2024-07-16,Masculino,Mouse,800.0,0,360,,Rio de janeiro
Maria souza,0023-10-25,,Monitor,50.0,0,360,,São paulo
Ana clara,2023-12-04,,Notebook,1200.0,2,1600,0:02:21,São paulo
Pedro alves,2023-05-16,,Mouse,3500.0,3,800,01:27:28,Curitiba
Pedro alves,0024-09-09,Masculino,Mouse,800.0,3,360,02:55:56,Porto alegre
João silva,2024-08-17,Masculino,Monitor,1200.0,0,120,,São paulo
João silva,2024-06-11,Masculino,Teclado,50.0,2,150,0:01:53,Rio de janeiro
Carlos lima,0023-05-24,,Teclado,800.0,0,,,Belo horizonte
Carlos lima,0024-10-28,Masculino,Cadeira,50.0,3,150,02:38:18,São paulo
João silva,2023-11-04,Masculino,Notebook,800.0,0,3600,,São paulo
Pedro alves,2023-10-16,Masculino,Notebook,120.0,0,150,,Curitiba
Pedro alves,2024-09-20,,Cadeira,1200.0,2,2400,0:01:14,Porto alegre
Maria souza,2023-04-17,Masculino,Monitor,800.0,1,,,São paulo
Maria souza,2024-05-17,Masculino,Mouse,50.0,0,10500,,Curitiba
João silva,2024-04-10,Masculino,Monitor,1200.0,2,7000,0:02:58,Rio de janeiro
Ana clara,2023-12-08,,Monitor,1200.0,0,2400,,Rio de janeiro
Pedro alves,0024-02-11,Masculino,Mouse,800.0,0,2400,,Porto alegre
Maria souza,2023-08-20,Masculino,Notebook,800.0,2,50,0:00:23,Porto alegre
Ana clara,2023-10-19,Masculino,Cadeira,120.0,2,,0:01:56,Porto alegre
Ana clara,0023-06-05,Masculino,Mouse,1200.0,2,2400,0:01:11,Belo horizonte
Pedro alves,0023-03-12,,Notebook,800.0,1,120,,Rio de janeiro
Pedro alves,2024-11-16,,Cadeira,120.0,3,100,00:07:58,Belo horizonte
Carlos lima,2023-07-28,,Monitor,120.0,0,100,,São paulo
Ana clara,2023-07-26,Masculino,Monitor,800.0,1,1600,,São paulo
Pedro alves,2023-01-01,Masculino,Monitor,1200.0,0,,,Porto alegre
Carlos lima,2024-06-28,,Cadeira,1200.0,1,7000,,Belo horizonte
Maria souza,0024-09-06,,Teclado,50.0,2,1200,0:00:58,Belo horizonte
Ana clara,2024-08-25,Masculino,Teclado,120.0,1,2400,,Porto alegre
Ana clara,2023-09-02,,Monitor,3500.0,0,,,Rio de janeiro
Pedro alves,0023-12-21,Masculino,Monitor,50.0,0,3618,,São paulo
Ana clara,2023-07-23,,Cadeira,3500.0,3,2400,00:20:34,Belo horizonte
Maria souza,2024-05-23,,Mouse,120.0,2,43,0:01:25,Curitiba
Maria souza,2023-03-08,Masculino,Monitor,1200.0,3,1600,00:58:43,São paulo
Pedro alves,2024-03-22,Masculino,Mouse,120.0,3,,01:07:49,Rio de janeiro
Ana clara,2023-06-24,Masculino,Mouse,3500.0,3,2400,01:15:19,São paulo
Ana clara,2024-10-11,,Teclado,3500.0,3,1200,01:41:28,Rio de janeiro
João silva,2024-10-18,Masculino,Monitor,1200.0,1,10500,,Rio de janeiro
Ana clara,2023-09-05,Masculino,Notebook,800.0,1,103,,São paulo
Carlos lima,2023-11-03,,Teclado,3500.0,1,2400,,Porto alegre
Carlos lima,2023-03-22,Masculino,Notebook,50.0,3,2400,01:41:59,Curitiba
Pedro alves,2024-07-22,Masculino,Mouse,120.0,1,10500,,Belo horizonte
Pedro alves,2023-04-10,,Teclado,120.0,2,800,0:02:28,Rio de janeiro
Ana clara,0024-11-05,Masculino,Teclado,800.0,1,,,São paulo
João silva,2023-12-20,Masculino,Monitor,1200.0,3,3600,02:43:24,Belo horizonte
Pedro alves,2023-07-04,Masculino,Mouse,800.0,2,1200,0:02:01,Curitiba
João silva,2024-07-24,Masculino,Cadeira,800.0,1,50,,Porto alegre
João silva,0024-09-20,Masculino,Cadeira,3500.0,3,240,02:05:13,Rio de janeiro
Carlos lima,2024-06-09,Masculino,Notebook,50.0,2,1200,0:00:40,São paulo
Carlos lima,2024-11-02,,Teclado,800.0,2,6996,0:02:20,Rio de janeiro
João silva,2023-04-16,,Notebook,800.0,1,,,São paulo
Maria souza,2024-12-02,,Mouse,1200.0,0,100,,Belo horizonte
João silva,2024-10-03,Masculino,Monitor,800.0,3,240,00:48:00,Porto alegre
Carlos lima,2023-05-21,,Mouse,3500.0,1,,,São paulo
Carlos lima,2024-06-03,Masculino,Monitor,3500.0,3,3500,00:50:00,São paulo
Maria souza,0023-09-05,Masculino,Monitor,3500.0,1,2400,,Porto alegre
Ana clara,2023-11-22,Masculino,Mouse,50.0,3,240,00:10:11,São paulo
Maria souza,0024-04-19,,Monitor,800.0,1,100,,Rio de janeiro
Maria souza,0024-09-22,,Cadeira,3500.0,1,7000,,Porto alegre
João silva,0023-03-25,Masculino,Notebook,800.0,3,2428,02:09:07,Rio de janeiro
João silva,2023-09-04,,Teclado,800.0,0,120,,Belo horizonte
João silva,2024-04-27,,Teclado,800.0,3,408,01:46:48,Belo horizonte
Carlos lima,2023-10-03,,Mouse,1200.0,2,,0:03:54,Rio de janeiro
Carlos lima,2023-07-27,,Teclado,50.0,1,108,,Curitiba
Carlos lima,0024-08-18,,Mouse,120.0,3,766,00:01:55,Belo horizonte
Carlos lima,2023-07-22,Masculino,Teclado,3500.0,0,786,,Belo horizonte
Maria souza,2023-08-03,Masculino,Notebook,3500.0,1,,,Rio de janeiro
João silva,2023-10-22,,Monitor,800.0,0,150,,Belo horizonte
João silva,2024-04-21,,Mouse,50.0,1,3500,,São paulo
Pedro alves,2024-10-11,,Mouse,120.0,2,50,0:02:33,Curitiba
João silva,0024-01-27,Masculino,Notebook,50.0,2,150,0:00:20,Curitiba
Maria souza,2023-12-01,,Notebook,800.0,3,1157,02:35:32,Belo horizonte
Pedro alves,2024-12-13,Masculino,Notebook,1200.0,1,2400,,Curitiba
João silva,0024-11-22,Masculino,Monitor,3500.0,0,800,,Belo horizonte
Maria souza,0023-04-15,Masculino,Cadeira,50.0,0,,,Porto alegre
Maria souza,2024-01-04,Masculino,Teclado,1200.0,2,2400,0:03:31,Curitiba
Pedro alves,2023-06-04,Masculino,Teclado,3500.0,1,10500,,Rio de janeiro
Maria souza,2023-06-14,,Notebook,800.0,1,77,,São paulo
Maria souza,2023-01-15,Masculino,Mouse,3500.0,2,3600,0:03:25,Porto alegre
Ana clara,2023-07-20,Masculino,Teclado,1200.0,1,1600,,Curitiba
Ana clara,2023-01-11,,Monitor,50.0,1,2400,,Belo horizonte
Ana clara,2024-03-05,Masculino,Teclado,3500.0,1,800,,Rio de janeiro
Carlos lima,0024-01-09,,Mouse,1200.0,3,6986,02:03:31,Porto alegre
Ana clara,2024-02-22,,Mouse,1200.0,2,360,0:01:50,Curitiba
João silva,0023-10-11,Masculino,Teclado,50.0,3,127,00:08:21,Curitiba
João silva,0024-10-21,Masculino,Teclado,1200.0,2,800,0:00:19,São paulo
João silva,2023-07-03,Masculino,Cadeira,3500.0,2,100,0:00:37,Rio de janeiro
Carlos lima,2023-08-07,,Mouse,1200.0,1,,,Belo horizonte
Ana clara,2023-06-22,Masculino,Mouse,3500.0,3,2400,01:10:58,Belo horizonte
Ana clara,0023-01-28,Masculino,Notebook,800.0,0,,,Curitiba
Pedro alves,2024-11-12,,Monitor,1200.0,0,2400,,São paulo
Maria souza,0024-02-13,,Cadeira,50.0,0,7000,,Belo horizonte
João silva,2023-04-19,Masculino,Mouse,3500.0,1,,,Porto alegre
Ana clara,0023-06-27,Masculino,Monitor,3500.0,1,100,,São paulo
João silva,2023-03-11,,Mouse,120.0,2,150,0:03:10,Curitiba
Maria souza,2024-07-14,Masculino,Teclado,800.0,2,2400,0:03:41,Porto alegre
Maria souza,2024-10-11,,Monitor,120.0,0,2420,,Rio de janeiro
João silva,2023-06-05,,Cadeira,1200.0,3,3500,00:58:15,Porto alegre
Maria souza,0024-09-23,Masculino,Cadeira,120.0,1,1565,,São paulo
Carlos lima,0024-05-19,,Notebook,120.0,3,1200,00:18:00,Porto alegre
Carlos lima,2023-10-06,Masculino,Teclado,120.0,2,7000,0:03:22,Rio de janeiro
Pedro alves,2023-10-07,Masculino,Mouse,1200.0,1,120,,São paulo
Pedro alves,2024-08-22,Masculino,Mouse,120.0,0,120,,São paulo
João silva,2024-07-20,Masculino,Cadeira,3500.0,3,10500,00:36:06,Belo horizonte
Pedro alves,2024-12-26,Masculino,Notebook,120.0,0,150,,Belo horizonte
Maria souza,2024-09-04,,Cadeira,800.0,1,1182,,Curitiba
Maria souza,2023-03-27,,Cadeira,120.0,0,10500,,Curitiba
Maria souza,0023-08-19,Masculino,Mouse,3500.0,0,240,,Belo horizonte
Ana clara,2024-10-17,Masculino,Monitor,1200.0,1,1200,,Porto alegre
João silva,2024-04-10,Masculino,Cadeira,120.0,3,2400,01:26:48,Porto alegre
Pedro alves,2024-10-25,Masculino,Notebook,3500.0,1,100,,Curitiba
João silva,2023-06-11,Masculino,Mouse,1200.0,2,120,0:02:48,Belo horizonte
João silva,2024-07-03,Masculino,Notebook,120.0,0,,,São paulo
Ana clara,2023-06-13,,Monitor,3500.0,0,3600,,Curitiba
João silva,0023-02-22,,Mouse,3500.0,3,7000,02:45:06,Belo horizonte
Ana clara,2024-03-19,,Teclado,120.0,2,10482,0:01:56,Curitiba
Carlos lima,2023-03-03,,Cadeira,3500.0,3,2400,01:55:55,Rio de janeiro
Carlos lima,2023-07-26,,Cadeira,3500.0,2,360,0:01:24,Belo horizonte
Carlos lima,2024-07-19,Masculino,Teclado,50.0,2,1600,0:03:27,São paulo
Carlos lima,0024-01-05,Masculino,Teclado,3500.0,3,1200,02:10:24,Curitiba
Maria souza,0024-02-09,Masculino,Cadeira,120.0,3,,02:16:59,São paulo
Maria souza,2023-12-02,Masculino,Cadeira,120.0,2,115,0:00:10,São paulo
João silva,2023-06-23,,Mouse,1200.0,2,,0:02:39,Rio de janeiro
Pedro alves,2024-04-25,,Mouse,50.0,0,,,Belo horizonte
João silva,2024-05-24,,Notebook,120.0,0,1200,,Rio de janeiro
Pedro alves,2023-03-17,Masculino,Mouse,800.0,3,240,00:34:49,Curitiba
Maria souza,0024-12-11,Masculino,Cadeira,120.0,0,7000,,Curitiba
Carlos lima,0024-10-09,,Monitor,800.0,3,,02:36:49,Curitiba
Maria souza,2024-02-11,Masculino,Cadeira,1200.0,2,2400,0:01:03,Rio de janeiro
Carlos lima,2024-02-16,,Mouse,3500.0,0,69,,São paulo
Pedro alves,0023-01-06,Masculino,Teclado,120.0,2,,0:02:48,Porto alegre
Carlos lima,2024-07-23,Masculino,Monitor,50.0,0,1200,,Curitiba
Carlos lima,0023-09-11,Masculino,Monitor,50.0,3,1200,00:46:35,Porto alegre
Carlos lima,2023-03-23,,Mouse,3500.0,0,,,Curitiba
João silva,2024-12-26,,Teclado,120.0,3,100,02:15:06,Curitiba
Maria souza,2024-02-24,,Monitor,120.0,3,3500,01:47:31,Belo horizonte
Pedro alves,2024-01-05,Masculino,Mouse,120.0,2,,0:01:06,Porto alegre
João silva,2023-11-22,Masculino,Teclado,800.0,1,2375,,Rio de janeiro
Carlos lima,2023-04-14,Masculino,Monitor,800.0,0,,,Belo horizonte
Carlos lima,2024-10-08,Masculino,Mouse,3500.0,2,2429,0:02:56,Curitiba
Ana clara,0024-01-14,Masculino,Cadeira,120.0,3,2393,01:31:33,Curitiba
Maria souza,2023-03-28,,Monitor,1200.0,3,100,01:00:46,Rio de janeiro
Ana clara,2024-10-01,,Monitor,3500.0,2,240,0:01:25,São paulo
Ana clara,2023-07-22,,Teclado,120.0,1,3641,,Belo horizonte
Ana clara,2024-08-10,,Mouse,800.0,3,1589,00:36:09,Belo horizonte
Maria souza,2024-11-21,,Monitor,1200.0,3,,02:08:48,Porto alegre
Carlos lima,0023-10-20,,Mouse,50.0,0,3564,,Belo horizonte
Carlos lima,2023-01-28,,Teclado,1200.0,0,3600,,Curitiba
Carlos lima,0024-03-06,,Monitor,800.0,0,1634,,Curitiba
Pedro alves,2024-10-16,,Notebook,3500.0,1,2403,,Belo horizonte
João silva,2023-07-28,,Cadeira,50.0,2,2400,0:00:24,São paulo
Ana clara,2024-02-23,Masculino,Teclado,120.0,3,193,02:27:29,Belo horizonte
João silva,2024-10-18,,Mouse,3500.0,3,,00:17:46,Rio de janeiro
Pedro alves,0023-10-15,Masculino,Monitor,120.0,0,,,Rio de janeiro
Ana clara,2023-04-05,,Notebook,800.0,0,1600,,Porto alegre
Carlos lima,2023-04-23,,Notebook,120.0,0,800,,São paulo
Maria souza,2024-01-21,,Mouse,800.0,2,3500,0:00:31,Porto alegre
Maria souza,0024-04-09,Masculino,Monitor,50.0,3,2400,02:01:52,Rio de janeiro
Ana clara,0023-11-13,,Notebook,120.0,1,117,,Belo horizonte
Ana clara,2024-09-24,,Mouse,800.0,1,3500,,Belo horizonte
Ana clara,2023-05-02,Masculino,Teclado,800.0,1,100,,Curitiba
Ana clara,2023-12-12,,Cadeira,120.0,3,7000,02:04:27,Curitiba
Ana clara,2024-07-10,Masculino,Mouse,800.0,3,1244,00:31:10,São paulo
Ana clara,2023-02-17,,Teclado,120.0,1,,,Curitiba
Maria souza,2024-02-23,Masculino,Monitor,3500.0,2,360,0:00:09,São paulo
João silva,2023-05-10,Masculino,Monitor,1200.0,2,50,0:01:37,São paulo
Pedro alves,2023-07-22,Masculino,Notebook,3500.0,2,3549,0:02:21,Rio de janeiro
Pedro alves,2024-09-19,,Teclado,50.0,3,360,01:35:39,Porto alegre
Ana clara,2023-11-28,Masculino,Mouse,3500.0,0,3503,,Curitiba
Ana clara,2023-08-25,Masculino,Mouse,800.0,3,240,02:14:47,Belo horizonte
João silva,0023-11-16,,Teclado,1200.0,2,3500,0:00:38,Belo horizonte
João silva,2024-06-19,Masculino,Mouse,3500.0,0,10500,,Curitiba
Maria souza,2023-01-10,,Notebook,1200.0,2,7000,0:02:52,Curitiba
João silva,2023-01-25,,Cadeira,50.0,1,2400,,Porto alegre
João silva,2023-01-01,,Cadeira,800.0,1,,,Porto alegre
João silva,2023-09-11,Masculino,Notebook,120.0,2,2379,0:00:56,Belo horizonte
Pedro alves,2024-10-25,,Monitor,3500.0,3,,00:43:09,Curitiba
João silva,0024-05-11,,Cadeira,800.0,1,800,,Rio de janeiro
João silva,2023-05-02,Masculino,Teclado,1200.0,0,1200,,Curitiba
Carlos lima,2023-01-03,Masculino,Monitor,3500.0,0,10500,,Curitiba
Ana clara,2023-04-27,Masculino,Cadeira,1200.0,2,7000,0:03:21,São paulo
Carlos lima,2024-02-02,,Cadeira,120.0,0,,,Curitiba
Pedro alves,2023-06-14,,Mouse,120.0,3,,01:00:55,Curitiba
Carlos lima,0024-02-07,,Notebook,50.0,3,,02:35:28,Curitiba
Pedro alves,0024-06-06,,Teclado,1200.0,0,3500,,Belo horizonte
João silva,2024-02-26,,Cadeira,3500.0,2,2400,0:01:40,Porto alegre
Carlos lima,2023-05-25,Masculino,Monitor,50.0,3,150,01:19:33,Rio de janeiro
Ana clara,0024-01-24,,Notebook,1200.0,2,120,0:01:29,Belo horizonte
Ana clara,0023-11-13,Masculino,Teclado,50.0,0,3500,,Rio de janeiro
Maria souza,2024-07-09,Masculino,Notebook,120.0,2,,0:01:36,Rio de janeiro
Pedro alves,0024-10-22,Masculino,Mouse,50.0,0,,,Curitiba
Pedro alves,2023-04-28,,Notebook,120.0,3,1200,00:33:08,Belo horizonte
Carlos lima,2023-12-09,,Monitor,50.0,0,240,,Porto alegre
Ana clara,2023-12-05,,Notebook,50.0,2,120,0:00:11,São paulo
Maria souza,2023-08-27,Masculino,Monitor,3500.0,1,,,Rio de janeiro
Carlos lima,2023-03-02,,Monitor,1200.0,3,2400,01:27:40,Belo horizonte
Carlos lima,2023-02-11,,Mouse,50.0,2,7000,0:01:44,São paulo
Maria souza,2024-06-25,Masculino,Monitor,50.0,3,360,01:15:04,Rio de janeiro
Ana clara,0023-10-08,,Notebook,120.0,1,,,São paulo
Carlos lima,2024-05-25,,Teclado,800.0,2,2400,0:00:46,Porto alegre
João silva,0024-08-24,,Monitor,50.0,3,1223,02:24:43,Belo horizonte
Carlos lima,2023-04-07,,Notebook,120.0,0,3600,,Belo horizonte
João silva,2024-01-23,Masculino,Cadeira,120.0,3,257,00:44:15,Rio de janeiro
João silva,2024-07-20,,Monitor,800.0,2,3500,0:02:21,Porto alegre
Carlos lima,2023-12-18,Masculino,Teclado,800.0,2,3500,0:01:06,Porto alegre
João silva,2023-06-06,Masculino,Monitor,1200.0,2,50,0:02:45,Rio de janeiro
Ana clara,2024-10-01,Masculino,Monitor,1200.0,2,1200,0:02:40,Curitiba
João silva,0023-07-13,Masculino,Teclado,120.0,2,120,0:03:07,São paulo
Carlos lima,0024-01-07,,Mouse,800.0,0,3500,,Belo horizonte
Ana clara,2024-12-26,Masculino,Mouse,3500.0,2,10500,0:01:51,Rio de janeiro
Carlos lima,0023-03-23,,Cadeira,800.0,2,240,0:01:36,Rio de janeiro
Carlos lima,2024-04-09,Masculino,Monitor,800.0,1,1600,,Belo horizonte
Pedro alves,0023-01-21,Masculino,Cadeira,800.0,1,150,,Rio de janeiro
Pedro alves,2023-04-05,,Notebook,120.0,2,10500,0:02:57,Belo horizonte
João silva,2024-12-14,,Teclado,3500.0,3,,02:27:34,Curitiba
Carlos lima,0023-12-03,,Cadeira,3500.0,2,2400,0:00:22,São paulo
Pedro alves,2024-01-08,,Teclado,3500.0,2,82,0:01:44,Belo horizonte
Ana clara,2023-02-06,Masculino,Mouse,50.0,0,1600,,Porto alegre
Carlos lima,0023-10-02,Masculino,Mouse,1200.0,0,33,,Curitiba
Carlos lima,2023-02-04,,Notebook,3500.0,2,10456,0:03:56,Porto alegre
Maria souza,2023-03-14,Masculino,Monitor,120.0,0,,,Porto alegre
João silva,2023-01-20,Masculino,Cadeira,1200.0,2,120,0:03:32,Curitiba
Pedro alves,2023-12-01,,Teclado,50.0,3,,01:07:38,São paulo
Maria souza,2024-02-14,,Monitor,120.0,1,,,Porto alegre
Maria souza,2023-08-10,Masculino,Teclado,50.0,1,1606,,Rio de janeiro
Ana clara,2023-04-16,,Teclado,800.0,3,,01:34:49,Porto alegre
Ana clara,2023-11-07,Masculino,Monitor,50.0,2,800,0:01:41,Porto alegre
Pedro alves,2024-09-16,,Cadeira,800.0,2,,0:01:36,Rio de janeiro
Pedro alves,2024-04-03,,Cadeira,50.0,2,240,0:03:18,São paulo
Ana clara,2023-02-28,,Cadeira,3500.0,1,1600,,Belo horizonte
Pedro alves,0023-07-02,Masculino,Mouse,120.0,0,10500,,Curitiba
Carlos lima,0024-12-15,Masculino,Monitor,1200.0,0,120,,Curitiba
Pedro alves,2023-12-10,,Cadeira,50.0,1,120,,Curitiba
Pedro alves,2023-07-08,,Notebook,1200.0,1,100,,Belo horizonte
Ana clara,0024-11-06,Masculino,Teclado,800.0,1,7000,,Porto alegre
Ana clara,2023-04-24,,Monitor,800.0,1,10491,,Curitiba
Ana clara,2024-01-25,Masculino,Monitor,3500.0,1,2400,,Curitiba
Maria souza,2023-05-11,Masculino,Mouse,800.0,2,150,0:00:01,São paulo
Maria souza,2023-09-06,,Monitor,120.0,0,,,Porto alegre
Pedro alves,2023-12-14,,Teclado,50.0,0,2400,,São paulo
Maria souza,0024-03-26,Masculino,Mouse,120.0,2,1200,0:01:54,Curitiba
Maria souza,2023-04-17,Masculino,Cadeira,50.0,2,3600,0:00:50,São paulo
Carlos lima,2023-08-12,,Cadeira,800.0,1,13,,Curitiba
Maria souza,2024-10-09,,Teclado,50.0,0,,,Porto alegre
Ana clara,2023-12-23,,Monitor,3500.0,0,50,,Curitiba
Ana clara,0023-11-20,,Cadeira,120.0,2,50,0:03:46,São paulo
Pedro alves,2024-04-22,Masculino,Monitor,50.0,2,70,0:02:18,Porto alegre
João silva,0024-04-20,Masculino,Teclado,3500.0,2,2352,0:03:57,São paulo
Ana clara,0024-04-03,,Monitor,50.0,1,2400,,Curitiba
Pedro alves,0023-05-27,Masculino,Cadeira,800.0,2,,0:02:00,Rio de janeiro
Maria souza,2024-01-02,Masculino,Notebook,1200.0,0,240,,São paulo
Maria souza,2023-11-26,Masculino,Monitor,120.0,0,360,,Rio de janeiro
João silva,0024-05-07,,Teclado,800.0,3,120,02:32:36,Rio de janeiro
Maria souza,0023-12-24,Masculino,Mouse,50.0,2,,0:00:19,São paulo
João silva,0024-11-23,,Monitor,800.0,0,120,,Belo horizonte
João silva,2023-12-01,Masculino,Notebook,800.0,1,,,Porto alegre
Maria souza,0023-11-01,,Monitor,120.0,2,3600,0:03:11,Porto alegre
Ana clara,2023-05-11,,Teclado,800.0,0,2400,,Rio de janeiro
Ana clara,2023-08-13,,Teclado,50.0,1,,,Belo horizonte
Pedro alves,2023-07-16,,Notebook,50.0,1,90,,São paulo
Carlos lima,2024-11-02,,Monitor,120.0,1,149,,Rio de janeiro
Ana clara,0023-05-07,Masculino,Monitor,50.0,0,2400,,Porto alegre
João silva,2024-06-28,Masculino,Mouse,120.0,1,150,,Rio de janeiro
Ana clara,2024-12-24,,Teclado,800.0,1,50,,Rio de janeiro
Pedro alves,2023-08-19,Masculino,Mouse,120.0,3,,02:50:03,São paulo
Ana clara,2024-08-06,,Notebook,1200.0,0,3500,,Curitiba
Maria souza,2023-05-27,,Teclado,800.0,1,1600,,Rio de janeiro
Carlos lima,0024-12-20,,Notebook,120.0,3,100,01:32:07,Porto alegre
João silva,2023-11-10,,Teclado,1200.0,2,1600,0:00:01,Porto alegre
Carlos lima,2024-09-06,,Mouse,800.0,1,360,,Belo horizonte
Maria souza,0024-01-22,,Teclado,1200.0,0,100,,São paulo
Maria souza,2024-02-26,,Monitor,1200.0,2,2400,0:03:34,São paulo
João silva,2024-11-04,,Mouse,800.0,2,,0:03:44,Curitiba
Maria souza,2023-04-02,Masculino,Monitor,1200.0,3,1600,02:33:11,Rio de janeiro
Pedro alves,2024-07-14,Masculino,Mouse,120.0,2,7000,0:00:46,São paulo
João silva,0023-06-27,,Cadeira,800.0,1,120,,São paulo
Carlos lima,2024-04-26,Masculino,Cadeira,1200.0,1,100,,Curitiba
João silva,0023-07-03,,Mouse,50.0,0,120,,Rio de janeiro
Ana clara,0024-05-08,,Cadeira,120.0,3,10500,01:38:32,Belo horizonte
Ana clara,2024-11-27,Masculino,Monitor,800.0,1,3500,,São paulo
Maria souza,2024-11-01,Masculino,Notebook,120.0,1,800,,Curitiba
Maria souza,0024-08-13,,Notebook,800.0,2,,0:01:41,Rio de janeiro
Carlos lima,2024-09-23,Masculino,Cadeira,1200.0,3,6991,00:22:48,Curitiba
Maria souza,2024-10-02,,Cadeira,120.0,2,50,0:00:42,Rio de janeiro
Ana clara,2023-11-09,Masculino,Mouse,3500.0,3,1200,00:16:10,Rio de janeiro
Ana clara,2023-07-16,,Teclado,120.0,1,360,,Curitiba
Maria souza,2024-11-22,,Notebook,120.0,2,,0:02:15,Belo horizonte
Carlos lima,2023-03-03,Masculino,Cadeira,50.0,2,791,0:00:37,São paulo
Maria souza,2023-02-08,Masculino,Mouse,800.0,3,,02:00:57,Porto alegre
João silva,0024-05-04,Masculino,Notebook,50.0,1,,,Belo horizonte
Maria souza,2023-01-25,,Teclado,1200.0,0,2400,,Porto alegre
Ana clara,2024-11-21,Masculino,Monitor,50.0,1,7000,,Porto alegre
Pedro alves,2024-05-25,Masculino,Monitor,1200.0,2,120,0:00:27,Curitiba
Carlos lima,0024-08-28,,Teclado,120.0,1,240,,São paulo
Maria souza,2024-10-26,,Notebook,120.0,1,100,,Porto alegre
Ana clara,2023-11-25,Masculino,Notebook,1200.0,1,240,,Rio de janeiro
Maria souza,2023-02-15,,Mouse,1200.0,3,,01:34:38,Belo horizonte
João silva,2023-08-13,,Monitor,50.0,3,2385,01:22:47,Belo horizonte
João silva,2024-04-27,Masculino,Cadeira,800.0,2,120,0:01:06,Belo horizonte
Pedro alves,2023-07-07,Masculino,Monitor,50.0,2,6955,0:01:18,Curitiba
Carlos lima,2024-09-03,,Mouse,50.0,3,3500,01:36:04,Rio de janeiro
Carlos lima,2023-02-03,,Cadeira,50.0,1,1200,,Curitiba
Ana clara,0023-02-26,Masculino,Mouse,800.0,2,,0:03:59,Belo horizonte
Maria souza,2023-03-19,,Cadeira,3500.0,1,50,,Curitiba
Pedro alves,2024-06-05,,Cadeira,800.0,3,,01:54:47,Rio de janeiro
Pedro alves,2024-01-02,Masculino,Cadeira,120.0,1,120,,Belo horizonte
Pedro alves,2023-02-03,Masculino,Teclado,50.0,2,,0:01:19,Curitiba
João silva,0024-10-26,Masculino,Notebook,1200.0,1,10500,,Curitiba
João silva,2024-12-05,,Mouse,800.0,2,1569,0:03:08,Belo horizonte
João silva,2024-02-19,,Notebook,3500.0,1,,,Belo horizonte
João silva,2024-06-10,,Cadeira,3500.0,0,,,Curitiba
Ana clara,2023-09-26,Masculino,Notebook,120.0,2,800,0:03:53,Porto alegre
João silva,2024-02-07,,Notebook,120.0,0,2394,,Rio de janeiro
João silva,2023-02-23,,Teclado,50.0,2,,0:01:09,Belo horizonte
Maria souza,0023-10-14,,Teclado,1200.0,2,,0:03:18,Rio de janeiro
Maria souza,2024-10-13,Masculino,Teclado,3500.0,1,2400,,Rio de janeiro
Pedro alves,2024-08-02,Masculino,Mouse,120.0,2,10500,0:03:02,Curitiba
João silva,0023-07-26,,Cadeira,3500.0,0,1600,,Curitiba
Maria souza,2024-01-28,,Teclado,1200.0,1,1200,,Curitiba
Maria souza,2024-01-09,,Teclado,120.0,1,10500,,Curitiba
João silva,2024-02-27,,Cadeira,800.0,3,100,00:04:00,Curitiba
Ana clara,2024-05-21,Masculino,Mouse,3500.0,3,100,00:14:46,São paulo
Pedro alves,2023-01-07,Masculino,Cadeira,800.0,2,104,0:00:43,São paulo
Ana clara,2024-03-11,,Teclado,800.0,0,7005,,Curitiba
Ana clara,2024-05-21,,Cadeira,50.0,3,2400,01:00:55,São paulo
João silva,0023-03-08,Masculino,Monitor,3500.0,3,360,02:44:44,Porto alegre
Ana clara,2024-11-17,,Monitor,3500.0,2,150,0:00:28,Belo horizonte
Ana clara,2023-02-05,,Notebook,1200.0,2,3600,0:02:46,Porto alegre
Ana clara,2023-01-01,Masculino,Cadeira,50.0,3,,02:15:42,São paulo
Ana clara,2024-01-01,,Teclado,800.0,0,,,Rio de janeiro
João silva,2023-02-14,,Mouse,3500.0,0,360,,Porto alegre
Pedro alves,0023-12-07,Masculino,Cadeira,800.0,3,3600,01:46:05,Curitiba
Pedro alves,2024-07-02,Masculino,Mouse,800.0,3,800,00:28:40,Belo horizonte
João silva,2024-12-19,,Mouse,3500.0,0,1600,,Porto alegre
Carlos lima,2023-03-09,Masculino,Mouse,1200.0,0,152,,Porto alegre
Ana clara,2024-12-01,Masculino,Notebook,800.0,2,800,0:02:44,Belo horizonte
Ana clara,0023-06-18,Masculino,Monitor,1200.0,0,,,Rio de janeiro
João silva,0024-10-18,Masculino,Mouse,800.0,0,800,,São paulo
Maria souza,0023-12-07,Masculino,Notebook,3500.0,1,1600,,São paulo
João silva,2023-11-27,Masculino,Teclado,800.0,1,2400,,Porto alegre
Carlos lima,2024-08-05,Masculino,Notebook,50.0,3,240,02:54:15,Belo horizonte
Carlos lima,2024-05-15,,Notebook,120.0,2,3600,0:03:34,Curitiba
Maria souza,0024-11-17,Masculino,Cadeira,120.0,2,3500,0:02:33,Belo horizonte
Maria souza,0023-05-12,,Mouse,50.0,3,,02:17:38,Belo horizonte
João silva,2023-03-12,,Monitor,3500.0,0,7000,,Rio de janeiro
Carlos lima,2024-11-11,Masculino,Teclado,3500.0,2,,0:00:06,Curitiba
Ana clara,2024-04-06,,Notebook,120.0,3,7000,00:14:18,São paulo
Ana clara,0023-04-11,Masculino,Monitor,800.0,3,120,00:23:38,Porto alegre
Maria souza,2023-10-18,Masculino,Teclado,3500.0,1,800,,São paulo
Maria souza,2023-07-01,,Monitor,50.0,3,,00:16:36,Belo horizonte
Ana clara,0023-04-26,,Monitor,3500.0,3,,00:25:26,Rio de janeiro
Maria souza,2023-03-26,Masculino,Cadeira,800.0,1,800,,Rio de janeiro
Maria souza,2024-04-05,Masculino,Teclado,50.0,1,150,,Rio de janeiro
Maria souza,0024-09-02,,Cadeira,800.0,0,10500,,Rio de janeiro
Carlos lima,2024-01-06,Masculino,Monitor,3500.0,0,,,Rio de janeiro
João silva,0024-12-08,Masculino,Teclado,1200.0,1,1600,,São paulo
Maria souza,2024-06-23,Masculino,Cadeira,3500.0,2,3500,0:03:15,Porto alegre
Ana clara,2023-01-14,,Monitor,120.0,0,,,Rio de janeiro
Ana clara,0024-12-16,Masculino,Notebook,1200.0,1,10500,,São paulo
João silva,2024-04-09,,Notebook,3500.0,0,2400,,São paulo
Carlos lima,2023-01-28,,Notebook,50.0,3,10500,02:18:15,Belo horizonte
Maria souza,2023-01-17,Masculino,Teclado,120.0,0,2400,,São paulo
Carlos lima,2024-12-03,Masculino,Notebook,120.0,0,,,Porto alegre
Pedro alves,0024-10-17,,Cadeira,1200.0,0,10531,,Rio de janeiro
João silva,2024-05-08,,Notebook,800.0,0,117,,Belo horizonte
Pedro alves,2023-06-16,,Cadeira,1200.0,1,,,Belo horizonte
Ana clara,0023-12-12,Masculino,Notebook,50.0,3,,02:45:10,Porto alegre
Ana clara,2023-10-21,,Monitor,3500.0,1,,,Porto alegre
João silva,0024-05-12,,Cadeira,3500.0,0,7000,,Porto alegre
João silva,0023-06-05,Masculino,Mouse,800.0,0,3600,,Porto alegre
Maria souza,0024-11-12,,Cadeira,800.0,0,50,,Curitiba
João silva,0023-05-12,,Monitor,50.0,2,800,0:00:54,Belo horizonte
João silva,2024-11-19,,Monitor,1200.0,3,120,01:01:29,Porto alegre
João silva,2023-01-02,,Mouse,800.0,2,50,0:01:33,São paulo
Carlos lima,2024-06-18,,Notebook,50.0,2,800,0:03:59,São paulo
Pedro alves,2023-06-23,Masculino,Teclado,50.0,2,2400,0:01:32,Rio de janeiro
Pedro alves,0023-04-26,,Teclado,120.0,3,150,00:00:56,São paulo
João silva,2024-12-08,,Mouse,50.0,2,100,0:03:48,Belo horizonte
João silva,0023-04-28,,Notebook,1200.0,3,3600,02:55:17,Curitiba
Ana clara,2023-06-24,Masculino,Mouse,120.0,3,240,00:39:35,Curitiba
Ana clara,2023-02-27,Masculino,Mouse,3500.0,0,,,Belo horizonte
Pedro alves,0024-02-14,Masculino,Notebook,120.0,1,120,,Porto alegre
João silva,2023-07-01,Masculino,Notebook,1200.0,0,3600,,São paulo
João silva,2023-08-16,Masculino,Teclado,3500.0,3,1200,01:16:06,Curitiba
João silva,0023-12-08,Masculino,Cadeira,1200.0,1,120,,Belo horizonte
João silva,2024-03-06,,Notebook,1200.0,2,3500,0:03:40,Curitiba
Carlos lima,2024-10-10,Masculino,Cadeira,120.0,0,388,,São paulo
Ana clara,2023-06-24,Masculino,Notebook,120.0,3,10500,00:38:19,Belo horizonte
Ana clara,0023-10-14,,Teclado,50.0,1,3600,,Curitiba
João silva,2024-04-23,Masculino,Cadeira,50.0,2,2400,0:02:47,Rio de janeiro
Carlos lima,0024-11-19,,Notebook,120.0,3,193,02:28:37,Porto alegre
Carlos lima,2024-09-26,Masculino,Teclado,120.0,1,2400,,Curitiba
Carlos lima,2024-06-18,,Cadeira,120.0,2,,0:02:37,Porto alegre
Maria souza,2024-10-18,,Teclado,1200.0,0,19,,São paulo
Carlos lima,2024-08-22,Masculino,Cadeira,1200.0,1,120,,Porto alegre
Carlos lima,2023-02-18,,Teclado,120.0,1,1600,,Rio de janeiro
Carlos lima,2023-10-24,,Teclado,50.0,0,3500,,São paulo
João silva,2023-03-09,,Teclado,800.0,1,2400,,Porto alegre
João silva,2023-12-09,,Cadeira,1200.0,3,2400,01:41:02,Curitiba
Carlos lima,0024-12-27,Masculino,Notebook,1200.0,0,6976,,Porto alegre
Maria souza,0023-02-01,,Notebook,3500.0,3,1221,00:32:45,São paulo
Carlos lima,0024-02-14,Masculino,Teclado,3500.0,2,1600,0:03:19,Rio de janeiro
Carlos lima,2024-12-09,Masculino,Monitor,50.0,0,1559,,Curitiba
Carlos lima,2024-06-22,,Cadeira,3500.0,0,800,,São paulo
Ana clara,2024-04-14,Masculino,Mouse,3500.0,2,,0:00:34,Rio de janeiro
Ana clara,2024-08-15,Masculino,Monitor,800.0,2,,0:00:50,Belo horizonte
Ana clara,2023-10-03,,Cadeira,120.0,2,100,0:01:58,Belo horizonte
João silva,2023-04-16,Masculino,Monitor,800.0,3,240,01:26:27,Curitiba
Pedro alves,2024-04-17,,Teclado,3500.0,0,,,Curitiba
Pedro alves,2024-11-05,,Teclado,1200.0,2,2400,0:02:02,Rio de janeiro
João silva,2023-04-27,Masculino,Notebook,3500.0,3,1600,00:02:53,Rio de janeiro
Pedro alves,2023-03-08,Masculino,Notebook,3500.0,3,35,01:17:28,São paulo
Maria souza,2024-05-25,,Notebook,3500.0,0,7000,,Porto alegre
Carlos lima,2023-05-12,Masculino,Teclado,50.0,3,,02:36:03,Rio de janeiro
Ana clara,2024-05-24,Masculino,Teclado,50.0,1,77,,Rio de janeiro
Carlos lima,0024-12-25,Masculino,Teclado,120.0,1,1632,,Porto alegre
Carlos lima,2023-01-13,Masculino,Cadeira,3500.0,2,3500,0:00:40,São paulo
Carlos lima,2024-12-12,,Cadeira,800.0,0,,,Curitiba
Pedro alves,0024-07-12,,Notebook,3500.0,2,3603,0:00:47,Rio de janeiro
João silva,2024-07-10,,Notebook,120.0,3,7000,00:26:58,Porto alegre
João silva,2023-03-24,,Mouse,120.0,0,2400,,Curitiba
João silva,2024-01-11,,Notebook,800.0,1,1600,,Belo horizonte
João silva,2024-06-21,Masculino,Cadeira,50.0,0,10500,,Belo horizonte
João silva,2023-09-10,,Mouse,800.0,1,1600,,Curitiba
Pedro alves,2023-01-28,,Cadeira,120.0,3,1200,01:13:32,Belo horizonte
Ana clara,2023-06-10,,Notebook,120.0,0,120,,Porto alegre
Carlos lima,0023-08-12,,Mouse,3500.0,1,2398,,Rio de janeiro
Ana clara,2024-05-10,,Monitor,3500.0,3,50,01:55:36,Rio de janeiro
João silva,2024-09-21,,Notebook,50.0,1,1200,,Rio de janeiro
Carlos lima,2023-05-12,Masculino,Notebook,800.0,0,,,São paulo
Maria souza,2023-03-12,,Notebook,800.0,1,240,,Porto alegre
Maria souza,2023-10-25,,Teclado,1200.0,3,10500,02:15:51,Belo horizonte
Maria souza,2023-09-06,Masculino,Mouse,3500.0,2,800,0:03:36,Curitiba
Maria souza,0023-11-13,Masculino,Cadeira,120.0,2,3557,0:02:51,São paulo
João silva,2023-11-03,,Teclado,50.0,0,771,,Belo horizonte
Maria souza,0023-07-06,Masculino,Cadeira,120.0,3,69,00:27:37,Belo horizonte
Maria souza,2024-12-02,Masculino,Notebook,1200.0,1,240,,Belo horizonte
João silva,2023-07-10,Masculino,Monitor,1200.0,0,130,,São paulo
Carlos lima,2024-05-13,,Monitor,1200.0,1,3600,,São paulo
Carlos lima,2023-07-14,,Notebook,120.0,2,120,0:02:44,São paulo
Maria souza,2024-08-23,Masculino,Teclado,1200.0,1,240,,Rio de janeiro
Ana clara,2024-08-19,,Monitor,1200.0,3,240,00:03:42,São paulo
Carlos lima,2023-01-24,Masculino,Teclado,800.0,2,50,0:03:53,Rio de janeiro
Carlos lima,0023-01-24,,Monitor,800.0,3,372,00:23:31,Belo horizonte
João silva,2023-01-17,,Cadeira,120.0,0,2400,,São paulo
Pedro alves,2023-10-08,,Monitor,120.0,0,3518,,Belo horizonte
João silva,0023-06-15,,Mouse,120.0,2,1152,0:03:07,Belo horizonte
Carlos lima,0023-10-04,,Monitor,800.0,3,81,00:25:53,Rio de janeiro
Maria souza,2024-11-19,,Teclado,800.0,1,7000,,Belo horizonte
Maria souza,2023-01-06,Masculino,Teclado,50.0,2,3600,0:01:26,Rio de janeiro
Maria souza,2023-08-06,Masculino,Mouse,1200.0,2,,0:01:42,Curitiba
Pedro alves,2023-01-18,Masculino,Mouse,1200.0,0,156,,Curitiba
Pedro alves,2024-05-18,Masculino,Teclado,3500.0,2,360,0:02:00,Rio de janeiro
João silva,2024-04-28,Masculino,Mouse,800.0,0,800,,Curitiba
Pedro alves,0024-11-27,Masculino,Cadeira,800.0,2,286,0:00:48,Porto alegre
Pedro alves,2023-08-02,Masculino,Teclado,120.0,0,10500,,Belo horizonte
Maria souza,2024-02-15,Masculino,Monitor,120.0,2,240,0:03:05,São paulo
Pedro alves,2023-03-19,Masculino,Notebook,3500.0,0,1600,,Belo horizonte
João silva,2024-01-24,Masculino,Mouse,50.0,3,120,00:01:20,Curitiba
Carlos lima,2023-05-20,,Monitor,800.0,2,776,0:03:23,São paulo
Carlos lima,2023-06-14,Masculino,Teclado,50.0,0,2400,,Belo horizonte
Maria souza,2023-03-16,Masculino,Notebook,3500.0,1,,,São paulo
Maria souza,2024-12-10,Masculino,Teclado,3500.0,1,6980,,Belo horizonte
Pedro alves,2024-11-22,Masculino,Mouse,800.0,0,,,Curitiba
Pedro alves,0024-10-19,Masculino,Monitor,3500.0,3,825,00:39:29,Rio de janeiro
Ana clara,2023-02-09,Masculino,Cadeira,1200.0,1,3450,,São paulo
João silva,2024-01-27,Masculino,Teclado,3500.0,2,50,0:03:54,Curitiba
João silva,2024-10-18,Masculino,Notebook,3500.0,2,1200,0:03:51,Curitiba
Pedro alves,2023-02-07,Masculino,Notebook,800.0,2,240,0:00:03,Belo horizonte
Pedro alves,2024-01-01,,Monitor,120.0,0,240,,Porto alegre
Ana clara,2024-06-01,,Notebook,1200.0,0,50,,São paulo
Pedro alves,2023-09-04,,Cadeira,120.0,2,1641,0:01:44,São paulo
Pedro alves,2024-05-01,,Notebook,1200.0,0,137,,Belo horizonte
Pedro alves,2024-06-13,,Cadeira,1200.0,2,,0:03:17,Belo horizonte
Pedro alves,2023-01-15,,Notebook,1200.0,0,7000,,Belo horizonte
João silva,2023-06-01,,Monitor,800.0,1,240,,Belo horizonte
João silva,0024-07-23,,Notebook,120.0,1,28,,Belo horizonte
Maria souza,2023-03-04,Masculino,Cadeira,3500.0,0,2400,,Rio de janeiro
Pedro alves,2024-09-11,,Cadeira,800.0,0,800,,São paulo
Ana clara,0024-08-26,,Mouse,120.0,2,150,0:00:01,Belo horizonte
Ana clara,2023-05-03,Masculino,Teclado,3500.0,2,50,0:00:06,Curitiba
João silva,2023-03-21,Masculino,Mouse,3500.0,0,3600,,Rio de janeiro
Pedro alves,0024-10-15,,Mouse,800.0,3,1200,01:12:08,São paulo
Pedro alves,2023-12-23,Masculino,Teclado,800.0,0,2400,,Rio de janeiro
Pedro alves,2024-04-22,Masculino,Cadeira,800.0,0,3500,,Rio de janeiro
Carlos lima,0024-04-26,Masculino,Mouse,120.0,3,3500,01:52:25,Belo horizonte
João silva,2023-08-16,Masculino,Teclado,120.0,3,2400,00:16:04,São paulo
João silva,0024-12-11,Masculino,Teclado,3500.0,1,100,,Curitiba
João silva,2023-12-25,,Notebook,120.0,0,,,Curitiba
Maria souza,2024-11-02,Masculino,Teclado,3500.0,3,1236,01:10:38,Porto alegre
Pedro alves,2023-08-01,,Monitor,1200.0,0,2364,,Rio de janeiro
Pedro alves,2023-11-17,Masculino,Mouse,800.0,2,150,0:03:20,Porto alegre
Pedro alves,2024-11-20,Masculino,Mouse,120.0,3,10500,02:27:16,São paulo
Pedro alves,0023-08-08,Masculino,Mouse,800.0,2,800,0:03:54,Porto alegre
João silva,2024-07-28,Masculino,Cadeira,120.0,1,10500,,São paulo
Carlos lima,2023-07-27,Masculino,Notebook,800.0,3,150,00:08:10,São paulo
Maria souza,2024-01-27,,Mouse,1200.0,0,150,,São paulo
Maria souza,2024-07-12,,Notebook,3500.0,1,360,,Porto alegre
João silva,0023-09-21,,Teclado,800.0,1,240,,Porto alegre
Pedro alves,2024-06-12,,Cadeira,50.0,0,,,Porto alegre
Ana clara,0024-09-05,Masculino,Mouse,50.0,1,,,Curitiba
Maria souza,0024-06-28,,Cadeira,1200.0,1,,,Curitiba
Ana clara,2024-01-28,Masculino,Mouse,120.0,3,,01:53:06,Rio de janeiro
Ana clara,2024-01-17,,Notebook,50.0,1,,,São paulo
Carlos lima,2023-10-05,Masculino,Mouse,1200.0,0,,,Belo horizonte
Ana clara,2023-03-12,Masculino,Mouse,1200.0,3,,01:59:26,Belo horizonte
Pedro alves,2024-03-12,,Mouse,50.0,1,120,,Curitiba
Maria souza,2024-07-21,,Teclado,50.0,1,253,,Curitiba
Pedro alves,2023-10-08,Masculino,Cadeira,120.0,3,7000,02:39:19,Belo horizonte
Pedro alves,2024-08-02,,Mouse,50.0,0,1600,,Porto alegre
João silva,0023-02-24,,Notebook,120.0,0,3500,,Belo horizonte
Maria souza,2024-08-26,Masculino,Teclado,800.0,1,150,,Curitiba
Ana clara,2023-07-21,,Teclado,50.0,1,120,,Porto alegre
Pedro alves,2024-01-26,,Monitor,1200.0,0,57,,Curitiba
João silva,0023-09-20,,Teclado,50.0,2,50,0:01:18,Porto alegre
Ana clara,2024-07-16,Masculino,Teclado,3500.0,1,800,,Porto alegre
Pedro alves,0024-04-24,Masculino,Teclado,1200.0,2,3600,0:02:49,São paulo
Ana clara,2024-12-08,Masculino,Notebook,800.0,3,2400,00:12:48,Curitiba
Pedro alves,2024-02-27,Masculino,Teclado,3500.0,2,3600,0:00:04,Curitiba
Pedro alves,2024-07-26,,Teclado,1200.0,1,,,Rio de janeiro
Ana clara,0024-11-28,Masculino,Mouse,50.0,3,7006,02:14:47,São paulo
Carlos lima,2023-07-22,,Mouse,1200.0,3,7000,02:10:26,Belo horizonte
Carlos lima,2024-07-22,,Mouse,1200.0,3,100,02:51:02,São paulo
João silva,2024-12-01,Masculino,Notebook,1200.0,2,,0:01:50,São paulo
Maria souza,0023-12-22,,Cadeira,3500.0,2,1200,0:02:18,São paulo
Pedro alves,2023-08-08,,Teclado,120.0,2,50,0:01:51,São paulo
Maria souza,2024-11-12,Masculino,Cadeira,50.0,1,10500,,Porto alegre
Maria souza,2024-02-06,,Cadeira,1200.0,2,50,0:01:45,Curitiba
Carlos lima,2023-04-02,Masculino,Cadeira,50.0,2,3600,0:00:06,Curitiba
João silva,0023-07-07,Masculino,Teclado,120.0,0,3582,,Curitiba
Carlos lima,2023-12-04,Masculino,Cadeira,50.0,2,,0:01:10,São paulo
Carlos lima,2024-08-05,Masculino,Mouse,1200.0,2,2444,0:03:35,Rio de janeiro
Carlos lima,0024-01-17,Masculino,Mouse,120.0,2,,0:01:35,Rio de janeiro
João silva,2024-10-26,,Monitor,120.0,3,800,00:49:16,Rio de janeiro
Carlos lima,2024-01-02,,Teclado,3500.0,1,1200,,Rio de janeiro
Carlos lima,2024-08-10,Masculino,Cadeira,50.0,2,7000,0:02:02,São paulo
Maria souza,2023-11-25,,Notebook,50.0,3,360,01:35:33,Curitiba
Maria souza,2024-06-21,,Cadeira,120.0,3,,02:54:29,Belo horizonte
Carlos lima,2023-07-16,Masculino,Cadeira,1200.0,0,10500,,Curitiba
Carlos lima,2023-10-11,,Monitor,1200.0,2,,0:01:28,Rio de janeiro
João silva,0023-10-13,,Cadeira,120.0,0,3600,,São paulo
João silva,2024-11-22,Masculino,Notebook,800.0,1,74,,Belo horizonte
Ana clara,2024-11-13,Masculino,Cadeira,120.0,0,150,,São paulo
Carlos lima,0024-10-02,Masculino,Mouse,3500.0,3,50,00:20:56,Curitiba
Carlos lima,2024-11-06,,Cadeira,1200.0,0,3498,,Porto alegre
Maria souza,2024-02-04,,Notebook,120.0,3,2400,01:31:08,Belo horizonte
Maria souza,2024-04-09,,Monitor,1200.0,1,2400,,Porto alegre
Pedro alves,2023-02-15,,Cadeira,120.0,3,1600,02:53:45,Curitiba
Carlos lima,0024-05-21,Masculino,Teclado,50.0,0,2400,,Rio de janeiro
Pedro alves,2024-12-28,Masculino,Monitor,800.0,2,3600,0:01:26,Curitiba
Ana clara,2024-06-24,Masculino,Cadeira,3500.0,2,240,0:00:56,São paulo
Ana clara,2024-05-18,,Monitor,800.0,3,,01:52:48,Rio de janeiro
Ana clara,2023-03-04,,Mouse,1200.0,2,1600,0:03:32,Porto alegre
Ana clara,0023-07-14,,Teclado,1200.0,3,3600,00:34:50,Curitiba
João silva,0024-05-11,Masculino,Monitor,3500.0,0,240,,Porto alegre
Carlos lima,2023-03-14,,Notebook,120.0,1,2400,,Belo horizonte
João silva,0023-01-10,,Mouse,800.0,3,1200,01:15:41,São paulo
Carlos lima,2024-01-01,,Cadeira,1200.0,1,1200,,São paulo
Maria souza,2024-07-03,Masculino,Notebook,120.0,2,,0:03:15,São paulo
Maria souza,2023-06-06,,Notebook,50.0,1,1200,,Belo horizonte
João silva,2023-05-05,Masculino,Cadeira,3500.0,1,100,,Porto alegre
Maria souza,2023-11-10,,Mouse,3500.0,0,,,São paulo
Ana clara,2023-01-08,,Cadeira,1200.0,0,10461,,Porto alegre
Carlos lima,0023-06-12,,Notebook,3500.0,0,,,Rio de janeiro
Maria souza,2024-12-22,,Teclado,50.0,2,,0:01:12,Belo horizonte
João silva,2024-05-25,Masculino,Monitor,800.0,2,800,0:00:51,Belo horizonte
Maria souza,2023-03-17,Masculino,Notebook,1200.0,3,3500,00:05:43,São paulo
Ana clara,0023-10-15,,Cadeira,50.0,3,1600,00:47:57,Belo horizonte
Pedro alves,2024-02-28,Masculino,Notebook,50.0,0,10523,,Belo horizonte
Ana clara,0023-01-07,Masculino,Monitor,1200.0,3,120,02:27:57,Belo horizonte
Maria souza,2023-11-06,Masculino,Cadeira,50.0,3,7000,00:03:20,Porto alegre
Carlos lima,2024-03-23,Masculino,Mouse,120.0,0,,,Curitiba
Maria souza,2024-07-07,,Monitor,800.0,2,360,0:03:09,São paulo
Ana clara,0023-02-27,,Mouse,50.0,0,240,,Rio de janeiro
João silva,2024-10-20,Masculino,Notebook,3500.0,1,,,Belo horizonte
João silva,0024-02-21,Masculino,Monitor,800.0,0,120,,Belo horizonte
Carlos lima,0023-10-05,,Teclado,3500.0,3,3500,01:26:29,Curitiba
Maria souza,0023-01-19,,Notebook,800.0,3,360,01:27:14,Belo horizonte
João silva,2023-04-08,,Mouse,3500.0,2,100,0:02:58,São paulo
Ana clara,2023-08-25,Masculino,Teclado,120.0,1,,,Rio de janeiro
Pedro alves,2024-03-24,,Cadeira,50.0,0,,,São paulo
Ana clara,2023-08-27,,Cadeira,120.0,0,,,Rio de janeiro
Pedro alves,0024-08-14,,Cadeira,1200.0,3,10522,01:55:54,Porto alegre
Carlos lima,2024-01-07,,Notebook,800.0,2,120,0:01:05,Porto alegre
João silva,2023-11-09,,Notebook,800.0,2,,0:00:35,Porto alegre
João silva,2024-10-09,Masculino,Notebook,3500.0,3,,01:00:22,Rio de janeiro
João silva,2024-05-16,Masculino,Mouse,50.0,3,3500,02:41:03,Curitiba
Maria souza,2024-07-02,Masculino,Teclado,1200.0,2,3500,0:01:20,Curitiba
Maria souza,2023-05-15,,Monitor,50.0,1,150,,São paulo
Ana clara,2023-06-24,,Mouse,50.0,2,240,0:01:41,Belo horizonte
Pedro alves,2023-11-08,,Mouse,1200.0,2,2400,0:02:57,São paulo
Ana clara,2024-09-02,Masculino,Notebook,3500.0,1,2400,,Porto alegre
Ana clara,2024-01-19,,Mouse,120.0,3,7000,01:28:50,Belo horizonte
Ana clara,0023-01-26,Masculino,Cadeira,50.0,2,2422,0:03:04,Belo horizonte
João silva,2023-12-23,,Mouse,120.0,2,2400,0:02:20,Rio de janeiro
Carlos lima,2024-03-24,Masculino,Teclado,50.0,3,120,01:59:59,Rio de janeiro
Maria souza,0023-08-08,Masculino,Monitor,1200.0,3,120,00:58:06,Belo horizonte
Carlos lima,0023-02-21,,Mouse,50.0,3,7000,00:51:55,Rio de janeiro
Carlos lima,0023-12-14,Masculino,Notebook,800.0,3,10500,02:00:51,Rio de janeiro
Carlos lima,2023-03-16,Masculino,Mouse,50.0,3,2450,02:56:47,Rio de janeiro
Pedro alves,2024-03-22,Masculino,Teclado,1200.0,2,100,0:01:25,Curitiba
Ana clara,0024-08-23,Masculino,Monitor,800.0,2,2400,0:01:59,São paulo
Ana clara,2024-12-09,Masculino,Teclado,120.0,1,2400,,São paulo
Pedro alves,2023-10-23,,Mouse,50.0,2,150,0:02:38,Porto alegre
Pedro alves,0023-07-24,Masculino,Monitor,50.0,0,7000,,Curitiba
Carlos lima,0023-01-04,,Teclado,120.0,3,2400,00:09:35,Porto alegre
Ana clara,0023-02-21,Masculino,Monitor,120.0,2,240,0:03:53,Belo horizonte
João silva,0023-01-10,Masculino,Cadeira,800.0,2,,0:02:03,Porto alegre
Ana clara,2024-01-13,,Monitor,50.0,3,1200,00:00:07,Belo horizonte
Ana clara,0024-10-10,Masculino,Mouse,3500.0,1,150,,Porto alegre
Ana clara,0024-12-28,,Monitor,1200.0,0,,,Porto alegre
Maria souza,2024-09-24,Masculino,Cadeira,1200.0,1,3500,,Curitiba
Maria souza,0024-05-26,,Notebook,50.0,0,100,,Rio de janeiro
João silva,2024-01-12,,Mouse,50.0,0,,,Belo horizonte
João silva,2023-03-25,Masculino,Notebook,120.0,0,7035,,Porto alegre
Carlos lima,2023-02-28,Masculino,Notebook,3500.0,0,1600,,Curitiba
Pedro alves,2024-06-05,Masculino,Monitor,50.0,3,240,02:37:43,Curitiba
Pedro alves,0023-09-03,,Mouse,3500.0,0,,,Belo horizonte
Carlos lima,2023-01-05,,Mouse,3500.0,1,3500,,Curitiba
Ana clara,2023-06-10,Masculino,Cadeira,1200.0,2,800,0:03:21,São paulo
Ana clara,2024-06-25,Masculino,Monitor,120.0,1,1200,,Belo horizonte
Pedro alves,2023-12-21,,Monitor,800.0,3,,00:21:38,Rio de janeiro
Maria souza,2023-07-23,,Mouse,50.0,3,278,01:20:39,São paulo
Pedro alves,2024-09-23,Masculino,Monitor,50.0,2,240,0:02:48,Porto alegre
Pedro alves,2023-01-03,Masculino,Monitor,1200.0,2,2400,0:01:19,Belo horizonte
João silva,2023-05-11,Masculino,Mouse,50.0,2,,0:03:16,Belo horizonte
Ana clara,2024-06-21,,Monitor,3500.0,2,,0:00:19,Curitiba
Pedro alves,2024-01-01,Masculino,Cadeira,3500.0,1,2400,,Belo horizonte
Ana clara,0024-10-03,,Mouse,50.0,0,2400,,Belo horizonte
Carlos lima,2023-01-16,Masculino,Monitor,120.0,1,3500,,São paulo
Carlos lima,2023-04-04,,Cadeira,120.0,1,800,,São paulo
Pedro alves,2023-04-02,,Notebook,50.0,3,84,00:51:45,Curitiba
Ana clara,0023-06-23,Masculino,Mouse,800.0,0,,,Rio de janeiro
Carlos lima,2023-04-19,,Monitor,50.0,3,2400,00:11:30,São paulo
Maria souza,2024-01-21,,Notebook,3500.0,1,800,,Belo horizonte
Ana clara,2024-05-08,,Notebook,800.0,2,32,0:02:21,Porto alegre
João silva,0024-12-22,,Mouse,3500.0,1,106,,Rio de janeiro
João silva,0023-06-10,Masculino,Mouse,3500.0,2,10503,0:01:14,Curitiba
Carlos lima,2023-10-27,Masculino,Mouse,800.0,3,3589,01:07:44,São paulo
Carlos lima,2023-04-05,Masculino,Mouse,800.0,2,,0:02:43,Belo horizonte
Carlos lima,2024-02-12,,Notebook,800.0,1,2400,,Belo horizonte
Ana clara,0024-09-05,,Monitor,3500.0,3,3500,00:48:38,Porto alegre
Pedro alves,2023-11-02,,Monitor,50.0,3,3530,01:53:37,Curitiba
Pedro alves,2023-09-24,,Mouse,1200.0,3,50,02:40:39,Porto alegre
Ana clara,2023-10-24,Masculino,Teclado,3500.0,1,120,,Belo horizonte
Maria souza,2023-02-21,Masculino,Notebook,800.0,1,,,Porto alegre
Ana clara,2023-09-15,Masculino,Mouse,1200.0,0,2400,,Curitiba
Maria souza,2023-04-04,,Teclado,120.0,3,,01:55:00,Belo horizonte
Pedro alves,2023-02-03,,Monitor,120.0,1,50,,Porto alegre
Pedro alves,2023-02-06,,Notebook,50.0,3,,00:31:11,Curitiba
Maria souza,2024-12-18,,Monitor,800.0,3,120,01:47:24,Rio de janeiro
João silva,2024-02-09,,Notebook,120.0,2,1200,0:00:34,Porto alegre
João silva,0024-06-20,,Notebook,800.0,3,3500,02:05:48,Rio de janeiro
João silva,2024-01-14,Masculino,Monitor,3500.0,0,800,,Porto alegre
João silva,2023-08-27,,Cadeira,3500.0,0,2428,,Curitiba
Ana clara,2024-01-23,,Monitor,120.0,3,10500,02:09:37,Curitiba
Ana clara,2024-09-24,,Cadeira,800.0,2,7000,0:00:06,Curitiba
Carlos lima,2024-02-18,Masculino,Monitor,50.0,2,150,0:00:26,Rio de janeiro
Ana clara,2023-08-28,,Notebook,3500.0,1,360,,Curitiba
Maria souza,2024-07-06,,Cadeira,50.0,1,2400,,Rio de janeiro
Maria souza,2023-10-24,Masculino,Notebook,120.0,3,10500,01:09:27,Belo horizonte
Maria souza,0023-09-17,Masculino,Cadeira,120.0,1,,,Rio de janeiro
João silva,2023-07-04,Masculino,Notebook,1200.0,3,260,01:23:42,Belo horizonte
João silva,2024-02-04,,Teclado,3500.0,0,3607,,Belo horizonte
João silva,2023-07-19,,Mouse,120.0,1,10500,,Porto alegre
Carlos lima,0023-03-05,,Notebook,800.0,0,,,Rio de janeiro
Ana clara,0024-05-07,,Cadeira,120.0,3,7000,01:51:02,Curitiba
Carlos lima,2023-07-19,Masculino,Mouse,800.0,0,3514,,Belo horizonte
Carlos lima,2023-06-12,Masculino,Cadeira,1200.0,3,773,00:07:42,Belo horizonte
Carlos lima,0024-04-10,Masculino,Cadeira,1200.0,3,2400,00:32:15,São paulo
Carlos lima,0024-05-06,Masculino,Mouse,800.0,3,100,02:12:26,São paulo
Maria souza,2023-09-20,Masculino,Cadeira,120.0,3,1161,02:04:46,Belo horizonte
Pedro alves,2023-12-27,,Teclado,800.0,1,,,Rio de janeiro
João silva,2023-12-01,Masculino,Cadeira,800.0,3,2381,02:46:10,São paulo
Pedro alves,0023-06-02,,Notebook,120.0,3,3500,02:55:49,São paulo
Ana clara,2024-05-06,Masculino,Teclado,120.0,0,,,Porto alegre
Maria souza,2023-02-22,Masculino,Teclado,3500.0,0,6985,,Curitiba
Ana clara,2024-02-01,Masculino,Mouse,3500.0,1,3577,,Belo horizonte
Pedro alves,0024-12-15,,Teclado,1200.0,1,,,Rio de janeiro
João silva,2023-04-22,,Cadeira,120.0,3,,02:02:48,Belo horizonte
Carlos lima,2024-09-09,,Monitor,800.0,1,3500,,Belo horizonte
Carlos lima,2023-02-12,,Notebook,50.0,3,1200,01:48:42,Rio de janeiro
João silva,2024-10-06,,Mouse,120.0,2,2400,0:01:42,São paulo
Maria souza,2023-12-13,,Monitor,3500.0,1,2400,,Curitiba
João silva,2023-04-06,Masculino,Notebook,1200.0,3,,02:56:16,Porto alegre
João silva,0023-09-16,,Teclado,120.0,1,120,,Rio de janeiro
Carlos lima,2024-01-21,,Monitor,800.0,3,150,02:34:02,Rio de janeiro
Maria souza,0023-02-20,Masculino,Cadeira,1200.0,2,15,0:03:20,Belo horizonte
Maria souza,2023-05-18,Masculino,Monitor,3500.0,1,50,,Rio de janeiro
Maria souza,2023-12-28,Masculino,Mouse,50.0,3,1200,00:07:20,Rio de janeiro
Carlos lima,2024-05-12,Masculino,Cadeira,1200.0,1,120,,Curitiba
João silva,2024-08-10,Masculino,Notebook,3500.0,3,2400,01:50:11,Curitiba
Carlos lima,0023-04-12,,Mouse,50.0,2,240,0:01:31,Porto alegre
Ana clara,2023-10-06,,Notebook,50.0,0,50,,São paulo
Carlos lima,2023-12-18,Masculino,Cadeira,50.0,2,360,0:00:13,Belo horizonte
João silva,2024-01-27,Masculino,Notebook,50.0,3,2400,01:58:03,Porto alegre
Pedro alves,2023-08-03,Masculino,Mouse,3500.0,2,120,0:01:46,São paulo
João silva,2024-02-19,,Notebook,50.0,2,10500,0:00:35,Curitiba
Maria souza,2024-02-16,,Cadeira,120.0,3,3600,00:50:11,Curitiba
Maria souza,2024-02-17,,Teclado,1200.0,3,,00:15:31,Belo horizonte
Maria souza,2024-04-02,,Monitor,120.0,2,120,0:00:24,Rio de janeiro
Ana clara,0023-03-14,Masculino,Monitor,1200.0,1,100,,Porto alegre
Pedro alves,2023-05-28,Masculino,Notebook,1200.0,0,2400,,Porto alegre
Maria souza,2023-03-17,Masculino,Teclado,1200.0,3,1600,00:08:35,Belo horizonte
Ana clara,2023-08-24,,Cadeira,800.0,3,,00:29:22,Belo horizonte
Ana clara,2024-12-11,Masculino,Monitor,1200.0,0,240,,Belo horizonte
Ana clara,2024-12-05,Masculino,Cadeira,800.0,3,2400,02:42:30,Belo horizonte
Ana clara,0023-03-14,Masculino,Mouse,1200.0,3,1200,02:36:16,Porto alegre
Ana clara,0024-07-15,,Monitor,120.0,1,10500,,Porto alegre
Ana clara,2023-03-03,,Mouse,800.0,0,3600,,Rio de janeiro
Maria souza,0024-02-22,Masculino,Notebook,800.0,0,3600,,Porto alegre
Pedro alves,2023-09-19,Masculino,Monitor,800.0,1,1200,,Porto alegre
Pedro alves,2023-01-12,,Notebook,800.0,3,800,00:30:23,Curitiba
Carlos lima,2023-11-14,,Cadeira,800.0,2,800,0:01:22,Curitiba
João silva,2023-03-11,Masculino,Notebook,120.0,0,120,,São paulo
Pedro alves,2023-06-19,,Notebook,800.0,0,7000,,Porto alegre
Ana clara,2024-02-18,Masculino,Cadeira,1200.0,0,100,,Porto alegre
Maria souza,2024-07-10,,Teclado,50.0,0,1600,,Curitiba
Ana clara,2024-01-24,,Mouse,800.0,1,,,Rio de janeiro
Pedro alves,2024-04-07,Masculino,Monitor,120.0,0,6953,,Porto alegre
Pedro alves,2023-04-18,Masculino,Teclado,1200.0,3,,01:45:56,Rio de janeiro
Ana clara,2024-06-03,Masculino,Cadeira,120.0,1,,,Rio de janeiro
Ana clara,2024-01-26,Masculino,Mouse,1200.0,0,360,,São paulo
Pedro alves,2024-07-18,,Mouse,3500.0,1,2400,,Belo horizonte
Pedro alves,2023-11-13,,Cadeira,120.0,3,,00:29:57,Porto alegre
Ana clara,2023-10-16,,Notebook,800.0,1,10500,,Porto alegre
Carlos lima,0023-04-15,Masculino,Monitor,50.0,0,7000,,Porto alegre
João silva,0024-10-15,Masculino,Mouse,3500.0,0,,,São paulo
Maria souza,2024-10-19,Masculino,Mouse,50.0,3,100,01:56:06,Curitiba
Maria souza,2024-06-07,Masculino,Monitor,50.0,1,,,Curitiba
Pedro alves,2024-09-11,Masculino,Cadeira,50.0,3,50,00:08:35,Curitiba
João silva,2023-11-03,Masculino,Teclado,50.0,1,360,,Porto alegre
João silva,2023-10-17,Masculino,Cadeira,3500.0,0,,,Curitiba
Pedro alves,2023-02-23,Masculino,Monitor,50.0,1,3600,,São paulo
Pedro alves,2024-08-04,,Teclado,3500.0,3,120,02:20:31,São paulo
Carlos lima,2023-12-10,Masculino,Mouse,800.0,0,2400,,Curitiba
João silva,2024-02-20,,Cadeira,3500.0,3,100,02:05:27,Curitiba
Maria souza,2024-09-11,Masculino,Mouse,3500.0,1,120,,São paulo
Maria souza,2024-01-13,,Monitor,800.0,2,3490,0:02:30,Belo horizonte
João silva,0023-12-22,Masculino,Monitor,50.0,1,,,Rio de janeiro
João silva,2024-01-14,Masculino,Notebook,3500.0,3,1600,01:17:44,Curitiba
Maria souza,2023-07-09,,Cadeira,120.0,2,10500,0:02:58,Porto alegre
Pedro alves,2023-08-03,,Mouse,1200.0,3,100,02:39:35,Porto alegre
Carlos lima,2023-11-27,Masculino,Notebook,800.0,2,2381,0:00:06,Curitiba
Carlos lima,2023-09-01,Masculino,Teclado,1200.0,3,10500,00:09:30,Belo horizonte
Ana clara,2023-06-21,,Cadeira,120.0,3,3500,02:48:40,Belo horizonte
Pedro alves,2023-11-17,Masculino,Cadeira,3500.0,0,50,,Porto alegre
Carlos lima,0024-06-06,Masculino,Notebook,120.0,3,2400,00:27:13,São paulo
Carlos lima,2024-11-19,Masculino,Teclado,3500.0,3,,01:23:39,São paulo
Carlos lima,2023-10-15,,Cadeira,800.0,1,10500,,Rio de janeiro
Carlos lima,2023-01-08,Masculino,Mouse,3500.0,2,2400,0:02:07,Rio de janeiro
Carlos lima,2024-05-02,Masculino,Notebook,3500.0,3,240,00:15:53,Porto alegre
Pedro alves,0023-07-11,Masculino,Teclado,50.0,2,1200,0:01:41,Porto alegre
João silva,0023-12-18,,Mouse,120.0,0,2400,,Porto alegre
Pedro alves,2024-08-01,Masculino,Notebook,800.0,2,3500,0:00:46,Porto alegre
Maria souza,0023-06-01,,Mouse,3500.0,0,800,,Belo horizonte
Maria souza,2023-12-25,Masculino,Cadeira,1200.0,0,,,Porto alegre
Carlos lima,2023-05-01,Masculino,Notebook,120.0,2,1243,0:02:59,Porto alegre
Pedro alves,2023-10-18,Masculino,Notebook,800.0,2,3600,0:03:44,Rio de janeiro
João silva,2023-08-28,Masculino,Monitor,3500.0,0,120,,Rio de janeiro
João silva,2024-06-11,,Teclado,3500.0,1,214,,São paulo
João silva,2024-06-15,Masculino,Mouse,3500.0,1,3500,,Curitiba
João silva,2024-02-03,Masculino,Teclado,800.0,2,2357,0:02:34,Rio de janeiro
Pedro alves,2024-11-27,,Monitor,1200.0,0,7000,,Porto alegre
Carlos lima,2024-08-06,Masculino,Teclado,800.0,1,,,São paulo
Carlos lima,2024-10-17,,Teclado,1200.0,2,100,0:01:54,Curitiba
Ana clara,0024-05-06,Masculino,Teclado,1200.0,3,97,02:05:51,Porto alegre
Pedro alves,2023-04-03,,Notebook,1200.0,1,,,Porto alegre
Maria souza,2023-04-19,Masculino,Notebook,800.0,3,,02:52:49,Rio de janeiro
João silva,0024-03-28,Masculino,Teclado,3500.0,0,150,,Belo horizonte
João silva,2023-05-20,Masculino,Mouse,120.0,0,7000,,Belo horizonte
João silva,0024-05-08,,Cadeira,1200.0,3,50,01:41:12,Rio de janeiro
Ana clara,0023-09-22,Masculino,Mouse,800.0,1,3500,,Porto alegre
João silva,0023-01-24,Masculino,Mouse,3500.0,2,150,0:03:09,São paulo
Carlos lima,2023-07-23,,Cadeira,1200.0,0,,,Curitiba
Maria souza,2023-03-12,Masculino,Monitor,1200.0,3,,01:40:01,Porto alegre
João silva,2024-12-10,,Notebook,3500.0,2,,0:03:36,Belo horizonte
João silva,2023-12-03,Masculino,Mouse,3500.0,0,50,,Belo horizonte
Maria souza,2024-01-20,,Teclado,3500.0,2,3600,0:03:00,Porto alegre
Carlos lima,2023-03-23,,Cadeira,120.0,1,,,Rio de janeiro
Carlos lima,2023-06-20,Masculino,Teclado,800.0,3,240,01:01:39,Belo horizonte
Maria souza,2023-11-27,Masculino,Teclado,120.0,3,50,02:04:12,São paulo
João silva,0023-11-05,Masculino,Mouse,120.0,1,,,Porto alegre
João silva,2023-12-16,,Mouse,800.0,2,2400,0:00:51,Curitiba
Carlos lima,0024-02-17,Masculino,Teclado,3500.0,3,1600,01:20:16,Belo horizonte
Pedro alves,0023-09-13,Masculino,Mouse,3500.0,1,1600,,Rio de janeiro
Maria souza,2023-12-25,,Notebook,800.0,2,,0:01:38,Belo horizonte
João silva,2024-05-07,,Notebook,50.0,3,1200,00:49:07,Porto alegre
João silva,2024-02-09,,Teclado,1200.0,0,2400,,Belo horizonte
Pedro alves,2023-06-02,,Mouse,50.0,2,120,0:00:50,São paulo
Pedro alves,2023-07-18,,Notebook,120.0,1,7000,,Porto alegre
Maria souza,2024-02-06,,Monitor,3500.0,3,,01:57:53,Belo horizonte
João silva,2024-03-15,,Mouse,50.0,1,360,,São paulo
João silva,0024-05-22,Masculino,Teclado,800.0,0,3477,,Rio de janeiro
Carlos lima,0023-05-13,,Mouse,50.0,1,3500,,São paulo
Carlos lima,2024-03-07,Masculino,Mouse,3500.0,1,120,,São paulo
Ana clara,0024-01-10,,Mouse,800.0,1,50,,São paulo
João silva,2023-11-05,Masculino,Monitor,3500.0,1,800,,Porto alegre
Maria souza,2023-06-15,Masculino,Cadeira,800.0,2,1200,0:01:09,São paulo
Carlos lima,2024-02-06,Masculino,Mouse,800.0,2,34,0:02:54,Belo horizonte
Carlos lima,2024-01-08,,Teclado,800.0,0,2400,,Porto alegre
Carlos lima,2023-01-14,Masculino,Mouse,50.0,0,100,,Belo horizonte
Carlos lima,2023-08-02,,Cadeira,800.0,1,7000,,Porto alegre
Pedro alves,2024-04-09,,Monitor,50.0,2,3600,0:03:33,Rio de janeiro
Ana clara,2023-02-08,,Mouse,120.0,3,,01:38:24,Curitiba
Maria souza,2023-11-11,,Teclado,120.0,3,1200,02:48:58,São paulo
Maria souza,2023-02-14,Masculino,Monitor,800.0,2,,0:03:40,Curitiba
Maria souza,2024-05-13,,Teclado,800.0,2,120,0:03:46,São paulo
Maria souza,2023-07-23,Masculino,Monitor,800.0,0,,,Rio de janeiro
Ana clara,2023-03-28,,Cadeira,800.0,1,167,,Curitiba
Ana clara,2023-11-16,Masculino,Mouse,1200.0,1,800,,Rio de janeiro
Pedro alves,2023-12-27,,Mouse,1200.0,1,7000,,São paulo
Ana clara,2023-08-15,Masculino,Monitor,1200.0,1,2400,,São paulo
Ana clara,0023-03-10,,Cadeira,800.0,1,3500,,Porto alegre
Carlos lima,2024-08-11,,Cadeira,50.0,1,150,,Porto alegre
Carlos lima,2024-01-24,,Monitor,800.0,1,,,São paulo
Carlos lima,2024-08-01,Masculino,Mouse,3500.0,3,,02:56:19,Curitiba
Carlos lima,2024-12-28,,Notebook,1200.0,2,,0:02:14,Curitiba
Ana clara,0024-03-17,,Cadeira,50.0,0,,,São paulo
Maria souza,2023-10-26,,Mouse,800.0,2,2400,0:02:50,Porto alegre
Maria souza,0023-04-15,,Notebook,50.0,1,7006,,Belo horizonte
Pedro alves,0024-04-06,,Cadeira,800.0,0,3600,,Rio de janeiro
Pedro alves,2024-10-10,,Mouse,3500.0,1,3572,,Rio de janeiro
Carlos lima,0023-09-08,,Notebook,800.0,1,100,,Rio de janeiro
João silva,0024-03-24,Masculino,Mouse,1200.0,2,1600,0:01:15,Curitiba
João silva,2024-06-13,,Mouse,800.0,1,50,,Rio de janeiro
João silva,2023-05-28,,Teclado,1200.0,2,360,0:00:06,São paulo
Ana clara,2024-12-25,,Monitor,1200.0,0,7000,,Rio de janeiro
João silva,2024-11-07,Masculino,Notebook,3500.0,1,1200,,Rio de janeiro
Pedro alves,2024-08-05,,Notebook,50.0,1,1600,,Curitiba
Pedro alves,2024-05-11,Masculino,Cadeira,3500.0,2,800,0:00:49,Porto alegre
João silva,2023-03-14,,Notebook,800.0,0,7000,,Belo horizonte
Maria souza,2023-01-11,Masculino,Teclado,3500.0,0,,,Curitiba
Carlos lima,2023-09-27,Masculino,Notebook,50.0,3,7000,00:42:52,Curitiba
Carlos lima,0024-01-21,Masculino,Teclado,800.0,3,800,01:22:39,Rio de janeiro
João silva,0023-05-03,,Notebook,50.0,3,1600,00:12:24,Rio de janeiro
Ana clara,2024-04-18,,Teclado,50.0,3,50,02:30:38,Porto alegre
Maria souza,2023-10-14,Masculino,Cadeira,1200.0,2,2400,0:02:12,Rio de janeiro
João silva,0023-02-27,Masculino,Notebook,50.0,3,3480,02:00:09,São paulo
Carlos lima,2024-03-06,Masculino,Teclado,120.0,1,1200,,Rio de janeiro
Ana clara,0024-05-18,,Mouse,800.0,3,1600,00:56:02,Porto alegre
João silva,2024-03-10,Masculino,Mouse,800.0,1,3517,,São paulo
Ana clara,2024-07-14,Masculino,Mouse,800.0,2,120,0:02:40,Curitiba
João silva,2023-11-15,,Monitor,50.0,2,,0:01:38,Curitiba
João silva,2023-08-12,,Notebook,1200.0,1,2400,,São paulo
Ana clara,2023-11-28,,Notebook,50.0,1,10500,,São paulo
Maria souza,2024-05-25,,Monitor,50.0,2,120,0:02:00,São paulo
Pedro alves,2024-06-14,,Notebook,1200.0,1,,,Curitiba
Ana clara,2023-11-26,Masculino,Mouse,50.0,0,,,Belo horizonte
Maria souza,2023-04-24,Masculino,Monitor,50.0,1,,,Belo horizonte
Ana clara,2023-02-12,,Teclado,3500.0,3,2404,02:43:22,Porto alegre
Ana clara,2023-06-08,Masculino,Monitor,800.0,3,10500,00:26:10,São paulo
Carlos lima,2024-04-11,,Monitor,1200.0,3,50,01:46:14,Curitiba
Pedro alves,2023-12-07,Masculino,Notebook,120.0,1,2400,,São paulo
Ana clara,2023-02-19,Masculino,Notebook,1200.0,0,3500,,Porto alegre
Ana clara,2023-08-09,,Notebook,3500.0,0,360,,Curitiba
João silva,2024-09-04,Masculino,Teclado,1200.0,2,2400,0:03:06,Curitiba
João silva,2024-02-01,Masculino,Cadeira,800.0,2,335,0:03:26,Porto alegre
Ana clara,2024-03-25,Masculino,Teclado,120.0,1,120,,Belo horizonte
João silva,2023-12-10,,Notebook,3500.0,3,1600,00:52:33,Porto alegre
João silva,2024-09-23,,Cadeira,1200.0,1,2372,,São paulo
Maria souza,2023-01-03,Masculino,Notebook,1200.0,1,1600,,Belo horizonte
João silva,2023-11-19,Masculino,Notebook,120.0,0,2400,,Curitiba
Carlos lima,2023-09-23,Masculino,Monitor,50.0,1,,,São paulo
João silva,2024-08-04,Masculino,Mouse,1200.0,2,100,0:00:36,São paulo
Ana clara,2023-04-10,,Teclado,3500.0,2,7000,0:02:44,Rio de janeiro
Maria souza,2023-04-23,Masculino,Mouse,120.0,1,,,Curitiba
Maria souza,0024-05-17,,Mouse,3500.0,3,360,00:39:47,Porto alegre
João silva,2023-09-02,Masculino,Monitor,1200.0,2,1600,0:02:26,Porto alegre
Carlos lima,2024-01-06,,Teclado,50.0,0,7000,,São paulo
Carlos lima,2024-09-14,,Cadeira,3500.0,2,120,0:00:54,São paulo
Pedro alves,2024-04-03,,Mouse,3500.0,0,7000,,Curitiba
Pedro alves,2023-02-07,,Teclado,120.0,2,2400,0:00:48,Rio de janeiro
Pedro alves,2024-05-05,,Notebook,800.0,0,,,São paulo
Pedro alves,2024-04-11,Masculino,Notebook,50.0,1,,,Porto alegre
João silva,0023-11-21,Masculino,Cadeira,3500.0,0,3463,,Porto alegre
Ana clara,2023-02-25,Masculino,Mouse,1200.0,1,,,Belo horizonte
Ana clara,2023-05-14,,Mouse,50.0,3,7000,01:51:42,São paulo
Ana clara,2023-09-17,,Teclado,3500.0,2,3500,0:01:12,Belo horizonte
Carlos lima,2024-11-02,,Teclado,1200.0,2,2367,0:01:13,Rio de janeiro
Pedro alves,0024-06-06,Masculino,Monitor,1200.0,1,120,,São paulo
Pedro alves,2023-08-27,Masculino,Cadeira,120.0,0,2400,,São paulo
Pedro alves,2023-12-08,,Monitor,3500.0,0,1600,,Curitiba
Pedro alves,2023-05-06,,Mouse,3500.0,2,,0:01:39,Curitiba
Pedro alves,0023-01-08,,Cadeira,1200.0,3,216,01:18:20,São paulo
João silva,0023-12-21,Masculino,Monitor,120.0,0,150,,Porto alegre
João silva,0024-11-22,Masculino,Cadeira,800.0,3,240,00:13:23,Rio de janeiro
João silva,2023-11-17,,Monitor,1200.0,3,3600,02:48:47,São paulo
João silva,0023-06-22,Masculino,Monitor,120.0,0,,,São paulo
Pedro alves,2023-02-28,,Notebook,3500.0,2,3500,0:00:06,Porto alegre
Ana clara,2024-10-28,Masculino,Cadeira,800.0,1,,,Belo horizonte
Ana clara,2023-08-12,Masculino,Teclado,120.0,2,2400,0:00:36,São paulo
Maria souza,2023-02-19,,Mouse,50.0,1,240,,Porto alegre
Maria souza,2023-03-14,,Notebook,1200.0,1,120,,Rio de janeiro
Carlos lima,2023-06-22,,Teclado,3500.0,2,3500,0:01:31,Porto alegre
Carlos lima,2023-04-24,,Mouse,120.0,0,,,Belo horizonte
Pedro alves,2024-10-02,,Cadeira,120.0,2,150,0:01:00,São paulo
Maria souza,2024-08-14,Masculino,Cadeira,3500.0,1,,,Belo horizonte
Maria souza,2024-10-22,,Monitor,3500.0,1,81,,Porto alegre
Maria souza,2023-11-01,,Cadeira,1200.0,0,50,,Porto alegre
Maria souza,2024-08-23,Masculino,Cadeira,120.0,1,1200,,São paulo
Ana clara,0023-03-23,Masculino,Notebook,3500.0,0,3528,,São paulo
Ana clara,2023-08-08,,Monitor,3500.0,1,7000,,Curitiba
Maria souza,0023-07-21,,Notebook,800.0,1,182,,Porto alegre
Maria souza,2024-10-15,,Mouse,50.0,3,,00:58:48,Rio de janeiro
Pedro alves,2024-06-16,,Notebook,120.0,0,1200,,Porto alegre
Pedro alves,2023-12-16,Masculino,Notebook,800.0,0,,,Rio de janeiro
Ana clara,2023-06-26,,Teclado,120.0,1,2406,,Rio de janeiro
Pedro alves,2024-09-24,,Teclado,50.0,3,354,02:06:09,Porto alegre
João silva,2024-09-18,Masculino,Notebook,120.0,1,120,,São paulo
Pedro alves,0023-10-11,,Monitor,120.0,2,,0:00:57,São paulo
Pedro alves,0023-12-26,Masculino,Notebook,1200.0,0,2399,,Rio de janeiro
Maria souza,0024-12-10,,Cadeira,120.0,1,10477,,Belo horizonte
Maria souza,2023-07-25,Masculino,Teclado,800.0,3,2400,00:33:00,São paulo
Ana clara,2023-06-26,Masculino,Teclado,50.0,1,240,,São paulo
Ana clara,2024-01-20,Masculino,Notebook,800.0,0,240,,Porto alegre
João silva,2024-10-14,Masculino,Teclado,50.0,2,3500,0:03:15,São paulo
João silva,0024-04-06,Masculino,Mouse,120.0,3,,01:41:25,Rio de janeiro
Ana clara,2023-06-05,Masculino,Cadeira,1200.0,0,150,,São paulo
Ana clara,2023-11-12,,Monitor,3500.0,2,360,0:01:35,Belo horizonte
João silva,2023-03-28,Masculino,Monitor,120.0,3,3500,02:39:35,Belo horizonte
João silva,2024-02-24,,Cadeira,120.0,0,1600,,Rio de janeiro
Pedro alves,0024-11-17,Masculino,Notebook,1200.0,2,240,0:01:27,Curitiba
Carlos lima,2024-05-12,Masculino,Cadeira,800.0,0,2400,,Belo horizonte
Carlos lima,2024-09-01,,Monitor,120.0,0,329,,Curitiba
Pedro alves,0024-08-03,Masculino,Mouse,120.0,3,,00:06:41,São paulo
Pedro alves,0024-01-13,Masculino,Mouse,800.0,0,800,,Rio de janeiro
Maria souza,2024-10-03,Masculino,Monitor,800.0,1,1580,,Belo horizonte
Pedro alves,2024-02-18,,Monitor,50.0,3,133,01:59:42,Belo horizonte
Pedro alves,2024-07-24,Masculino,Notebook,120.0,3,2400,01:15:25,Curitiba
João silva,2024-05-20,Masculino,Teclado,50.0,3,2400,00:31:23,Curitiba
João silva,2023-12-10,Masculino,Mouse,50.0,1,1200,,Rio de janeiro
Carlos lima,2023-01-25,,Monitor,3500.0,3,360,00:12:47,Porto alegre
Carlos lima,0024-04-12,,Notebook,800.0,2,,0:01:53,Porto alegre
Carlos lima,2023-05-07,Masculino,Cadeira,1200.0,3,2400,01:59:42,Curitiba
João silva,2024-10-19,,Cadeira,50.0,0,128,,Belo horizonte
João silva,2023-11-16,,Monitor,800.0,3,2400,00:49:15,Belo horizonte
Maria souza,2024-12-03,,Teclado,800.0,2,254,0:00:06,Rio de janeiro
Maria souza,0024-04-14,Masculino,Cadeira,120.0,0,2401,,São paulo
Maria souza,0024-02-20,,Mouse,120.0,0,7000,,Belo horizonte
Maria souza,2024-10-10,Masculino,Mouse,800.0,0,120,,Porto alegre
João silva,2024-10-10,Masculino,Teclado,120.0,2,120,0:03:59,São paulo
João silva,0023-03-03,Masculino,Notebook,800.0,1,2400,,Rio de janeiro
Maria souza,2023-06-10,Masculino,Teclado,1200.0,3,10500,01:16:20,Belo horizonte
Maria souza,2023-11-05,Masculino,Monitor,3500.0,0,50,,Rio de janeiro
Ana clara,2024-02-10,Masculino,Teclado,120.0,1,,,São paulo
Carlos lima,2023-07-03,,Mouse,50.0,2,,0:02:02,Belo horizonte
Maria souza,2023-01-18,,Mouse,800.0,2,,0:00:54,Porto alegre
João silva,2024-06-27,Masculino,Monitor,800.0,2,2400,0:01:58,Rio de janeiro
Carlos lima,0024-12-03,,Mouse,3500.0,3,1600,00:24:53,Porto alegre
Carlos lima,0023-04-21,,Cadeira,120.0,1,,,Curitiba
Ana clara,0023-03-03,Masculino,Cadeira,50.0,2,3600,0:03:58,São paulo
Carlos lima,2024-11-09,,Teclado,120.0,1,150,,Belo horizonte
Ana clara,2023-01-17,,Teclado,1200.0,1,1180,,São paulo
Ana clara,2023-02-02,Masculino,Monitor,1200.0,1,2400,,Porto alegre
João silva,2024-01-05,Masculino,Mouse,1200.0,3,,02:21:44,Curitiba
Pedro alves,2024-07-10,,Teclado,3500.0,3,150,02:49:27,São paulo
Maria souza,2023-08-17,Masculino,Teclado,3500.0,2,,0:03:45,Porto alegre
Ana clara,2023-09-07,,Monitor,1200.0,0,1200,,São paulo
Maria souza,2023-01-21,Masculino,Teclado,120.0,1,56,,São paulo
Maria souza,2024-07-04,Masculino,Monitor,1200.0,1,1600,,Rio de janeiro
Pedro alves,2023-09-07,Masculino,Cadeira,50.0,1,800,,Porto alegre
Ana clara,2023-12-15,Masculino,Notebook,3500.0,0,120,,Rio de janeiro
João silva,2024-03-27,Masculino,Cadeira,50.0,1,2400,,São paulo
Carlos lima,2024-04-19,Masculino,Notebook,1200.0,1,1600,,Rio de janeiro
Carlos lima,2023-10-17,,Cadeira,120.0,2,50,0:02:43,Belo horizonte
João silva,0023-03-06,,Notebook,1200.0,3,100,02:17:24,Belo horizonte
Pedro alves,2023-06-11,Masculino,Teclado,1200.0,3,,02:52:33,Belo horizonte
Maria souza,0024-09-10,Masculino,Monitor,120.0,2,,0:02:15,Curitiba
Pedro alves,2023-07-19,,Teclado,120.0,3,107,00:17:14,Porto alegre
Pedro alves,2023-12-28,Masculino,Mouse,1200.0,0,150,,Rio de janeiro
Pedro alves,2023-07-22,,Monitor,800.0,1,370,,Rio de janeiro
Pedro alves,2023-04-15,Masculino,Teclado,800.0,0,2400,,Curitiba
Ana clara,2023-01-16,,Teclado,50.0,0,,,Porto alegre
Ana clara,2024-01-16,,Cadeira,3500.0,1,1200,,Belo horizonte
Carlos lima,2024-07-13,,Notebook,120.0,3,,01:19:05,São paulo
Maria souza,2023-11-03,,Monitor,3500.0,2,3600,0:02:17,Curitiba
João silva,0023-04-21,,Mouse,120.0,0,,,Rio de janeiro
Maria souza,2024-01-18,,Mouse,3500.0,1,2400,,Porto alegre
Maria souza,2023-08-14,Masculino,Mouse,1200.0,3,,01:51:11,São paulo
Maria souza,2024-03-22,Masculino,Notebook,120.0,3,399,02:22:00,São paulo
Maria souza,2023-11-02,Masculino,Monitor,120.0,0,3603,,Belo horizonte
Pedro alves,2023-02-06,,Cadeira,120.0,1,240,,Belo horizonte
João silva,2023-12-18,Masculino,Notebook,50.0,3,150,01:44:37,Belo horizonte
João silva,0023-08-21,,Cadeira,3500.0,2,240,0:03:48,Belo horizonte
João silva,2024-10-24,,Cadeira,50.0,0,1200,,Belo horizonte
Maria souza,2024-03-24,Masculino,Monitor,50.0,2,,0:00:09,Porto alegre
Maria souza,2024-04-20,,Cadeira,1200.0,1,360,,São paulo
Maria souza,0024-04-06,Masculino,Mouse,50.0,1,,,Belo horizonte
Carlos lima,2023-04-28,,Monitor,50.0,3,117,01:58:24,Rio de janeiro
João silva,2024-03-26,,Notebook,120.0,3,7000,01:55:55,Rio de janeiro
Maria souza,2024-12-20,Masculino,Mouse,120.0,2,,0:01:19,Rio de janeiro
Maria souza,0023-09-26,Masculino,Cadeira,3500.0,2,2400,0:01:46,Curitiba
João silva,2024-04-05,Masculino,Cadeira,3500.0,3,1200,00:12:10,Rio de janeiro
João silva,2024-09-06,Masculino,Cadeira,50.0,3,,02:11:35,São paulo
João silva,2024-02-28,Masculino,Monitor,3500.0,0,3500,,Curitiba
Maria souza,0023-10-13,,Monitor,1200.0,0,,,Curitiba
Maria souza,2023-10-27,,Cadeira,50.0,2,2400,0:02:54,São paulo
Carlos lima,2023-08-02,Masculino,Mouse,3500.0,0,,,Curitiba
João silva,2023-08-04,,Teclado,800.0,2,3637,0:00:08,Belo horizonte
Carlos lima,2023-09-24,,Notebook,3500.0,1,150,,São paulo
Maria souza,0024-03-24,Masculino,Cadeira,120.0,0,100,,Belo horizonte
João silva,2024-09-01,Masculino,Monitor,50.0,0,240,,São paulo
João silva,2023-03-16,,Cadeira,50.0,2,50,0:03:54,Porto alegre
Ana clara,0023-11-17,Masculino,Notebook,800.0,1,2400,,Curitiba
Maria souza,0023-09-02,,Teclado,120.0,0,2400,,Rio de janeiro
Pedro alves,2024-09-26,Masculino,Notebook,3500.0,3,150,01:34:58,Curitiba
Maria souza,0023-12-16,Masculino,Teclado,120.0,2,,0:00:47,Curitiba
João silva,2023-02-26,,Cadeira,1200.0,0,50,,Curitiba
Maria souza,2023-11-09,Masculino,Mouse,800.0,0,1200,,São paulo
João silva,2023-12-04,,Notebook,800.0,3,7000,01:29:57,São paulo
João silva,2023-09-22,Masculino,Notebook,50.0,3,50,00:17:31,Curitiba
João silva,2023-03-13,Masculino,Cadeira,1200.0,2,2400,0:01:21,Belo horizonte
Pedro alves,2024-12-10,Masculino,Monitor,800.0,3,2400,02:08:51,São paulo
João silva,2023-06-11,Masculino,Notebook,3500.0,3,235,01:22:08,Belo horizonte
João silva,2024-08-21,Masculino,Monitor,120.0,2,10500,0:00:40,Curitiba
João silva,0024-05-04,,Cadeira,50.0,0,360,,Porto alegre
João silva,2024-12-23,,Mouse,1200.0,0,3500,,Belo horizonte
Pedro alves,2024-01-07,Masculino,Notebook,120.0,0,800,,Porto alegre
Pedro alves,2024-07-21,,Cadeira,120.0,2,,0:02:05,São paulo
Maria souza,2024-10-28,,Mouse,120.0,3,1200,00:54:35,Belo horizonte
Carlos lima,2023-01-25,Masculino,Cadeira,50.0,0,,,Curitiba
Carlos lima,2023-04-26,,Notebook,50.0,2,2400,0:01:18,São paulo
Ana clara,0023-03-28,Masculino,Cadeira,120.0,2,2400,0:01:23,Curitiba
Pedro alves,0023-12-18,Masculino,Notebook,1200.0,3,800,01:57:40,São paulo
Pedro alves,2024-10-16,,Monitor,3500.0,1,100,,Porto alegre
Pedro alves,2024-07-09,Masculino,Teclado,1200.0,3,800,01:47:36,São paulo
Ana clara,0023-09-05,,Notebook,120.0,0,1200,,Curitiba
Ana clara,2024-12-10,,Notebook,50.0,1,,,Curitiba
Maria souza,2023-09-06,,Mouse,800.0,2,150,0:01:10,São paulo
Carlos lima,0023-07-16,,Monitor,50.0,1,129,,Belo horizonte
Maria souza,2024-07-17,Masculino,Cadeira,50.0,0,795,,São paulo
Pedro alves,2024-09-26,Masculino,Teclado,50.0,3,100,01:35:53,Belo horizonte
Maria souza,0024-08-13,Masculino,Monitor,800.0,2,3600,0:02:50,Rio de janeiro
Maria souza,2024-10-17,,Teclado,800.0,0,800,,Belo horizonte
Maria souza,2024-12-01,,Monitor,800.0,2,1242,0:00:38,São paulo
João silva,2023-07-12,,Monitor,120.0,0,50,,Belo horizonte
João silva,2023-12-23,Masculino,Cadeira,1200.0,0,360,,Belo horizonte
João silva,2024-11-05,Masculino,Teclado,1200.0,3,755,01:28:26,Rio de janeiro
João silva,2024-09-22,Masculino,Teclado,800.0,1,1600,,São paulo
Carlos lima,2023-08-26,Masculino,Monitor,50.0,3,1632,02:27:38,Porto alegre
Carlos lima,2023-09-09,Masculino,Monitor,50.0,2,,0:00:14,Porto alegre
Carlos lima,2023-10-21,,Mouse,3500.0,2,,0:02:44,Curitiba
João silva,2023-07-08,Masculino,Teclado,50.0,1,,,Belo horizonte
Maria souza,2024-12-19,Masculino,Monitor,50.0,2,240,0:03:47,Curitiba
Ana clara,2024-02-06,Masculino,Cadeira,3500.0,0,1582,,Curitiba
Ana clara,2023-04-05,,Monitor,50.0,3,2400,01:57:47,São paulo
Pedro alves,2024-06-25,Masculino,Mouse,50.0,2,,0:03:06,Rio de janeiro
Carlos lima,2024-05-23,Masculino,Mouse,800.0,1,3551,,Porto alegre
Carlos lima,2023-10-19,,Cadeira,800.0,0,360,,Rio de janeiro
João silva,2023-01-28,Masculino,Mouse,120.0,0,72,,Porto alegre
Pedro alves,2023-11-18,,Notebook,1200.0,1,360,,Curitiba
Carlos lima,0024-04-16,,Teclado,50.0,1,2387,,Porto alegre
Ana clara,2023-05-07,,Teclado,1200.0,0,,,Rio de janeiro
Maria souza,2023-01-24,Masculino,Monitor,1200.0,2,109,0:03:13,Belo horizonte
Maria souza,0024-04-09,,Mouse,1200.0,1,50,,Porto alegre
Ana clara,2023-08-20,Masculino,Mouse,3500.0,3,3600,00:18:01,São paulo
Carlos lima,2024-08-28,Masculino,Monitor,800.0,2,1200,0:03:58,Belo horizonte
Pedro alves,2023-05-19,,Mouse,3500.0,0,814,,Belo horizonte
Pedro alves,2024-09-17,,Teclado,1200.0,0,100,,Belo horizonte
João silva,2023-03-05,Masculino,Teclado,50.0,3,3600,00:04:10,São paulo
João silva,0023-03-01,,Teclado,50.0,3,10500,01:07:59,Belo horizonte
Ana clara,2023-10-14,,Mouse,120.0,1,,,Belo horizonte
Ana clara,2024-08-18,,Teclado,1200.0,0,10500,,Belo horizonte
Ana clara,2023-12-19,Masculino,Cadeira,50.0,2,,0:01:43,Curitiba
João silva,0024-06-20,,Monitor,50.0,3,240,02:53:17,Belo horizonte
Ana clara,0023-10-15,,Cadeira,120.0,0,800,,Rio de janeiro
Maria souza,2023-05-06,Masculino,Cadeira,3500.0,3,,01:15:58,Belo horizonte
Maria souza,0024-10-04,,Mouse,120.0,1,2400,,São paulo
Pedro alves,2023-03-28,Masculino,Cadeira,120.0,1,,,Rio de janeiro
Ana clara,2024-08-01,,Teclado,120.0,2,2400,0:00:29,Rio de janeiro
Ana clara,2023-12-07,Masculino,Notebook,50.0,0,150,,São paulo
João silva,2023-03-20,,Cadeira,50.0,2,2400,0:00:20,Curitiba
João silva,2023-09-26,,Teclado,3500.0,3,234,01:03:17,Porto alegre
Maria souza,2024-07-17,,Mouse,3500.0,1,50,,São paulo
Maria souza,2023-11-10,Masculino,Teclado,50.0,3,,00:40:18,Porto alegre
João silva,2024-06-14,,Cadeira,1200.0,2,360,0:01:25,Porto alegre
João silva,2023-05-17,Masculino,Teclado,3500.0,2,360,0:03:13,Curitiba
Ana clara,2023-09-05,Masculino,Monitor,1200.0,2,,0:02:21,Curitiba
Ana clara,2024-10-15,Masculino,Monitor,3500.0,2,800,0:02:51,Curitiba
Ana clara,2024-02-05,Masculino,Monitor,1200.0,1,800,,Rio de janeiro
João silva,0023-05-24,,Notebook,120.0,1,,,Rio de janeiro
Maria souza,2023-07-04,,Cadeira,50.0,0,2400,,Porto alegre
Maria souza,0023-10-02,,Notebook,800.0,2,,0:01:41,Curitiba
Pedro alves,2023-06-07,,Mouse,1200.0,2,1200,0:01:53,Curitiba
Ana clara,2024-01-04,,Teclado,50.0,0,240,,São paulo
Pedro alves,2024-05-18,,Notebook,800.0,1,240,,Porto alegre
Carlos lima,0024-04-08,Masculino,Teclado,50.0,2,3600,0:01:17,Belo horizonte
Pedro alves,2023-04-04,,Monitor,800.0,1,3600,,Curitiba
Maria souza,2023-08-12,,Teclado,50.0,2,10500,0:00:53,São paulo
Carlos lima,0024-05-15,,Monitor,120.0,0,,,Porto alegre
Maria souza,2024-04-01,,Cadeira,1200.0,0,,,Curitiba
Maria souza,2024-02-03,Masculino,Notebook,800.0,1,360,,Curitiba
Maria souza,2023-09-19,,Notebook,800.0,2,3500,0:01:17,Rio de janeiro
Carlos lima,2023-02-09,Masculino,Teclado,120.0,2,800,0:03:45,Porto alegre
Ana clara,2024-03-27,Masculino,Mouse,50.0,0,2400,,Porto alegre
Pedro alves,2024-02-27,Masculino,Monitor,3500.0,2,,0:00:16,Curitiba
Carlos lima,0023-10-02,,Monitor,1200.0,0,382,,Curitiba
Pedro alves,2024-02-19,,Monitor,1200.0,2,150,0:01:35,Curitiba
Pedro alves,0023-01-25,,Cadeira,1200.0,3,240,01:37:13,São paulo
Pedro alves,2024-06-17,Masculino,Cadeira,800.0,3,2361,02:04:47,Curitiba
Ana clara,2023-09-02,,Mouse,120.0,2,3500,0:00:39,Porto alegre
Maria souza,2024-04-10,,Mouse,3500.0,2,92,0:03:51,Belo horizonte
Maria souza,2023-04-06,Masculino,Cadeira,50.0,1,50,,Rio de janeiro
Carlos lima,0023-06-04,Masculino,Mouse,1200.0,0,240,,Belo horizonte
Carlos lima,2023-09-05,Masculino,Monitor,50.0,2,100,0:00:00,São paulo
Maria souza,2023-03-16,Masculino,Notebook,800.0,0,3617,,Belo horizonte
Carlos lima,2024-12-18,Masculino,Teclado,1200.0,1,1200,,Curitiba
João silva,2024-12-05,Masculino,Monitor,50.0,2,360,0:02:44,Rio de janeiro
Maria souza,2023-04-21,,Monitor,120.0,1,2400,,Rio de janeiro
Pedro alves,2024-03-13,Masculino,Mouse,3500.0,2,800,0:02:46,São paulo
Pedro alves,2024-07-08,Masculino,Cadeira,1200.0,0,800,,Belo horizonte
Maria souza,0023-08-18,,Mouse,800.0,2,2353,0:01:55,Porto alegre
Carlos lima,0023-06-24,Masculino,Teclado,1200.0,1,150,,Curitiba
Carlos lima,2023-12-02,,Teclado,50.0,1,3600,,Porto alegre
Carlos lima,2023-12-22,Masculino,Mouse,800.0,2,,0:01:15,Belo horizonte
João silva,2023-09-11,,Cadeira,120.0,2,1600,0:02:57,Porto alegre
Carlos lima,2023-07-20,Masculino,Teclado,800.0,0,360,,São paulo
Pedro alves,0023-08-19,,Teclado,1200.0,3,,00:17:30,Porto alegre
Ana clara,0023-05-05,Masculino,Mouse,800.0,3,2400,02:48:55,Porto alegre
Pedro alves,2023-05-28,,Cadeira,3500.0,2,120,0:01:23,Porto alegre
Pedro alves,2024-01-09,Masculino,Teclado,50.0,0,3500,,São paulo
João silva,2023-01-24,Masculino,Teclado,50.0,0,,,Porto alegre
Ana clara,2023-12-07,Masculino,Cadeira,50.0,1,3500,,Curitiba
Maria souza,2024-01-02,,Cadeira,800.0,2,,0:03:42,Rio de janeiro
Pedro alves,0024-04-27,Masculino,Monitor,1200.0,2,2383,0:01:04,Curitiba
Maria souza,2024-10-24,Masculino,Notebook,800.0,2,120,0:02:32,Belo horizonte
João silva,2023-12-14,Masculino,Mouse,50.0,3,2400,00:35:12,Rio de janeiro
Maria souza,2023-03-10,Masculino,Mouse,1200.0,2,120,0:01:32,Rio de janeiro
Ana clara,2023-04-01,,Monitor,50.0,3,360,00:10:02,São paulo
Pedro alves,0023-05-25,Masculino,Mouse,50.0,3,2400,01:28:02,Rio de janeiro
João silva,0024-03-03,Masculino,Cadeira,3500.0,3,,00:08:56,Rio de janeiro
João silva,0024-07-16,Masculino,Mouse,50.0,3,3600,00:06:15,Curitiba
Ana clara,0023-11-21,,Notebook,120.0,2,3600,0:02:02,Belo horizonte
Ana clara,2023-06-27,Masculino,Monitor,120.0,0,7000,,Porto alegre
João silva,0024-06-06,Masculino,Monitor,800.0,1,50,,São paulo
João silva,2023-02-05,Masculino,Teclado,50.0,1,,,São paulo
Maria souza,2024-12-03,Masculino,Notebook,3500.0,1,1200,,São paulo
Pedro alves,2023-10-27,,Mouse,800.0,3,120,01:50:15,Belo horizonte
João silva,0024-09-26,Masculino,Teclado,50.0,0,,,Porto alegre
Carlos lima,2023-11-01,,Notebook,800.0,0,3500,,Belo horizonte
Ana clara,2024-10-02,,Mouse,120.0,3,6959,02:39:03,São paulo
Ana clara,2024-03-18,Masculino,Mouse,800.0,2,3600,0:01:39,São paulo
Ana clara,2023-05-08,Masculino,Teclado,800.0,2,129,0:01:17,Rio de janeiro
Ana clara,0024-06-02,,Notebook,3500.0,2,,0:00:50,Rio de janeiro
Carlos lima,2024-05-27,,Monitor,50.0,2,,0:01:16,Belo horizonte
Pedro alves,2024-05-23,Masculino,Monitor,50.0,2,240,0:03:28,São paulo
Carlos lima,2024-01-14,Masculino,Mouse,50.0,2,100,0:00:45,Porto alegre
Ana clara,0024-12-21,Masculino,Mouse,1200.0,0,7000,,Rio de janeiro
Carlos lima,2024-06-24,Masculino,Teclado,800.0,0,50,,Belo horizonte
Maria souza,0024-05-21,,Notebook,120.0,3,800,01:31:39,São paulo
Carlos lima,2023-03-03,Masculino,Cadeira,1200.0,2,150,0:00:20,Porto alegre
Ana clara,2024-02-02,,Cadeira,50.0,1,360,,São paulo
Ana clara,2024-09-09,,Cadeira,3500.0,3,120,02:28:55,São paulo
Carlos lima,0024-07-12,,Cadeira,800.0,0,1600,,Curitiba
Pedro alves,2024-05-10,,Cadeira,800.0,3,50,00:57:43,Rio de janeiro
Ana clara,2024-11-10,Masculino,Monitor,120.0,2,240,0:02:25,Belo horizonte
Carlos lima,2024-05-10,,Cadeira,120.0,3,240,01:44:42,Porto alegre
Pedro alves,0023-11-27,,Mouse,50.0,0,3470,,Rio de janeiro
Carlos lima,2024-10-25,,Monitor,1200.0,0,120,,Belo horizonte
Ana clara,2023-09-18,Masculino,Notebook,50.0,0,3500,,Porto alegre
Ana clara,2023-08-01,Masculino,Monitor,1200.0,2,100,0:02:40,Porto alegre
João silva,0023-07-05,,Cadeira,50.0,0,150,,Curitiba
João silva,0024-10-14,Masculino,Monitor,800.0,0,3500,,Curitiba
Ana clara,2024-11-28,Masculino,Cadeira,1200.0,3,3500,02:17:20,Porto alegre
Ana clara,2023-03-11,,Mouse,3500.0,2,10500,0:02:28,Curitiba
Maria souza,2023-12-03,Masculino,Teclado,3500.0,2,2400,0:01:18,São paulo
Pedro alves,2023-06-27,,Notebook,3500.0,1,,,Rio de janeiro
Pedro alves,2023-01-03,,Notebook,800.0,3,3500,01:50:16,Rio de janeiro
João silva,0023-01-27,,Notebook,800.0,1,150,,São paulo
João silva,2024-04-07,Masculino,Notebook,50.0,1,,,São paulo
Ana clara,2024-01-23,,Cadeira,800.0,2,3600,0:02:23,Belo horizonte
Maria souza,2024-12-23,Masculino,Teclado,800.0,3,100,01:09:03,Curitiba
João silva,0024-10-02,Masculino,Teclado,3500.0,1,,,São paulo
Ana clara,0023-06-13,,Monitor,3500.0,3,,02:31:29,Porto alegre
João silva,2023-09-14,,Teclado,800.0,1,2400,,Rio de janeiro
João silva,2023-10-01,Masculino,Mouse,120.0,1,100,,Belo horizonte
Pedro alves,2023-07-02,Masculino,Monitor,50.0,0,50,,Rio de janeiro
Pedro alves,2024-04-07,,Notebook,800.0,3,,01:19:38,São paulo
Ana clara,0024-03-08,,Cadeira,120.0,3,1200,02:19:23,Curitiba
Ana clara,2023-02-02,Masculino,Mouse,120.0,2,117,0:02:36,Porto alegre
Ana clara,2024-06-23,,Teclado,120.0,2,50,0:01:11,Porto alegre
Ana clara,0024-07-06,,Notebook,3500.0,3,120,01:23:20,Belo horizonte
Ana clara,2023-03-19,Masculino,Teclado,120.0,0,360,,Rio de janeiro
João silva,0024-12-21,,Teclado,50.0,3,800,01:31:33,São paulo
Carlos lima,2023-11-14,Masculino,Notebook,120.0,2,154,0:01:48,Belo horizonte
Carlos lima,2023-05-16,,Teclado,3500.0,0,120,,Belo horizonte
Carlos lima,2024-04-08,Masculino,Cadeira,1200.0,1,,,Belo horizonte
Carlos lima,0024-02-26,Masculino,Cadeira,120.0,1,1600,,Belo horizonte
Pedro alves,2023-11-19,,Notebook,800.0,1,1200,,Belo horizonte
João silva,2024-09-07,Masculino,Mouse,1200.0,2,1200,0:03:09,Porto alegre
João silva,2023-10-07,Masculino,Notebook,3500.0,2,769,0:00:47,Porto alegre
João silva,2024-12-03,Masculino,Mouse,800.0,3,240,00:38:07,Porto alegre
Maria souza,2023-10-05,,Mouse,120.0,1,10500,,Curitiba
Carlos lima,2023-03-04,Masculino,Notebook,1200.0,1,90,,Porto alegre
João silva,0023-03-14,,Monitor,1200.0,1,360,,Belo horizonte
Maria souza,2024-09-07,,Monitor,50.0,0,360,,São paulo
Maria souza,2024-10-23,Masculino,Teclado,800.0,1,360,,Belo horizonte
João silva,2024-01-01,,Mouse,1200.0,2,96,0:00:44,São paulo
Maria souza,0023-11-10,Masculino,Notebook,1200.0,2,2400,0:02:55,Rio de janeiro
Pedro alves,2024-10-21,,Monitor,800.0,3,3500,02:50:31,Porto alegre
Maria souza,0023-12-06,Masculino,Notebook,800.0,2,,0:02:21,Porto alegre
João silva,0024-11-09,Masculino,Monitor,50.0,3,240,00:54:32,Rio de janeiro
Ana clara,2024-06-03,,Cadeira,1200.0,2,2400,0:03:02,Rio de janeiro
João silva,2023-08-18,,Notebook,50.0,1,800,,Rio de janeiro
João silva,0023-12-19,,Mouse,120.0,3,360,02:16:46,Curitiba
João silva,0024-04-09,,Monitor,800.0,1,240,,Belo horizonte
Ana clara,2024-12-18,Masculino,Notebook,800.0,2,2400,0:03:55,Porto alegre
Maria souza,2023-04-16,,Mouse,800.0,2,2400,0:01:27,Belo horizonte
Maria souza,2023-05-13,,Teclado,120.0,0,360,,São paulo
João silva,2024-12-27,,Mouse,1200.0,1,2400,,Porto alegre
Maria souza,2023-03-20,,Notebook,800.0,1,50,,São paulo
Maria souza,0024-09-28,Masculino,Teclado,1200.0,3,120,00:57:42,Belo horizonte
Carlos lima,2024-11-08,Masculino,Cadeira,120.0,3,150,01:08:24,Curitiba
Carlos lima,2024-10-27,Masculino,Mouse,3500.0,0,50,,Belo horizonte
Carlos lima,2023-06-18,,Cadeira,50.0,3,360,02:05:48,Rio de janeiro
Carlos lima,2024-12-14,,Mouse,50.0,0,800,,Rio de janeiro
Carlos lima,2024-06-09,,Cadeira,120.0,0,240,,Rio de janeiro
Pedro alves,0024-06-14,,Monitor,800.0,3,,00:09:15,Curitiba
Carlos lima,2024-01-24,Masculino,Monitor,3500.0,2,20,0:02:53,São paulo
João silva,2023-02-07,,Monitor,3500.0,0,10500,,Rio de janeiro
João silva,2024-03-02,,Teclado,800.0,2,,0:00:17,Porto alegre
Pedro alves,0024-05-28,Masculino,Cadeira,120.0,2,150,0:01:57,Curitiba
Carlos lima,2023-09-21,,Monitor,1200.0,1,1200,,São paulo
Carlos lima,0023-06-28,Masculino,Mouse,1200.0,0,150,,Curitiba
Carlos lima,2023-12-20,,Mouse,120.0,2,2400,0:00:08,Curitiba
Pedro alves,2024-08-24,,Notebook,120.0,1,10500,,Belo horizonte
Ana clara,2024-12-23,Masculino,Mouse,120.0,2,240,0:02:45,Porto alegre
Maria souza,2024-01-21,,Monitor,120.0,0,3600,,Rio de janeiro
João silva,0023-02-25,,Mouse,120.0,0,3500,,Porto alegre
Pedro alves,2023-11-01,Masculino,Cadeira,800.0,3,1600,01:36:26,São paulo
Maria souza,0024-10-26,Masculino,Monitor,1200.0,1,1617,,Rio de janeiro
Carlos lima,2023-01-01,,Monitor,50.0,0,7000,,Porto alegre
Carlos lima,2024-04-16,,Notebook,50.0,0,360,,Porto alegre
Ana clara,2023-06-23,Masculino,Monitor,50.0,0,2400,,Porto alegre
Carlos lima,2024-12-22,,Cadeira,120.0,0,,,Belo horizonte
Maria souza,2024-04-08,,Mouse,120.0,0,50,,São paulo
Ana clara,0024-09-25,,Monitor,120.0,3,150,02:58:50,Porto alegre
João silva,2023-03-08,,Teclado,3500.0,2,2400,0:01:39,Curitiba
João silva,0024-03-28,,Cadeira,50.0,3,1600,02:03:22,Porto alegre
João silva,2023-11-28,Masculino,Mouse,3500.0,3,360,02:20:34,Porto alegre
Carlos lima,0023-11-02,Masculino,Teclado,120.0,3,120,02:41:26,Belo horizonte
Carlos lima,2024-05-20,,Notebook,3500.0,3,120,01:37:56,Porto alegre
João silva,2023-10-05,,Notebook,3500.0,1,10500,,São paulo
João silva,2023-12-20,Masculino,Notebook,120.0,2,3600,0:00:09,São paulo
João silva,2024-09-01,,Monitor,1200.0,1,,,Rio de janeiro
Ana clara,2024-07-27,Masculino,Mouse,50.0,2,100,0:03:35,Rio de janeiro
Pedro alves,2024-02-20,Masculino,Notebook,50.0,2,,0:01:04,Porto alegre
Maria souza,2023-09-23,,Notebook,800.0,1,800,,São paulo
Maria souza,2023-03-18,Masculino,Monitor,50.0,1,368,,Belo horizonte
João silva,2024-09-24,,Teclado,1200.0,3,1565,00:01:19,Rio de janeiro
João silva,2023-07-12,,Teclado,120.0,1,,,Porto alegre
Pedro alves,2024-08-14,Masculino,Cadeira,3500.0,0,1579,,Curitiba
Maria souza,0023-03-27,Masculino,Monitor,1200.0,3,50,01:26:00,Porto alegre
Maria souza,2023-11-26,Masculino,Monitor,1200.0,2,1600,0:00:26,Curitiba
Ana clara,0024-06-09,Masculino,Mouse,3500.0,0,240,,Porto alegre
Maria souza,0023-04-09,,Teclado,1200.0,2,2400,0:00:37,Belo horizonte
Ana clara,2023-10-01,Masculino,Cadeira,50.0,0,,,Rio de janeiro
Ana clara,2023-09-28,Masculino,Cadeira,800.0,3,800,00:33:42,Belo horizonte
Carlos lima,0023-09-07,,Monitor,1200.0,3,3500,00:32:49,Curitiba
Carlos lima,2024-01-05,Masculino,Mouse,3500.0,1,7000,,Porto alegre
João silva,0023-01-12,Masculino,Mouse,120.0,0,1152,,São paulo
Ana clara,2023-09-26,,Cadeira,120.0,3,3500,00:50:10,Porto alegre
Maria souza,0024-06-21,,Monitor,50.0,0,120,,Rio de janeiro
Pedro alves,2023-08-18,,Mouse,1200.0,2,50,0:00:22,Porto alegre
Carlos lima,2023-01-18,,Cadeira,120.0,1,120,,Belo horizonte
Carlos lima,2023-03-22,,Monitor,1200.0,1,3600,,Rio de janeiro
Maria souza,2023-07-05,,Notebook,800.0,2,3501,0:02:29,São paulo
Pedro alves,2024-10-02,,Notebook,1200.0,1,240,,Porto alegre
Maria souza,2024-06-23,Masculino,Monitor,120.0,1,,,Porto alegre
João silva,2024-07-16,,Monitor,800.0,1,800,,Curitiba
João silva,2023-02-27,Masculino,Notebook,800.0,1,1200,,Porto alegre
João silva,2024-06-28,Masculino,Cadeira,1200.0,0,3546,,Belo horizonte
Pedro alves,2023-01-28,,Monitor,800.0,3,3610,02:22:39,São paulo
Pedro alves,2024-07-23,,Mouse,800.0,2,150,0:00:33,São paulo
Pedro alves,0024-06-17,,Mouse,800.0,0,,,Porto alegre
Pedro alves,2024-02-10,Masculino,Mouse,800.0,0,3600,,Porto alegre
Ana clara,2024-07-07,Masculino,Teclado,1200.0,0,1609,,Curitiba
Carlos lima,0023-09-07,,Notebook,120.0,3,3500,02:17:15,Belo horizonte
João silva,2024-06-19,,Notebook,1200.0,0,1600,,Rio de janeiro
João silva,2023-04-19,,Teclado,120.0,0,120,,Curitiba
Ana clara,0023-07-11,Masculino,Cadeira,3500.0,3,,02:49:45,Belo horizonte
João silva,2024-02-02,,Cadeira,800.0,0,,,São paulo
João silva,2024-11-06,Masculino,Monitor,50.0,2,2400,0:03:34,Rio de janeiro
Pedro alves,0024-10-04,,Mouse,1200.0,2,10500,0:00:10,Rio de janeiro
Pedro alves,2023-04-10,,Monitor,50.0,2,3600,0:03:40,Curitiba
Pedro alves,2024-03-24,Masculino,Cadeira,3500.0,2,2400,0:01:09,Porto alegre
João silva,2024-01-27,Masculino,Mouse,120.0,3,3500,02:40:38,Belo horizonte
Ana clara,2023-12-20,Masculino,Monitor,1200.0,0,3500,,Curitiba
Ana clara,0023-08-12,Masculino,Mouse,3500.0,1,360,,Belo horizonte
Ana clara,2024-03-15,,Mouse,50.0,3,150,01:41:03,Rio de janeiro
Ana clara,2023-04-27,,Notebook,50.0,1,135,,Rio de janeiro
Pedro alves,2023-12-01,Masculino,Teclado,120.0,3,7000,01:42:01,Belo horizonte
Pedro alves,2023-04-17,Masculino,Teclado,1200.0,3,3600,02:07:20,Rio de janeiro
João silva,2023-08-05,Masculino,Notebook,1200.0,0,3600,,Rio de janeiro
Maria souza,2024-05-09,,Notebook,800.0,3,3470,01:51:05,São paulo
Pedro alves,2024-05-25,Masculino,Mouse,120.0,1,1205,,Porto alegre
Pedro alves,2023-07-01,,Teclado,800.0,2,800,0:02:28,Rio de janeiro
João silva,2023-09-09,,Notebook,120.0,0,1600,,Curitiba
Ana clara,0023-03-27,,Monitor,1200.0,0,360,,Curitiba
Maria souza,0023-01-26,Masculino,Teclado,3500.0,1,800,,Rio de janeiro
João silva,2023-07-04,,Notebook,1200.0,1,,,Rio de janeiro
Pedro alves,2023-10-02,,Monitor,3500.0,2,7000,0:02:14,São paulo
João silva,0023-10-13,Masculino,Monitor,50.0,1,10500,,Belo horizonte
Pedro alves,0023-08-07,Masculino,Teclado,3500.0,1,3500,,Curitiba
Pedro alves,2024-05-07,,Monitor,3500.0,1,360,,Porto alegre
Pedro alves,2024-12-10,,Teclado,800.0,1,800,,Porto alegre
João silva,2023-06-28,Masculino,Teclado,1200.0,0,1200,,Rio de janeiro
Maria souza,2024-11-28,Masculino,Notebook,800.0,3,120,01:14:37,São paulo
Carlos lima,0023-08-16,Masculino,Notebook,1200.0,2,10500,0:00:17,Rio de janeiro
João silva,2024-04-23,Masculino,Notebook,120.0,3,2400,01:27:11,Rio de janeiro
Maria souza,2023-02-18,Masculino,Cadeira,800.0,0,197,,Curitiba
Maria souza,2023-03-08,,Teclado,120.0,0,2400,,Porto alegre
Ana clara,2024-08-07,,Monitor,120.0,1,1231,,Curitiba
João silva,2023-02-28,Masculino,Mouse,120.0,3,100,01:41:56,Curitiba
João silva,2023-10-13,,Mouse,120.0,3,3500,01:07:18,São paulo
Carlos lima,2024-05-08,Masculino,Mouse,800.0,2,,0:03:30,São paulo
Carlos lima,0024-01-06,,Mouse,120.0,0,1634,,Belo horizonte
Maria souza,2024-10-15,,Cadeira,1200.0,0,1200,,Rio de janeiro
Ana clara,0023-06-12,,Monitor,120.0,0,150,,Rio de janeiro
Ana clara,0024-08-18,,Cadeira,50.0,1,,,Curitiba
João silva,2023-10-22,,Notebook,50.0,3,360,01:14:31,Curitiba
João silva,2024-04-09,Masculino,Mouse,50.0,0,7000,,São paulo
João silva,0024-02-17,Masculino,Teclado,3500.0,0,1158,,Curitiba
Ana clara,0023-12-16,Masculino,Mouse,120.0,2,,0:00:27,Rio de janeiro
Ana clara,0024-05-05,,Notebook,50.0,3,,00:21:23,Rio de janeiro
Ana clara,2024-11-26,,Cadeira,3500.0,3,,01:46:39,Porto alegre
Pedro alves,2023-07-04,Masculino,Cadeira,3500.0,1,3500,,Curitiba
Ana clara,2023-09-04,,Monitor,120.0,0,,,Belo horizonte
Pedro alves,2023-04-14,,Mouse,50.0,2,3602,0:02:10,Rio de janeiro
Ana clara,2023-05-19,Masculino,Monitor,120.0,3,,02:07:06,Rio de janeiro
João silva,2023-05-10,,Cadeira,50.0,3,3600,02:54:58,Curitiba
Carlos lima,2024-01-01,,Cadeira,50.0,1,360,,Porto alegre
Ana clara,0023-02-04,,Monitor,3500.0,2,,0:02:07,Rio de janeiro
Pedro alves,2024-01-25,,Teclado,1200.0,3,10500,02:15:56,Belo horizonte
Pedro alves,2023-11-11,,Teclado,120.0,0,,,São paulo
Carlos lima,0024-11-05,,Mouse,120.0,2,240,0:01:52,São paulo
Pedro alves,2023-04-15,,Cadeira,3500.0,2,,0:00:07,Rio de janeiro
Pedro alves,2023-05-23,Masculino,Cadeira,3500.0,3,100,01:00:50,Curitiba
Pedro alves,2023-04-28,,Teclado,1200.0,3,,00:12:09,Curitiba
João silva,2024-04-05,,Cadeira,800.0,3,2400,01:06:21,Curitiba
João silva,2023-11-05,Masculino,Mouse,3500.0,0,2379,,São paulo
Carlos lima,0023-06-22,Masculino,Mouse,1200.0,1,2351,,Porto alegre
Carlos lima,2024-12-06,Masculino,Cadeira,3500.0,2,50,0:01:10,São paulo
João silva,2024-08-16,Masculino,Mouse,3500.0,2,1556,0:01:05,Curitiba
Pedro alves,2023-12-05,,Mouse,120.0,3,3600,01:55:05,Rio de janeiro
Pedro alves,2024-12-16,Masculino,Cadeira,120.0,2,,0:03:29,Belo horizonte
Maria souza,2023-12-13,Masculino,Teclado,3500.0,2,50,0:03:12,Curitiba
Carlos lima,0023-04-20,Masculino,Teclado,1200.0,0,,,Belo horizonte
João silva,0024-11-03,Masculino,Cadeira,3500.0,0,,,Rio de janeiro
Maria souza,2024-05-24,Masculino,Teclado,800.0,1,150,,Belo horizonte
Ana clara,0023-12-21,,Teclado,50.0,3,,00:24:20,Rio de janeiro
João silva,2024-03-27,,Notebook,50.0,3,240,00:33:16,Curitiba
Pedro alves,0023-01-28,Masculino,Mouse,50.0,1,228,,São paulo
Ana clara,2024-04-07,Masculino,Teclado,800.0,0,50,,Rio de janeiro
João silva,0023-09-05,Masculino,Notebook,800.0,2,392,0:00:52,Curitiba
Pedro alves,2024-04-11,Masculino,Teclado,50.0,3,,01:54:17,Curitiba
Carlos lima,2024-11-16,Masculino,Teclado,50.0,0,7000,,Curitiba
João silva,0023-05-16,,Teclado,1200.0,2,150,0:01:09,Belo horizonte
Carlos lima,0023-04-01,Masculino,Cadeira,50.0,0,100,,Rio de janeiro
Pedro alves,2024-07-26,,Mouse,50.0,1,360,,Rio de janeiro
João silva,2023-08-05,Masculino,Notebook,120.0,2,1200,0:00:03,Porto alegre
Pedro alves,2024-10-18,,Mouse,50.0,0,1200,,Porto alegre
Maria souza,0023-11-24,Masculino,Monitor,800.0,0,1627,,Belo horizonte
Carlos lima,0024-09-22,,Teclado,50.0,0,2400,,Curitiba
João silva,2024-04-28,Masculino,Cadeira,3500.0,1,2400,,Belo horizonte
Ana clara,0023-12-19,Masculino,Monitor,1200.0,2,800,0:00:27,São paulo
João silva,0023-04-06,,Teclado,50.0,2,1600,0:02:28,Curitiba
João silva,2023-01-03,Masculino,Teclado,120.0,2,,0:00:46,São paulo
Pedro alves,2024-07-26,Masculino,Notebook,3500.0,3,3600,01:54:46,Curitiba
Ana clara,2024-09-10,,Cadeira,800.0,0,3500,,Belo horizonte
João silva,0024-03-27,Masculino,Cadeira,50.0,0,120,,Rio de janeiro
Maria souza,2024-03-19,Masculino,Notebook,1200.0,3,240,01:36:46,Rio de janeiro
Maria souza,0024-11-07,Masculino,Teclado,120.0,1,3500,,Curitiba
Ana clara,0024-01-22,Masculino,Teclado,120.0,3,360,02:48:09,Porto alegre
Maria souza,2023-08-03,,Cadeira,800.0,0,2400,,Belo horizonte
João silva,2024-06-15,,Mouse,800.0,3,1581,01:21:37,Rio de janeiro
Maria souza,2023-10-25,Masculino,Cadeira,3500.0,0,10500,,Belo horizonte
Ana clara,2024-05-07,,Teclado,800.0,2,,0:01:10,Belo horizonte
Pedro alves,2024-08-06,,Notebook,120.0,0,,,Belo horizonte
Carlos lima,2023-10-16,,Notebook,3500.0,1,100,,Porto alegre
Maria souza,2024-08-01,Masculino,Notebook,1200.0,2,3600,0:02:31,São paulo
Ana clara,0023-02-23,,Cadeira,1200.0,2,800,0:00:36,Belo horizonte
Maria souza,0024-09-08,,Teclado,1200.0,3,1600,01:40:14,Curitiba
Maria souza,2023-03-26,,Mouse,50.0,2,240,0:02:08,Rio de janeiro
João silva,0024-08-05,Masculino,Monitor,1200.0,1,1600,,Porto alegre
João silva,0023-10-10,Masculino,Cadeira,800.0,1,3500,,São paulo
Ana clara,2023-06-08,,Cadeira,50.0,1,150,,São paulo
João silva,2024-08-16,Masculino,Monitor,50.0,1,803,,São paulo
Carlos lima,2024-04-09,Masculino,Monitor,800.0,2,3500,0:02:44,Curitiba
Ana clara,2023-04-08,,Teclado,1200.0,3,100,02:11:51,Rio de janeiro
Pedro alves,0023-11-20,Masculino,Mouse,120.0,0,3500,,São paulo
Carlos lima,2024-09-07,,Cadeira,1200.0,3,2400,01:00:22,Belo horizonte
Pedro alves,0024-09-09,,Cadeira,800.0,1,56,,Rio de janeiro
João silva,2023-05-14,Masculino,Notebook,1200.0,2,3564,0:02:00,Belo horizonte
Maria souza,2024-05-21,,Monitor,50.0,1,1600,,Rio de janeiro
Pedro alves,2023-06-15,Masculino,Cadeira,120.0,3,120,01:00:02,Rio de janeiro
Carlos lima,2023-07-10,Masculino,Mouse,3500.0,0,7000,,Curitiba
João silva,2024-07-05,,Mouse,3500.0,2,,0:01:04,Porto alegre
Pedro alves,2024-10-24,Masculino,Cadeira,1200.0,3,7000,00:44:10,Rio de janeiro
Maria souza,2023-01-18,Masculino,Monitor,3500.0,2,150,0:03:55,Rio de janeiro
Ana clara,2023-03-24,Masculino,Notebook,1200.0,2,129,0:01:22,Belo horizonte
Ana clara,0024-09-19,Masculino,Cadeira,120.0,1,,,Porto alegre
Carlos lima,2024-07-18,Masculino,Mouse,1200.0,1,1600,,São paulo
Ana clara,2024-10-21,,Monitor,120.0,2,,0:03:09,Curitiba
Ana clara,2024-08-11,Masculino,Notebook,120.0,0,10500,,Porto alegre
João silva,2023-08-05,Masculino,Monitor,50.0,2,1600,0:03:45,Curitiba
João silva,2023-01-25,,Notebook,120.0,2,1600,0:01:06,São paulo
João silva,2023-03-01,Masculino,Cadeira,800.0,0,1600,,Belo horizonte
João silva,0024-10-03,Masculino,Mouse,800.0,0,1200,,Porto alegre
João silva,0024-12-05,,Cadeira,3500.0,3,2400,02:07:27,Rio de janeiro
João silva,2024-05-22,,Monitor,1200.0,0,1600,,Belo horizonte
Ana clara,2023-06-25,,Monitor,800.0,2,360,0:00:09,Curitiba
João silva,2024-12-09,Masculino,Mouse,3500.0,1,3600,,Rio de janeiro
Pedro alves,2024-02-07,Masculino,Mouse,800.0,0,3500,,São paulo
Maria souza,2024-03-15,Masculino,Monitor,3500.0,3,360,01:23:03,Curitiba
Carlos lima,2023-03-20,,Notebook,120.0,0,,,Curitiba
Maria souza,2024-08-20,Masculino,Mouse,800.0,3,,00:48:42,Rio de janeiro
Ana clara,2024-10-20,,Cadeira,50.0,0,2,,Rio de janeiro
Pedro alves,2023-09-17,Masculino,Notebook,50.0,0,10500,,Belo horizonte
Pedro alves,0023-04-02,,Notebook,3500.0,3,1200,00:14:46,Porto alegre
João silva,2024-04-26,Masculino,Notebook,3500.0,1,100,,Belo horizonte
João silva,0024-11-23,,Monitor,50.0,0,2448,,Porto alegre
João silva,0023-08-01,Masculino,Notebook,1200.0,3,10500,00:43:06,Curitiba
João silva,2023-06-24,,Notebook,800.0,3,,00:47:56,Belo horizonte
Maria souza,2024-09-28,,Mouse,800.0,1,,,Belo horizonte
Ana clara,2023-01-07,,Mouse,3500.0,0,800,,Rio de janeiro
João silva,2024-03-05,,Monitor,1200.0,2,,0:03:20,São paulo
João silva,0024-07-01,,Mouse,1200.0,1,100,,Curitiba
Carlos lima,2024-01-03,Masculino,Notebook,800.0,3,1200,02:31:38,Rio de janeiro
Maria souza,0024-05-16,,Teclado,800.0,1,3600,,São paulo
Ana clara,2024-07-04,,Monitor,50.0,0,360,,Curitiba
Carlos lima,2023-02-19,Masculino,Monitor,800.0,2,10500,0:00:16,Porto alegre
Carlos lima,2023-12-14,Masculino,Teclado,50.0,2,,0:00:09,Rio de janeiro
Maria souza,2024-09-02,Masculino,Cadeira,800.0,0,800,,Porto alegre
João silva,2024-03-06,Masculino,Notebook,3500.0,1,50,,Curitiba
Pedro alves,2024-06-26,,Teclado,120.0,2,2355,0:00:00,Rio de janeiro
Pedro alves,2024-08-11,,Cadeira,120.0,3,120,01:55:50,Curitiba
Pedro alves,2024-02-21,Masculino,Teclado,3500.0,2,1200,0:02:32,Belo horizonte
Pedro alves,2023-10-19,,Teclado,50.0,3,,02:59:27,Curitiba
Carlos lima,2024-05-26,,Teclado,50.0,3,100,00:34:41,Belo horizonte
Carlos lima,2023-08-21,Masculino,Monitor,50.0,0,,,Belo horizonte
Carlos lima,2024-08-15,,Mouse,1200.0,3,1600,00:42:18,Rio de janeiro
João silva,2024-07-24,,Teclado,3500.0,3,7000,00:16:13,Rio de janeiro
Ana clara,2024-07-27,Masculino,Mouse,3500.0,3,,02:26:45,São paulo
Ana clara,2024-01-26,,Notebook,800.0,2,271,0:02:00,Porto alegre
Carlos lima,2024-04-03,,Cadeira,800.0,1,10500,,Curitiba
Carlos lima,2024-01-07,Masculino,Monitor,120.0,1,2400,,São paulo
Carlos lima,0024-10-28,Masculino,Cadeira,800.0,3,1600,00:52:10,Rio de janeiro
Carlos lima,0024-03-08,,Monitor,1200.0,3,50,00:43:51,São paulo
Carlos lima,0024-02-09,Masculino,Notebook,3500.0,1,10500,,São paulo
Carlos lima,2024-10-23,,Notebook,800.0,2,,0:02:33,São paulo
Ana clara,0023-06-13,Masculino,Cadeira,120.0,2,,0:00:39,Porto alegre
João silva,2024-04-18,Masculino,Mouse,120.0,2,10544,0:02:03,Belo horizonte
Maria souza,0024-01-09,,Mouse,3500.0,0,1243,,Belo horizonte
João silva,2024-01-02,Masculino,Notebook,800.0,2,2400,0:01:11,São paulo
Pedro alves,2024-10-21,,Teclado,120.0,3,7017,00:39:14,Porto alegre
Carlos lima,0023-09-23,Masculino,Notebook,1200.0,2,50,0:03:58,Curitiba
Ana clara,0024-12-25,Masculino,Cadeira,800.0,2,10535,0:01:41,Rio de janeiro
João silva,0023-12-14,,Notebook,3500.0,0,,,Porto alegre
João silva,2023-02-10,Masculino,Teclado,3500.0,2,150,0:00:03,Rio de janeiro
Ana clara,2024-04-03,,Cadeira,1200.0,0,2402,,Rio de janeiro
Ana clara,2024-10-12,Masculino,Teclado,3500.0,0,360,,Porto alegre
Carlos lima,2023-08-03,Masculino,Notebook,120.0,0,,,Belo horizonte
Carlos lima,2023-09-12,,Notebook,120.0,0,2361,,Curitiba
Ana clara,0023-02-25,,Mouse,3500.0,2,,0:03:57,São paulo
Maria souza,2024-10-15,,Notebook,3500.0,1,1191,,São paulo
Maria souza,2024-04-23,,Monitor,120.0,0,,,Rio de janeiro
João silva,2023-06-09,Masculino,Notebook,120.0,3,800,02:12:54,Curitiba
João silva,2024-01-13,Masculino,Notebook,50.0,1,800,,Curitiba
Ana clara,2023-09-22,Masculino,Mouse,50.0,0,1200,,Belo horizonte
Ana clara,2023-12-02,Masculino,Monitor,120.0,2,,0:02:10,Belo horizonte
Pedro alves,2023-10-10,,Mouse,800.0,3,120,02:46:51,Porto alegre
Pedro alves,2024-01-25,Masculino,Notebook,3500.0,0,2361,,Curitiba
Carlos lima,2023-12-13,Masculino,Monitor,3500.0,2,100,0:02:58,Belo horizonte
João silva,2023-04-26,,Teclado,3500.0,3,3600,02:24:38,São paulo
João silva,0024-08-19,,Mouse,1200.0,0,360,,Porto alegre
Pedro alves,2024-02-24,,Monitor,50.0,0,3600,,Curitiba
Pedro alves,0024-03-23,Masculino,Notebook,1200.0,1,150,,Curitiba
João silva,2024-11-14,Masculino,Notebook,120.0,2,800,0:03:43,Rio de janeiro
Pedro alves,2024-02-22,Masculino,Teclado,50.0,1,136,,Rio de janeiro
Ana clara,2024-06-25,,Monitor,1200.0,2,50,0:03:34,Rio de janeiro
Carlos lima,2023-07-20,Masculino,Mouse,1200.0,3,3600,01:15:45,Belo horizonte
João silva,2024-02-06,Masculino,Monitor,50.0,3,6981,00:56:13,Belo horizonte
Ana clara,0023-10-19,Masculino,Mouse,1200.0,2,1600,0:02:58,Belo horizonte
Carlos lima,2023-06-18,Masculino,Monitor,1200.0,0,1600,,Belo horizonte
Ana clara,2023-12-18,Masculino,Cadeira,1200.0,1,50,,Belo horizonte
Carlos lima,2024-05-28,,Monitor,50.0,0,3500,,Belo horizonte
Carlos lima,2023-12-26,,Monitor,50.0,3,3500,01:57:39,Rio de janeiro
Ana clara,0023-07-21,,Notebook,800.0,3,240,01:36:27,Porto alegre
Ana clara,2023-08-23,,Notebook,3500.0,1,7000,,Curitiba
Ana clara,2024-07-27,Masculino,Monitor,800.0,0,1600,,Curitiba
Ana clara,0023-03-16,,Mouse,1200.0,2,195,0:00:51,Porto alegre
Carlos lima,2023-04-20,Masculino,Notebook,50.0,3,2400,01:34:51,Rio de janeiro
Pedro alves,2024-06-09,Masculino,Monitor,800.0,0,800,,Rio de janeiro
Pedro alves,2023-07-24,,Notebook,120.0,2,2400,0:00:06,São paulo
Carlos lima,2024-11-21,,Monitor,120.0,2,,0:02:29,Belo horizonte
Carlos lima,2024-10-10,Masculino,Mouse,1200.0,1,,,Porto alegre
João silva,2024-12-07,Masculino,Notebook,1200.0,0,2400,,Porto alegre
João silva,2024-07-17,Masculino,Cadeira,50.0,3,3500,02:23:41,São paulo
João silva,2023-10-28,Masculino,Teclado,50.0,3,1600,02:25:50,Porto alegre
João silva,2023-11-15,Masculino,Mouse,50.0,3,2400,01:03:32,Porto alegre
Pedro alves,2024-05-10,Masculino,Mouse,50.0,2,2400,0:00:00,Rio de janeiro
Ana clara,2024-10-07,,Cadeira,120.0,1,50,,Curitiba
Ana clara,2023-07-25,,Monitor,3500.0,0,360,,Porto alegre
João silva,2023-08-07,Masculino,Notebook,50.0,0,,,Porto alegre
João silva,2023-10-02,Masculino,Teclado,1200.0,2,353,0:00:19,Belo horizonte
João silva,2024-12-17,Masculino,Teclado,120.0,1,,,Porto alegre
João silva,2024-08-27,,Cadeira,3500.0,2,2400,0:01:45,Curitiba
Maria souza,2024-01-10,Masculino,Teclado,120.0,1,120,,Curitiba
Ana clara,2023-09-23,,Mouse,3500.0,3,2400,02:04:52,Porto alegre
Carlos lima,2024-02-20,Masculino,Teclado,50.0,2,100,0:02:18,Porto alegre
Carlos lima,0023-07-16,,Teclado,50.0,0,,,Rio de janeiro
Pedro alves,2023-07-18,,Notebook,800.0,1,3600,,Curitiba
Pedro alves,2024-08-07,Masculino,Notebook,800.0,2,240,0:02:02,Curitiba
Maria souza,0024-01-24,Masculino,Notebook,1200.0,2,10500,0:03:27,Rio de janeiro
Carlos lima,2024-06-10,,Mouse,800.0,0,100,,Porto alegre
João silva,2023-09-09,Masculino,Mouse,800.0,0,2400,,Rio de janeiro
João silva,2024-06-12,Masculino,Cadeira,50.0,1,,,São paulo
Maria souza,0024-04-07,,Cadeira,1200.0,2,,0:01:02,Belo horizonte
Carlos lima,2023-09-10,Masculino,Cadeira,50.0,1,3500,,Porto alegre
Carlos lima,0024-07-16,Masculino,Notebook,50.0,3,120,02:58:50,São paulo
Carlos lima,2023-04-02,Masculino,Monitor,800.0,0,,,Rio de janeiro
Maria souza,2023-02-07,Masculino,Notebook,800.0,2,,0:01:35,São paulo
Pedro alves,2024-04-01,Masculino,Mouse,50.0,0,,,Rio de janeiro
Maria souza,2024-04-13,,Monitor,1200.0,1,120,,Porto alegre
Maria souza,2024-08-24,Masculino,Mouse,800.0,3,100,01:30:44,Rio de janeiro
Pedro alves,2024-04-05,Masculino,Teclado,120.0,0,50,,Porto alegre
Maria souza,2023-03-05,Masculino,Teclado,800.0,2,10500,0:01:33,Porto alegre
Carlos lima,2024-09-02,Masculino,Cadeira,1200.0,2,150,0:01:21,Curitiba
Carlos lima,2024-01-20,,Mouse,1200.0,3,2400,02:33:37,Rio de janeiro
Carlos lima,2023-12-22,,Cadeira,1200.0,3,2400,01:19:33,São paulo
Ana clara,2024-01-27,Masculino,Mouse,120.0,0,50,,Rio de janeiro
Pedro alves,2024-01-09,Masculino,Teclado,800.0,3,7000,00:36:49,São paulo
Ana clara,2024-04-16,,Monitor,800.0,3,,02:55:35,Curitiba
João silva,2024-09-15,Masculino,Notebook,3500.0,2,3641,0:03:45,São paulo
Carlos lima,0024-09-28,,Teclado,3500.0,1,120,,Curitiba
Carlos lima,2024-06-12,,Teclado,50.0,0,2400,,São paulo
João silva,2024-05-20,,Teclado,1200.0,1,150,,Porto alegre
João silva,2024-12-20,,Mouse,1200.0,2,1600,0:03:35,São paulo
Maria souza,2023-07-06,Masculino,Monitor,120.0,3,800,02:45:10,Curitiba
Maria souza,2024-07-06,Masculino,Mouse,800.0,0,,,São paulo
Ana clara,0024-01-25,Masculino,Monitor,800.0,1,2400,,São paulo
Ana clara,2023-04-05,Masculino,Monitor,50.0,3,16,00:28:53,São paulo
Ana clara,2023-01-17,Masculino,Mouse,3500.0,3,360,02:57:49,Rio de janeiro
Carlos lima,2023-05-12,Masculino,Cadeira,1200.0,3,,00:34:15,Porto alegre
Ana clara,2024-11-08,,Notebook,120.0,3,150,00:37:49,Belo horizonte
Ana clara,2023-07-05,,Monitor,3500.0,0,754,,Curitiba
Maria souza,0023-07-28,Masculino,Notebook,1200.0,0,,,Rio de janeiro
Maria souza,2024-01-25,,Teclado,1200.0,2,3600,0:02:24,Curitiba
Ana clara,2024-04-16,,Notebook,3500.0,1,240,,Rio de janeiro
Pedro alves,2023-06-20,,Teclado,50.0,2,93,0:01:41,Rio de janeiro
Carlos lima,0023-06-10,Masculino,Mouse,120.0,3,,00:14:59,Porto alegre
Pedro alves,2023-10-09,,Notebook,800.0,1,10500,,Curitiba
João silva,0023-03-25,,Mouse,50.0,3,83,01:45:11,Curitiba
Maria souza,2024-01-02,,Mouse,1200.0,1,,,Curitiba
João silva,2024-07-12,Masculino,Monitor,120.0,0,800,,Belo horizonte
Maria souza,2024-11-18,,Mouse,800.0,3,100,02:57:42,Belo horizonte
Pedro alves,0024-12-26,Masculino,Notebook,3500.0,0,800,,Curitiba
Pedro alves,0024-05-02,,Teclado,50.0,1,324,,Curitiba
Ana clara,2024-04-10,,Notebook,1200.0,3,,00:58:36,Rio de janeiro
Carlos lima,2024-01-26,,Monitor,3500.0,3,800,02:25:15,Porto alegre
Pedro alves,2024-06-27,Masculino,Notebook,1200.0,2,3600,0:02:41,Porto alegre
João silva,0023-05-17,Masculino,Mouse,1200.0,1,3600,,Belo horizonte
João silva,2024-12-06,Masculino,Mouse,1200.0,0,,,Rio de janeiro
João silva,2023-07-25,Masculino,Cadeira,50.0,3,10500,00:27:38,Belo horizonte
João silva,2023-09-04,Masculino,Cadeira,800.0,0,3500,,Curitiba
Ana clara,2024-11-04,,Cadeira,120.0,1,1600,,Curitiba
Maria souza,0023-09-28,,Teclado,800.0,2,360,0:03:18,Belo horizonte
Maria souza,2023-09-11,Masculino,Monitor,1200.0,0,,,Rio de janeiro
Ana clara,2023-11-21,,Mouse,3500.0,1,3500,,Rio de janeiro
Carlos lima,2024-02-03,,Monitor,3500.0,0,120,,Porto alegre
Pedro alves,2024-12-14,,Teclado,1200.0,0,,,Belo horizonte
Pedro alves,2024-06-05,Masculino,Teclado,50.0,3,3541,01:01:10,Rio de janeiro
Carlos lima,2024-09-19,Masculino,Teclado,3500.0,2,10500,0:02:27,Curitiba
Carlos lima,2023-09-27,,Notebook,50.0,1,2400,,Belo horizonte
Carlos lima,2024-12-23,Masculino,Mouse,3500.0,2,800,0:00:02,Curitiba
Carlos lima,2024-01-22,Masculino,Teclado,800.0,2,360,0:03:59,São paulo
Pedro alves,0024-02-16,,Mouse,120.0,1,130,,São paulo
Carlos lima,0023-02-16,,Mouse,50.0,1,,,Rio de janeiro
João silva,2024-10-20,,Monitor,3500.0,2,120,0:02:28,Rio de janeiro
Pedro alves,2024-04-13,Masculino,Monitor,120.0,0,7000,,Curitiba
Ana clara,2023-02-10,Masculino,Mouse,50.0,3,1600,02:19:30,Porto alegre
João silva,2024-08-15,Masculino,Mouse,50.0,1,2400,,Rio de janeiro
Maria souza,2023-09-09,,Mouse,1200.0,2,2400,0:00:51,Rio de janeiro
João silva,0023-04-13,,Mouse,3500.0,0,,,Curitiba
Maria souza,2023-11-28,Masculino,Mouse,3500.0,2,3600,0:03:31,Curitiba
Ana clara,0024-04-12,,Teclado,120.0,1,3500,,Belo horizonte
Carlos lima,2024-08-14,,Mouse,50.0,1,2400,,Belo horizonte
Carlos lima,2023-04-11,,Teclado,50.0,3,50,00:16:59,Rio de janeiro
Maria souza,0023-06-27,Masculino,Cadeira,3500.0,0,,,Rio de janeiro
Pedro alves,0023-12-01,Masculino,Mouse,1200.0,3,3500,00:22:26,Curitiba
Pedro alves,2023-09-07,,Cadeira,120.0,2,1615,0:02:34,Porto alegre
Pedro alves,2023-02-24,Masculino,Mouse,3500.0,0,,,Curitiba
João silva,2024-07-14,,Teclado,3500.0,1,360,,Porto alegre
Maria souza,0024-11-14,Masculino,Cadeira,3500.0,0,3500,,Rio de janeiro
Pedro alves,2023-10-25,,Notebook,3500.0,2,,0:01:35,Curitiba
Pedro alves,2023-03-11,,Monitor,50.0,1,90,,São paulo
João silva,2023-02-10,,Cadeira,1200.0,0,3600,,São paulo
Maria souza,2023-06-28,,Teclado,3500.0,3,100,00:42:56,Rio de janeiro
Maria souza,2024-05-16,,Cadeira,3500.0,2,,0:00:45,Porto alegre
Maria souza,2023-08-04,,Monitor,3500.0,1,100,,São paulo
Pedro alves,2023-12-23,,Monitor,1200.0,3,360,01:55:30,Rio de janeiro
Ana clara,2023-10-08,,Cadeira,1200.0,3,,00:01:11,Curitiba
Ana clara,0024-08-06,,Teclado,50.0,2,7000,0:01:44,Rio de janeiro
Ana clara,2024-07-05,,Mouse,800.0,0,120,,São paulo
Carlos lima,2023-07-28,Masculino,Cadeira,1200.0,3,1200,00:17:36,Curitiba
Maria souza,0023-10-04,,Monitor,1200.0,2,240,0:01:33,Belo horizonte
Carlos lima,2023-10-19,Masculino,Teclado,800.0,3,10500,02:34:40,Porto alegre
João silva,2024-08-04,Masculino,Notebook,1200.0,2,,0:01:44,Belo horizonte
Maria souza,2023-11-14,Masculino,Mouse,50.0,2,100,0:03:00,Curitiba
Pedro alves,2024-04-10,,Cadeira,120.0,3,,00:44:21,Porto alegre
João silva,0023-07-04,Masculino,Cadeira,120.0,2,1600,0:00:08,Belo horizonte
João silva,0024-10-21,Masculino,Teclado,50.0,1,360,,Curitiba
Carlos lima,0024-03-03,,Cadeira,50.0,3,2400,01:38:30,Belo horizonte
Carlos lima,0024-01-18,Masculino,Cadeira,1200.0,3,3600,02:55:14,Porto alegre
Ana clara,0024-07-28,Masculino,Cadeira,800.0,2,165,0:00:47,São paulo
Pedro alves,2023-10-08,Masculino,Cadeira,120.0,1,,,Curitiba
João silva,2024-10-01,Masculino,Mouse,120.0,2,120,0:02:26,São paulo
João silva,0024-03-06,,Cadeira,3500.0,3,,01:32:19,Rio de janeiro
Ana clara,2023-12-11,,Cadeira,3500.0,2,6973,0:02:11,Rio de janeiro
Ana clara,2023-02-19,,Mouse,50.0,0,,,Curitiba
Pedro alves,2024-03-21,Masculino,Teclado,50.0,1,1200,,Belo horizonte
Carlos lima,2024-10-08,Masculino,Notebook,800.0,0,3600,,São paulo
Ana clara,2024-01-01,,Monitor,3500.0,3,196,01:55:36,Rio de janeiro
Ana clara,2023-12-24,Masculino,Notebook,3500.0,1,148,,Rio de janeiro
Carlos lima,2023-09-22,,Teclado,800.0,3,,00:45:58,Curitiba
Maria souza,2024-04-28,,Teclado,1200.0,0,150,,Belo horizonte
João silva,2024-02-12,,Teclado,1200.0,1,326,,Belo horizonte
João silva,2024-03-11,Masculino,Cadeira,120.0,1,50,,São paulo
Pedro alves,0024-02-11,,Cadeira,120.0,0,3500,,Rio de janeiro
Ana clara,2023-12-05,Masculino,Cadeira,50.0,0,1190,,Rio de janeiro
João silva,2024-05-19,,Mouse,120.0,3,100,02:08:16,Porto alegre
João silva,0023-12-02,Masculino,Notebook,50.0,0,3600,,Rio de janeiro
João silva,2023-06-11,,Monitor,3500.0,2,1172,0:00:58,Curitiba
João silva,2024-07-24,,Monitor,50.0,3,120,02:16:30,Porto alegre
João silva,2024-12-20,Masculino,Teclado,50.0,3,3460,02:22:37,Rio de janeiro
João silva,2024-10-19,Masculino,Cadeira,3500.0,3,1200,01:31:57,Curitiba
Carlos lima,0023-02-01,,Cadeira,120.0,2,100,0:01:42,Porto alegre
Pedro alves,0023-04-14,,Notebook,50.0,0,,,Belo horizonte
Ana clara,0023-03-20,Masculino,Teclado,1200.0,1,1200,,Belo horizonte
Ana clara,2023-03-22,,Mouse,120.0,1,240,,Porto alegre
Maria souza,2024-06-21,Masculino,Notebook,800.0,0,,,Porto alegre
Ana clara,2024-08-02,,Notebook,3500.0,3,120,00:49:07,Porto alegre
Ana clara,0024-06-19,Masculino,Mouse,120.0,3,3600,00:24:23,Porto alegre
Ana clara,2023-09-10,Masculino,Mouse,3500.0,0,,,São paulo
Maria souza,0023-02-10,,Monitor,800.0,2,100,0:02:08,Rio de janeiro
Maria souza,2024-12-19,,Mouse,120.0,3,2400,01:45:44,Curitiba
Ana clara,2024-09-07,,Notebook,120.0,0,,,São paulo
Pedro alves,2024-03-23,Masculino,Monitor,3500.0,1,7000,,Curitiba
Pedro alves,2023-08-06,Masculino,Notebook,1200.0,3,3500,01:52:50,São paulo
Pedro alves,2024-07-08,Masculino,Cadeira,120.0,2,,0:01:32,Rio de janeiro
Maria souza,0023-02-21,Masculino,Cadeira,120.0,1,2400,,Rio de janeiro
Pedro alves,2023-01-17,,Cadeira,50.0,3,,02:54:09,Curitiba
João silva,2023-03-10,Masculino,Notebook,1200.0,3,120,01:59:37,Rio de janeiro
Pedro alves,2023-03-14,Masculino,Teclado,120.0,3,1609,02:30:39,Rio de janeiro
Ana clara,2023-08-03,Masculino,Notebook,3500.0,2,3600,0:02:54,Rio de janeiro
João silva,2024-12-16,,Teclado,1200.0,1,1200,,São paulo
Maria souza,2023-08-12,Masculino,Monitor,1200.0,0,,,Porto alegre
João silva,2023-06-27,Masculino,Mouse,800.0,0,,,Porto alegre
Pedro alves,2024-03-19,,Notebook,1200.0,3,,01:40:06,Curitiba
Carlos lima,2023-02-11,,Mouse,800.0,0,2400,,São paulo
Ana clara,2023-09-17,Masculino,Cadeira,800.0,1,,,Belo horizonte
João silva,2023-09-19,,Cadeira,1200.0,0,3600,,Porto alegre
Pedro alves,2024-03-05,Masculino,Monitor,1200.0,3,1600,01:50:51,Porto alegre
João silva,2024-01-05,,Cadeira,120.0,3,2400,02:06:43,Curitiba
Carlos lima,2024-12-23,,Mouse,1200.0,2,267,0:02:26,Rio de janeiro
Pedro alves,2023-11-16,,Monitor,1200.0,0,2400,,Curitiba
João silva,0024-02-08,Masculino,Notebook,3500.0,3,2400,00:18:41,Curitiba
Maria souza,2023-01-21,Masculino,Teclado,120.0,1,,,Porto alegre
João silva,0024-03-02,,Mouse,120.0,3,,01:03:16,Curitiba
Ana clara,2024-03-26,,Cadeira,1200.0,2,3600,0:02:27,Porto alegre
Ana clara,2024-08-02,,Monitor,3500.0,3,761,00:02:01,Porto alegre
Pedro alves,2024-03-27,Masculino,Mouse,1200.0,1,1600,,Rio de janeiro
Maria souza,0023-09-26,,Teclado,1200.0,1,360,,Rio de janeiro
João silva,0023-03-20,Masculino,Mouse,3500.0,1,393,,Rio de janeiro
João silva,2023-01-15,,Teclado,120.0,1,2421,,Belo horizonte
Maria souza,2023-01-17,,Notebook,1200.0,0,,,Curitiba
Maria souza,0024-06-10,,Mouse,50.0,3,,01:30:38,Belo horizonte
Ana clara,2024-04-01,,Monitor,800.0,3,120,02:56:02,São paulo
Pedro alves,2023-08-15,,Teclado,1200.0,3,360,00:55:52,Belo horizonte
João silva,2024-06-04,,Monitor,120.0,1,800,,Curitiba
João silva,0023-09-01,Masculino,Teclado,120.0,3,3500,02:28:18,São paulo
Pedro alves,0023-02-26,Masculino,Notebook,50.0,3,1200,01:38:46,São paulo
Pedro alves,2024-07-23,Masculino,Notebook,1200.0,0,138,,Rio de janeiro
Pedro alves,2024-11-22,,Monitor,3500.0,2,240,0:00:58,São paulo
Maria souza,2023-06-01,Masculino,Mouse,120.0,0,3500,,São paulo
Carlos lima,0023-12-07,Masculino,Cadeira,3500.0,1,360,,São paulo
Carlos lima,2023-12-13,Masculino,Monitor,50.0,3,,02:33:17,Porto alegre
Carlos lima,0024-05-21,Masculino,Monitor,800.0,2,2411,0:02:16,Rio de janeiro
Carlos lima,0023-01-10,Masculino,Monitor,50.0,2,3500,0:02:16,Rio de janeiro
Carlos lima,2024-02-02,,Monitor,50.0,3,800,00:51:24,Porto alegre
Pedro alves,2024-10-14,Masculino,Teclado,1200.0,2,800,0:02:21,São paulo
Pedro alves,2023-01-21,Masculino,Notebook,3500.0,1,,,Curitiba
João silva,2023-05-27,Masculino,Teclado,800.0,2,1200,0:00:35,Rio de janeiro
João silva,2023-03-28,,Teclado,3500.0,0,2400,,Belo horizonte
Ana clara,2023-07-28,Masculino,Monitor,3500.0,1,360,,Belo horizonte
Pedro alves,0024-07-28,,Mouse,800.0,2,7000,0:00:09,Belo horizonte
Pedro alves,2024-12-02,,Teclado,50.0,0,120,,Rio de janeiro
Carlos lima,0023-10-02,,Cadeira,800.0,2,10500,0:01:48,Porto alegre
João silva,2023-01-25,,Cadeira,50.0,1,3600,,São paulo
Pedro alves,2023-03-19,Masculino,Teclado,3500.0,3,,00:08:10,Rio de janeiro
Pedro alves,2023-04-09,,Notebook,3500.0,3,3500,02:25:13,São paulo
Ana clara,2024-10-08,,Teclado,120.0,3,50,00:59:34,São paulo
Pedro alves,2023-01-05,,Teclado,50.0,2,1200,0:02:29,Belo horizonte
Carlos lima,2024-07-28,,Teclado,50.0,1,,,São paulo
Pedro alves,2024-10-28,Masculino,Mouse,50.0,1,,,São paulo
Carlos lima,0024-12-20,Masculino,Cadeira,800.0,2,7000,0:02:54,Belo horizonte
João silva,2023-10-09,Masculino,Monitor,1200.0,3,,02:51:33,Porto alegre
Ana clara,2024-10-03,Masculino,Monitor,3500.0,0,1200,,Porto alegre
Ana clara,2023-03-10,Masculino,Mouse,1200.0,3,3450,02:29:43,São paulo
Maria souza,2024-08-02,Masculino,Teclado,800.0,0,50,,Porto alegre
João silva,2023-08-10,,Notebook,1200.0,2,288,0:02:55,Belo horizonte
Ana clara,0023-09-01,Masculino,Monitor,3500.0,3,50,02:41:15,São paulo
Maria souza,2024-12-25,Masculino,Notebook,3500.0,2,800,0:00:00,Curitiba
Maria souza,2024-04-20,Masculino,Mouse,800.0,3,50,02:58:07,Curitiba
Ana clara,2023-09-16,,Monitor,3500.0,3,3600,02:29:51,Rio de janeiro
Carlos lima,2023-09-04,,Cadeira,120.0,2,,0:03:34,São paulo
Carlos lima,2023-04-20,,Mouse,50.0,2,2387,0:01:22,Belo horizonte
Pedro alves,2023-11-27,Masculino,Teclado,3500.0,0,120,,São paulo
João silva,2023-03-05,Masculino,Cadeira,50.0,1,120,,São paulo
João silva,0024-04-07,,Cadeira,50.0,0,,,Rio de janeiro
Maria souza,2023-08-19,Masculino,Cadeira,120.0,1,3600,,Rio de janeiro
Pedro alves,2024-12-02,,Notebook,120.0,3,,02:47:45,Curitiba
Pedro alves,2024-07-23,Masculino,Cadeira,120.0,1,219,,Belo horizonte
Carlos lima,2024-11-23,,Notebook,1200.0,0,800,,Porto alegre
Maria souza,2023-11-07,,Monitor,1200.0,0,326,,Porto alegre
Pedro alves,2024-06-21,Masculino,Monitor,120.0,2,120,0:00:30,Rio de janeiro
Pedro alves,0023-11-15,,Cadeira,800.0,1,1200,,Porto alegre
Pedro alves,2024-05-01,,Mouse,120.0,1,150,,Porto alegre
Pedro alves,2024-03-28,Masculino,Mouse,50.0,3,3600,01:17:29,São paulo
Pedro alves,2023-09-14,,Mouse,120.0,3,,02:24:19,Belo horizonte
Carlos lima,2023-07-23,,Monitor,800.0,2,,0:00:13,Rio de janeiro
Carlos lima,0024-02-24,,Notebook,1200.0,2,2412,0:01:22,Belo horizonte
Carlos lima,0024-12-05,,Cadeira,800.0,2,7000,0:02:14,Porto alegre
Maria souza,2023-01-24,,Cadeira,1200.0,1,360,,Belo horizonte
Ana clara,2024-07-11,,Notebook,50.0,0,218,,Belo horizonte
Carlos lima,2024-03-11,Masculino,Notebook,3500.0,2,10500,0:02:12,Rio de janeiro
Pedro alves,2023-05-18,Masculino,Mouse,120.0,1,10500,,Curitiba
Ana clara,2023-11-20,Masculino,Cadeira,1200.0,3,100,01:50:44,São paulo
Carlos lima,0023-02-26,Masculino,Notebook,50.0,2,,0:03:46,Porto alegre
Carlos lima,2023-02-14,,Monitor,3500.0,3,50,00:35:04,Belo horizonte
João silva,2023-07-11,,Monitor,120.0,0,271,,Porto alegre
Carlos lima,2023-05-05,Masculino,Cadeira,1200.0,3,166,01:58:53,Curitiba
Carlos lima,2024-08-06,Masculino,Monitor,120.0,1,10500,,Porto alegre
Maria souza,0024-05-13,Masculino,Mouse,120.0,3,360,00:06:52,Porto alegre
Carlos lima,2024-01-01,Masculino,Notebook,50.0,3,10500,01:33:11,Rio de janeiro
Carlos lima,0024-04-11,Masculino,Teclado,3500.0,1,,,Curitiba
Carlos lima,2024-04-25,Masculino,Cadeira,3500.0,1,,,São paulo
Maria souza,2023-04-05,,Monitor,1200.0,2,2400,0:01:11,Rio de janeiro
Ana clara,0023-06-03,,Mouse,120.0,3,73,02:58:45,Rio de janeiro
Pedro alves,2023-02-15,Masculino,Mouse,3500.0,1,240,,São paulo
Pedro alves,0023-06-11,Masculino,Teclado,1200.0,0,360,,Rio de janeiro
Ana clara,2024-10-09,,Monitor,120.0,2,2400,0:03:56,Porto alegre
João silva,2024-11-01,Masculino,Teclado,50.0,2,7000,0:01:39,Porto alegre
João silva,0024-01-19,,Monitor,800.0,0,150,,São paulo
João silva,2024-08-14,Masculino,Mouse,50.0,3,64,02:38:53,Porto alegre
João silva,2024-06-11,,Monitor,3500.0,2,3500,0:03:43,Rio de janeiro
João silva,2023-06-02,Masculino,Notebook,800.0,1,,,Belo horizonte
João silva,0024-06-09,Masculino,Cadeira,800.0,2,1200,0:01:57,Curitiba
João silva,0024-02-21,Masculino,Monitor,3500.0,2,150,0:00:40,São paulo
João silva,2024-08-02,Masculino,Mouse,800.0,1,1600,,São paulo
Carlos lima,2023-06-06,Masculino,Cadeira,120.0,2,1600,0:00:52,Rio de janeiro
João silva,0024-02-14,Masculino,Mouse,800.0,0,,,Curitiba
João silva,2023-04-24,,Mouse,120.0,3,3600,02:05:40,Belo horizonte
Maria souza,2023-12-05,Masculino,Cadeira,50.0,1,2443,,Porto alegre
Maria souza,0024-05-27,,Cadeira,50.0,1,120,,Porto alegre
Maria souza,2023-10-15,,Monitor,120.0,3,,00:33:02,Belo horizonte
Maria souza,2024-09-03,,Teclado,1200.0,3,1176,00:04:39,Belo horizonte
Maria souza,2024-02-27,Masculino,Notebook,50.0,3,360,00:03:24,São paulo
João silva,0023-05-25,Masculino,Cadeira,3500.0,2,3600,0:00:02,São paulo
Pedro alves,2024-04-16,,Mouse,1200.0,3,,00:26:29,Curitiba
Maria souza,2024-01-28,Masculino,Monitor,1200.0,2,3600,0:03:53,Curitiba
Maria souza,2024-02-16,,Mouse,800.0,1,7000,,Curitiba
Ana clara,2024-03-08,,Monitor,3500.0,1,3500,,Curitiba
Ana clara,2023-03-24,Masculino,Monitor,800.0,0,2400,,São paulo
Ana clara,2024-12-01,Masculino,Monitor,1200.0,1,1614,,Porto alegre
Ana clara,2023-09-17,Masculino,Monitor,800.0,1,240,,Rio de janeiro
Maria souza,2023-04-20,,Teclado,3500.0,2,240,0:00:43,Porto alegre
Maria souza,0023-02-12,Masculino,Notebook,800.0,2,3545,0:00:11,Curitiba
João silva,2024-03-22,,Teclado,800.0,3,101,02:28:36,Porto alegre
Pedro alves,2023-06-15,,Mouse,1200.0,2,,0:03:04,Curitiba
João silva,2023-02-10,,Mouse,1200.0,2,,0:03:15,Curitiba
João silva,0024-06-18,,Monitor,50.0,0,3461,,Porto alegre
Ana clara,2023-08-17,,Cadeira,50.0,3,1200,01:24:14,Rio de janeiro
Pedro alves,0024-02-27,,Mouse,1200.0,0,,,Belo horizonte
João silva,2024-09-07,,Cadeira,800.0,2,2400,0:00:25,São paulo
João silva,0023-05-20,Masculino,Cadeira,120.0,0,7000,,Rio de janeiro
Carlos lima,0023-10-01,Masculino,Cadeira,800.0,0,1600,,Belo horizonte
Carlos lima,2024-04-24,,Cadeira,1200.0,2,2420,0:01:23,Belo horizonte
Carlos lima,0023-04-22,,Monitor,120.0,2,,0:02:34,Rio de janeiro
Maria souza,2023-02-06,,Monitor,800.0,1,,,Curitiba
Pedro alves,2023-05-22,Masculino,Teclado,120.0,1,240,,Rio de janeiro
João silva,0023-10-24,Masculino,Teclado,1200.0,0,800,,Curitiba
João silva,2024-11-01,,Teclado,50.0,1,,,Porto alegre
Carlos lima,0024-02-09,Masculino,Teclado,3500.0,0,120,,Porto alegre
Pedro alves,2024-12-05,Masculino,Teclado,120.0,2,3600,0:02:12,Porto alegre
Pedro alves,2024-07-04,,Mouse,800.0,2,120,0:01:15,Belo horizonte
Pedro alves,2024-12-05,,Cadeira,50.0,2,1200,0:03:04,São paulo
Pedro alves,2024-11-11,Masculino,Monitor,1200.0,0,,,São paulo
Ana clara,2024-07-26,Masculino,Notebook,3500.0,0,120,,Belo horizonte
Carlos lima,2024-01-20,Masculino,Teclado,3500.0,0,1201,,São paulo
Pedro alves,0023-05-03,,Mouse,50.0,2,,0:00:15,Belo horizonte
Maria souza,0024-11-23,,Monitor,800.0,0,1200,,Porto alegre
Ana clara,0024-11-13,Masculino,Cadeira,50.0,2,3500,0:00:37,Belo horizonte
Carlos lima,0024-01-11,Masculino,Monitor,120.0,1,,,São paulo
Ana clara,2023-11-24,Masculino,Monitor,120.0,0,2400,,Curitiba
Pedro alves,2024-03-02,Masculino,Cadeira,120.0,2,,0:01:40,Curitiba
Maria souza,2024-01-09,,Teclado,50.0,2,1600,0:02:55,Belo horizonte
João silva,0023-04-26,Masculino,Notebook,50.0,1,3600,,Curitiba
Pedro alves,2023-02-24,Masculino,Monitor,800.0,3,240,00:35:55,Porto alegre
Maria souza,2024-04-10,,Mouse,50.0,0,1600,,Rio de janeiro
Maria souza,2024-11-20,Masculino,Teclado,50.0,2,1600,0:02:38,Curitiba
Maria souza,2024-11-26,,Teclado,120.0,1,7000,,Rio de janeiro
João silva,2024-01-20,,Monitor,800.0,2,,0:00:05,Porto alegre
João silva,2023-02-22,Masculino,Teclado,120.0,3,2400,02:13:21,Rio de janeiro
João silva,2023-10-04,Masculino,Notebook,120.0,1,240,,Belo horizonte
João silva,2024-09-24,,Teclado,3500.0,3,120,00:53:34,Porto alegre
João silva,2024-08-20,,Mouse,120.0,1,,,São paulo
Carlos lima,0023-09-07,,Mouse,50.0,3,,00:50:05,Porto alegre
Carlos lima,0023-11-01,Masculino,Mouse,3500.0,3,3500,00:39:21,Curitiba
Carlos lima,2024-06-19,Masculino,Cadeira,3500.0,1,2400,,Porto alegre
Ana clara,2024-12-10,Masculino,Notebook,1200.0,0,360,,Curitiba
Pedro alves,2023-06-20,,Monitor,50.0,0,2400,,Rio de janeiro
Pedro alves,2023-09-26,Masculino,Cadeira,3500.0,0,,,Curitiba
Maria souza,2024-09-26,Masculino,Cadeira,800.0,3,50,00:18:05,São paulo
Carlos lima,0023-06-14,Masculino,Notebook,50.0,3,2400,00:04:48,Curitiba
Carlos lima,2024-09-13,Masculino,Monitor,800.0,3,,02:25:23,Curitiba
Maria souza,2024-12-09,Masculino,Monitor,120.0,0,3600,,Belo horizonte
Ana clara,2024-06-14,,Notebook,50.0,1,800,,Rio de janeiro
Maria souza,2023-12-20,,Cadeira,1200.0,0,7000,,Curitiba
Maria souza,2024-09-14,,Cadeira,3500.0,1,,,Belo horizonte
Carlos lima,2024-04-08,Masculino,Monitor,50.0,1,7000,,Curitiba
Carlos lima,2024-10-26,Masculino,Mouse,3500.0,1,150,,São paulo
Ana clara,2023-03-05,Masculino,Monitor,120.0,3,3500,01:08:50,Belo horizonte
Carlos lima,2024-02-04,,Notebook,120.0,3,174,02:03:41,Porto alegre
Carlos lima,2023-08-02,,Cadeira,50.0,3,1600,01:16:17,Porto alegre
Carlos lima,2023-08-01,Masculino,Notebook,800.0,2,1622,0:01:02,São paulo
João silva,2024-05-28,Masculino,Monitor,800.0,0,,,Belo horizonte
João silva,2023-11-19,,Teclado,1200.0,3,3635,02:17:09,Curitiba
João silva,2024-03-11,,Cadeira,3500.0,0,,,Rio de janeiro
João silva,2024-07-18,,Notebook,120.0,0,3455,,Rio de janeiro
João silva,2023-07-09,Masculino,Notebook,120.0,2,2400,0:02:39,Rio de janeiro
João silva,2024-05-24,Masculino,Monitor,1200.0,2,7000,0:00:34,Belo horizonte
Ana clara,2023-02-19,Masculino,Notebook,120.0,2,2400,0:02:59,Porto alegre
Ana clara,0024-06-08,,Mouse,800.0,3,,02:14:27,Curitiba
Carlos lima,2024-10-04,,Teclado,800.0,2,150,0:02:54,Rio de janeiro
Carlos lima,0024-07-04,Masculino,Monitor,50.0,0,2400,,Curitiba
Carlos lima,2024-12-01,Masculino,Notebook,3500.0,2,,0:03:39,Curitiba
Ana clara,0023-02-11,,Mouse,800.0,2,50,0:00:18,São paulo
Pedro alves,0024-06-18,Masculino,Mouse,120.0,0,10500,,São paulo
Ana clara,0023-08-05,Masculino,Mouse,50.0,1,128,,Belo horizonte
Carlos lima,2024-12-26,,Cadeira,50.0,3,394,00:02:11,São paulo
Carlos lima,2024-06-12,,Notebook,120.0,2,800,0:03:05,Belo horizonte
Pedro alves,2024-12-27,Masculino,Teclado,50.0,1,1600,,Belo horizonte
Maria souza,0023-12-17,,Monitor,3500.0,0,2408,,Rio de janeiro
Pedro alves,2023-12-24,,Cadeira,120.0,0,150,,Rio de janeiro
Pedro alves,2023-07-17,,Monitor,1200.0,0,,,Belo horizonte
Ana clara,0023-05-03,,Teclado,50.0,3,,00:13:26,Porto alegre
Pedro alves,2023-12-22,,Cadeira,3500.0,2,1600,0:02:08,São paulo
Maria souza,0024-10-01,Masculino,Cadeira,50.0,2,800,0:00:08,Porto alegre
Maria souza,2023-03-14,Masculino,Teclado,1200.0,1,800,,Rio de janeiro
Maria souza,0023-09-10,,Notebook,50.0,3,240,01:06:12,Curitiba
Maria souza,2023-02-04,Masculino,Teclado,1200.0,3,120,01:08:57,São paulo
Maria souza,2024-07-08,Masculino,Mouse,3500.0,3,,02:45:19,São paulo
Ana clara,2024-02-01,Masculino,Mouse,3500.0,3,6962,02:37:49,Porto alegre
Maria souza,2023-07-15,,Notebook,1200.0,0,,,Porto alegre
João silva,2023-08-21,Masculino,Monitor,800.0,2,2400,0:02:38,Porto alegre
Carlos lima,0023-12-16,,Notebook,800.0,0,100,,Rio de janeiro
Ana clara,2023-12-14,,Teclado,3500.0,0,7000,,Rio de janeiro
João silva,2023-04-22,,Cadeira,800.0,2,2400,0:03:17,Rio de janeiro
Pedro alves,2024-07-22,Masculino,Teclado,3500.0,3,,00:41:51,Curitiba
Carlos lima,2023-03-08,,Teclado,3500.0,1,,,Belo horizonte
Carlos lima,2023-07-09,Masculino,Teclado,50.0,3,7000,01:34:41,Porto alegre
Carlos lima,2023-06-12,Masculino,Teclado,3500.0,1,,,Rio de janeiro
Ana clara,2024-09-11,,Notebook,50.0,1,7000,,Rio de janeiro
Ana clara,2023-01-23,,Mouse,1200.0,3,7000,00:07:36,Curitiba
Maria souza,0023-09-28,,Teclado,50.0,0,3600,,Belo horizonte
Pedro alves,2024-01-24,Masculino,Mouse,3500.0,2,93,0:00:58,Rio de janeiro
Carlos lima,2023-06-04,Masculino,Cadeira,50.0,3,50,00:52:23,Porto alegre
Carlos lima,2024-01-22,Masculino,Notebook,800.0,1,,,Porto alegre
Ana clara,2024-03-19,Masculino,Cadeira,3500.0,0,1209,,Porto alegre
Carlos lima,2023-10-27,Masculino,Cadeira,1200.0,2,2400,0:02:06,Belo horizonte
Carlos lima,2024-06-20,,Cadeira,1200.0,0,,,Rio de janeiro
Ana clara,2024-09-04,,Mouse,3500.0,0,3540,,Belo horizonte
Carlos lima,0024-07-15,Masculino,Cadeira,1200.0,0,3500,,Rio de janeiro
Carlos lima,0024-07-09,Masculino,Notebook,1200.0,2,120,0:02:55,Porto alegre
João silva,0024-10-17,,Notebook,800.0,2,95,0:01:34,Porto alegre
João silva,2024-08-12,,Teclado,800.0,3,800,01:43:06,Belo horizonte
João silva,0024-09-23,Masculino,Cadeira,1200.0,1,10500,,Belo horizonte
Maria souza,2023-06-24,,Teclado,120.0,0,1200,,Porto alegre
Maria souza,2023-12-09,,Monitor,1200.0,1,,,Porto alegre
Maria souza,2023-12-19,,Monitor,3500.0,2,3500,0:02:12,São paulo
Ana clara,2023-08-01,,Mouse,1200.0,2,,0:00:02,São paulo
Pedro alves,2023-05-03,Masculino,Mouse,800.0,2,,0:03:27,São paulo
Pedro alves,0023-08-28,Masculino,Mouse,120.0,1,10500,,São paulo
Maria souza,2023-09-05,,Cadeira,800.0,2,1200,0:02:34,São paulo
Ana clara,2024-05-16,Masculino,Notebook,1200.0,1,,,Rio de janeiro
Ana clara,2023-09-23,,Mouse,120.0,3,2400,01:03:04,Belo horizonte
